id,data_inversa,dia_semana,horario,uf,br,km,municipio,causa_acidente,tipo_acidente,classificacao_acidente,fase_dia,sentido_via,condicao_metereologica,tipo_pista,tracado_via,uso_solo,pessoas,mortos,feridos_leves,feridos_graves,ilesos,ignorados,feridos,veiculos,latitude,longitude,regional,delegacia,uop
336704.0,2021-01-26,terça-feira,09:04:00,MG,381.0,"873,6",ESTIVA,Objeto estático sobre o leito carroçável,Colisão com objeto,Com Vítimas Fatais,Pleno dia,Crescente,Sol,Dupla,Não Informado,Não,3,1,0,0,0,2,0,1,"-22,4174159","-45,96473694",SPRF-MG,DEL16-MG,UOP01-DEL16-MG
336739.0,2021-01-26,terça-feira,15:10:00,MG,262.0,"444,1",NOVA SERRANA,Ausência de reação do condutor,Colisão traseira,Com Vítimas Feridas,Pleno dia,Decrescente,Céu Claro,Dupla,Reta,Sim,4,0,0,2,2,0,2,2,"-19,88065393","-44,92197102",SPRF-MG,DEL08-MG,UOP03-DEL08-MG
336770.0,2021-01-26,terça-feira,17:30:00,MG,50.0,"147,7",UBERABA,Chuva,Saída de leito carroçável,Com Vítimas Feridas,Pleno dia,Crescente,Chuva,Dupla,Não Informado,Não,1,0,1,0,0,0,1,1,"-19,53778804","-48,03695932",SPRF-MG,DEL13-MG,UOP01-DEL13-MG
336773.0,2021-01-26,terça-feira,17:30:00,MG,251.0,331,FRUTA DE LEITE,Afundamento ou ondulação no pavimento,Tombamento,Com Vítimas Feridas,Pleno dia,Decrescente,Nublado,Simples,Curva,Não,2,0,0,1,1,0,1,1,"-16,26364876","-42,41718899",SPRF-MG,DEL12-MG,UOP01-DEL12-MG
336780.0,2021-01-26,terça-feira,18:55:00,MG,50.0,170,UBERABA,Demais falhas mecânicas ou elétricas,Incêndio,Sem Vítimas,Anoitecer,Crescente,Céu Claro,Dupla,Curva,Sim,1,0,0,0,1,0,0,1,"-19,73661208","-47,98290957",SPRF-MG,DEL13-MG,UOP01-DEL13-MG
336790.0,2021-01-26,terça-feira,17:15:00,MG,381.0,"524,5",BRUMADINHO,Velocidade Incompatível,Colisão traseira,Sem Vítimas,Pleno dia,Crescente,Céu Claro,Dupla,Reta,Não,2,0,0,0,2,0,0,2,"-20,160736","-44,329843",SPRF-MG,DEL04-MG,UOP03-DEL04-MG
336860.0,2021-01-27,quarta-feira,09:30:00,MG,40.0,"804,9",MATIAS BARBOSA,Ausência de reação do condutor,Colisão traseira,Com Vítimas Feridas,Pleno dia,Decrescente,Sol,Dupla,Não Informado,Não,2,0,0,1,1,0,1,2,"-21,86313979","-43,37348589",SPRF-MG,DEL05-MG,UOP01-DEL05-MG
336868.0,2021-01-27,quarta-feira,10:00:00,MG,262.0,354,BETIM,Velocidade Incompatível,Tombamento,Com Vítimas Feridas,Pleno dia,Crescente,Céu Claro,Dupla,Reta,Não,2,0,2,0,0,0,2,1,"-19,96216513","-44,16346396",SPRF-MG,DEL01-MG,UOP03-DEL01-MG
336876.0,2021-01-27,quarta-feira,07:55:00,MG,116.0,"748,1",LEOPOLDINA,Ultrapassagem Indevida,Colisão lateral mesmo sentido,Sem Vítimas,Pleno dia,Decrescente,Sol,Simples,Ponte,Não,3,0,0,0,2,1,0,2,"-21,43637785","-42,53060917",SPRF-MG,DEL07-MG,UOP01-DEL07-MG
336900.0,2021-01-27,quarta-feira,13:15:00,MG,50.0,"59,8",UBERLANDIA,Condutor deixou de manter distância do veículo da frente,Colisão traseira,Com Vítimas Feridas,Pleno dia,Crescente,Sol,Dupla,Não Informado,Não,3,0,2,0,1,0,2,2,"-18,80882353","-48,24418288",SPRF-MG,DEL15-MG,UOP02-DEL15-MG
336907.0,2021-01-27,quarta-feira,12:00:00,MG,354.0,763,ITAMONTE,Demais falhas mecânicas ou elétricas,Saída de leito carroçável,Sem Vítimas,Pleno dia,Decrescente,Céu Claro,Simples,Curva,Não,2,0,0,0,2,0,0,1,"-22,34102977","-44,81656705",SPRF-MG,DEL17-MG,UOP01-DEL17-MG
336924.0,2021-01-27,quarta-feira,15:10:00,MG,262.0,875,CAMPO FLORIDO,Reação tardia ou ineficiente do condutor,Colisão traseira,Com Vítimas Feridas,Pleno dia,Crescente,Céu Claro,Simples,Reta,Não,2,0,1,0,1,0,1,2,"-19,78014154","-48,50117611",SPRF-MG,DEL13-MG,UOP01-DEL13-MG
336944.0,2021-01-27,quarta-feira,18:00:00,MG,381.0,451,SABARA,Velocidade Incompatível,Engavetamento,Com Vítimas Feridas,Anoitecer,Crescente,Céu Claro,Simples,Reta,Sim,3,0,0,1,2,0,1,3,"-19,83832024","-43,8806931",SPRF-MG,DEL01-MG,UOP01-DEL01-MG
336989.0,2021-01-28,quinta-feira,01:15:00,MG,381.0,822,CAREACU,Ingestão de álcool e/ou substâncias psicoativas pelo pedestre,Colisão lateral,Sem Vítimas,Amanhecer,Decrescente,Céu Claro,Dupla,Curva,Não,2,0,0,0,2,0,0,2,"-22,08598335","-45,70250809",SPRF-MG,DEL16-MG,UOP01-DEL16-MG
336991.0,2021-01-28,quinta-feira,00:30:00,MG,40.0,"249,3",SAO GONCALO DO ABAETE,Condutor Dormindo,Tombamento,Com Vítimas Feridas,Plena Noite,Decrescente,Céu Claro,Simples,Não Informado,Não,1,0,1,0,0,0,1,1,"-18,12048563","-45,45200399",SPRF-MG,DEL14-MG,UOP02-DEL14-MG
337014.0,2021-01-28,quinta-feira,04:40:00,MG,40.0,"130,9",JOAO PINHEIRO,Demais falhas mecânicas ou elétricas,Incêndio,Sem Vítimas,Amanhecer,Crescente,Céu Claro,Simples,Reta,Não,1,0,0,0,1,0,0,1,"-17,70612195","-46,28554299",SPRF-MG,DEL14-MG,UOP01-DEL14-MG
337022.0,2021-01-28,quinta-feira,07:30:00,MG,251.0,"357,5",PADRE CARVALHO,Ausência de reação do condutor,Incêndio,Sem Vítimas,Pleno dia,Crescente,Céu Claro,Simples,Reta,Não,1,0,0,0,1,0,0,1,"-16,2648796","-42,58558298",SPRF-MG,DEL12-MG,UOP01-DEL12-MG
337046.0,2021-01-28,quinta-feira,08:10:00,MG,116.0,283,TEOFILO OTONI,Acostamento em desnível,Tombamento,Sem Vítimas,Pleno dia,Decrescente,Céu Claro,Simples,Não Informado,Não,2,0,0,0,2,0,0,1,"-17,91016695","-41,52564104",SPRF-MG,DEL11-MG,UOP01-DEL11-MG
337077.0,2021-01-27,quarta-feira,21:30:00,MG,365.0,428,PATOS DE MINAS,Afundamento ou ondulação no pavimento,Incêndio,Sem Vítimas,Plena Noite,Crescente,Céu Claro,Simples,Reta,Não,2,0,0,0,2,0,0,1,"-18,75337522","-46,64951796",SPRF-MG,DEL10-MG,UOP01-DEL10-MG
337081.0,2021-01-24,domingo,07:10:00,MG,381.0,"528,9",BRUMADINHO,Demais falhas mecânicas ou elétricas,Saída de leito carroçável,Com Vítimas Feridas,Pleno dia,Decrescente,Céu Claro,Dupla,Não Informado,Não,2,0,2,0,0,0,2,2,"-20,164292","-44,338206",SPRF-MG,DEL04-MG,UOP03-DEL04-MG
337106.0,2021-01-28,quinta-feira,17:05:00,MG,381.0,781,CAMPANHA,Reação tardia ou ineficiente do condutor,Colisão traseira,Com Vítimas Feridas,Pleno dia,Decrescente,Céu Claro,Dupla,Reta,Não,3,0,2,0,1,0,2,2,"-21,85166608","-45,52037769",SPRF-MG,DEL16-MG,UOP02-DEL16-MG
337121.0,2021-01-28,quinta-feira,18:20:00,MG,116.0,"776,9",LEOPOLDINA,Demais falhas mecânicas ou elétricas,Incêndio,Sem Vítimas,Pleno dia,Crescente,Céu Claro,Simples,Não Informado,Não,2,0,0,0,2,0,0,1,"-21,59632074","-42,69196405",SPRF-MG,DEL07-MG,UOP01-DEL07-MG
337136.0,2021-01-12,terça-feira,14:20:00,MG,116.0,"255,1",TEOFILO OTONI,Pista esburacada,Saída de leito carroçável,Com Vítimas Feridas,Pleno dia,Decrescente,Sol,Simples,Curva,Não,1,0,1,0,0,0,1,1,"-17,68311","-41,48491",SPRF-MG,DEL11-MG,UOP01-DEL11-MG
337148.0,2021-01-28,quinta-feira,15:40:00,MG,153.0,"10,5",ARAPORA,Demais Fenômenos da natureza,Colisão frontal,Com Vítimas Feridas,Pleno dia,Crescente,Céu Claro,Dupla,Reta,Não,3,0,1,2,0,0,3,3,"-18,50602699","-49,18897335",SPRF-MG,DEL15-MG,UOP03-DEL15-MG
337170.0,2021-01-29,sexta-feira,01:40:00,MG,354.0,"723,2",POUSO ALTO,Condutor Dormindo,Saída de leito carroçável,Com Vítimas Fatais,Plena Noite,Decrescente,Ignorado,Simples,Curva,Sim,1,1,0,0,0,0,0,1,"-22,11411406","-44,95693273",SPRF-MG,DEL17-MG,UOP01-DEL17-MG
337174.0,2021-01-29,sexta-feira,05:30:00,MG,381.0,"853,8",POUSO ALEGRE,Velocidade Incompatível,Capotamento,Com Vítimas Feridas,Amanhecer,Crescente,Céu Claro,Dupla,Não Informado,Não,1,0,1,0,0,0,1,1,"-22,26749317","-45,89263916",SPRF-MG,DEL16-MG,UOP01-DEL16-MG
337183.0,2021-01-28,quinta-feira,22:50:00,MG,365.0,"476,5",PATROCINIO,Reação tardia ou ineficiente do condutor,Saída de leito carroçável,Com Vítimas Feridas,Plena Noite,Decrescente,Céu Claro,Simples,Rotatória,Não,1,0,1,0,0,0,1,1,"-18,92004935","-47,02856541",SPRF-MG,DEL10-MG,UOP01-DEL10-MG
337184.0,2021-01-29,sexta-feira,06:30:00,MG,381.0,851,POUSO ALEGRE,Velocidade Incompatível,Colisão com objeto,Sem Vítimas,Pleno dia,Decrescente,Céu Claro,Dupla,Reta,Sim,1,0,0,0,1,0,0,1,"-22,25664602","-45,88889122",SPRF-MG,DEL16-MG,UOP01-DEL16-MG
337190.0,2021-01-28,quinta-feira,22:00:00,MG,116.0,36,CACHOEIRA DE PAJEU,Condutor Dormindo,Saída de leito carroçável,Sem Vítimas,Plena Noite,Decrescente,Céu Claro,Simples,Não Informado,Não,1,0,0,0,1,0,0,1,"-15,94950705","-41,40264747",SPRF-MG,DEL11-MG,UOP02-DEL11-MG
337229.0,2021-01-29,sexta-feira,11:40:00,MG,153.0,87,PRATA,Reação tardia ou ineficiente do condutor,Colisão lateral,Com Vítimas Feridas,Pleno dia,Decrescente,Sol,Simples,Reta,Não,2,0,1,0,1,0,1,2,"-19,11737199","-48,96972196",SPRF-MG,DEL15-MG,UOP03-DEL15-MG
337233.0,2021-01-29,sexta-feira,11:40:00,MG,262.0,"442,2",NOVA SERRANA,Pedestre cruzava a pista fora da faixa,Atropelamento de Pedestre,Com Vítimas Feridas,Pleno dia,Decrescente,Céu Claro,Dupla,Reta,Sim,4,0,0,1,1,2,1,1,"-19,8806236","-44,91232265",SPRF-MG,DEL08-MG,UOP03-DEL08-MG
337266.0,2021-01-29,sexta-feira,15:15:00,MG,116.0,"586,5",MANHUACU,Ausência de reação do condutor,Colisão frontal,Com Vítimas Feridas,Pleno dia,Decrescente,Céu Claro,Simples,Reta,Não,4,0,1,0,3,0,1,3,"-20,23618707","-42,16556506",SPRF-MG,DEL06-MG,UOP04-DEL06-MG
337275.0,2021-01-29,sexta-feira,13:00:00,MG,50.0,178,UBERABA,Manobra de mudança de faixa,Colisão lateral,Com Vítimas Feridas,Pleno dia,Decrescente,Céu Claro,Dupla,Túnel,Sim,2,0,1,0,1,0,1,2,"-19,77820876","-47,93319404",SPRF-MG,DEL13-MG,UOP01-DEL13-MG
337300.0,2021-01-29,sexta-feira,17:15:00,MG,40.0,"572,5",ITABIRITO,Velocidade Incompatível,Colisão traseira,Com Vítimas Feridas,Pleno dia,Decrescente,Céu Claro,Simples,Não Informado,Não,5,0,2,0,3,0,2,3,"-20,23701268","-43,96711349",SPRF-MG,DEL01-MG,UOP02-DEL01-MG
337340.0,2021-01-29,sexta-feira,20:05:00,MG,262.0,"801,8",UBERABA,Condutor deixou de manter distância do veículo da frente,Colisão traseira,Com Vítimas Feridas,Plena Noite,Crescente,Céu Claro,Dupla,Reta,Sim,3,0,1,0,2,0,1,3,"-19,77920263","-47,955319",SPRF-MG,DEL13-MG,UOP01-DEL13-MG
337354.0,2021-01-29,sexta-feira,19:30:00,MG,116.0,"394,9",GOVERNADOR VALADARES,Desrespeitar a preferência no cruzamento,Colisão transversal,Com Vítimas Feridas,Plena Noite,Crescente,Céu Claro,Simples,Reta,Não,3,0,0,2,1,0,2,2,"-18,732496","-41,98694203",SPRF-MG,DEL06-MG,UOP01-DEL06-MG
337365.0,2021-01-30,sábado,00:25:00,MG,50.0,"170,5",UBERABA,Problema com o freio,Colisão traseira,Com Vítimas Feridas,Plena Noite,Crescente,Céu Claro,Dupla,Não Informado,Não,2,0,0,1,1,0,1,2,"-19,73661208","-47,98290957",SPRF-MG,DEL13-MG,UOP01-DEL13-MG
337401.0,2021-01-30,sábado,04:40:00,MG,381.0,"546,5",RIO MANSO,Condutor deixou de manter distância do veículo da frente,Colisão lateral,Com Vítimas Feridas,Amanhecer,Decrescente,Céu Claro,Dupla,Reta,Não,3,0,2,0,1,0,2,2,"-20,29622787","-44,43842914",SPRF-MG,DEL04-MG,UOP03-DEL04-MG
337408.0,2021-01-29,sexta-feira,08:38:00,MG,381.0,526,BRUMADINHO,Velocidade Incompatível,Saída de leito carroçável,Sem Vítimas,Pleno dia,Crescente,Nublado,Dupla,Curva,Não,2,0,0,0,2,0,0,1,"-20,16175378","-44,34144636",SPRF-MG,DEL04-MG,UOP03-DEL04-MG
337538.0,2021-01-30,sábado,14:45:00,MG,364.0,26,FRUTAL,Velocidade Incompatível,Colisão traseira,Com Vítimas Feridas,Pleno dia,Decrescente,Céu Claro,Simples,Reta,Não,3,0,0,1,2,0,1,3,"-20,025185","-48,94096",SPRF-MG,DEL13-MG,UOP02-DEL13-MG
337547.0,2021-01-30,sábado,19:40:00,MG,40.0,"545,9",NOVA LIMA,Demais falhas mecânicas ou elétricas,Colisão com objeto,Com Vítimas Feridas,Plena Noite,Decrescente,Céu Claro,Dupla,Reta,Não,2,0,1,0,1,0,1,2,"-20,00670404","-43,96418668",SPRF-MG,DEL01-MG,UOP02-DEL01-MG
337567.0,2021-01-30,sábado,12:05:00,MG,365.0,"596,4",UBERLANDIA,Ausência de sinalização,Colisão traseira,Com Vítimas Feridas,Pleno dia,Decrescente,Céu Claro,Simples,Reta,Não,5,0,4,0,1,0,4,2,"-18,88071533","-48,09478179",SPRF-MG,DEL15-MG,UOP01-DEL15-MG
337585.0,2021-01-30,sábado,22:40:00,MG,381.0,478,CONTAGEM,Manobra de mudança de faixa,Colisão lateral,Com Vítimas Feridas,Plena Noite,Crescente,Céu Claro,Múltipla,Não Informado,Sim,2,0,0,1,0,1,1,2,"-19,95826094","-44,05921101",SPRF-MG,DEL01-MG,UOP03-DEL01-MG
337683.0,2021-01-30,sábado,21:30:00,MG,116.0,"538,1",SANTA RITA DE MINAS,Reação tardia ou ineficiente do condutor,Colisão traseira,Com Vítimas Feridas,Plena Noite,Decrescente,Céu Claro,Simples,Curva,Não,3,0,2,0,1,0,2,3,"-19,87457783","-42,13216953",SPRF-MG,DEL06-MG,UOP02-DEL06-MG
337691.0,2021-01-31,domingo,10:40:00,MG,262.0,378,JUATUBA,Velocidade Incompatível,Tombamento,Com Vítimas Feridas,Pleno dia,Decrescente,Céu Claro,Dupla,Curva,Não,1,0,0,1,0,0,1,1,"-19,95652262","-44,3648278",SPRF-MG,DEL01-MG,UOP03-DEL01-MG
337743.0,2021-01-31,domingo,16:50:00,MG,365.0,"774,4",ITUIUTABA,Velocidade Incompatível,Capotamento,Com Vítimas Feridas,Pleno dia,Crescente,Sol,Simples,Não Informado,Não,1,0,1,0,0,0,1,1,"-18,95966324","-49,65645601",SPRF-MG,DEL15-MG,UOP03-DEL15-MG
337768.0,2021-01-31,domingo,18:20:00,MG,40.0,"677,7",CARANDAI,Transitar na contramão,Colisão frontal,Com Vítimas Feridas,Anoitecer,Crescente,Céu Claro,Simples,Reta,Não,5,0,1,4,0,0,5,3,"-21,0343588","-43,77459526",SPRF-MG,DEL05-MG,UOP02-DEL05-MG
337839.0,2021-01-31,domingo,22:25:00,MG,116.0,"762,3",LEOPOLDINA,Manobra de mudança de faixa,Colisão frontal,Com Vítimas Feridas,Plena Noite,Crescente,Céu Claro,Simples,Curva,Não,2,0,0,1,1,0,1,2,"-21,52887723","-42,62360898",SPRF-MG,DEL07-MG,UOP01-DEL07-MG
337856.0,2021-02-01,segunda-feira,01:40:00,MG,381.0,"634,6",OLIVEIRA,Condutor Dormindo,Saída de leito carroçável,Com Vítimas Fatais,Plena Noite,Decrescente,Nublado,Dupla,Curva,Não,1,1,0,0,0,0,0,1,"-20,87602422","-44,84695195",SPRF-MG,DEL04-MG,UOP01-DEL04-MG
337907.0,2021-02-01,segunda-feira,03:30:00,MG,381.0,384,SAO GONCALO DO RIO ABAIXO,Velocidade Incompatível,Tombamento,Com Vítimas Feridas,Plena Noite,Decrescente,Nublado,Simples,Não Informado,Não,1,0,1,0,0,0,1,1,"-19,8350761","-43,3636912",SPRF-MG,DEL01-MG,UOP01-DEL01-MG
337936.0,2021-02-01,segunda-feira,10:00:00,MG,116.0,"113,4",ITAOBIM,Demais falhas mecânicas ou elétricas,Saída de leito carroçável,Com Vítimas Fatais,Pleno dia,Decrescente,Céu Claro,Simples,Reta,Não,4,1,1,2,0,0,3,1,"-16,53940705","-41,50576515",SPRF-MG,DEL11-MG,UOP02-DEL11-MG
337982.0,2021-02-01,segunda-feira,17:25:00,MG,251.0,"518,6",MONTES CLAROS,Condutor Dormindo,Colisão transversal,Sem Vítimas,Pleno dia,Decrescente,Céu Claro,Simples,Reta,Não,2,0,0,0,2,0,0,2,"-16,66257909","-43,76892799",SPRF-MG,DEL12-MG,UOP01-DEL12-MG
338017.0,2021-02-01,segunda-feira,16:30:00,MG,116.0,"553,4",SANTA BARBARA DO LESTE,Reação tardia ou ineficiente do condutor,Colisão lateral,Com Vítimas Fatais,Pleno dia,Decrescente,Céu Claro,Simples,Reta,Não,4,1,0,0,1,2,0,2,"-19,99361802","-42,14392077",SPRF-MG,DEL06-MG,UOP02-DEL06-MG
338025.0,2021-02-01,segunda-feira,20:20:00,MG,267.0,"254,5",SERITINGA,Chuva,Colisão frontal,Com Vítimas Feridas,Plena Noite,Crescente,Chuva,Simples,Curva,Não,2,0,1,0,1,0,1,2,"-21,933821","-44,519087",SPRF-MG,DEL17-MG,UOP01-DEL17-MG
338083.0,2021-02-02,terça-feira,03:50:00,MG,40.0,"445,5",PARAOPEBA,Velocidade Incompatível,Colisão traseira,Com Vítimas Feridas,Plena Noite,Crescente,Céu Claro,Dupla,Reta,Não,2,0,2,0,0,0,2,2,"-19,28815","-44,392",SPRF-MG,DEL02-MG,UOP01-DEL02-MG
338128.0,2021-02-02,terça-feira,12:30:00,MG,40.0,777,JUIZ DE FORA,Velocidade Incompatível,Tombamento,Sem Vítimas,Pleno dia,Crescente,Céu Claro,Simples,Curva,Não,1,0,0,0,0,1,0,1,"-21,65915396","-43,43351652",SPRF-MG,DEL05-MG,UOP01-DEL05-MG
338131.0,2021-02-01,segunda-feira,20:30:00,MG,365.0,490,PATROCINIO,Demais falhas mecânicas ou elétricas,Saída de leito carroçável,Com Vítimas Feridas,Plena Noite,Decrescente,Nublado,Simples,Curva,Não,1,0,1,0,0,0,1,1,"-18,90321656","-47,14132732",SPRF-MG,DEL10-MG,UOP01-DEL10-MG
338207.0,2021-02-02,terça-feira,16:40:00,MG,262.0,748,PERDIZES,Demais falhas mecânicas ou elétricas,Colisão lateral,Com Vítimas Feridas,Pleno dia,Decrescente,Garoa/Chuvisco,Simples,Não Informado,Não,3,0,1,0,2,0,1,2,"-19,61251372","-47,44754791",SPRF-MG,DEL13-MG,UOP01-DEL13-MG
338221.0,2021-02-02,terça-feira,20:50:00,MG,267.0,171,LIMA DUARTE,Chuva,Saída de leito carroçável,Com Vítimas Fatais,Plena Noite,Decrescente,Chuva,Simples,Reta,Não,2,1,0,1,0,0,1,1,"-21,86295111","-43,87591763",SPRF-MG,DEL05-MG,UOP01-DEL05-MG
338229.0,2021-02-02,terça-feira,19:50:00,MG,459.0,"105,9",POUSO ALEGRE,Ausência de reação do condutor,Colisão frontal,Com Vítimas Feridas,Plena Noite,Crescente,Nublado,Simples,Curva,Não,2,0,1,0,1,0,1,2,"-22,24121747","-45,8809073",SPRF-MG,DEL16-MG,UOP01-DEL16-MG
338232.0,2021-02-02,terça-feira,20:30:00,MG,40.0,36,PARACATU,Mal súbito do condutor,Tombamento,Com Vítimas Feridas,Plena Noite,Decrescente,Céu Claro,Dupla,Curva,Não,1,0,1,0,0,0,1,1,"-17,196358","-46,909396",SPRF-MG,DEL14-MG,UOP01-DEL14-MG
338239.0,2021-02-02,terça-feira,22:25:00,MG,40.0,"613,6",CONGONHAS,Ingestão de álcool ou de substâncias psicoativas pelo pedestre,Atropelamento de Pedestre,Com Vítimas Feridas,Plena Noite,Crescente,Chuva,Simples,Reta,Sim,2,0,0,1,1,0,1,1,"-20,52319889","-43,8291359",SPRF-MG,DEL05-MG,UOP02-DEL05-MG
338331.0,2021-02-03,quarta-feira,12:15:00,MG,267.0,28,ARGIRITA,Velocidade Incompatível,Tombamento,Com Vítimas Feridas,Pleno dia,Decrescente,Céu Claro,Simples,Curva,Não,1,0,1,0,0,0,1,1,"-21,62799078","-42,83040926",SPRF-MG,DEL07-MG,UOP01-DEL07-MG
338363.0,2021-02-03,quarta-feira,17:00:00,MG,40.0,"605,2",CONGONHAS,Velocidade Incompatível,Engavetamento,Sem Vítimas,Pleno dia,Crescente,Céu Claro,Simples,Não Informado,Não,7,0,0,0,7,0,0,4,"-20,47003869","-43,84360313",SPRF-MG,DEL05-MG,UOP02-DEL05-MG
338374.0,2021-02-03,quarta-feira,17:55:00,MG,381.0,"697,9",LAVRAS,Reação tardia ou ineficiente do condutor,Colisão lateral mesmo sentido,Sem Vítimas,Anoitecer,Decrescente,Céu Claro,Dupla,Não Informado,Não,2,0,0,0,1,1,0,2,"-21,26438989","-45,13865452",SPRF-MG,DEL04-MG,UOP02-DEL04-MG
338388.0,2021-02-03,quarta-feira,19:15:00,MG,381.0,"682,9",RIBEIRAO VERMELHO,Demais falhas mecânicas ou elétricas,Incêndio,Sem Vítimas,Plena Noite,Crescente,Céu Claro,Dupla,Reta,Não,1,0,0,0,1,0,0,1,"-21,16800802","-45,12657489",SPRF-MG,DEL04-MG,UOP02-DEL04-MG
338424.0,2021-02-03,quarta-feira,21:30:00,MG,40.0,"432,1",PARAOPEBA,Condutor Dormindo,Colisão traseira,Com Vítimas Feridas,Plena Noite,Decrescente,Céu Claro,Dupla,Não Informado,Não,2,0,0,1,1,0,1,2,"-19,20302941","-44,47243131",SPRF-MG,DEL02-MG,UOP01-DEL02-MG
338431.0,2021-02-03,quarta-feira,21:15:00,MG,116.0,"565,9",MANHUACU,Velocidade Incompatível,Colisão frontal,Com Vítimas Fatais,Plena Noite,Decrescente,Céu Claro,Simples,Curva,Não,3,2,0,0,1,0,0,2,"-20,06874641","-42,17752394",SPRF-MG,DEL06-MG,UOP04-DEL06-MG
338432.0,2021-02-03,quarta-feira,22:30:00,MG,153.0,113,PRATA,Velocidade Incompatível,Colisão frontal,Com Vítimas Feridas,Plena Noite,Decrescente,Céu Claro,Simples,Curva,Não,1,0,1,0,0,0,1,1,"-19,34053794","-48,90019179",SPRF-MG,DEL15-MG,UOP03-DEL15-MG
338438.0,2021-02-04,quinta-feira,03:45:00,MG,40.0,129,JOAO PINHEIRO,Ausência de reação do condutor,Tombamento,Com Vítimas Feridas,Plena Noite,Decrescente,Chuva,Simples,Reta,Não,1,0,1,0,0,0,1,1,"-17,70582651","-46,28703117",SPRF-MG,DEL14-MG,UOP01-DEL14-MG
338444.0,2021-02-03,quarta-feira,21:00:00,MG,251.0,381,GRAO MOGOL,Velocidade Incompatível,Colisão traseira,Sem Vítimas,Plena Noite,Decrescente,Céu Claro,Simples,Reta,Não,2,0,0,0,2,0,0,2,"-16,29386277","-42,78356689",SPRF-MG,DEL12-MG,UOP01-DEL12-MG
338527.0,2021-02-04,quinta-feira,12:50:00,MG,365.0,"435,1",PATOS DE MINAS,Condutor Dormindo,Colisão frontal,Com Vítimas Feridas,Pleno dia,Crescente,Nublado,Simples,Curva,Não,2,0,1,1,0,0,2,2,"-18,7790282","-46,70568801",SPRF-MG,DEL10-MG,UOP01-DEL10-MG
338530.0,2021-02-04,quinta-feira,15:25:00,MG,365.0,3,MONTES CLAROS,Pista Escorregadia,Tombamento,Com Vítimas Feridas,Pleno dia,Crescente,Garoa/Chuvisco,Simples,Reta,Não,1,0,1,0,0,0,1,1,"-16,74574399","-43,88392402",SPRF-MG,DEL12-MG,UOP01-DEL12-MG
338539.0,2021-02-04,quinta-feira,15:00:00,MG,365.0,49,CLARO DOS POCOES,Chuva,Saída de leito carroçável,Com Vítimas Feridas,Pleno dia,Decrescente,Chuva,Simples,Reta,Não,1,0,0,1,0,0,1,1,"-16,93286996","-44,23666404",SPRF-MG,DEL12-MG,UOP01-DEL12-MG
338546.0,2021-02-04,quinta-feira,16:16:00,MG,381.0,387,SAO GONCALO DO RIO ABAIXO,Acostamento em desnível,Tombamento,Com Vítimas Feridas,Pleno dia,Decrescente,Céu Claro,Simples,Curva,Sim,1,0,1,0,0,0,1,1,"-19,79575004","-43,42574708",SPRF-MG,DEL01-MG,UOP01-DEL01-MG
338577.0,2021-02-04,quinta-feira,17:55:00,MG,381.0,324,NOVA ERA,Velocidade Incompatível,Tombamento,Com Vítimas Feridas,Anoitecer,Crescente,Nublado,Simples,Não Informado,Não,1,0,1,0,0,0,1,1,"-19,759028","-43,028651",SPRF-MG,DEL03-MG,UOP02-DEL03-MG
338615.0,2021-02-04,quinta-feira,23:10:00,MG,251.0,"490,2",FRANCISCO SA,Ausência de reação do condutor,Colisão traseira,Com Vítimas Feridas,Plena Noite,Crescente,Céu Claro,Simples,Reta,Não,6,0,2,0,4,0,2,2,"-16,53065068","-43,5834233",SPRF-MG,DEL12-MG,UOP01-DEL12-MG
338620.0,2021-02-05,sexta-feira,00:00:00,MG,262.0,"359,5",BETIM,Condutor Dormindo,Colisão traseira,Com Vítimas Feridas,Plena Noite,Crescente,Céu Claro,Dupla,Reta,Não,2,0,1,0,0,1,1,2,"-19,9798021","-44,25258636",SPRF-MG,DEL01-MG,UOP03-DEL01-MG
338631.0,2021-02-05,sexta-feira,03:03:00,MG,365.0,558,INDIANOPOLIS,Condutor Dormindo,Saída de leito carroçável,Com Vítimas Feridas,Plena Noite,Crescente,Céu Claro,Simples,Reta,Não,1,0,1,0,0,0,1,1,"-18,92628934","-47,76039001",SPRF-MG,DEL15-MG,UOP02-DEL15-MG
338689.0,2021-02-05,sexta-feira,12:35:00,MG,50.0,45,ARAGUARI,Demais falhas mecânicas ou elétricas,Saída de leito carroçável,Com Vítimas Feridas,Pleno dia,Crescente,Céu Claro,Dupla,Reta,Não,2,0,1,0,1,0,1,1,"-18,71289097","-48,19662304",SPRF-MG,DEL15-MG,UOP02-DEL15-MG
338708.0,2021-02-05,sexta-feira,14:00:00,MG,267.0,259,SERITINGA,Velocidade Incompatível,Colisão frontal,Com Vítimas Fatais,Pleno dia,Crescente,Chuva,Simples,Curva,Não,2,1,0,0,1,0,0,2,"-21,93092585","-44,55308994",SPRF-MG,DEL17-MG,UOP01-DEL17-MG
338715.0,2021-02-05,sexta-feira,13:30:00,MG,251.0,"492,2",FRANCISCO SA,Pista Escorregadia,Colisão com objeto,Com Vítimas Feridas,Pleno dia,Crescente,Chuva,Simples,Não Informado,Não,1,0,1,0,0,0,1,1,"-16,54433804","-43,59543496",SPRF-MG,DEL12-MG,UOP01-DEL12-MG