id,data_inversa,dia_semana,horario,uf,br,km,municipio,causa_acidente,tipo_acidente,classificacao_acidente,fase_dia,sentido_via,condicao_metereologica,tipo_pista,tracado_via,uso_solo,pessoas,mortos,feridos_leves,feridos_graves,ilesos,ignorados,feridos,veiculos,latitude,longitude,regional,delegacia,uop
341135.0,2021-02-16,terça-feira,12:00:00,MG,365.0,484,PATROCINIO,Reação tardia ou ineficiente do condutor,Colisão lateral,Com Vítimas Feridas,Pleno dia,Crescente,Céu Claro,Dupla,Reta,Não,2,0,0,1,1,0,1,2,"-18,89723142","-47,10443306",SPRF-MG,DEL10-MG,UOP01-DEL10-MG
341139.0,2021-02-16,terça-feira,15:49:00,MG,381.0,"864,5",POUSO ALEGRE,Velocidade Incompatível,Colisão traseira,Com Vítimas Feridas,Pleno dia,Decrescente,Céu Claro,Dupla,Reta,Não,6,0,2,0,4,0,2,5,"-22,38757269","-45,95265452",SPRF-MG,DEL16-MG,UOP01-DEL16-MG
341145.0,2021-02-16,terça-feira,18:00:00,MG,116.0,793,ALEM PARAIBA,Reação tardia ou ineficiente do condutor,Colisão com objeto,Com Vítimas Feridas,Anoitecer,Decrescente,Nublado,Simples,Ponte,Não,2,0,1,0,1,0,1,2,"-21,70195806","-42,72965349",SPRF-MG,DEL07-MG,UOP01-DEL07-MG
341149.0,2021-02-16,terça-feira,17:25:00,MG,116.0,"557,2",MANHUACU,Velocidade Incompatível,Capotamento,Com Vítimas Feridas,Pleno dia,Crescente,Nublado,Simples,Curva,Não,1,0,1,0,0,0,1,1,"-20,00948396","-42,1528244",SPRF-MG,DEL06-MG,UOP04-DEL06-MG
341260.0,2021-02-17,quarta-feira,15:40:00,MG,365.0,475,PATROCINIO,Reação tardia ou ineficiente do condutor,Colisão lateral,Sem Vítimas,Pleno dia,Decrescente,Céu Claro,Múltipla,Ponte,Sim,2,0,0,0,2,0,0,2,"-18,91842225","-47,03316973",SPRF-MG,DEL10-MG,UOP01-DEL10-MG
341299.0,2021-02-17,quarta-feira,19:00:00,MG,354.0,231,PATOS DE MINAS,Pista Escorregadia,Saída de leito carroçável,Sem Vítimas,Plena Noite,Crescente,Chuva,Dupla,Curva,Não,1,0,0,0,1,0,0,1,"-18,646","-46,485",SPRF-MG,DEL10-MG,UOP01-DEL10-MG
341331.0,2021-02-17,quarta-feira,20:00:00,MG,251.0,"503,2",FRANCISCO SA,Chuva,Saída de leito carroçável,Sem Vítimas,Plena Noite,Crescente,Chuva,Simples,Reta,Não,1,0,0,0,1,0,0,1,"-16,61472808","-43,6647179",SPRF-MG,DEL12-MG,UOP01-DEL12-MG
341342.0,2021-02-18,quinta-feira,06:30:00,MG,381.0,903,CAMBUI,Velocidade Incompatível,Tombamento,Com Vítimas Feridas,Amanhecer,Decrescente,Nublado,Dupla,Não Informado,Não,1,0,1,0,0,0,1,1,"-22,63967955","-46,08043671",SPRF-MG,DEL16-MG,UOP03-DEL16-MG
341348.0,2021-02-18,quinta-feira,05:40:00,MG,50.0,"17,3",ARAGUARI,Condutor Dormindo,Colisão com objeto,Com Vítimas Feridas,Amanhecer,Decrescente,Céu Claro,Dupla,Reta,Não,3,0,0,1,1,1,1,2,"-18,56671055","-48,05902719",SPRF-MG,DEL15-MG,UOP02-DEL15-MG
341361.0,2021-02-18,quinta-feira,05:40:00,MG,251.0,"483,3",FRANCISCO SA,Animais na Pista,Atropelamento de Animal,Sem Vítimas,Amanhecer,Decrescente,Nublado,Simples,Reta,Sim,1,0,0,0,1,0,0,1,"-16,49782462","-43,52859022",SPRF-MG,DEL12-MG,UOP01-DEL12-MG
341408.0,2021-02-18,quinta-feira,12:12:00,MG,381.0,"704,5",LAVRAS,Velocidade Incompatível,Saída de leito carroçável,Com Vítimas Feridas,Pleno dia,Crescente,Ignorado,Dupla,Curva,Não,1,0,1,0,0,0,1,1,"-21,34177704","-45,17643719",SPRF-MG,DEL04-MG,UOP02-DEL04-MG
341476.0,2021-02-18,quinta-feira,15:45:00,MG,381.0,904,CAMBUI,Reação tardia ou ineficiente do condutor,Saída de leito carroçável,Com Vítimas Feridas,Pleno dia,Decrescente,Céu Claro,Dupla,Não Informado,Não,1,0,1,0,0,0,1,1,"-22,68841562","-46,10648041",SPRF-MG,DEL16-MG,UOP03-DEL16-MG
341505.0,2021-02-18,quinta-feira,20:30:00,MG,262.0,"121,7",RIO CASCA,Desrespeitar a preferência no cruzamento,Colisão transversal,Com Vítimas Feridas,Plena Noite,Crescente,Chuva,Simples,Não Informado,Não,2,0,0,1,1,0,1,2,"-20,21063427","-42,6604349",SPRF-MG,DEL03-MG,UOP03-DEL03-MG
341550.0,2021-02-19,sexta-feira,05:15:00,MG,153.0,"139,9",PRATA,Ausência de reação do condutor,Colisão frontal,Com Vítimas Feridas,Amanhecer,Crescente,Céu Claro,Simples,Reta,Não,2,0,2,0,0,0,2,2,"-19,55619902","-48,82682012",SPRF-MG,DEL15-MG,UOP03-DEL15-MG
341559.0,2021-02-19,sexta-feira,06:45:00,MG,381.0,"349,6",JOAO MONLEVADE,Velocidade Incompatível,Colisão frontal,Com Vítimas Feridas,Pleno dia,Decrescente,Chuva,Simples,Curva,Não,2,0,1,0,1,0,1,2,"-19,8499239","-43,14868105",SPRF-MG,DEL03-MG,UOP01-DEL03-MG
341597.0,2021-02-19,sexta-feira,09:45:00,MG,267.0,177,OLARIA,Reação tardia ou ineficiente do condutor,Colisão lateral,Com Vítimas Feridas,Pleno dia,Crescente,Nublado,Simples,Reta,Não,2,0,1,0,0,1,1,2,"-21,87212992","-43,92988701",SPRF-MG,DEL05-MG,UOP01-DEL05-MG
341623.0,2021-02-19,sexta-feira,12:15:00,MG,251.0,"492,3",FRANCISCO SA,Chuva,Saída de leito carroçável,Com Vítimas Feridas,Pleno dia,Crescente,Chuva,Simples,Não Informado,Não,1,0,1,0,0,0,1,1,"-16,54433804","-43,59543496",SPRF-MG,DEL12-MG,UOP01-DEL12-MG
341660.0,2021-02-19,sexta-feira,16:00:00,MG,40.0,"749,8",SANTOS DUMONT,Velocidade Incompatível,Tombamento,Sem Vítimas,Pleno dia,Decrescente,Nublado,Dupla,Curva,Não,1,0,0,0,1,0,0,1,"-21,447874","-43,55738803",SPRF-MG,DEL05-MG,UOP01-DEL05-MG
341676.0,2021-02-19,sexta-feira,10:05:00,MG,381.0,"743,5",TRES CORACOES,Condutor Dormindo,Saída de leito carroçável,Com Vítimas Feridas,Pleno dia,Decrescente,Céu Claro,Dupla,Não Informado,Não,1,0,0,1,0,0,1,1,"-21,61378651","-45,24131298",SPRF-MG,DEL16-MG,UOP02-DEL16-MG
341684.0,2021-02-19,sexta-feira,17:20:00,MG,365.0,611,UBERLANDIA,Manobra de mudança de faixa,Colisão lateral mesmo sentido,Com Vítimas Feridas,Pleno dia,Crescente,Céu Claro,Dupla,Reta,Sim,2,0,1,0,1,0,1,2,"-18,92793854","-48,19198317",SPRF-MG,DEL15-MG,UOP01-DEL15-MG
341693.0,2021-02-19,sexta-feira,16:30:00,MG,381.0,430,SABARA,Ultrapassagem Indevida,Colisão lateral sentido oposto,Com Vítimas Feridas,Pleno dia,Decrescente,Nublado,Simples,Curva,Não,5,0,4,0,1,0,4,3,"-19,78694703","-43,70027661",SPRF-MG,DEL01-MG,UOP01-DEL01-MG
341767.0,2021-02-19,sexta-feira,22:20:00,MG,381.0,"657,6",SANTO ANTONIO DO AMPARO,Condutor Dormindo,Colisão traseira,Com Vítimas Feridas,Plena Noite,Decrescente,Nublado,Dupla,Não Informado,Não,3,0,3,0,0,0,3,2,"-21,01108617","-44,98405087",SPRF-MG,DEL04-MG,UOP02-DEL04-MG
341775.0,2021-02-20,sábado,01:15:00,MG,381.0,"730,1",CARMO DA CACHOEIRA,Ausência de reação do condutor,Saída de leito carroçável,Com Vítimas Feridas,Plena Noite,Decrescente,Nublado,Dupla,Reta,Não,1,0,1,0,0,0,1,1,"-21,50282545","-45,21498603",SPRF-MG,DEL16-MG,UOP02-DEL16-MG
341777.0,2021-02-20,sábado,01:30:00,MG,251.0,"465,5",FRANCISCO SA,Pista Escorregadia,Colisão com objeto,Com Vítimas Feridas,Plena Noite,Crescente,Chuva,Simples,Não Informado,Não,2,0,2,0,0,0,2,1,"-16,442777","-43,397777",SPRF-MG,DEL12-MG,UOP01-DEL12-MG
341814.0,2021-02-20,sábado,08:35:00,MG,40.0,"630,9",CONSELHEIRO LAFAIETE,Retorno proibido,Colisão lateral,Com Vítimas Feridas,Pleno dia,Crescente,Céu Claro,Simples,Reta,Sim,2,0,1,0,1,0,1,2,"-20,66956881","-43,80141735",SPRF-MG,DEL05-MG,UOP02-DEL05-MG
341819.0,2021-02-20,sábado,09:40:00,MG,262.0,388,FLORESTAL,Acessar a via sem observar a presença dos outros veículos,Colisão traseira,Com Vítimas Feridas,Pleno dia,Crescente,Nublado,Dupla,Retorno Regulamentado,Não,3,0,1,0,2,0,1,2,"-19,9366751","-44,44352695",SPRF-MG,DEL01-MG,UOP03-DEL01-MG
341843.0,2021-02-20,sábado,12:30:00,MG,381.0,506,BETIM,Manobra de mudança de faixa,Colisão lateral mesmo sentido,Com Vítimas Feridas,Pleno dia,Decrescente,Nublado,Dupla,Ponte,Sim,3,0,1,0,2,0,1,2,"-20,03920053","-44,25632",SPRF-MG,DEL01-MG,UOP03-DEL01-MG
341936.0,2021-02-20,sábado,16:40:00,MG,365.0,"750,2",ITUIUTABA,Reação tardia ou ineficiente do condutor,Colisão lateral mesmo sentido,Com Vítimas Feridas,Pleno dia,Crescente,Céu Claro,Simples,Curva,Sim,2,0,1,0,0,1,1,2,"-18,94412146","-49,45186615",SPRF-MG,DEL15-MG,UOP03-DEL15-MG
341946.0,2021-02-20,sábado,21:00:00,MG,381.0,452,SABARA,Acesso irregular,Colisão transversal,Com Vítimas Feridas,Plena Noite,Decrescente,Céu Claro,Simples,Curva,Não,2,0,1,0,1,0,1,2,"-19,84339604","-43,88596993",SPRF-MG,DEL01-MG,UOP01-DEL01-MG
341968.0,2021-02-20,sábado,23:15:00,MG,40.0,"553,1",NOVA LIMA,Condutor Dormindo,Colisão traseira,Com Vítimas Feridas,Plena Noite,Decrescente,Nublado,Dupla,Curva,Sim,2,0,1,0,1,0,1,2,"-20,07347647","-43,98331404",SPRF-MG,DEL01-MG,UOP02-DEL01-MG
342022.0,2021-02-21,domingo,04:30:00,MG,116.0,"599,9",SAO JOAO DO MANHUACU,Transitar na contramão,Colisão frontal,Com Vítimas Fatais,Plena Noite,Decrescente,Nublado,Simples,Curva,Não,2,1,0,0,1,0,0,2,"-20,31887234","-42,14698792",SPRF-MG,DEL06-MG,UOP04-DEL06-MG
342035.0,2021-02-21,domingo,08:45:00,MG,40.0,465,SETE LAGOAS,Frear bruscamente,Colisão com objeto,Com Vítimas Feridas,Pleno dia,Decrescente,Chuva,Dupla,Não Informado,Não,3,0,2,0,1,0,2,2,"-19,43835777","-44,33103681",SPRF-MG,DEL02-MG,UOP01-DEL02-MG
342058.0,2021-02-21,domingo,08:10:00,MG,267.0,186,OLARIA,Ausência de reação do condutor,Tombamento,Com Vítimas Feridas,Amanhecer,Decrescente,Céu Claro,Simples,Curva,Não,2,0,1,0,0,1,1,2,"-21,91403182","-43,98670974",SPRF-MG,DEL05-MG,UOP01-DEL05-MG
342065.0,2021-02-13,sábado,15:40:00,MG,153.0,172,FRUTAL,Curva acentuada,Tombamento,Com Vítimas Feridas,Pleno dia,Crescente,Céu Claro,Dupla,Interseção de vias,Não,1,0,1,0,0,0,1,1,"-19,78523104","-48,9660625",SPRF-MG,DEL13-MG,UOP02-DEL13-MG
342070.0,2021-02-21,domingo,13:45:00,MG,50.0,45,ARAGUARI,Velocidade Incompatível,Saída de leito carroçável,Com Vítimas Feridas,Pleno dia,Decrescente,Céu Claro,Dupla,Reta,Não,3,0,1,0,2,0,1,3,"-18,71289097","-48,19662304",SPRF-MG,DEL15-MG,UOP02-DEL15-MG
342071.0,2021-02-21,domingo,14:20:00,MG,381.0,934,EXTREMA,Velocidade Incompatível,Colisão traseira,Sem Vítimas,Pleno dia,Decrescente,Nublado,Dupla,Não Informado,Não,2,0,0,0,2,0,0,2,"-22,82007572","-46,29934031",SPRF-MG,DEL16-MG,UOP03-DEL16-MG
342086.0,2021-02-21,domingo,15:20:00,MG,40.0,"563,1",NOVA LIMA,Demais falhas mecânicas ou elétricas,Incêndio,Sem Vítimas,Pleno dia,Crescente,Céu Claro,Dupla,Curva,Não,1,0,0,0,1,0,0,1,"-20,1565654","-43,9630694",SPRF-MG,DEL01-MG,UOP02-DEL01-MG
342090.0,2021-02-21,domingo,16:20:00,MG,381.0,760,TRES CORACOES,Condutor Dormindo,Tombamento,Com Vítimas Feridas,Pleno dia,Decrescente,Céu Claro,Dupla,Reta,Não,1,0,1,0,0,0,1,1,"-21,72400978","-45,38147537",SPRF-MG,DEL16-MG,UOP02-DEL16-MG
342112.0,2021-02-21,domingo,15:30:00,MG,381.0,"529,2",BRUMADINHO,Carga excessiva e/ou mal acondicionada,Derramamento de carga,Sem Vítimas,Pleno dia,Decrescente,Nublado,Dupla,Não Informado,Não,1,0,0,0,1,0,0,1,"-20,161596","-44,34242964",SPRF-MG,DEL04-MG,UOP03-DEL04-MG
342167.0,2021-02-21,domingo,15:20:00,MG,153.0,"1,4",ARAPORA,Demais falhas mecânicas ou elétricas,Incêndio,Sem Vítimas,Pleno dia,Decrescente,Céu Claro,Dupla,Reta,Sim,1,0,0,0,1,0,0,1,"-18,42608911","-49,19359032",SPRF-MG,DEL15-MG,UOP03-DEL15-MG
342227.0,2021-01-17,domingo,14:45:00,MG,40.0,465,SETE LAGOAS,Reação tardia ou ineficiente do condutor,Colisão lateral mesmo sentido,Com Vítimas Feridas,Pleno dia,Crescente,Sol,Dupla,Reta,Não,4,0,2,0,2,0,2,2,"-19,43835777","-44,33103681",SPRF-MG,DEL02-MG,UOP01-DEL02-MG
342229.0,2021-02-22,segunda-feira,08:35:00,MG,262.0,802,UBERABA,Reação tardia ou ineficiente do condutor,Capotamento,Com Vítimas Feridas,Pleno dia,Crescente,Céu Claro,Dupla,Curva,Não,4,0,1,1,1,1,2,2,"-19,779234","-47,964844",SPRF-MG,DEL13-MG,UOP01-DEL13-MG
342245.0,2021-02-22,segunda-feira,09:00:00,MG,381.0,"921,3",CAMANDUCAIA,Demais falhas mecânicas ou elétricas,Colisão com objeto,Sem Vítimas,Pleno dia,Crescente,Céu Claro,Dupla,Curva,Não,1,0,0,0,1,0,0,1,"-22,7680939","-46,20854399",SPRF-MG,DEL16-MG,UOP03-DEL16-MG
342298.0,2021-02-22,segunda-feira,14:28:00,MG,40.0,"648,2",CRISTIANO OTONI,Reação tardia ou ineficiente do condutor,Colisão traseira,Sem Vítimas,Pleno dia,Crescente,Nublado,Simples,Reta,Não,4,0,0,0,4,0,0,2,"-20,81434135","-43,81023645",SPRF-MG,DEL05-MG,UOP02-DEL05-MG
342301.0,2021-02-14,domingo,14:00:00,MG,251.0,"334,9",FRUTA DE LEITE,Reação tardia ou ineficiente do condutor,Colisão traseira,Com Vítimas Feridas,Pleno dia,Decrescente,Céu Claro,Simples,Curva,Não,2,0,1,0,1,0,1,2,"-16,25584596","-42,43923797",SPRF-MG,DEL12-MG,UOP01-DEL12-MG
342335.0,2021-02-22,segunda-feira,18:25:00,MG,153.0,"129,9",PRATA,Reação tardia ou ineficiente do condutor,Colisão traseira,Com Vítimas Feridas,Anoitecer,Crescente,Céu Claro,Simples,Reta,Não,2,0,1,0,1,0,1,2,"-19,48295834","-48,86325002",SPRF-MG,DEL15-MG,UOP03-DEL15-MG
342366.0,2021-02-22,segunda-feira,20:40:00,MG,50.0,104,UBERABA,Ausência de reação do condutor,Colisão traseira,Com Vítimas Feridas,Plena Noite,Crescente,Céu Claro,Dupla,Reta,Não,2,0,1,0,1,0,1,2,"-19,17105604","-48,16028013",SPRF-MG,DEL13-MG,UOP01-DEL13-MG
342376.0,2021-02-22,segunda-feira,22:30:00,MG,40.0,"478,5",SETE LAGOAS,Demais falhas mecânicas ou elétricas,Eventos atípicos,Sem Vítimas,Plena Noite,Decrescente,Nublado,Dupla,Curva,Sim,4,0,0,0,4,0,0,4,"-19,532228","-44,256791",SPRF-MG,DEL02-MG,UOP01-DEL02-MG
342439.0,2021-02-23,terça-feira,10:15:00,MG,50.0,205,DELTA,Pedestre andava na pista,Atropelamento de Pedestre,Com Vítimas Feridas,Pleno dia,Decrescente,Céu Claro,Dupla,Desvio Temporário,Sim,3,0,0,1,1,1,1,1,"-19,92627147","-47,82191068",SPRF-MG,DEL13-MG,UOP01-DEL13-MG
342459.0,2021-02-23,terça-feira,12:45:00,MG,251.0,"469,8",FRANCISCO SA,Pista Escorregadia,Saída de leito carroçável,Sem Vítimas,Pleno dia,Crescente,Chuva,Simples,Não Informado,Não,1,0,0,0,1,0,0,1,"-16,47846186","-43,41953476",SPRF-MG,DEL12-MG,UOP01-DEL12-MG
342527.0,2021-02-23,terça-feira,20:15:00,MG,251.0,492,FRANCISCO SA,Velocidade Incompatível,Saída de leito carroçável,Com Vítimas Feridas,Plena Noite,Crescente,Chuva,Simples,Não Informado,Não,1,0,1,0,0,0,1,1,"-16,54433804","-43,59543496",SPRF-MG,DEL12-MG,UOP01-DEL12-MG
342541.0,2021-02-23,terça-feira,22:20:00,MG,381.0,"636,8",SANTO ANTONIO DO AMPARO,Condutor Dormindo,Colisão traseira,Com Vítimas Feridas,Plena Noite,Crescente,Chuva,Dupla,Não Informado,Não,2,0,0,1,1,0,1,2,"-20,89141186","-44,8525565",SPRF-MG,DEL04-MG,UOP01-DEL04-MG
342550.0,2021-02-24,quarta-feira,01:50:00,MG,40.0,"481,3",SETE LAGOAS,Acessar a via sem observar a presença dos outros veículos,Atropelamento de Pedestre,Com Vítimas Fatais,Plena Noite,Decrescente,Nevoeiro/Neblina,Dupla,Reta,Não,2,1,0,0,0,1,0,1,"-19,5511262","-44,24459038",SPRF-MG,DEL02-MG,UOP01-DEL02-MG
342554.0,2021-02-24,quarta-feira,00:20:00,MG,262.0,124,RIO CASCA,Condutor Dormindo,Saída de leito carroçável,Com Vítimas Feridas,Plena Noite,Decrescente,Nublado,Simples,Reta,Não,1,0,1,0,0,0,1,1,"-20,2011708","-42,67925669",SPRF-MG,DEL03-MG,UOP03-DEL03-MG
342566.0,2021-02-23,terça-feira,02:00:00,MG,381.0,"931,3",ITAPEVA,Curva acentuada,Tombamento,Sem Vítimas,Plena Noite,Crescente,Céu Claro,Dupla,Curva,Não,1,0,0,0,1,0,0,1,"-22,8076393","-46,27636971",SPRF-MG,DEL16-MG,UOP03-DEL16-MG
342592.0,2021-02-24,quarta-feira,06:20:00,MG,262.0,196,JOAO MONLEVADE,Velocidade Incompatível,Saída de leito carroçável,Sem Vítimas,Amanhecer,Decrescente,Céu Claro,Simples,Curva,Não,1,0,0,0,1,0,0,1,"-19,86091","-43,11725",SPRF-MG,DEL03-MG,UOP01-DEL03-MG
342635.0,2021-02-24,quarta-feira,13:45:00,MG,40.0,553,NOVA LIMA,Condutor deixou de manter distância do veículo da frente,Colisão traseira,Com Vítimas Feridas,Pleno dia,Crescente,Chuva,Dupla,Curva,Sim,2,0,0,1,1,0,1,2,"-20,06863326","-43,98194759",SPRF-MG,DEL01-MG,UOP02-DEL01-MG
342649.0,2021-01-09,sábado,13:40:00,MG,262.0,589,CAMPOS ALTOS,Velocidade Incompatível,Colisão lateral sentido oposto,Com Vítimas Feridas,Pleno dia,Decrescente,Chuva,Simples,Reta,Não,2,0,1,0,1,0,1,2,"-19,65792178","-46,126369",SPRF-MG,DEL08-MG,UOP02-DEL08-MG
342743.0,2021-02-25,quinta-feira,04:00:00,MG,381.0,"815,5",CAREACU,Condutor Dormindo,Saída de leito carroçável,Sem Vítimas,Plena Noite,Decrescente,Chuva,Dupla,Curva,Não,1,0,0,0,1,0,0,1,"-22,08771284","-45,70503017",SPRF-MG,DEL16-MG,UOP02-DEL16-MG
342744.0,2021-02-25,quinta-feira,05:20:00,MG,40.0,"548,5",NOVA LIMA,Reação tardia ou ineficiente do condutor,Colisão traseira,Sem Vítimas,Amanhecer,Decrescente,Céu Claro,Dupla,Curva,Não,2,0,0,0,2,0,0,2,"-20,03136499","-43,96967792",SPRF-MG,DEL01-MG,UOP02-DEL01-MG
342756.0,2021-02-25,quinta-feira,06:30:00,MG,116.0,609,SAO JOAO DO MANHUACU,Desrespeitar a preferência no cruzamento,Colisão transversal,Com Vítimas Feridas,Pleno dia,Crescente,Céu Claro,Simples,Rotatória,Não,2,0,1,0,1,0,1,2,"-20,40488795","-42,15173121",SPRF-MG,DEL06-MG,UOP04-DEL06-MG
342761.0,2021-02-25,quinta-feira,06:30:00,MG,262.0,"416,3",PARA DE MINAS,Acessar a via sem observar a presença dos outros veículos,Colisão traseira,Com Vítimas Feridas,Pleno dia,Decrescente,Céu Claro,Dupla,Reta,Não,2,0,0,1,1,0,1,2,"-19,90954709","-44,680489",SPRF-MG,DEL08-MG,UOP03-DEL08-MG
342777.0,2021-02-25,quinta-feira,08:00:00,MG,40.0,518,RIBEIRAO DAS NEVES,Velocidade Incompatível,Colisão traseira,Com Vítimas Feridas,Pleno dia,Decrescente,Céu Claro,Dupla,Reta,Sim,5,0,0,4,1,0,4,2,"-19,8321242","-44,08208533",SPRF-MG,DEL01-MG,UOP02-DEL01-MG
342796.0,2021-02-25,quinta-feira,06:15:00,MG,153.0,15,CENTRALINA,Ausência de reação do condutor,Saída de leito carroçável,Sem Vítimas,Amanhecer,Crescente,Céu Claro,Dupla,Não Informado,Não,1,0,0,0,1,0,0,1,"-18,551305","-49,19396",SPRF-MG,DEL15-MG,UOP03-DEL15-MG
342803.0,2021-02-25,quinta-feira,12:55:00,MG,50.0,178,UBERABA,Velocidade Incompatível,Saída de leito carroçável,Com Vítimas Feridas,Pleno dia,Decrescente,Nublado,Dupla,Túnel,Sim,1,0,1,0,0,0,1,1,"-19,77896821","-47,94093599",SPRF-MG,DEL13-MG,UOP01-DEL13-MG
342823.0,2021-02-25,quinta-feira,14:47:00,MG,262.0,"636,8",IBIA,Velocidade Incompatível,Saída de leito carroçável,Com Vítimas Feridas,Pleno dia,Crescente,Nublado,Simples,Curva,Não,1,0,0,1,0,0,1,1,"-19,58415712","-46,50717706",SPRF-MG,DEL08-MG,UOP01-DEL08-MG
342867.0,2021-02-25,quinta-feira,17:20:00,MG,381.0,"692,9",LAVRAS,Velocidade Incompatível,Tombamento,Com Vítimas Feridas,Pleno dia,Decrescente,Nublado,Simples,Retorno Regulamentado,Não,2,0,1,0,1,0,1,1,"-21,22602173","-45,13080597",SPRF-MG,DEL04-MG,UOP02-DEL04-MG
342878.0,2021-02-25,quinta-feira,16:00:00,MG,40.0,"703,5",BARBACENA,Objeto estático sobre o leito carroçável,Colisão com objeto,Sem Vítimas,Pleno dia,Decrescente,Sol,Dupla,Reta,Não,2,0,0,0,2,0,0,2,"-21,228093","-43,727956",SPRF-MG,DEL05-MG,UOP02-DEL05-MG
342884.0,2021-02-25,quinta-feira,18:05:00,MG,459.0,44,SANTA RITA DE CALDAS,Transitar na contramão,Colisão frontal,Com Vítimas Fatais,Anoitecer,Crescente,Nublado,Simples,Reta,Não,4,1,1,1,0,1,2,2,"-22,024642","-46,305807",SPRF-MG,DEL09-MG,UOP01-DEL09-MG
342930.0,2021-02-25,quinta-feira,18:15:00,MG,354.0,"771,7",ITAMONTE,Velocidade Incompatível,Colisão com objeto,Sem Vítimas,Anoitecer,Decrescente,Garoa/Chuvisco,Simples,Não Informado,Não,1,0,0,0,1,0,0,1,"-22,36470902","-44,77070101",SPRF-MG,DEL17-MG,UOP01-DEL17-MG
342931.0,2021-02-25,quinta-feira,22:00:00,MG,381.0,"210,9",NAQUE,Ingestão de álcool pelo condutor,Colisão lateral sentido oposto,Com Vítimas Feridas,Plena Noite,Decrescente,Nublado,Simples,Reta,Não,2,0,0,1,0,1,1,2,"-19,22999819","-42,32682471",SPRF-MG,DEL06-MG,UOP01-DEL06-MG
342990.0,2021-02-26,sexta-feira,05:30:00,MG,262.0,165,SAO DOMINGOS DO PRATA,Velocidade Incompatível,Tombamento,Com Vítimas Feridas,Amanhecer,Decrescente,Chuva,Simples,Curva,Não,1,0,1,0,0,0,1,1,"-19,95406793","-42,87178516",SPRF-MG,DEL03-MG,UOP03-DEL03-MG
343006.0,2021-02-26,sexta-feira,10:30:00,MG,262.0,"371,5",JUATUBA,Acessar a via sem observar a presença dos outros veículos,Colisão transversal,Com Vítimas Feridas,Pleno dia,Decrescente,Nublado,Dupla,Interseção de vias,Sim,2,0,0,1,1,0,1,2,"-19,97212126","-44,30817896",SPRF-MG,DEL01-MG,UOP03-DEL01-MG
343026.0,2021-02-26,sexta-feira,11:10:00,MG,262.0,505,LUZ,Velocidade Incompatível,Colisão traseira,Com Vítimas Feridas,Pleno dia,Crescente,Chuva,Simples,Reta,Não,6,0,2,0,4,0,2,2,"-19,77150949","-45,51833153",SPRF-MG,DEL08-MG,UOP03-DEL08-MG
343032.0,2021-02-26,sexta-feira,13:30:00,MG,40.0,"636,1",CONSELHEIRO LAFAIETE,Velocidade Incompatível,Colisão frontal,Com Vítimas Feridas,Pleno dia,Crescente,Chuva,Simples,Curva,Não,7,0,2,1,4,0,3,5,"-20,70525604","-43,79263228",SPRF-MG,DEL05-MG,UOP02-DEL05-MG
343044.0,2021-02-26,sexta-feira,14:10:00,MG,40.0,"442,2",PARAOPEBA,Chuva,Colisão com objeto,Com Vítimas Feridas,Pleno dia,Crescente,Chuva,Dupla,Reta,Não,1,0,1,0,0,0,1,1,"-19,276977","-44,418399",SPRF-MG,DEL02-MG,UOP01-DEL02-MG
343050.0,2021-02-25,quinta-feira,21:00:00,MG,251.0,"239,6",SANTA CRUZ DE SALINAS,Condutor Dormindo,Saída de leito carroçável,Sem Vítimas,Pleno dia,Decrescente,Garoa/Chuvisco,Simples,Reta,Não,1,0,0,0,1,0,0,1,"-15,99180821","-41,75878644",SPRF-MG,DEL11-MG,UOP02-DEL11-MG
343067.0,2021-02-26,sexta-feira,16:00:00,MG,251.0,331,FRUTA DE LEITE,Ausência de reação do condutor,Colisão lateral sentido oposto,Com Vítimas Feridas,Pleno dia,Decrescente,Céu Claro,Simples,Curva,Não,2,0,0,1,1,0,1,2,"-16,26364876","-42,41718899",SPRF-MG,DEL12-MG,UOP01-DEL12-MG
343076.0,2021-02-26,sexta-feira,17:20:00,MG,381.0,500,BETIM,Condutor deixou de manter distância do veículo da frente,Colisão lateral mesmo sentido,Com Vítimas Feridas,Pleno dia,Decrescente,Chuva,Dupla,Não Informado,Não,4,0,1,0,3,0,1,4,"-20,02513493","-44,23112709",SPRF-MG,DEL01-MG,UOP03-DEL01-MG
343100.0,2021-02-26,sexta-feira,16:30:00,MG,40.0,517,RIBEIRAO DAS NEVES,Reação tardia ou ineficiente do condutor,Colisão traseira,Com Vítimas Feridas,Pleno dia,Crescente,Nublado,Dupla,Reta,Sim,3,0,1,0,1,1,1,2,"-19,82351202","-44,08438913",SPRF-MG,DEL01-MG,UOP02-DEL01-MG
343161.0,2021-02-27,sábado,00:20:00,MG,50.0,"21,2",ARAGUARI,Ausência de reação do condutor,Saída de leito carroçável,Com Vítimas Feridas,Plena Noite,Decrescente,Chuva,Dupla,Reta,Não,1,0,1,0,0,0,1,1,"-18,59591113","-48,05355644",SPRF-MG,DEL15-MG,UOP02-DEL15-MG
343182.0,2021-02-26,sexta-feira,22:21:00,MG,381.0,"515,9",IGARAPE,Demais falhas mecânicas ou elétricas,Incêndio,Sem Vítimas,Plena Noite,Decrescente,Chuva,Múltipla,Curva,Não,1,0,0,0,1,0,0,1,"-20,10462167","-44,31266785",SPRF-MG,DEL01-MG,UOP03-DEL01-MG