id,data_inversa,dia_semana,horario,uf,br,km,municipio,causa_acidente,tipo_acidente,classificacao_acidente,fase_dia,sentido_via,condicao_metereologica,tipo_pista,tracado_via,uso_solo,pessoas,mortos,feridos_leves,feridos_graves,ilesos,ignorados,feridos,veiculos,latitude,longitude,regional,delegacia,uop
351503.0,2021-04-12,segunda-feira,23:25:00,MG,262.0,16,MARTINS SOARES,Reação tardia ou ineficiente do condutor,Tombamento,Com Vítimas Feridas,Plena Noite,Crescente,Ignorado,Simples,Não Informado,Não,1,0,1,0,0,0,1,1,"-20,26154981","-41,88525379",SPRF-MG,DEL06-MG,UOP04-DEL06-MG
351509.0,2021-04-13,terça-feira,00:40:00,MG,262.0,"383,3",MATEUS LEME,Pedestre andava na pista,Atropelamento de Pedestre,Com Vítimas Fatais,Plena Noite,Crescente,Céu Claro,Dupla,Curva,Não,2,1,0,0,1,0,0,1,"-19,93049825","-44,40182",SPRF-MG,DEL01-MG,UOP03-DEL01-MG
351520.0,2021-04-13,terça-feira,05:25:00,MG,381.0,"513,5",IGARAPE,Frear bruscamente,Colisão com objeto,Sem Vítimas,Amanhecer,Decrescente,Céu Claro,Dupla,Reta,Não,1,0,0,0,1,0,0,1,"-20,099993","-44,318903",SPRF-MG,DEL01-MG,UOP03-DEL01-MG
351549.0,2021-04-13,terça-feira,08:32:00,MG,262.0,"472,5",BOM DESPACHO,Ausência de reação do condutor,Colisão traseira,Com Vítimas Feridas,Pleno dia,Crescente,Sol,Simples,Reta,Não,4,0,1,0,3,0,1,2,"-19,78651123","-45,17550886",SPRF-MG,DEL08-MG,UOP03-DEL08-MG
351573.0,2021-04-13,terça-feira,10:00:00,MG,381.0,"686,6",LAVRAS,Velocidade Incompatível,Tombamento,Com Vítimas Feridas,Pleno dia,Decrescente,Céu Claro,Dupla,Curva,Não,1,0,1,0,0,0,1,1,"-21,177019","-45,124729",SPRF-MG,DEL04-MG,UOP02-DEL04-MG
351603.0,2021-04-13,terça-feira,15:30:00,MG,381.0,738,TRES CORACOES,Demais falhas mecânicas ou elétricas,Colisão com objeto,Com Vítimas Feridas,Pleno dia,Decrescente,Sol,Dupla,Não Informado,Não,2,0,1,0,0,1,1,2,"-21,60614098","-45,24086431",SPRF-MG,DEL16-MG,UOP02-DEL16-MG
351628.0,2021-04-13,terça-feira,16:00:00,MG,381.0,448,SABARA,Área urbana sem a presença de local apropriado para a travessia de pedestres,Atropelamento de Pedestre,Com Vítimas Feridas,Pleno dia,Crescente,Céu Claro,Simples,Curva,Sim,3,0,0,1,1,1,1,1,"-19,83435173","-43,85962899",SPRF-MG,DEL01-MG,UOP01-DEL01-MG
351633.0,2021-04-13,terça-feira,16:15:00,MG,251.0,472,FRANCISCO SA,Problema com o freio,Saída de leito carroçável,Com Vítimas Fatais,Pleno dia,Crescente,Céu Claro,Simples,Não Informado,Não,1,1,0,0,0,0,0,1,"-16,4669101","-43,43947986",SPRF-MG,DEL12-MG,UOP01-DEL12-MG
351664.0,2021-04-13,terça-feira,19:20:00,MG,116.0,174,PADRE PARAISO,Velocidade Incompatível,Saída de leito carroçável,Com Vítimas Feridas,Plena Noite,Crescente,Céu Claro,Simples,Curva,Não,2,0,1,1,0,0,2,1,"-17,04942509","-41,45498489",SPRF-MG,DEL11-MG,UOP02-DEL11-MG
351667.0,2021-04-13,terça-feira,09:50:00,MG,262.0,"575,6",CORREGO DANTA,Curva acentuada,Tombamento,Com Vítimas Feridas,Pleno dia,Decrescente,Céu Claro,Simples,Curva,Não,1,0,1,0,0,0,1,1,"-19,69297478","-46,03637682",SPRF-MG,DEL08-MG,UOP02-DEL08-MG
351669.0,2021-04-13,terça-feira,20:54:00,MG,381.0,526,BRUMADINHO,Velocidade Incompatível,Tombamento,Com Vítimas Feridas,Pleno dia,Crescente,Céu Claro,Dupla,Curva,Não,1,0,1,0,0,0,1,1,"-20,16175378","-44,34144636",SPRF-MG,DEL04-MG,UOP03-DEL04-MG
351694.0,2021-04-14,quarta-feira,04:50:00,MG,381.0,349,JOAO MONLEVADE,Reação tardia ou ineficiente do condutor,Saída de leito carroçável,Com Vítimas Feridas,Plena Noite,Decrescente,Céu Claro,Simples,Reta,Não,2,0,1,0,0,1,1,2,"-19,8499239","-43,14868105",SPRF-MG,DEL03-MG,UOP01-DEL03-MG
351696.0,2021-04-14,quarta-feira,04:00:00,MG,262.0,355,BETIM,Ausência de reação do condutor,Saída de leito carroçável,Com Vítimas Feridas,Plena Noite,Decrescente,Céu Claro,Dupla,Reta,Não,1,0,1,0,0,0,1,1,"-19,98012476","-44,21443462",SPRF-MG,DEL01-MG,UOP03-DEL01-MG
351706.0,2021-04-13,terça-feira,22:40:00,MG,381.0,298,ANTONIO DIAS,Acessar a via sem observar a presença dos outros veículos,Atropelamento de Pedestre,Com Vítimas Feridas,Plena Noite,Crescente,Céu Claro,Dupla,Reta,Não,2,0,0,1,1,0,1,1,"-19,63111883","-42,88728112",SPRF-MG,DEL03-MG,UOP02-DEL03-MG
351722.0,2021-04-14,quarta-feira,09:15:00,MG,262.0,"460,8",ARAUJOS,Acessar a via sem observar a presença dos outros veículos,Colisão transversal,Com Vítimas Feridas,Pleno dia,Crescente,Céu Claro,Simples,Não Informado,Não,2,0,0,1,1,0,1,2,"-19,82719122","-45,07371312",SPRF-MG,DEL08-MG,UOP03-DEL08-MG
351755.0,2021-04-14,quarta-feira,10:07:00,MG,262.0,107,RIO CASCA,Velocidade Incompatível,Tombamento,Com Vítimas Feridas,Pleno dia,Crescente,Céu Claro,Simples,Curva,Não,2,0,1,0,1,0,1,1,"-20,27440096","-42,56313226",SPRF-MG,DEL03-MG,UOP03-DEL03-MG
351772.0,2021-04-14,quarta-feira,15:45:00,MG,262.0,755,SACRAMENTO,Transitar na contramão,Colisão frontal,Com Vítimas Feridas,Pleno dia,Crescente,Céu Claro,Simples,Reta,Não,2,0,1,0,1,0,1,2,"-19,65377333","-47,5548499",SPRF-MG,DEL13-MG,UOP01-DEL13-MG
351801.0,2021-04-14,quarta-feira,18:35:00,MG,365.0,"598,5",UBERLANDIA,Ultrapassagem Indevida,Colisão lateral sentido oposto,Com Vítimas Feridas,Plena Noite,Decrescente,Céu Claro,Simples,Não Informado,Não,6,0,3,0,3,0,3,4,"-18,87876","-48,092984",SPRF-MG,DEL15-MG,UOP01-DEL15-MG
351806.0,2021-04-14,quarta-feira,19:30:00,MG,50.0,"118,5",UBERABA,Transitar no acostamento,Tombamento,Com Vítimas Feridas,Plena Noite,Crescente,Céu Claro,Dupla,Reta,Não,1,0,1,0,0,0,1,1,"-19,29129791","-48,11741979",SPRF-MG,DEL13-MG,UOP01-DEL13-MG
351837.0,2021-04-15,quinta-feira,02:55:00,MG,153.0,190,FRUTAL,Problema na suspensão,Saída de leito carroçável,Com Vítimas Feridas,Plena Noite,Crescente,Céu Claro,Simples,Reta,Não,1,0,1,0,0,0,1,1,"-19,94033745","-48,95790887",SPRF-MG,DEL13-MG,UOP02-DEL13-MG
351842.0,2021-04-15,quinta-feira,03:30:00,MG,40.0,"455,8",CAETANOPOLIS,Ausência de reação do condutor,Saída de leito carroçável,Com Vítimas Feridas,Plena Noite,Crescente,Céu Claro,Dupla,Não Informado,Não,1,0,1,0,0,0,1,1,"-19,36133","-44,34181",SPRF-MG,DEL02-MG,UOP01-DEL02-MG
351850.0,2021-04-14,quarta-feira,13:35:00,MG,365.0,798,SANTA VITORIA,Demais falhas mecânicas ou elétricas,Incêndio,Sem Vítimas,Pleno dia,Decrescente,Céu Claro,Simples,Reta,Não,1,0,0,0,1,0,0,1,"-19,04463741","-50,43047333",SPRF-MG,DEL15-MG,UOP03-DEL15-MG
351880.0,2021-04-15,quinta-feira,09:15:00,MG,40.0,"603,1",CONGONHAS,Conversão proibida,Colisão transversal,Com Vítimas Feridas,Pleno dia,Crescente,Céu Claro,Simples,Não Informado,Sim,4,0,1,1,2,0,2,2,"-20,4421089","-43,84031123",SPRF-MG,DEL05-MG,UOP02-DEL05-MG
351922.0,2021-04-15,quinta-feira,13:00:00,MG,381.0,"797,4",SAO GONCALO DO SAPUCAI,Ausência de reação do condutor,Saída de leito carroçável,Com Vítimas Feridas,Pleno dia,Crescente,Céu Claro,Dupla,Reta,Não,1,0,1,0,0,0,1,1,"-21,95493798","-45,62329389",SPRF-MG,DEL16-MG,UOP02-DEL16-MG
351956.0,2021-04-15,quinta-feira,13:45:00,MG,365.0,"603,1",UBERLANDIA,Condutor Dormindo,Saída de leito carroçável,Com Vítimas Feridas,Pleno dia,Crescente,Sol,Simples,Reta,Não,1,0,1,0,0,0,1,1,"-18,89439026","-48,13367844",SPRF-MG,DEL15-MG,UOP01-DEL15-MG
351983.0,2021-04-15,quinta-feira,17:55:00,MG,50.0,"55,7",UBERLANDIA,Velocidade Incompatível,Tombamento,Com Vítimas Feridas,Anoitecer,Decrescente,Céu Claro,Dupla,Não Informado,Não,1,0,1,0,0,0,1,1,"-18,780967","-48,238038",SPRF-MG,DEL15-MG,UOP02-DEL15-MG
352002.0,2021-04-15,quinta-feira,21:00:00,MG,116.0,"792,3",ALEM PARAIBA,Animais na Pista,Atropelamento de Animal,Com Vítimas Feridas,Plena Noite,Crescente,Céu Claro,Simples,Reta,Não,2,0,2,0,0,0,2,1,"-21,69299411","-42,72897434",SPRF-MG,DEL07-MG,UOP01-DEL07-MG
352032.0,2021-04-16,sexta-feira,00:15:00,MG,381.0,673,PERDOES,Condutor Dormindo,Colisão traseira,Com Vítimas Feridas,Plena Noite,Decrescente,Céu Claro,Dupla,Reta,Não,2,0,0,1,1,0,1,2,"-21,07815514","-45,05820058",SPRF-MG,DEL04-MG,UOP02-DEL04-MG
352041.0,2021-04-16,sexta-feira,03:30:00,MG,40.0,513,RIBEIRAO DAS NEVES,Condutor deixou de manter distância do veículo da frente,Colisão traseira,Com Vítimas Feridas,Plena Noite,Decrescente,Céu Claro,Múltipla,Reta,Não,2,0,1,0,1,0,1,2,"-19,7970544","-44,1080512",SPRF-MG,DEL01-MG,UOP02-DEL01-MG
352089.0,2021-04-16,sexta-feira,09:50:00,MG,40.0,"770,6",JUIZ DE FORA,Transitar na contramão,Colisão frontal,Com Vítimas Feridas,Pleno dia,Decrescente,Céu Claro,Simples,Curva,Não,2,0,0,1,1,0,1,2,"-21,59924304","-43,4579108",SPRF-MG,DEL05-MG,UOP01-DEL05-MG
352095.0,2021-04-16,sexta-feira,09:20:00,MG,381.0,556,ITAGUARA,Demais falhas mecânicas ou elétricas,Saída de leito carroçável,Sem Vítimas,Pleno dia,Crescente,Céu Claro,Dupla,Curva,Não,1,0,0,0,1,0,0,1,"-20,36068712","-44,46666568",SPRF-MG,DEL04-MG,UOP03-DEL04-MG
352106.0,2021-04-16,sexta-feira,11:40:00,MG,262.0,"787,9",UBERABA,Condutor Dormindo,Tombamento,Com Vítimas Feridas,Pleno dia,Crescente,Sol,Simples,Reta,Não,2,0,1,0,0,1,1,1,"-19,75732861","-47,82157808",SPRF-MG,DEL13-MG,UOP01-DEL13-MG
352124.0,2021-04-16,sexta-feira,08:30:00,MG,116.0,"134,1",PONTO DOS VOLANTES,Carga excessiva e/ou mal acondicionada,Derramamento de carga,Sem Vítimas,Pleno dia,Decrescente,Céu Claro,Simples,Reta,Não,1,0,0,0,1,0,0,1,"-16,72310091","-41,50394416",SPRF-MG,DEL11-MG,UOP02-DEL11-MG
352126.0,2021-04-16,sexta-feira,13:30:00,MG,262.0,"630,7",IBIA,Velocidade Incompatível,Colisão frontal,Com Vítimas Feridas,Pleno dia,Crescente,Céu Claro,Simples,Reta,Não,4,0,2,1,1,0,3,3,"-19,59234388","-46,48325488",SPRF-MG,DEL08-MG,UOP01-DEL08-MG
352130.0,2021-04-16,sexta-feira,13:55:00,MG,40.0,827,SIMAO PEREIRA,Demais falhas mecânicas ou elétricas,Incêndio,Sem Vítimas,Pleno dia,Crescente,Céu Claro,Dupla,Reta,Não,1,0,0,0,1,0,0,1,"-21,98932602","-43,2844189",SPRF-MG,DEL05-MG,UOP01-DEL05-MG
352148.0,2021-04-16,sexta-feira,16:40:00,MG,262.0,397,PARA DE MINAS,Velocidade Incompatível,Colisão traseira,Com Vítimas Feridas,Pleno dia,Crescente,Céu Claro,Dupla,Reta,Não,4,0,2,1,0,1,3,3,"-19,90483585","-44,51518191",SPRF-MG,DEL01-MG,UOP03-DEL01-MG
352182.0,2021-04-16,sexta-feira,18:38:00,MG,153.0,"234,9",FRONTEIRA,Chuva,Saída de leito carroçável,Com Vítimas Feridas,Plena Noite,Crescente,Chuva,Simples,Reta,Não,1,0,1,0,0,0,1,1,"-20,221877","-49,146679",SPRF-MG,DEL13-MG,UOP02-DEL13-MG
352223.0,2021-04-16,sexta-feira,21:30:00,MG,381.0,"801,4",SAO GONCALO DO SAPUCAI,Ausência de reação do condutor,Colisão traseira,Com Vítimas Feridas,Plena Noite,Crescente,Céu Claro,Múltipla,Não Informado,Não,2,0,1,0,1,0,1,2,"-21,98436367","-45,64717924",SPRF-MG,DEL16-MG,UOP02-DEL16-MG
352265.0,2021-04-16,sexta-feira,16:00:00,MG,116.0,782,LEOPOLDINA,Velocidade Incompatível,Saída de leito carroçável,Com Vítimas Feridas,Pleno dia,Decrescente,Céu Claro,Simples,Curva,Não,1,0,1,0,0,0,1,1,"-21,62683253","-42,70003796",SPRF-MG,DEL07-MG,UOP01-DEL07-MG
352282.0,2021-02-28,domingo,14:50:00,MG,153.0,52,MONTE ALEGRE DE MINAS,Velocidade Incompatível,Saída de leito carroçável,Com Vítimas Feridas,Pleno dia,Crescente,Chuva,Dupla,Curva,Não,1,0,1,0,0,0,1,1,"-18,83920407","-49,09236077",SPRF-MG,DEL15-MG,UOP03-DEL15-MG
352293.0,2021-03-05,sexta-feira,11:50:00,MG,381.0,"314,6",NOVA ERA,Ultrapassagem Indevida,Queda de ocupante de veículo,Com Vítimas Feridas,Pleno dia,Decrescente,Céu Claro,Simples,Curva,Não,2,0,1,0,1,0,1,2,"-19,68470313","-42,98694795",SPRF-MG,DEL03-MG,UOP02-DEL03-MG
352332.0,2021-04-17,sábado,15:10:00,MG,381.0,336,NOVA ERA,Ultrapassagem Indevida,Colisão frontal,Com Vítimas Feridas,Pleno dia,Decrescente,Céu Claro,Simples,Curva,Não,6,0,0,2,3,1,2,4,"-19,82119502","-43,07407899",SPRF-MG,DEL03-MG,UOP01-DEL03-MG
352384.0,2021-04-17,sábado,06:15:00,MG,381.0,"940,5",EXTREMA,Entrada inopinada do pedestre,Atropelamento de Pedestre,Com Vítimas Feridas,Plena Noite,Decrescente,Nublado,Dupla,Curva,Não,2,0,0,1,0,1,1,1,"-22,85421396","-46,33740277",SPRF-MG,DEL16-MG,UOP03-DEL16-MG
352392.0,2021-04-17,sábado,19:00:00,MG,262.0,"159,9",SAO DOMINGOS DO PRATA,Demais falhas mecânicas ou elétricas,Incêndio,Sem Vítimas,Plena Noite,Crescente,Céu Claro,Simples,Não Informado,Não,1,0,0,0,1,0,0,1,"-19,95907975","-42,82841881",SPRF-MG,DEL03-MG,UOP03-DEL03-MG
352413.0,2021-03-21,domingo,21:15:00,MG,381.0,849,POUSO ALEGRE,Condutor Dormindo,Colisão transversal,Com Vítimas Feridas,Plena Noite,Crescente,Céu Claro,Dupla,Reta,Não,2,0,1,1,0,0,2,2,"-22,26991499","-45,89241402",SPRF-MG,DEL16-MG,UOP01-DEL16-MG
352461.0,2021-04-18,domingo,00:00:00,MG,116.0,"774,6",LEOPOLDINA,Velocidade Incompatível,Tombamento,Com Vítimas Feridas,Plena Noite,Decrescente,Nublado,Simples,Não Informado,Não,2,0,0,2,0,0,2,1,"-21,57932128","-42,68264985",SPRF-MG,DEL07-MG,UOP01-DEL07-MG
352512.0,2021-04-18,domingo,08:50:00,MG,262.0,"410,8",IGARATINGA,Manobra de mudança de faixa,Colisão com objeto,Com Vítimas Feridas,Pleno dia,Crescente,Sol,Dupla,Reta,Não,3,0,0,1,1,1,1,2,"-19,88686179","-44,63193985",SPRF-MG,DEL08-MG,UOP03-DEL08-MG
352516.0,2021-03-05,sexta-feira,16:20:00,MG,381.0,267,TIMOTEO,Desrespeitar a preferência no cruzamento,Colisão transversal,Com Vítimas Feridas,Pleno dia,Crescente,Céu Claro,Simples,Reta,Sim,3,0,0,2,1,0,2,2,"-19,53743297","-42,67521503",SPRF-MG,DEL03-MG,UOP02-DEL03-MG
352543.0,2021-04-18,domingo,15:00:00,MG,116.0,"551,1",SANTA BARBARA DO LESTE,Reação tardia ou ineficiente do condutor,Tombamento,Com Vítimas Feridas,Pleno dia,Decrescente,Céu Claro,Simples,Desvio Temporário,Não,2,0,1,0,1,0,1,2,"-19,97728983","-42,13901923",SPRF-MG,DEL06-MG,UOP02-DEL06-MG
352574.0,2021-04-18,domingo,16:35:00,MG,262.0,"576,1",CORREGO DANTA,Demais falhas mecânicas ou elétricas,Saída de leito carroçável,Sem Vítimas,Pleno dia,Decrescente,Nublado,Simples,Reta,Não,1,0,0,0,1,0,0,1,"-19,72760447","-46,01966858",SPRF-MG,DEL08-MG,UOP02-DEL08-MG
352589.0,2021-04-18,domingo,19:20:00,MG,262.0,"435,7",NOVA SERRANA,Ingestão de álcool pelo condutor,Colisão traseira,Com Vítimas Feridas,Plena Noite,Decrescente,Vento,Dupla,Reta,Sim,2,0,1,0,1,0,1,2,"-19,89666118","-44,85116191",SPRF-MG,DEL08-MG,UOP03-DEL08-MG
352599.0,2021-04-18,domingo,19:50:00,MG,116.0,"664,9",SAO FRANCISCO DO GLORIA,Demais falhas mecânicas ou elétricas,Saída de leito carroçável,Com Vítimas Feridas,Plena Noite,Crescente,Chuva,Simples,Não Informado,Não,1,0,1,0,0,0,1,1,"-20,8189012","-42,31856062",SPRF-MG,DEL07-MG,UOP03-DEL07-MG
352629.0,2021-04-18,domingo,20:00:00,MG,251.0,"319,8",SALINAS,Velocidade Incompatível,Saída de leito carroçável,Com Vítimas Feridas,Plena Noite,Decrescente,Céu Claro,Simples,Curva,Não,1,0,0,1,0,0,1,1,"-16,20516705","-42,35675025",SPRF-MG,DEL12-MG,UOP01-DEL12-MG
352657.0,2021-04-18,domingo,23:55:00,MG,365.0,"372,5",PATOS DE MINAS,Pista Escorregadia,Eventos atípicos,Com Vítimas Feridas,Plena Noite,Decrescente,Garoa/Chuvisco,Simples,Curva,Não,2,0,0,1,1,0,1,1,"-18,52680796","-46,14524208",SPRF-MG,DEL10-MG,UOP01-DEL10-MG
352689.0,2021-04-19,segunda-feira,08:30:00,MG,365.0,"624,1",UBERLANDIA,Condutor deixou de manter distância do veículo da frente,Colisão traseira,Sem Vítimas,Pleno dia,Decrescente,Céu Claro,Dupla,Reta,Sim,2,0,0,0,2,0,0,2,"-18,906287","-48,296341",SPRF-MG,DEL15-MG,UOP01-DEL15-MG
352750.0,2021-04-15,quinta-feira,16:45:00,MG,381.0,"163,2",GOVERNADOR VALADARES,Demais falhas mecânicas ou elétricas,Eventos atípicos,Sem Vítimas,Pleno dia,Crescente,Céu Claro,Simples,Reta,Não,1,0,0,0,1,0,0,1,"-18,93550625","-42,0516298",SPRF-MG,DEL06-MG,UOP01-DEL06-MG
352764.0,2021-04-19,segunda-feira,15:15:00,MG,40.0,699,BARBACENA,Acumulo de água sobre o pavimento,Colisão lateral mesmo sentido,Com Vítimas Feridas,Pleno dia,Decrescente,Chuva,Dupla,Não Informado,Não,2,0,1,0,1,0,1,2,"-21,19734158","-43,74908393",SPRF-MG,DEL05-MG,UOP02-DEL05-MG
352775.0,2021-04-19,segunda-feira,16:00:00,MG,40.0,"434,8",PARAOPEBA,Reação tardia ou ineficiente do condutor,Colisão traseira,Com Vítimas Feridas,Pleno dia,Crescente,Céu Claro,Dupla,Não Informado,Não,5,0,0,1,4,0,1,5,"-19,22074","-44,44946",SPRF-MG,DEL02-MG,UOP01-DEL02-MG
352792.0,2021-04-19,segunda-feira,08:45:00,MG,116.0,"450,5",ENGENHEIRO CALDAS,Condutor Dormindo,Colisão lateral sentido oposto,Com Vítimas Feridas,Pleno dia,Decrescente,Céu Claro,Simples,Reta,Não,2,0,1,0,1,0,1,2,"-19,15284006","-42,02187888",SPRF-MG,DEL06-MG,UOP02-DEL06-MG
352848.0,2021-04-19,segunda-feira,20:15:00,MG,381.0,"925,1",ITAPEVA,Curva acentuada,Tombamento,Com Vítimas Feridas,Plena Noite,Crescente,Céu Claro,Dupla,Curva,Não,1,0,1,0,0,0,1,1,"-22,777207","-46,23911301",SPRF-MG,DEL16-MG,UOP03-DEL16-MG
352850.0,2021-04-19,segunda-feira,21:30:00,MG,40.0,550,NOVA LIMA,Condutor Dormindo,Colisão traseira,Com Vítimas Feridas,Plena Noite,Crescente,Nublado,Dupla,Reta,Sim,2,0,2,0,0,0,2,2,"-20,0477638","-43,96439441",SPRF-MG,DEL01-MG,UOP02-DEL01-MG
352852.0,2021-04-19,segunda-feira,19:00:00,MG,262.0,"820,9",UBERABA,Ausência de sinalização,Colisão transversal,Com Vítimas Feridas,Plena Noite,Crescente,Céu Claro,Dupla,Reta,Não,2,0,0,1,1,0,1,2,"-19,7626417","-48,13569294",SPRF-MG,DEL13-MG,UOP01-DEL13-MG
352860.0,2021-04-19,segunda-feira,19:00:00,MG,251.0,"492,4",FRANCISCO SA,Pista Escorregadia,Saída de leito carroçável,Com Vítimas Feridas,Plena Noite,Crescente,Chuva,Simples,Não Informado,Não,1,0,1,0,0,0,1,1,"-16,54433804","-43,59543496",SPRF-MG,DEL12-MG,UOP01-DEL12-MG
352861.0,2021-04-19,segunda-feira,19:00:00,MG,251.0,"492,3",FRANCISCO SA,Velocidade Incompatível,Saída de leito carroçável,Com Vítimas Feridas,Plena Noite,Crescente,Chuva,Simples,Reta,Não,1,0,1,0,0,0,1,1,"-16,54433804","-43,59543496",SPRF-MG,DEL12-MG,UOP01-DEL12-MG
352865.0,2021-04-20,terça-feira,00:25:00,MG,40.0,"759,9",JUIZ DE FORA,Demais falhas mecânicas ou elétricas,Incêndio,Sem Vítimas,Plena Noite,Crescente,Ignorado,Simples,Reta,Não,1,0,0,0,1,0,0,1,"-21,520757","-43,52314305",SPRF-MG,DEL05-MG,UOP01-DEL05-MG
352868.0,2021-04-20,terça-feira,00:15:00,MG,40.0,"730,4",OLIVEIRA FORTES,Velocidade Incompatível,Tombamento,Com Vítimas Fatais,Plena Noite,Crescente,Céu Claro,Dupla,Curva,Não,1,1,0,0,0,0,0,1,"-21,33378994","-43,5866212",SPRF-MG,DEL05-MG,UOP01-DEL05-MG
352877.0,2021-04-20,terça-feira,04:15:00,MG,40.0,"598,9",OURO PRETO,Transitar na contramão,Colisão frontal,Com Vítimas Fatais,Plena Noite,Decrescente,Céu Claro,Simples,Reta,Não,2,1,0,1,0,0,1,2,"-20,42150862","-43,8800127",SPRF-MG,DEL05-MG,UOP02-DEL05-MG
352888.0,2021-04-20,terça-feira,06:50:00,MG,50.0,"21,1",UBERLANDIA,Ausência de reação do condutor,Colisão traseira,Com Vítimas Feridas,Pleno dia,Decrescente,Céu Claro,Dupla,Não Informado,Sim,2,0,1,0,1,0,1,2,"-18,938138","-48,216825",SPRF-MG,DEL15-MG,UOP01-DEL15-MG
352896.0,2021-04-20,terça-feira,08:25:00,MG,40.0,"432,8",PARAOPEBA,Reação tardia ou ineficiente do condutor,Colisão lateral mesmo sentido,Com Vítimas Feridas,Pleno dia,Crescente,Céu Claro,Dupla,Reta,Não,2,0,1,0,1,0,1,2,"-19,20302941","-44,47243131",SPRF-MG,DEL02-MG,UOP01-DEL02-MG
352898.0,2021-04-20,terça-feira,07:10:00,MG,262.0,"41,5",MANHUACU,Transitar na contramão,Colisão frontal,Com Vítimas Feridas,Pleno dia,Decrescente,Sol,Simples,Reta,Não,3,0,0,1,1,1,1,2,"-20,27444334","-42,05896416",SPRF-MG,DEL06-MG,UOP04-DEL06-MG
352978.0,2021-04-20,terça-feira,15:00:00,MG,381.0,"831,5",SAO SEBASTIAO DA BELA VISTA,Ausência de reação do condutor,Colisão traseira,Com Vítimas Feridas,Pleno dia,Decrescente,Sol,Dupla,Reta,Não,2,0,1,0,1,0,1,2,"-22,13735587","-45,81137399",SPRF-MG,DEL16-MG,UOP01-DEL16-MG
352979.0,2021-04-20,terça-feira,11:00:00,MG,262.0,"699,5",ARAXA,Ausência de reação do condutor,Colisão lateral mesmo sentido,Sem Vítimas,Pleno dia,Crescente,Sol,Simples,Curva,Não,2,0,0,0,2,0,0,2,"-19,57362007","-47,04840592",SPRF-MG,DEL08-MG,UOP01-DEL08-MG
352982.0,2021-04-20,terça-feira,17:30:00,MG,381.0,486,BETIM,Velocidade Incompatível,Colisão com objeto,Com Vítimas Feridas,Plena Noite,Decrescente,Céu Claro,Dupla,Curva,Sim,2,0,0,1,1,0,1,2,"-19,95644414","-44,13611598",SPRF-MG,DEL01-MG,UOP03-DEL01-MG
353059.0,2021-04-21,quarta-feira,00:50:00,MG,116.0,718,MURIAE,Velocidade Incompatível,Tombamento,Com Vítimas Feridas,Plena Noite,Crescente,Ignorado,Simples,Não Informado,Não,1,0,1,0,0,0,1,1,"-21,22237132","-42,39416957",SPRF-MG,DEL07-MG,UOP02-DEL07-MG
353062.0,2021-04-21,quarta-feira,04:00:00,MG,40.0,"612,4",CONGONHAS,Problema com o freio,Incêndio,Sem Vítimas,Plena Noite,Crescente,Nevoeiro/Neblina,Simples,Não Informado,Sim,1,0,0,0,1,0,0,1,"-20,52206123","-43,83050507",SPRF-MG,DEL05-MG,UOP02-DEL05-MG
353077.0,2021-04-20,terça-feira,21:00:00,MG,267.0,203,BOM JARDIM DE MINAS,Velocidade Incompatível,Tombamento,Com Vítimas Feridas,Plena Noite,Decrescente,Céu Claro,Simples,Curva,Não,1,0,1,0,0,0,1,1,"-21,93193766","-44,11060298",SPRF-MG,DEL05-MG,UOP01-DEL05-MG
353099.0,2021-04-21,quarta-feira,08:50:00,MG,251.0,"522,8",MONTES CLAROS,Acumulo de óleo sobre o pavimento,Queda de ocupante de veículo,Com Vítimas Fatais,Pleno dia,Crescente,Céu Claro,Simples,Reta,Não,7,1,0,0,4,2,0,2,"-16,67365","-43,79687",SPRF-MG,DEL12-MG,UOP01-DEL12-MG
353119.0,2021-04-21,quarta-feira,13:15:00,MG,381.0,"496,9",BETIM,Velocidade Incompatível,Tombamento,Com Vítimas Feridas,Pleno dia,Crescente,Céu Claro,Dupla,Curva,Sim,3,0,1,0,2,0,1,3,"-19,99676497","-44,20958506",SPRF-MG,DEL01-MG,UOP03-DEL01-MG
353120.0,2021-04-21,quarta-feira,13:17:00,MG,381.0,"521,5",BRUMADINHO,Velocidade Incompatível,Tombamento,Com Vítimas Feridas,Pleno dia,Crescente,Céu Claro,Dupla,Curva,Não,1,0,1,0,0,0,1,1,"-20,13846621","-44,31715274",SPRF-MG,DEL04-MG,UOP03-DEL04-MG
353122.0,2021-04-21,quarta-feira,10:33:00,MG,262.0,"492,3",BOM DESPACHO,Acessar a via sem observar a presença dos outros veículos,Colisão transversal,Com Vítimas Feridas,Pleno dia,Decrescente,Sol,Simples,Não Informado,Não,6,0,3,1,1,1,4,2,"-19,78534091","-45,39591551",SPRF-MG,DEL08-MG,UOP03-DEL08-MG
353138.0,2021-04-21,quarta-feira,13:15:00,MG,381.0,585,CARMOPOLIS DE MINAS,Velocidade Incompatível,Colisão traseira,Com Vítimas Feridas,Pleno dia,Decrescente,Sol,Dupla,Reta,Sim,4,0,2,1,1,0,3,2,"-20,538292","-44,64046",SPRF-MG,DEL04-MG,UOP01-DEL04-MG
353144.0,2021-04-21,quarta-feira,15:50:00,MG,40.0,"799,6",MATIAS BARBOSA,Ausência de reação do condutor,Colisão lateral mesmo sentido,Com Vítimas Feridas,Pleno dia,Decrescente,Céu Claro,Dupla,Não Informado,Não,2,0,0,1,1,0,1,2,"-21,82857001","-43,37364401",SPRF-MG,DEL05-MG,UOP01-DEL05-MG