id,data_inversa,dia_semana,horario,uf,br,km,municipio,causa_acidente,tipo_acidente,classificacao_acidente,fase_dia,sentido_via,condicao_metereologica,tipo_pista,tracado_via,uso_solo,pessoas,mortos,feridos_leves,feridos_graves,ilesos,ignorados,feridos,veiculos,latitude,longitude,regional,delegacia,uop
355486.0,2021-05-04,terça-feira,04:50:00,MG,40.0,437,PARAOPEBA,Condutor Dormindo,Saída de leito carroçável,Com Vítimas Feridas,Plena Noite,Crescente,Céu Claro,Dupla,Reta,Não,2,0,1,1,0,0,2,1,"-19,23100428","-44,43562244",SPRF-MG,DEL02-MG,UOP01-DEL02-MG
355490.0,2021-05-04,terça-feira,05:00:00,MG,262.0,382,JUATUBA,Deficiência do Sistema de Iluminação/Sinalização,Colisão traseira,Com Vítimas Feridas,Amanhecer,Decrescente,Céu Claro,Dupla,Não Informado,Não,4,0,3,0,1,0,3,2,"-19,93768945","-44,45308685",SPRF-MG,DEL01-MG,UOP03-DEL01-MG
355508.0,2021-05-04,terça-feira,06:00:00,MG,381.0,678,PERDOES,Acessar a via sem observar a presença dos outros veículos,Colisão transversal,Com Vítimas Feridas,Amanhecer,Decrescente,Nublado,Dupla,Reta,Não,3,0,0,1,1,1,1,2,"-21,14734508","-45,10983682",SPRF-MG,DEL04-MG,UOP02-DEL04-MG
355521.0,2021-03-29,segunda-feira,10:30:00,MG,116.0,"243,2",TEOFILO OTONI,Condutor deixou de manter distância do veículo da frente,Colisão traseira,Sem Vítimas,Pleno dia,Crescente,Chuva,Simples,Curva,Não,3,0,0,0,1,2,0,3,"-17,587082","-41,488761",SPRF-MG,DEL11-MG,UOP01-DEL11-MG
355529.0,2021-05-04,terça-feira,08:40:00,MG,40.0,"828,5",SIMAO PEREIRA,Velocidade Incompatível,Tombamento,Com Vítimas Feridas,Pleno dia,Decrescente,Nublado,Dupla,Curva,Não,1,0,0,1,0,0,1,1,"-21,99767805","-43,28660485",SPRF-MG,DEL05-MG,UOP01-DEL05-MG
355551.0,2021-05-04,terça-feira,11:15:00,MG,381.0,352,JOAO MONLEVADE,Velocidade Incompatível,Colisão frontal,Com Vítimas Fatais,Pleno dia,Decrescente,Céu Claro,Simples,Curva,Não,3,1,0,1,1,0,1,2,"-19,84205535","-43,17383018",SPRF-MG,DEL03-MG,UOP01-DEL03-MG
355589.0,2021-05-04,terça-feira,16:00:00,MG,381.0,483,BETIM,Condutor deixou de manter distância do veículo da frente,Colisão traseira,Com Vítimas Feridas,Pleno dia,Crescente,Céu Claro,Dupla,Reta,Sim,4,0,2,0,2,0,2,2,"-19,95594491","-44,10721699",SPRF-MG,DEL01-MG,UOP03-DEL01-MG
355595.0,2021-05-04,terça-feira,17:00:00,MG,262.0,360,BETIM,Ausência de reação do condutor,Colisão traseira,Com Vítimas Feridas,Pleno dia,Crescente,Céu Claro,Dupla,Reta,Não,2,0,2,0,0,0,2,2,"-20,03385337","-44,25962448",SPRF-MG,DEL01-MG,UOP03-DEL01-MG
355618.0,2021-05-04,terça-feira,18:55:00,MG,381.0,"525,5",BRUMADINHO,Curva acentuada,Saída de leito carroçável,Com Vítimas Feridas,Plena Noite,Crescente,Céu Claro,Dupla,Curva,Não,1,0,0,1,0,0,1,1,"-20,16710798","-44,33422398",SPRF-MG,DEL04-MG,UOP03-DEL04-MG
355654.0,2021-05-04,terça-feira,18:30:00,MG,381.0,519,IGARAPE,Demais falhas mecânicas ou elétricas,Incêndio,Sem Vítimas,Anoitecer,Crescente,Céu Claro,Dupla,Reta,Não,1,0,0,0,1,0,0,1,"-20,12834104","-44,30330781",SPRF-MG,DEL04-MG,UOP03-DEL04-MG
355693.0,2021-05-05,quarta-feira,05:40:00,MG,153.0,200,FRUTAL,Ausência de reação do condutor,Saída de leito carroçável,Com Vítimas Feridas,Amanhecer,Crescente,Céu Claro,Simples,Reta,Não,1,0,1,0,0,0,1,1,"-19,99505607","-49,03393595",SPRF-MG,DEL13-MG,UOP02-DEL13-MG
355710.0,2021-05-05,quarta-feira,08:10:00,MG,153.0,"91,8",PRATA,Ausência de reação do condutor,Colisão traseira,Com Vítimas Feridas,Pleno dia,Crescente,Sol,Simples,Reta,Não,2,0,1,0,1,0,1,2,"-19,161155","-48,958737",SPRF-MG,DEL15-MG,UOP03-DEL15-MG
355751.0,2021-05-05,quarta-feira,12:00:00,MG,50.0,117,UBERABA,Ausência de reação do condutor,Saída de leito carroçável,Com Vítimas Feridas,Pleno dia,Crescente,Céu Claro,Dupla,Reta,Não,2,0,1,0,1,0,1,2,"-19,28290502","-48,12107706",SPRF-MG,DEL13-MG,UOP01-DEL13-MG
355807.0,2021-05-05,quarta-feira,20:15:00,MG,116.0,"781,6",LEOPOLDINA,Velocidade Incompatível,Tombamento,Com Vítimas Feridas,Plena Noite,Decrescente,Céu Claro,Simples,Curva,Não,1,0,1,0,0,0,1,1,"-21,62223589","-42,69312807",SPRF-MG,DEL07-MG,UOP01-DEL07-MG
355849.0,2021-05-05,quarta-feira,23:30:00,MG,267.0,"150,3",LIMA DUARTE,Demais falhas mecânicas ou elétricas,Incêndio,Sem Vítimas,Plena Noite,Decrescente,Céu Claro,Simples,Reta,Não,1,0,0,0,1,0,0,1,"-21,81825099","-43,746376",SPRF-MG,DEL05-MG,UOP01-DEL05-MG
355863.0,2021-05-06,quinta-feira,05:33:00,MG,381.0,"708,8",NEPOMUCENO,Condutor Dormindo,Colisão traseira,Com Vítimas Feridas,Amanhecer,Crescente,Nublado,Dupla,Não Informado,Não,2,0,1,0,1,0,1,2,"-21,34438581","-45,17603874",SPRF-MG,DEL04-MG,UOP02-DEL04-MG
355892.0,2021-05-06,quinta-feira,07:17:00,MG,50.0,"156,8",UBERABA,Demais falhas mecânicas ou elétricas,Incêndio,Sem Vítimas,Pleno dia,Decrescente,Céu Claro,Dupla,Não Informado,Não,1,0,0,0,1,0,0,1,"-19,61676094","-48,01874384",SPRF-MG,DEL13-MG,UOP01-DEL13-MG
355893.0,2021-04-27,terça-feira,22:30:00,MG,40.0,149,JOAO PINHEIRO,Ultrapassagem Indevida,Colisão frontal,Com Vítimas Fatais,Plena Noite,Decrescente,Céu Claro,Simples,Não Informado,Não,2,1,0,0,1,0,0,2,"-17,78039598","-46,13709081",SPRF-MG,DEL14-MG,UOP02-DEL14-MG
355961.0,2021-05-06,quinta-feira,15:50:00,MG,381.0,363,SAO GONCALO DO RIO ABAIXO,Velocidade Incompatível,Tombamento,Com Vítimas Feridas,Pleno dia,Crescente,Céu Claro,Simples,Curva,Não,2,0,2,0,0,0,2,1,"-19,85130197","-43,24808594",SPRF-MG,DEL03-MG,UOP01-DEL03-MG
355968.0,2021-05-06,quinta-feira,14:45:00,MG,116.0,"262,9",TEOFILO OTONI,Ausência de reação do condutor,Colisão traseira,Com Vítimas Feridas,Pleno dia,Crescente,Céu Claro,Simples,Não Informado,Não,5,0,3,0,2,0,3,2,"-17,73929595","-41,50092126",SPRF-MG,DEL11-MG,UOP01-DEL11-MG
355996.0,2021-05-06,quinta-feira,17:40:00,MG,262.0,"189,5",BELA VISTA DE MINAS,Velocidade Incompatível,Colisão frontal,Com Vítimas Feridas,Anoitecer,Decrescente,Céu Claro,Simples,Reta,Não,5,0,4,0,1,0,4,2,"-19,88387418","-43,05931001",SPRF-MG,DEL03-MG,UOP01-DEL03-MG
356012.0,2021-05-06,quinta-feira,19:40:00,MG,381.0,"529,5",BRUMADINHO,Velocidade Incompatível,Tombamento,Sem Vítimas,Plena Noite,Decrescente,Céu Claro,Dupla,Curva,Não,1,0,0,0,1,0,0,1,"-20,16619722","-44,36914378",SPRF-MG,DEL04-MG,UOP03-DEL04-MG
356056.0,2021-05-07,sexta-feira,02:40:00,MG,251.0,"476,2",FRANCISCO SA,Condutor Dormindo,Colisão com objeto,Com Vítimas Feridas,Plena Noite,Crescente,Nublado,Simples,Reta,Não,4,0,2,0,2,0,2,1,"-16,47033272","-43,47513494",SPRF-MG,DEL12-MG,UOP01-DEL12-MG
356069.0,2021-05-07,sexta-feira,05:55:00,MG,381.0,"769,4",CAMPANHA,Condutor Dormindo,Saída de leito carroçável,Com Vítimas Feridas,Amanhecer,Crescente,Céu Claro,Dupla,Reta,Não,1,0,1,0,0,0,1,1,"-21,75722285","-45,40638685",SPRF-MG,DEL16-MG,UOP02-DEL16-MG
356076.0,2021-05-07,sexta-feira,06:35:00,MG,381.0,"655,8",SANTO ANTONIO DO AMPARO,Demais Fenômenos da natureza,Colisão traseira,Com Vítimas Feridas,Pleno dia,Decrescente,Céu Claro,Dupla,Reta,Não,2,0,2,0,0,0,2,2,"-21,00073835","-44,96765656",SPRF-MG,DEL04-MG,UOP02-DEL04-MG
356107.0,2021-05-07,sexta-feira,08:20:00,MG,50.0,"16,9",ARAGUARI,Velocidade Incompatível,Colisão lateral mesmo sentido,Com Vítimas Feridas,Pleno dia,Decrescente,Céu Claro,Dupla,Curva,Não,2,0,1,0,1,0,1,2,"-18,56453406","-48,05629134",SPRF-MG,DEL15-MG,UOP02-DEL15-MG
356144.0,2021-05-07,sexta-feira,13:00:00,MG,381.0,"772,1",CAMPANHA,Fumaça,Engavetamento,Com Vítimas Feridas,Pleno dia,Decrescente,Sol,Dupla,Reta,Não,8,0,1,0,5,2,1,8,"-21,79763003","-45,45693799",SPRF-MG,DEL16-MG,UOP02-DEL16-MG
356160.0,2021-05-07,sexta-feira,10:50:00,MG,365.0,"547,8",ROMARIA,Velocidade Incompatível,Colisão traseira,Com Vítimas Feridas,Pleno dia,Crescente,Sol,Simples,Reta,Não,3,0,1,0,2,0,1,3,"-18,932147","-47,646668",SPRF-MG,DEL10-MG,UOP01-DEL10-MG
356161.0,2021-05-07,sexta-feira,12:25:00,MG,365.0,"145,2",PIRAPORA,Velocidade Incompatível,Tombamento,Com Vítimas Feridas,Pleno dia,Decrescente,Céu Claro,Simples,Curva,Não,1,0,1,0,0,0,1,1,"-17,25519867","-44,84235128",SPRF-MG,DEL12-MG,UOP01-DEL12-MG
356172.0,2021-05-07,sexta-feira,11:30:00,MG,381.0,"722,7",CARMO DA CACHOEIRA,Velocidade Incompatível,Tombamento,Com Vítimas Feridas,Pleno dia,Decrescente,Nublado,Dupla,Curva,Não,1,0,1,0,0,0,1,1,"-21,442551","-45,208614",SPRF-MG,DEL04-MG,UOP02-DEL04-MG
356285.0,2021-05-07,sexta-feira,22:55:00,MG,40.0,505,RIBEIRAO DAS NEVES,Manobra de mudança de faixa,Colisão lateral mesmo sentido,Com Vítimas Feridas,Plena Noite,Crescente,Céu Claro,Dupla,Reta,Não,5,0,3,0,2,0,3,2,"-19,73838088","-44,14935661",SPRF-MG,DEL02-MG,UOP01-DEL02-MG
356310.0,2021-05-08,sábado,01:15:00,MG,262.0,"31,1",REDUTO,Transitar na contramão,Colisão frontal,Com Vítimas Fatais,Plena Noite,Decrescente,Nublado,Simples,Curva,Não,3,1,0,1,1,0,1,2,"-20,2532742","-41,992629",SPRF-MG,DEL06-MG,UOP04-DEL06-MG
356356.0,2021-05-08,sábado,08:40:00,MG,354.0,"732,3",POUSO ALTO,Velocidade Incompatível,Tombamento,Com Vítimas Feridas,Pleno dia,Crescente,Sol,Simples,Curva,Não,1,0,1,0,0,0,1,1,"-22,17502858","-44,97005105",SPRF-MG,DEL17-MG,UOP01-DEL17-MG
356380.0,2021-05-08,sábado,12:40:00,MG,381.0,"692,3",LAVRAS,Ausência de reação do condutor,Colisão traseira,Com Vítimas Feridas,Pleno dia,Decrescente,Céu Claro,Dupla,Não Informado,Não,3,0,2,0,1,0,2,2,"-21,25097297","-45,1385743",SPRF-MG,DEL04-MG,UOP02-DEL04-MG
356465.0,2021-05-08,sábado,17:00:00,MG,262.0,183,SAO DOMINGOS DO PRATA,Transitar na contramão,Colisão transversal,Com Vítimas Feridas,Anoitecer,Decrescente,Céu Claro,Simples,Não Informado,Não,5,0,2,1,2,0,3,3,"-19,91043124","-43,02115533",SPRF-MG,DEL03-MG,UOP01-DEL03-MG
356530.0,2021-05-09,domingo,00:40:00,MG,381.0,"572,5",ITAGUARA,Reação tardia ou ineficiente do condutor,Tombamento,Com Vítimas Feridas,Plena Noite,Decrescente,Céu Claro,Dupla,Reta,Não,1,0,1,0,0,0,1,1,"-20,45206504","-44,5689098",SPRF-MG,DEL04-MG,UOP03-DEL04-MG
356531.0,2021-05-09,domingo,01:40:00,MG,381.0,"563,5",ITAGUARA,Condutor Dormindo,Tombamento,Com Vítimas Feridas,Plena Noite,Decrescente,Céu Claro,Dupla,Curva,Sim,1,0,1,0,0,0,1,1,"-20,395748","-44,503624",SPRF-MG,DEL04-MG,UOP03-DEL04-MG
356567.0,2021-05-09,domingo,08:20:00,MG,267.0,"194,1",BOM JARDIM DE MINAS,Velocidade Incompatível,Tombamento,Sem Vítimas,Pleno dia,Decrescente,Céu Claro,Simples,Curva,Não,1,0,0,0,1,0,0,1,"-21,94094943","-44,04416091",SPRF-MG,DEL05-MG,UOP01-DEL05-MG
356700.0,2021-05-09,domingo,18:00:00,MG,50.0,"133,5",UBERABA,Condutor Dormindo,Saída de leito carroçável,Com Vítimas Feridas,Plena Noite,Decrescente,Céu Claro,Dupla,Reta,Não,1,0,1,0,0,0,1,1,"-19,41574308","-48,07159033",SPRF-MG,DEL13-MG,UOP01-DEL13-MG
356725.0,2021-05-09,domingo,21:15:00,MG,50.0,"93,2",UBERLANDIA,Manobra de mudança de faixa,Colisão lateral mesmo sentido,Sem Vítimas,Plena Noite,Crescente,Céu Claro,Dupla,Não Informado,Não,2,0,0,0,2,0,0,2,"-19,07492502","-48,18892306",SPRF-MG,DEL15-MG,UOP01-DEL15-MG
356726.0,2021-05-09,domingo,21:20:00,MG,251.0,"442,2",GRAO MOGOL,Animais na Pista,Atropelamento de Animal,Com Vítimas Feridas,Plena Noite,Crescente,Céu Claro,Simples,Rotatória,Sim,2,0,0,1,1,0,1,1,"-16,41288188","-43,24348411",SPRF-MG,DEL12-MG,UOP01-DEL12-MG
356738.0,2021-05-09,domingo,21:30:00,MG,354.0,"728,7",POUSO ALTO,Velocidade Incompatível,Colisão frontal,Com Vítimas Feridas,Plena Noite,Decrescente,Céu Claro,Simples,Curva,Não,2,0,1,0,1,0,1,2,"-22,14945501","-44,96359002",SPRF-MG,DEL17-MG,UOP01-DEL17-MG
356759.0,2021-05-09,domingo,23:30:00,MG,40.0,"678,3",CARANDAI,Condutor Dormindo,Colisão com objeto,Com Vítimas Feridas,Plena Noite,Decrescente,Nublado,Simples,Reta,Não,1,0,0,1,0,0,1,1,"-21,03733064","-43,7682769",SPRF-MG,DEL05-MG,UOP02-DEL05-MG
356795.0,2021-04-09,sexta-feira,08:35:00,MG,381.0,"884,1",CAMBUI,Objeto estático sobre o leito carroçável,Colisão traseira,Com Vítimas Feridas,Pleno dia,Crescente,Sol,Dupla,Reta,Não,4,0,3,0,1,0,3,3,"-22,53552002","-46,03550597",SPRF-MG,DEL16-MG,UOP03-DEL16-MG
356846.0,2021-05-10,segunda-feira,10:40:00,MG,381.0,451,SABARA,Mal súbito do condutor,Colisão frontal,Com Vítimas Feridas,Pleno dia,Crescente,Sol,Simples,Não Informado,Sim,3,0,0,2,1,0,2,2,"-19,83301255","-43,84668975",SPRF-MG,DEL01-MG,UOP01-DEL01-MG
356869.0,2021-03-27,sábado,18:00:00,MG,251.0,405,GRAO MOGOL,Ultrapassagem Indevida,Colisão lateral mesmo sentido,Com Vítimas Feridas,Anoitecer,Decrescente,Céu Claro,Simples,Reta,Não,3,0,0,2,0,1,2,2,"-16,39010217","-43,18498135",SPRF-MG,DEL12-MG,UOP01-DEL12-MG
356886.0,2021-05-10,segunda-feira,03:40:00,MG,365.0,"539,4",ROMARIA,Condutor Dormindo,Saída de leito carroçável,Com Vítimas Feridas,Plena Noite,Decrescente,Céu Claro,Simples,Interseção de vias,Não,1,0,0,1,0,0,1,1,"-18,93303053","-47,58149306",SPRF-MG,DEL10-MG,UOP01-DEL10-MG
356891.0,2021-02-07,domingo,16:15:00,MG,381.0,422,CAETE,Velocidade Incompatível,Colisão traseira,Com Vítimas Feridas,Pleno dia,Crescente,Chuva,Dupla,Reta,Não,3,0,0,2,1,0,2,2,"-19,78353087","-43,66633394",SPRF-MG,DEL01-MG,UOP01-DEL01-MG
356995.0,2021-05-11,terça-feira,02:20:00,MG,381.0,"727,5",CARMO DA CACHOEIRA,Ausência de reação do condutor,Colisão traseira,Com Vítimas Feridas,Plena Noite,Crescente,Nublado,Dupla,Curva,Não,2,0,1,0,1,0,1,2,"-21,48535696","-45,20576915",SPRF-MG,DEL04-MG,UOP02-DEL04-MG
357028.0,2021-05-11,terça-feira,08:30:00,MG,381.0,"479,3",CONTAGEM,Entrada inopinada do pedestre,Atropelamento de Pedestre,Com Vítimas Feridas,Pleno dia,Decrescente,Sol,Múltipla,Reta,Sim,3,0,0,1,1,1,1,1,"-19,96338596","-44,04882431",SPRF-MG,DEL01-MG,UOP03-DEL01-MG
357030.0,2021-05-11,terça-feira,04:20:00,MG,364.0,"7,8",PLANURA,Demais falhas mecânicas ou elétricas,Incêndio,Sem Vítimas,Plena Noite,Decrescente,Céu Claro,Simples,Não Informado,Não,2,0,0,0,2,0,0,1,"-20,111899","-48,731558",SPRF-MG,DEL13-MG,UOP02-DEL13-MG
357044.0,2021-02-17,quarta-feira,00:50:00,MG,40.0,"780,8",JUIZ DE FORA,Estacionar ou parar em local proibido,Colisão lateral,Com Vítimas Feridas,Plena Noite,Decrescente,Nublado,Dupla,Reta,Não,2,0,0,1,1,0,1,2,"-21,67939981","-43,44987329",SPRF-MG,DEL05-MG,UOP01-DEL05-MG
357074.0,2021-05-11,terça-feira,13:30:00,MG,40.0,663,CARANDAI,Demais falhas mecânicas ou elétricas,Colisão com objeto,Com Vítimas Feridas,Pleno dia,Decrescente,Céu Claro,Simples,Curva,Não,1,0,1,0,0,0,1,1,"-20,92154477","-43,82273369",SPRF-MG,DEL05-MG,UOP02-DEL05-MG
357102.0,2021-05-11,terça-feira,12:30:00,MG,40.0,"175,5",JOAO PINHEIRO,Velocidade Incompatível,Saída de leito carroçável,Com Vítimas Feridas,Pleno dia,Decrescente,Céu Claro,Simples,Reta,Não,1,0,1,0,0,0,1,1,"-17,97089551","-45,98464966",SPRF-MG,DEL14-MG,UOP02-DEL14-MG
357110.0,2021-05-11,terça-feira,13:15:00,MG,116.0,"365,9",FREI INOCENCIO,Acessar a via sem observar a presença dos outros veículos,Colisão transversal,Com Vítimas Feridas,Pleno dia,Decrescente,Céu Claro,Simples,Reta,Não,2,0,1,0,1,0,1,2,"-18,49940817","-41,87537875",SPRF-MG,DEL11-MG,UOP01-DEL11-MG
357112.0,2021-05-11,terça-feira,13:50:00,MG,381.0,"907,5",CAMBUI,Demais falhas mecânicas ou elétricas,Derramamento de carga,Sem Vítimas,Pleno dia,Crescente,Céu Claro,Dupla,Reta,Não,1,0,0,0,1,0,0,1,"-22,71022398","-46,12178305",SPRF-MG,DEL16-MG,UOP03-DEL16-MG
357135.0,2021-02-08,segunda-feira,17:20:00,MG,40.0,"735,1",SANTOS DUMONT,Velocidade Incompatível,Tombamento,Com Vítimas Feridas,Pleno dia,Crescente,Nublado,Simples,Curva,Não,1,0,0,1,0,0,1,1,"-21,37012696","-43,57558994",SPRF-MG,DEL05-MG,UOP01-DEL05-MG
357151.0,2021-05-11,terça-feira,20:35:00,MG,381.0,"525,5",BRUMADINHO,Velocidade Incompatível,Tombamento,Com Vítimas Fatais,Plena Noite,Crescente,Céu Claro,Dupla,Curva,Não,1,1,0,0,0,0,0,1,"-20,160736","-44,329843",SPRF-MG,DEL04-MG,UOP03-DEL04-MG
357203.0,2021-05-12,quarta-feira,06:45:00,MG,381.0,561,ITAGUARA,Problema com o freio,Colisão lateral mesmo sentido,Com Vítimas Feridas,Pleno dia,Crescente,Céu Claro,Dupla,Curva,Sim,2,0,1,0,1,0,1,2,"-20,39185939","-44,49445724",SPRF-MG,DEL04-MG,UOP03-DEL04-MG
357210.0,2021-04-23,sexta-feira,16:30:00,MG,381.0,299,ANTONIO DIAS,Obstrução na via,Engavetamento,Com Vítimas Feridas,Pleno dia,Decrescente,Céu Claro,Dupla,Não Informado,Não,4,0,1,0,3,0,1,4,"-19,63253785","-42,89437573",SPRF-MG,DEL03-MG,UOP02-DEL03-MG
357224.0,2021-05-12,quarta-feira,07:50:00,MG,262.0,"744,1",PERDIZES,Reação tardia ou ineficiente do condutor,Colisão traseira,Com Vítimas Feridas,Pleno dia,Decrescente,Sol,Simples,Não Informado,Não,2,0,1,1,0,0,2,2,"-19,61298158","-47,45985608",SPRF-MG,DEL08-MG,UOP01-DEL08-MG
357244.0,2021-05-12,quarta-feira,10:00:00,MG,40.0,"576,7",ITABIRITO,Condutor Dormindo,Colisão com objeto,Com Vítimas Feridas,Pleno dia,Crescente,Céu Claro,Dupla,Reta,Sim,3,0,2,0,1,0,2,2,"-20,2653776","-43,95712495",SPRF-MG,DEL01-MG,UOP02-DEL01-MG
357308.0,2021-05-12,quarta-feira,17:05:00,MG,381.0,"677,9",PERDOES,Reação tardia ou ineficiente do condutor,Colisão traseira,Com Vítimas Feridas,Pleno dia,Crescente,Céu Claro,Simples,Rotatória,Sim,2,0,1,0,1,0,1,2,"-21,13158479","-45,10263635",SPRF-MG,DEL04-MG,UOP02-DEL04-MG
357352.0,2021-05-12,quarta-feira,16:00:00,MG,116.0,"138,5",PONTO DOS VOLANTES,Reação tardia ou ineficiente do condutor,Colisão lateral sentido oposto,Com Vítimas Fatais,Pleno dia,Decrescente,Céu Claro,Simples,Reta,Não,3,1,0,1,1,0,1,2,"-16,75731434","-41,49998809",SPRF-MG,DEL11-MG,UOP02-DEL11-MG
357358.0,2021-05-12,quarta-feira,19:30:00,MG,40.0,"823,1",SIMAO PEREIRA,Pedestre andava na pista,Atropelamento de Pedestre,Com Vítimas Feridas,Plena Noite,Decrescente,Céu Claro,Dupla,Curva,Não,2,0,1,0,1,0,1,1,"-21,9614888","-43,2986757",SPRF-MG,DEL05-MG,UOP01-DEL05-MG
357431.0,2021-05-11,terça-feira,19:00:00,MG,251.0,287,SALINAS,Ingestão de álcool e/ou substâncias psicoativas pelo pedestre,Saída de leito carroçável,Sem Vítimas,Plena Noite,Crescente,Céu Claro,Simples,Reta,Não,1,0,0,0,1,0,0,1,"-16,05855261","-42,16752612",SPRF-MG,DEL11-MG,UOP02-DEL11-MG
357438.0,2021-05-13,quinta-feira,05:20:00,MG,116.0,"541,3",SANTA RITA DE MINAS,Velocidade Incompatível,Tombamento,Com Vítimas Feridas,Plena Noite,Decrescente,Céu Claro,Simples,Curva,Não,1,0,0,1,0,0,1,1,"-19,88822098","-42,13797569",SPRF-MG,DEL06-MG,UOP02-DEL06-MG
357441.0,2021-05-13,quinta-feira,10:00:00,MG,40.0,520,CONTAGEM,Velocidade Incompatível,Colisão traseira,Com Vítimas Feridas,Pleno dia,Crescente,Céu Claro,Dupla,Interseção de vias,Sim,3,0,0,2,1,0,2,2,"-19,84761911","-44,07276144",SPRF-MG,DEL01-MG,UOP02-DEL01-MG
357454.0,2021-02-19,sexta-feira,01:10:00,MG,251.0,"472,1",FRANCISCO SA,Reação tardia ou ineficiente do condutor,Tombamento,Com Vítimas Fatais,Amanhecer,Crescente,Chuva,Simples,Não Informado,Não,1,1,0,0,0,0,0,1,"-16,4715353","-43,425593",SPRF-MG,DEL12-MG,UOP01-DEL12-MG
357509.0,2021-05-13,quinta-feira,17:00:00,MG,116.0,330,CAMPANARIO,Entrada inopinada do pedestre,Atropelamento de Pedestre,Com Vítimas Feridas,Pleno dia,Decrescente,Céu Claro,Simples,Reta,Sim,2,0,0,1,1,0,1,1,"-18,23813927","-41,72898363",SPRF-MG,DEL11-MG,UOP01-DEL11-MG
357535.0,2021-05-13,quinta-feira,18:20:00,MG,381.0,"789,9",SAO GONCALO DO SAPUCAI,Ausência de reação do condutor,Colisão traseira,Com Vítimas Feridas,Plena Noite,Crescente,Nublado,Dupla,Reta,Não,2,0,1,0,1,0,1,2,"-21,9086826","-45,57042805",SPRF-MG,DEL16-MG,UOP02-DEL16-MG
357538.0,2021-05-13,quinta-feira,17:10:00,MG,116.0,782,LEOPOLDINA,Velocidade Incompatível,Tombamento,Com Vítimas Feridas,Pleno dia,Decrescente,Nublado,Simples,Curva,Não,1,0,1,0,0,0,1,1,"-21,62223589","-42,69312807",SPRF-MG,DEL07-MG,UOP01-DEL07-MG
357542.0,2021-05-13,quinta-feira,21:25:00,MG,40.0,"778,9",JUIZ DE FORA,Acessar a via sem observar a presença dos outros veículos,Colisão lateral mesmo sentido,Sem Vítimas,Plena Noite,Crescente,Céu Claro,Dupla,Reta,Não,2,0,0,0,2,0,0,2,"-21,66781291","-43,43631526",SPRF-MG,DEL05-MG,UOP01-DEL05-MG
357561.0,2021-05-14,sexta-feira,03:00:00,MG,262.0,"609,8",CAMPOS ALTOS,Condutor Dormindo,Saída de leito carroçável,Com Vítimas Feridas,Plena Noite,Decrescente,Céu Claro,Simples,Curva,Não,2,0,1,0,1,0,1,1,"-19,61194605","-46,28226314",SPRF-MG,DEL08-MG,UOP02-DEL08-MG
357574.0,2021-05-14,sexta-feira,06:50:00,MG,40.0,"569,8",NOVA LIMA,Conversão proibida,Colisão transversal,Com Vítimas Fatais,Pleno dia,Crescente,Nublado,Simples,Reta,Não,2,1,0,0,1,0,0,2,"-20,21286706","-43,97263241",SPRF-MG,DEL01-MG,UOP02-DEL01-MG
357579.0,2021-05-14,sexta-feira,06:30:00,MG,40.0,"600,7",OURO PRETO,Reação tardia ou ineficiente do condutor,Engavetamento,Com Vítimas Feridas,Pleno dia,Crescente,Céu Claro,Simples,Reta,Não,4,0,1,0,3,0,1,4,"-20,42625199","-43,86231799",SPRF-MG,DEL05-MG,UOP02-DEL05-MG
357666.0,2021-05-14,sexta-feira,14:35:00,MG,365.0,"60,7",JEQUITAI,Velocidade Incompatível,Colisão traseira,Com Vítimas Feridas,Pleno dia,Crescente,Céu Claro,Simples,Não Informado,Não,4,0,0,1,3,0,1,4,"-17,00982598","-44,29400505",SPRF-MG,DEL12-MG,UOP01-DEL12-MG
357668.0,2021-05-14,sexta-feira,12:15:00,MG,251.0,478,FRANCISCO SA,Acessar a via sem observar a presença dos outros veículos,Colisão transversal,Com Vítimas Feridas,Pleno dia,Decrescente,Céu Claro,Simples,Não Informado,Sim,2,0,0,1,1,0,1,2,"-16,47041096","-43,47512126",SPRF-MG,DEL12-MG,UOP01-DEL12-MG
357728.0,2021-05-14,sexta-feira,16:50:00,MG,116.0,557,MANHUACU,Chuva,Eventos atípicos,Com Vítimas Feridas,Anoitecer,Decrescente,Chuva,Simples,Curva,Não,5,0,4,0,1,0,4,2,"-20,01043348","-42,15240262",SPRF-MG,DEL06-MG,UOP04-DEL06-MG
357780.0,2021-05-15,sábado,04:00:00,MG,381.0,435,SABARA,Demais falhas mecânicas ou elétricas,Saída de leito carroçável,Com Vítimas Feridas,Plena Noite,Crescente,Céu Claro,Simples,Não Informado,Não,1,0,0,1,0,0,1,1,"-19,80010099","-43,75771301",SPRF-MG,DEL01-MG,UOP01-DEL01-MG
357803.0,2021-05-15,sábado,07:00:00,MG,365.0,500,PATROCINIO,Condutor Dormindo,Colisão traseira,Com Vítimas Feridas,Amanhecer,Decrescente,Céu Claro,Simples,Reta,Não,2,0,1,0,1,0,1,2,"-18,95563989","-47,22902118",SPRF-MG,DEL10-MG,UOP01-DEL10-MG
357842.0,2021-05-15,sábado,12:00:00,MG,381.0,"525,5",BRUMADINHO,Velocidade Incompatível,Colisão lateral mesmo sentido,Com Vítimas Feridas,Pleno dia,Crescente,Céu Claro,Dupla,Curva,Não,2,0,1,0,1,0,1,2,"-20,16710798","-44,33422398",SPRF-MG,DEL04-MG,UOP03-DEL04-MG