id,data_inversa,dia_semana,horario,uf,br,km,municipio,causa_acidente,tipo_acidente,classificacao_acidente,fase_dia,sentido_via,condicao_metereologica,tipo_pista,tracado_via,uso_solo,pessoas,mortos,feridos_leves,feridos_graves,ilesos,ignorados,feridos,veiculos,latitude,longitude,regional,delegacia,uop
359462.0,2021-05-20,quinta-feira,02:30:00,MG,116.0,"164,8",PADRE PARAISO,Carga excessiva e/ou mal acondicionada,Tombamento,Com Vítimas Feridas,Plena Noite,Crescente,Céu Claro,Simples,Curva,Não,2,0,1,0,1,0,1,1,"-16,966437","-41,45100303",SPRF-MG,DEL11-MG,UOP02-DEL11-MG
359468.0,2021-03-29,segunda-feira,03:00:00,MG,381.0,"813,1",CAREACU,Velocidade Incompatível,Tombamento,Sem Vítimas,Plena Noite,Crescente,Céu Claro,Dupla,Curva,Não,1,0,0,0,1,0,0,1,"-21,98662683","-45,6527853",SPRF-MG,DEL16-MG,UOP02-DEL16-MG
359488.0,2021-05-23,domingo,10:05:00,MG,40.0,224,JOAO PINHEIRO,Velocidade Incompatível,Tombamento,Com Vítimas Fatais,Pleno dia,Decrescente,Nublado,Simples,Rotatória,Sim,1,1,0,0,0,0,0,1,"-17,98410505","-45,61161373",SPRF-MG,DEL14-MG,UOP02-DEL14-MG
359532.0,2021-05-23,domingo,07:30:00,MG,116.0,"712,1",MURIAE,Velocidade Incompatível,Tombamento,Com Vítimas Fatais,Pleno dia,Decrescente,Sol,Simples,Curva,Não,1,1,0,0,0,0,0,1,"-21,19049794","-42,3684161",SPRF-MG,DEL07-MG,UOP02-DEL07-MG
359633.0,2021-05-23,domingo,19:15:00,MG,116.0,"216,8",CATUJI,Demais falhas mecânicas ou elétricas,Queda de ocupante de veículo,Com Vítimas Feridas,Plena Noite,Decrescente,Céu Claro,Simples,Não Informado,Não,1,0,0,1,0,0,1,1,"-17,3756538","-41,52881674",SPRF-MG,DEL11-MG,UOP01-DEL11-MG
359643.0,2021-05-24,segunda-feira,02:15:00,MG,40.0,512,RIBEIRAO DAS NEVES,Ausência de reação do condutor,Colisão traseira,Com Vítimas Feridas,Plena Noite,Decrescente,Céu Claro,Dupla,Reta,Sim,2,0,1,0,1,0,1,2,"-19,78946999","-44,11290699",SPRF-MG,DEL01-MG,UOP02-DEL01-MG
359670.0,2021-01-12,terça-feira,17:20:00,MG,381.0,"434,1",SABARA,Transitar na contramão,Colisão frontal,Com Vítimas Fatais,Pleno dia,Decrescente,Nublado,Simples,Não Informado,Não,8,3,0,2,3,0,2,4,"-19,80043184","-43,75031407",SPRF-MG,DEL01-MG,UOP01-DEL01-MG
359680.0,2021-05-24,segunda-feira,08:55:00,MG,381.0,"499,5",BETIM,Demais falhas mecânicas ou elétricas,Colisão com objeto,Com Vítimas Feridas,Pleno dia,Decrescente,Céu Claro,Dupla,Reta,Não,1,0,1,0,0,0,1,1,"-20,01792651","-44,2261448",SPRF-MG,DEL01-MG,UOP03-DEL01-MG
359708.0,2021-05-24,segunda-feira,10:00:00,MG,116.0,"262,2",TEOFILO OTONI,Velocidade Incompatível,Colisão lateral mesmo sentido,Sem Vítimas,Pleno dia,Crescente,Sol,Simples,Não Informado,Não,3,0,0,0,2,1,0,3,"-17,73929595","-41,50092126",SPRF-MG,DEL11-MG,UOP01-DEL11-MG
359714.0,2021-05-08,sábado,17:00:00,MG,262.0,"790,7",UBERABA,Avarias e/ou desgaste excessivo no pneu,Saída de leito carroçável,Com Vítimas Feridas,Pleno dia,Decrescente,Céu Claro,Simples,Curva,Não,1,0,1,0,0,0,1,1,"-19,76179377","-47,84979004",SPRF-MG,DEL13-MG,UOP01-DEL13-MG
359728.0,2021-05-24,segunda-feira,10:45:00,MG,262.0,"406,9",IGARATINGA,Velocidade Incompatível,Colisão lateral mesmo sentido,Com Vítimas Feridas,Pleno dia,Crescente,Sol,Dupla,Reta,Não,3,0,3,0,0,0,3,2,"-19,88878596","-44,62165833",SPRF-MG,DEL01-MG,UOP03-DEL01-MG
359753.0,2021-05-24,segunda-feira,17:00:00,MG,381.0,"580,9",CARMOPOLIS DE MINAS,Ausência de reação do condutor,Saída de leito carroçável,Sem Vítimas,Anoitecer,Decrescente,Nublado,Dupla,Reta,Não,1,0,0,0,1,0,0,1,"-20,50796117","-44,61144676",SPRF-MG,DEL04-MG,UOP01-DEL04-MG
359785.0,2021-05-24,segunda-feira,21:00:00,MG,50.0,106,UBERABA,Ausência de reação do condutor,Colisão traseira,Com Vítimas Feridas,Plena Noite,Decrescente,Céu Claro,Dupla,Reta,Não,2,0,1,0,1,0,1,2,"-19,18854094","-48,15509282",SPRF-MG,DEL13-MG,UOP01-DEL13-MG
359803.0,2021-05-25,terça-feira,02:50:00,MG,381.0,"538,4",ITATIAIUCU,Condutor Dormindo,Saída de leito carroçável,Com Vítimas Feridas,Plena Noite,Decrescente,Céu Claro,Dupla,Reta,Não,2,0,2,0,0,0,2,1,"-20,23654769","-44,40777735",SPRF-MG,DEL04-MG,UOP03-DEL04-MG
359809.0,2021-05-25,terça-feira,04:05:00,MG,381.0,"528,5",ITATIAIUCU,Velocidade Incompatível,Tombamento,Com Vítimas Feridas,Plena Noite,Crescente,Nublado,Dupla,Curva,Não,2,0,2,0,0,0,2,2,"-20,16368096","-44,36025002",SPRF-MG,DEL04-MG,UOP03-DEL04-MG
359820.0,2021-05-23,domingo,22:30:00,MG,251.0,216,CACHOEIRA DE PAJEU,Ultrapassagem Indevida,Colisão lateral sentido oposto,Com Vítimas Feridas,Plena Noite,Decrescente,Céu Claro,Simples,Reta,Não,3,0,1,0,2,0,1,3,"-15,92287118","-41,59522181",SPRF-MG,DEL11-MG,UOP02-DEL11-MG
359830.0,2021-05-23,domingo,22:00:00,MG,251.0,"312,3",SALINAS,Manobra de mudança de faixa,Colisão frontal,Com Vítimas Fatais,Plena Noite,Crescente,Céu Claro,Simples,Reta,Não,5,2,0,1,2,0,1,2,"-16,16620056","-42,31993003",SPRF-MG,DEL11-MG,UOP02-DEL11-MG
359834.0,2021-05-25,terça-feira,08:00:00,MG,381.0,277,JAGUARACU,Condutor Dormindo,Colisão frontal,Com Vítimas Feridas,Pleno dia,Crescente,Céu Claro,Simples,Curva,Não,3,0,0,1,2,0,1,2,"-19,5925937","-42,73869017",SPRF-MG,DEL03-MG,UOP02-DEL03-MG
359836.0,2021-05-25,terça-feira,08:35:00,MG,40.0,"473,9",SETE LAGOAS,Reação tardia ou ineficiente do condutor,Colisão traseira,Com Vítimas Fatais,Pleno dia,Crescente,Céu Claro,Dupla,Reta,Não,2,1,0,0,1,0,0,2,"-19,49591","-44,2804",SPRF-MG,DEL02-MG,UOP01-DEL02-MG
359840.0,2021-05-23,domingo,13:00:00,MG,116.0,"102,4",ITAOBIM,Velocidade Incompatível,Saída de leito carroçável,Sem Vítimas,Pleno dia,Crescente,Céu Claro,Simples,Curva,Não,1,0,0,0,1,0,0,1,"-16,44666093","-41,49918038",SPRF-MG,DEL11-MG,UOP02-DEL11-MG
359862.0,2021-05-25,terça-feira,09:05:00,MG,116.0,"602,5",SAO JOAO DO MANHUACU,Curva acentuada,Tombamento,Com Vítimas Feridas,Pleno dia,Crescente,Nublado,Simples,Curva,Não,2,0,2,0,0,0,2,1,"-20,34697376","-42,14642112",SPRF-MG,DEL06-MG,UOP04-DEL06-MG
359904.0,2021-05-25,terça-feira,15:50:00,MG,40.0,547,NOVA LIMA,Objeto estático sobre o leito carroçável,Colisão lateral mesmo sentido,Com Vítimas Feridas,Pleno dia,Decrescente,Céu Claro,Dupla,Curva,Não,4,0,2,0,2,0,2,2,"-20,02252424","-43,97026042",SPRF-MG,DEL01-MG,UOP02-DEL01-MG
359911.0,2021-02-18,quinta-feira,08:50:00,MG,251.0,425,GRAO MOGOL,Condutor Dormindo,Colisão frontal,Com Vítimas Feridas,Pleno dia,Crescente,Ignorado,Simples,Curva,Não,3,0,0,3,0,0,3,2,"-16,32542814","-43,12377194",SPRF-MG,DEL12-MG,UOP01-DEL12-MG
360025.0,2021-05-26,quarta-feira,07:20:00,MG,40.0,"773,4",JUIZ DE FORA,Velocidade Incompatível,Saída de leito carroçável,Com Vítimas Feridas,Pleno dia,Crescente,Nublado,Dupla,Curva,Não,3,0,3,0,0,0,3,1,"-21,62581762","-43,45044987",SPRF-MG,DEL05-MG,UOP01-DEL05-MG
360028.0,2021-05-26,quarta-feira,10:00:00,MG,364.0,39,FRUTAL,Reação tardia ou ineficiente do condutor,Tombamento,Com Vítimas Feridas,Pleno dia,Decrescente,Céu Claro,Simples,Reta,Não,1,0,1,0,0,0,1,1,"-19,957306","-48,960703",SPRF-MG,DEL13-MG,UOP02-DEL13-MG
360029.0,2021-05-26,quarta-feira,09:20:00,MG,40.0,"505,6",RIBEIRAO DAS NEVES,Reação tardia ou ineficiente do condutor,Atropelamento de Pedestre,Com Vítimas Feridas,Pleno dia,Decrescente,Céu Claro,Dupla,Não Informado,Não,2,0,0,2,0,0,2,1,"-19,73838088","-44,14935661",SPRF-MG,DEL02-MG,UOP01-DEL02-MG
360033.0,2021-05-26,quarta-feira,10:15:00,MG,381.0,905,CAMBUI,Problema com o freio,Colisão traseira,Com Vítimas Feridas,Pleno dia,Decrescente,Sol,Dupla,Não Informado,Não,5,0,1,0,4,0,1,3,"-22,69514484","-46,1125442",SPRF-MG,DEL16-MG,UOP03-DEL16-MG
360086.0,2021-05-26,quarta-feira,15:30:00,MG,40.0,"771,9",JUIZ DE FORA,Desrespeitar a preferência no cruzamento,Tombamento,Com Vítimas Feridas,Pleno dia,Crescente,Céu Claro,Simples,Reta,Sim,2,0,1,0,1,0,1,2,"-21,6093271225","-43,4589272331",SPRF-MG,DEL05-MG,UOP01-DEL05-MG
360102.0,2021-05-26,quarta-feira,12:20:00,MG,365.0,"810,7",SANTA VITORIA,Ultrapassagem Indevida,Colisão com objeto,Com Vítimas Feridas,Pleno dia,Decrescente,Céu Claro,Simples,Não Informado,Não,1,0,0,1,0,0,1,1,"-18,89038399","-50,001528",SPRF-MG,DEL15-MG,UOP03-DEL15-MG
360138.0,2021-05-26,quarta-feira,18:30:00,MG,365.0,"175,1",BURITIZEIRO,Velocidade Incompatível,Colisão frontal,Com Vítimas Feridas,Plena Noite,Decrescente,Céu Claro,Simples,Curva,Não,4,0,3,0,1,0,3,2,"-17,41279573","-45,04305589",SPRF-MG,DEL12-MG,UOP01-DEL12-MG
360175.0,2021-05-26,quarta-feira,23:40:00,MG,381.0,"923,7",CAMANDUCAIA,Condutor Dormindo,Tombamento,Com Vítimas Feridas,Plena Noite,Crescente,Céu Claro,Dupla,Curva,Não,1,0,1,0,0,0,1,1,"-22,77293681","-46,19117975",SPRF-MG,DEL16-MG,UOP03-DEL16-MG
360177.0,2021-05-27,quinta-feira,01:20:00,MG,262.0,"392,2",FLORESTAL,Entrada inopinada do pedestre,Atropelamento de Pedestre,Com Vítimas Feridas,Plena Noite,Decrescente,Céu Claro,Dupla,Reta,Não,2,0,0,1,1,0,1,1,"-19,92150767","-44,47289804",SPRF-MG,DEL01-MG,UOP03-DEL01-MG
360218.0,2021-04-23,sexta-feira,18:15:00,MG,40.0,50,PARACATU,Acessar a via sem observar a presença dos outros veículos,Colisão transversal,Com Vítimas Feridas,Anoitecer,Crescente,Céu Claro,Simples,Reta,Não,2,0,1,0,0,1,1,2,"-17,23931275","-46,80040697",SPRF-MG,DEL14-MG,UOP01-DEL14-MG
360220.0,2021-02-20,sábado,14:00:00,MG,116.0,"304,4",ITAMBACURI,Transitar na contramão,Colisão frontal,Com Vítimas Feridas,Pleno dia,Decrescente,Nublado,Simples,Não Informado,Não,4,0,2,0,2,0,2,2,"-18,02424603","-41,64791895",SPRF-MG,DEL11-MG,UOP01-DEL11-MG
360248.0,2021-05-27,quinta-feira,10:30:00,MG,40.0,"805,2",MATIAS BARBOSA,Demais falhas mecânicas ou elétricas,Colisão traseira,Sem Vítimas,Pleno dia,Decrescente,Céu Claro,Dupla,Não Informado,Não,2,0,0,0,2,0,0,2,"-21,86534291","-43,36765294",SPRF-MG,DEL05-MG,UOP01-DEL05-MG
360260.0,2021-05-27,quinta-feira,13:00:00,MG,40.0,"816,5",SIMAO PEREIRA,Condutor deixou de manter distância do veículo da frente,Engavetamento,Com Vítimas Feridas,Pleno dia,Decrescente,Sol,Dupla,Reta,Não,4,0,1,0,3,0,1,3,"-21,90755681","-43,31493223",SPRF-MG,DEL05-MG,UOP01-DEL05-MG
360319.0,2021-05-27,quinta-feira,18:30:00,MG,365.0,576,INDIANOPOLIS,Deficiência do Sistema de Iluminação/Sinalização,Colisão traseira,Com Vítimas Fatais,Plena Noite,Crescente,Céu Claro,Simples,Desvio Temporário,Não,3,1,0,0,1,1,0,2,"-18,88986602","-47,92146602",SPRF-MG,DEL15-MG,UOP02-DEL15-MG
360379.0,2021-05-28,sexta-feira,06:10:00,MG,40.0,510,RIBEIRAO DAS NEVES,Ausência de reação do condutor,Colisão traseira,Com Vítimas Feridas,Pleno dia,Crescente,Céu Claro,Dupla,Reta,Não,2,0,1,0,1,0,1,2,"-19,77463885","-44,12321882",SPRF-MG,DEL01-MG,UOP02-DEL01-MG
360490.0,2021-05-28,sexta-feira,14:35:00,MG,116.0,"233,8",TEOFILO OTONI,Velocidade Incompatível,Saída de leito carroçável,Com Vítimas Feridas,Pleno dia,Crescente,Nublado,Simples,Não Informado,Não,2,0,1,0,1,0,1,2,"-17,517573","-41,48606",SPRF-MG,DEL11-MG,UOP01-DEL11-MG
360577.0,2021-05-28,sexta-feira,22:00:00,MG,262.0,"650,2",IBIA,Ingestão de álcool pelo condutor,Colisão frontal,Com Vítimas Fatais,Plena Noite,Decrescente,Céu Claro,Simples,Curva,Não,2,1,0,0,1,0,0,2,"-19,58053719","-46,63405533",SPRF-MG,DEL08-MG,UOP01-DEL08-MG
360602.0,2021-05-28,sexta-feira,11:00:00,MG,116.0,"790,7",ALEM PARAIBA,Demais falhas mecânicas ou elétricas,Incêndio,Sem Vítimas,Pleno dia,Decrescente,Nublado,Simples,Não Informado,Não,1,0,0,0,1,0,0,1,"-21,67548514","-42,73250632",SPRF-MG,DEL07-MG,UOP01-DEL07-MG
360640.0,2021-05-29,sábado,05:45:00,MG,381.0,"775,5",SAO GONCALO DO SAPUCAI,Ausência de reação do condutor,Colisão traseira,Com Vítimas Feridas,Amanhecer,Crescente,Nublado,Dupla,Reta,Não,2,0,1,0,1,0,1,2,"-21,80906481","-45,48531299",SPRF-MG,DEL16-MG,UOP02-DEL16-MG
360663.0,2021-05-29,sábado,09:00:00,MG,40.0,"747,6",SANTOS DUMONT,Manobra de mudança de faixa,Colisão lateral mesmo sentido,Com Vítimas Feridas,Pleno dia,Decrescente,Céu Claro,Simples,Não Informado,Não,5,0,3,0,2,0,3,4,"-21,4328731","-43,55221915",SPRF-MG,DEL05-MG,UOP01-DEL05-MG
360681.0,2021-05-29,sábado,09:10:00,MG,116.0,"780,6",LEOPOLDINA,Velocidade Incompatível,Saída de leito carroçável,Com Vítimas Feridas,Pleno dia,Crescente,Céu Claro,Simples,Curva,Não,1,0,1,0,0,0,1,1,"-21,61482397","-42,69263203",SPRF-MG,DEL07-MG,UOP01-DEL07-MG
360715.0,2021-05-29,sábado,05:40:00,MG,153.0,85,PRATA,Ausência de reação do condutor,Saída de leito carroçável,Com Vítimas Fatais,Amanhecer,Crescente,Céu Claro,Simples,Reta,Não,7,2,0,4,1,0,4,2,"-19,10224974","-48,97993765",SPRF-MG,DEL15-MG,UOP03-DEL15-MG
360738.0,2021-05-29,sábado,14:30:00,MG,381.0,849,POUSO ALEGRE,Velocidade Incompatível,Saída de leito carroçável,Com Vítimas Feridas,Pleno dia,Decrescente,Chuva,Dupla,Curva,Não,3,0,1,0,1,1,1,3,"-22,26991499","-45,89241402",SPRF-MG,DEL16-MG,UOP01-DEL16-MG
360792.0,2021-05-29,sábado,17:50:00,MG,365.0,"5,5",MONTES CLAROS,Reação tardia ou ineficiente do condutor,Tombamento,Com Vítimas Feridas,Anoitecer,Decrescente,Céu Claro,Simples,Curva,Não,1,0,1,0,0,0,1,1,"-16,74574399","-43,88392402",SPRF-MG,DEL12-MG,UOP01-DEL12-MG
360898.0,2021-05-30,domingo,00:15:00,MG,262.0,745,PERDIZES,Condutor Dormindo,Colisão traseira,Com Vítimas Feridas,Plena Noite,Decrescente,Nublado,Simples,Não Informado,Não,2,0,0,1,1,0,1,2,"-19,61792704","-47,46789598",SPRF-MG,DEL08-MG,UOP01-DEL08-MG
360928.0,2021-05-30,domingo,08:00:00,MG,381.0,"921,3",CAMANDUCAIA,Reação tardia ou ineficiente do condutor,Tombamento,Com Vítimas Feridas,Pleno dia,Crescente,Céu Claro,Dupla,Curva,Não,1,0,1,0,0,0,1,1,"-22,7680939","-46,20854399",SPRF-MG,DEL16-MG,UOP03-DEL16-MG
360934.0,2021-05-30,domingo,07:45:00,MG,251.0,425,GRAO MOGOL,Carga excessiva e/ou mal acondicionada,Derramamento de carga,Com Vítimas Feridas,Pleno dia,Crescente,Céu Claro,Simples,Curva,Não,2,0,0,1,1,0,1,2,"-16,32542814","-43,12377194",SPRF-MG,DEL12-MG,UOP01-DEL12-MG
360951.0,2021-05-27,quinta-feira,07:27:00,MG,153.0,190,FRUTAL,Pista esburacada,Tombamento,Com Vítimas Feridas,Pleno dia,Decrescente,Céu Claro,Simples,Reta,Não,1,0,1,0,0,0,1,1,"-19,94033745","-48,95790887",SPRF-MG,DEL13-MG,UOP02-DEL13-MG
360963.0,2021-02-12,sexta-feira,14:20:00,MG,251.0,"280,8",SALINAS,Acessar a via sem observar a presença dos outros veículos,Colisão transversal,Com Vítimas Feridas,Pleno dia,Decrescente,Céu Claro,Simples,Reta,Não,4,0,0,2,2,0,2,2,"-16,03203628","-42,10805393",SPRF-MG,DEL11-MG,UOP02-DEL11-MG
360970.0,2021-05-30,domingo,13:18:00,MG,459.0,"17,3",CALDAS,Curva acentuada,Saída de leito carroçável,Com Vítimas Feridas,Pleno dia,Crescente,Céu Claro,Simples,Não Informado,Não,1,0,0,1,0,0,1,1,"-21,865714","-46,421462",SPRF-MG,DEL09-MG,UOP01-DEL09-MG
361000.0,2021-05-30,domingo,17:40:00,MG,365.0,"27,6",MONTES CLAROS,Condutor deixou de manter distância do veículo da frente,Colisão traseira,Com Vítimas Feridas,Anoitecer,Crescente,Céu Claro,Simples,Reta,Não,3,0,0,1,1,1,1,2,"-16,84484393","-44,10249905",SPRF-MG,DEL12-MG,UOP01-DEL12-MG
361022.0,2021-05-30,domingo,18:00:00,MG,267.0,"156,3",LIMA DUARTE,Transitar na contramão,Colisão frontal,Sem Vítimas,Anoitecer,Decrescente,Chuva,Simples,Reta,Não,2,0,0,0,2,0,0,2,"-21,83593852","-43,7741484",SPRF-MG,DEL05-MG,UOP01-DEL05-MG
361066.0,2021-05-30,domingo,22:20:00,MG,365.0,463,PATROCINIO,Pista esburacada,Tombamento,Com Vítimas Fatais,Plena Noite,Crescente,Céu Claro,Simples,Não Informado,Não,4,1,0,0,0,3,0,1,"-18,88819819","-46,93189859",SPRF-MG,DEL10-MG,UOP01-DEL10-MG
361072.0,2021-05-30,domingo,21:15:00,MG,50.0,155,UBERABA,Demais falhas mecânicas ou elétricas,Saída de leito carroçável,Com Vítimas Feridas,Plena Noite,Crescente,Céu Claro,Dupla,Não Informado,Não,2,0,1,0,1,0,1,1,"-19,60825703","-48,02198508",SPRF-MG,DEL13-MG,UOP01-DEL13-MG
361195.0,2021-04-29,quinta-feira,19:08:00,MG,365.0,719,MONTE ALEGRE DE MINAS,Deficiência do Sistema de Iluminação/Sinalização,Colisão traseira,Com Vítimas Fatais,Plena Noite,Crescente,Céu Claro,Simples,Não Informado,Não,4,2,0,0,0,2,0,2,"-18,8804282","-49,177902",SPRF-MG,DEL15-MG,UOP03-DEL15-MG
361204.0,2021-05-31,segunda-feira,06:20:00,MG,365.0,"9,2",MONTES CLAROS,Velocidade Incompatível,Derramamento de carga,Sem Vítimas,Amanhecer,Decrescente,Céu Claro,Simples,Curva,Não,1,0,0,0,1,0,0,1,"-16,83452","-43,943562",SPRF-MG,DEL12-MG,UOP01-DEL12-MG
361221.0,2021-05-31,segunda-feira,17:00:00,MG,262.0,461,ARAUJOS,Condutor deixou de manter distância do veículo da frente,Colisão traseira,Sem Vítimas,Anoitecer,Decrescente,Chuva,Simples,Desvio Temporário,Não,4,0,0,0,3,1,0,2,"-19,80934616","-45,11741638",SPRF-MG,DEL08-MG,UOP03-DEL08-MG
361279.0,2021-05-31,segunda-feira,20:17:00,MG,365.0,601,UBERLANDIA,Demais falhas mecânicas ou elétricas,Colisão traseira,Com Vítimas Feridas,Plena Noite,Crescente,Céu Claro,Simples,Desvio Temporário,Não,2,0,1,0,1,0,1,2,"-18,89301829","-48,13943907",SPRF-MG,DEL15-MG,UOP01-DEL15-MG
361310.0,2021-06-01,terça-feira,05:40:00,MG,365.0,"787,8",ITUIUTABA,Velocidade Incompatível,Tombamento,Com Vítimas Feridas,Amanhecer,Crescente,Céu Claro,Simples,Desvio Temporário,Não,1,0,0,1,0,0,1,1,"-18,93614458","-49,78864285",SPRF-MG,DEL15-MG,UOP03-DEL15-MG
361323.0,2021-05-31,segunda-feira,22:30:00,MG,381.0,"566,9",ITAGUARA,Condutor Dormindo,Saída de leito carroçável,Com Vítimas Feridas,Plena Noite,Decrescente,Nublado,Dupla,Reta,Não,2,0,1,0,1,0,1,2,"-20,402353","-44,511612",SPRF-MG,DEL04-MG,UOP03-DEL04-MG
361366.0,2021-06-01,terça-feira,12:00:00,MG,40.0,528,CONTAGEM,Manobra de mudança de faixa,Colisão lateral mesmo sentido,Com Vítimas Feridas,Pleno dia,Crescente,Nublado,Múltipla,Não Informado,Sim,3,0,2,0,1,0,2,2,"-19,90883179","-44,04436577",SPRF-MG,DEL01-MG,UOP02-DEL01-MG
361369.0,2021-06-01,terça-feira,10:20:00,MG,116.0,"784,3",LEOPOLDINA,Condutor usando celular,Saída de leito carroçável,Sem Vítimas,Pleno dia,Crescente,Nublado,Simples,Reta,Não,1,0,0,0,1,0,0,1,"-21,63888361","-42,70379911",SPRF-MG,DEL07-MG,UOP01-DEL07-MG
361370.0,2021-04-10,sábado,19:50:00,MG,381.0,"402,9",BOM JESUS DO AMPARO,Velocidade Incompatível,Saída de leito carroçável,Sem Vítimas,Plena Noite,Decrescente,Céu Claro,Dupla,Rotatória,Não,1,0,0,0,1,0,0,1,"-19,74009662","-43,50770473",SPRF-MG,DEL01-MG,UOP01-DEL01-MG
361375.0,2021-06-01,terça-feira,13:00:00,MG,40.0,"648,1",CRISTIANO OTONI,Manobra de mudança de faixa,Colisão traseira,Com Vítimas Feridas,Pleno dia,Crescente,Sol,Simples,Reta,Não,3,0,2,0,1,0,2,2,"-20,814686","-43,810325",SPRF-MG,DEL05-MG,UOP02-DEL05-MG
361391.0,2021-06-01,terça-feira,15:05:00,MG,381.0,"489,2",BETIM,Pedestre cruzava a pista fora da faixa,Atropelamento de Pedestre,Com Vítimas Fatais,Pleno dia,Decrescente,Nublado,Múltipla,Reta,Sim,2,1,0,0,1,0,0,1,"-19,95689163","-44,13516998",SPRF-MG,DEL01-MG,UOP03-DEL01-MG
361446.0,2021-06-01,terça-feira,18:10:00,MG,146.0,"507,8",POCOS DE CALDAS,Conversão proibida,Colisão transversal,Sem Vítimas,Plena Noite,Decrescente,Céu Claro,Simples,Reta,Não,3,0,0,0,3,0,0,3,"-21,7626883","-46,41174316",SPRF-MG,DEL09-MG,UOP01-DEL09-MG
361467.0,2021-06-01,terça-feira,21:40:00,MG,153.0,149,COMENDADOR GOMES,Acessar a via sem observar a presença dos outros veículos,Colisão transversal,Com Vítimas Feridas,Plena Noite,Crescente,Céu Claro,Simples,Interseção de vias,Não,2,0,0,1,1,0,1,2,"-19,630227","-48,84952",SPRF-MG,DEL13-MG,UOP02-DEL13-MG
361487.0,2021-06-02,quarta-feira,00:50:00,MG,116.0,"350,4",JAMPRUCA,Velocidade Incompatível,Colisão traseira,Com Vítimas Feridas,Plena Noite,Crescente,Céu Claro,Simples,Curva,Não,2,0,1,0,1,0,1,2,"-18,386647","-41,814712",SPRF-MG,DEL11-MG,UOP01-DEL11-MG
361510.0,2021-06-02,quarta-feira,08:10:00,MG,381.0,"854,8",POUSO ALEGRE,Objeto estático sobre o leito carroçável,Colisão traseira,Com Vítimas Feridas,Pleno dia,Crescente,Sol,Dupla,Reta,Não,3,0,0,1,1,1,1,2,"-22,31374792","-45,90405426",SPRF-MG,DEL16-MG,UOP01-DEL16-MG
361540.0,2021-06-02,quarta-feira,07:25:00,MG,356.0,"279,6",EUGENOPOLIS,Velocidade Incompatível,Tombamento,Com Vítimas Feridas,Pleno dia,Decrescente,Céu Claro,Simples,Desvio Temporário,Não,1,0,1,0,0,0,1,1,"-21,12514202","-42,254502",SPRF-MG,DEL07-MG,UOP02-DEL07-MG
361589.0,2021-06-02,quarta-feira,14:40:00,MG,40.0,609,CONGONHAS,Demais falhas mecânicas ou elétricas,Derramamento de carga,Sem Vítimas,Pleno dia,Decrescente,Céu Claro,Simples,Reta,Não,1,0,0,0,1,0,0,1,"-20,49313702","-43,83689143",SPRF-MG,DEL05-MG,UOP02-DEL05-MG
361597.0,2021-06-02,quarta-feira,16:30:00,MG,40.0,"599,5",OURO PRETO,Condutor Dormindo,Colisão traseira,Com Vítimas Feridas,Pleno dia,Decrescente,Sol,Simples,Não Informado,Não,3,0,2,0,1,0,2,2,"-20,42639495","-43,86221951",SPRF-MG,DEL05-MG,UOP02-DEL05-MG
361599.0,2021-06-02,quarta-feira,14:20:00,MG,116.0,283,TEOFILO OTONI,Ausência de reação do condutor,Tombamento,Com Vítimas Feridas,Pleno dia,Decrescente,Céu Claro,Simples,Curva,Não,2,0,1,0,0,1,1,1,"-17,91016695","-41,52564104",SPRF-MG,DEL11-MG,UOP01-DEL11-MG
361687.0,2021-06-02,quarta-feira,21:45:00,MG,50.0,"17,5",ARAGUARI,Reação tardia ou ineficiente do condutor,Colisão traseira,Com Vítimas Feridas,Plena Noite,Crescente,Céu Claro,Dupla,Curva,Não,5,0,4,0,1,0,4,2,"-18,56358502","-48,05639606",SPRF-MG,DEL15-MG,UOP02-DEL15-MG
361689.0,2021-06-02,quarta-feira,20:30:00,MG,381.0,"158,9",GOVERNADOR VALADARES,Ausência de reação do condutor,Colisão frontal,Com Vítimas Fatais,Plena Noite,Crescente,Céu Claro,Simples,Reta,Não,3,2,1,0,0,0,1,2,"-18,91795246","-42,01337465",SPRF-MG,DEL06-MG,UOP01-DEL06-MG
361695.0,2021-06-03,quinta-feira,00:50:00,MG,40.0,"507,4",RIBEIRAO DAS NEVES,Condutor deixou de manter distância do veículo da frente,Colisão traseira,Com Vítimas Feridas,Plena Noite,Crescente,Chuva,Dupla,Reta,Não,3,0,1,0,2,0,1,2,"-19,75431705","-44,14152606",SPRF-MG,DEL02-MG,UOP01-DEL02-MG
361699.0,2021-06-03,quinta-feira,00:45:00,MG,50.0,73,UBERLANDIA,Reação tardia ou ineficiente do condutor,Tombamento,Sem Vítimas,Plena Noite,Crescente,Céu Claro,Dupla,Reta,Sim,1,0,0,0,1,0,0,1,"-18,85140204","-48,25345932",SPRF-MG,DEL15-MG,UOP01-DEL15-MG
361747.0,2021-06-03,quinta-feira,09:00:00,MG,50.0,"44,7",ARAGUARI,Obras na pista,Tombamento,Com Vítimas Feridas,Pleno dia,Crescente,Céu Claro,Dupla,Não Informado,Não,5,0,3,0,2,0,3,3,"-18,70561658","-48,19108255",SPRF-MG,DEL15-MG,UOP02-DEL15-MG