id,data_inversa,dia_semana,horario,uf,br,km,municipio,causa_acidente,tipo_acidente,classificacao_acidente,fase_dia,sentido_via,condicao_metereologica,tipo_pista,tracado_via,uso_solo,pessoas,mortos,feridos_leves,feridos_graves,ilesos,ignorados,feridos,veiculos,latitude,longitude,regional,delegacia,uop
363790.0,2021-06-12,sábado,20:45:00,MG,381.0,"525,5",BRUMADINHO,Velocidade Incompatível,Capotamento,Com Vítimas Feridas,Plena Noite,Crescente,Nublado,Dupla,Não Informado,Não,1,0,1,0,0,0,1,1,"-20,147524","-44,324285",SPRF-MG,DEL04-MG,UOP03-DEL04-MG
363793.0,2021-06-12,sábado,21:30:00,MG,381.0,"707,2",NEPOMUCENO,Velocidade Incompatível,Saída de leito carroçável,Com Vítimas Feridas,Plena Noite,Decrescente,Céu Claro,Dupla,Curva,Não,1,0,1,0,0,0,1,1,"-21,36199299","-45,19169583",SPRF-MG,DEL04-MG,UOP02-DEL04-MG
363794.0,2021-06-12,sábado,20:20:00,MG,116.0,637,DIVINO,Ingestão de álcool pelo condutor,Colisão lateral sentido oposto,Com Vítimas Feridas,Plena Noite,Decrescente,Nublado,Simples,Reta,Não,2,0,1,0,1,0,1,2,"-20,63146426","-42,23128486",SPRF-MG,DEL07-MG,UOP03-DEL07-MG
363852.0,2021-06-13,domingo,09:05:00,MG,381.0,491,BETIM,Ausência de reação do condutor,Colisão lateral mesmo sentido,Sem Vítimas,Pleno dia,Decrescente,Céu Claro,Dupla,Não Informado,Sim,2,0,0,0,1,1,0,2,"-19,97018187","-44,18210416",SPRF-MG,DEL01-MG,UOP03-DEL01-MG
363899.0,2021-06-13,domingo,13:45:00,MG,262.0,863,CAMPO FLORIDO,Acessar a via sem observar a presença dos outros veículos,Colisão transversal,Com Vítimas Feridas,Pleno dia,Crescente,Céu Claro,Dupla,Interseção de vias,Não,2,0,0,1,1,0,1,2,"-19,789562","-48,419999",SPRF-MG,DEL13-MG,UOP01-DEL13-MG
363932.0,2021-06-13,domingo,15:30:00,MG,116.0,"275,4",TEOFILO OTONI,Ingestão de álcool pelo condutor,Colisão lateral mesmo sentido,Sem Vítimas,Pleno dia,Crescente,Nublado,Simples,Reta,Sim,2,0,0,0,2,0,0,2,"-17,86846089","-41,5171394",SPRF-MG,DEL11-MG,UOP01-DEL11-MG
363983.0,2021-06-13,domingo,18:40:00,MG,116.0,"582,5",MANHUACU,Ingestão de álcool pelo condutor,Colisão traseira,Com Vítimas Feridas,Plena Noite,Crescente,Nublado,Simples,Reta,Sim,4,0,1,0,1,2,1,3,"-20,20514103","-42,18239627",SPRF-MG,DEL06-MG,UOP04-DEL06-MG
364051.0,2021-06-14,segunda-feira,00:40:00,MG,116.0,"315,5",ITAMBACURI,Ausência de reação do condutor,Colisão lateral sentido oposto,Com Vítimas Feridas,Plena Noite,Crescente,Nublado,Simples,Reta,Não,3,0,0,1,2,0,1,2,"-18,11098206","-41,69239281",SPRF-MG,DEL11-MG,UOP01-DEL11-MG
364076.0,2021-06-14,segunda-feira,04:25:00,MG,50.0,"134,7",UBERABA,Condutor Dormindo,Saída de leito carroçável,Com Vítimas Feridas,Pleno dia,Decrescente,Céu Claro,Dupla,Reta,Não,1,0,0,1,0,0,1,1,"-19,42456131","-48,06956773",SPRF-MG,DEL13-MG,UOP01-DEL13-MG
364111.0,2021-06-14,segunda-feira,09:15:00,MG,381.0,495,BETIM,Reação tardia ou ineficiente do condutor,Colisão transversal,Com Vítimas Feridas,Pleno dia,Decrescente,Céu Claro,Dupla,Reta,Sim,3,0,1,0,2,0,1,2,"-19,98890883","-44,20522016",SPRF-MG,DEL01-MG,UOP03-DEL01-MG
364247.0,2021-06-14,segunda-feira,17:30:00,MG,116.0,"388,5",GOVERNADOR VALADARES,Demais falhas mecânicas ou elétricas,Saída de leito carroçável,Sem Vítimas,Anoitecer,Crescente,Céu Claro,Simples,Reta,Não,1,0,0,0,1,0,0,1,"-18,66778582","-41,98088776",SPRF-MG,DEL06-MG,UOP01-DEL06-MG
364261.0,2021-06-14,segunda-feira,20:00:00,MG,116.0,"694,5",MURIAE,Velocidade Incompatível,Tombamento,Com Vítimas Fatais,Plena Noite,Decrescente,Céu Claro,Simples,Não Informado,Não,1,1,0,0,0,0,0,1,"-21,053206","-42,36836908",SPRF-MG,DEL07-MG,UOP02-DEL07-MG
364262.0,2021-06-14,segunda-feira,23:55:00,MG,381.0,447,SANTA LUZIA,Velocidade Incompatível,Saída de leito carroçável,Com Vítimas Feridas,Plena Noite,Crescente,Céu Claro,Simples,Curva,Não,1,0,0,1,0,0,1,1,"-19,82314495","-43,81385207",SPRF-MG,DEL01-MG,UOP01-DEL01-MG
364301.0,2021-05-14,sexta-feira,17:40:00,MG,251.0,"340,3",FRUTA DE LEITE,Pista em desnível,Colisão com objeto,Com Vítimas Fatais,Anoitecer,Crescente,Céu Claro,Simples,Curva,Não,1,1,0,0,0,0,0,1,"-16,266571","-42,480587",SPRF-MG,DEL12-MG,UOP01-DEL12-MG
364313.0,2021-06-10,quinta-feira,23:00:00,MG,381.0,322,NOVA ERA,Velocidade Incompatível,Tombamento,Com Vítimas Feridas,Plena Noite,Crescente,Céu Claro,Simples,Não Informado,Sim,1,0,1,0,0,0,1,1,"-19,7238021","-43,00911748",SPRF-MG,DEL03-MG,UOP02-DEL03-MG
364316.0,2021-06-15,terça-feira,07:30:00,MG,40.0,"517,6",RIBEIRAO DAS NEVES,Ausência de reação do condutor,Colisão transversal,Com Vítimas Feridas,Pleno dia,Crescente,Céu Claro,Dupla,Não Informado,Sim,2,0,0,1,1,0,1,2,"-19,82957317","-44,08345699",SPRF-MG,DEL01-MG,UOP02-DEL01-MG
364405.0,2021-06-15,terça-feira,17:00:00,MG,116.0,"276,1",TEOFILO OTONI,Ingestão de álcool pelo condutor,Colisão lateral mesmo sentido,Com Vítimas Feridas,Pleno dia,Crescente,Nublado,Múltipla,Reta,Sim,2,0,1,0,1,0,1,2,"-17,85105696","-41,51454492",SPRF-MG,DEL11-MG,UOP01-DEL11-MG
364430.0,2021-06-15,terça-feira,14:30:00,MG,354.0,"732,3",POUSO ALTO,Velocidade Incompatível,Tombamento,Com Vítimas Feridas,Pleno dia,Decrescente,Céu Claro,Simples,Curva,Não,1,0,1,0,0,0,1,1,"-22,17377267","-44,96427476",SPRF-MG,DEL17-MG,UOP01-DEL17-MG
364452.0,2021-06-16,quarta-feira,03:02:00,MG,381.0,"755,6",TRES CORACOES,Condutor deixou de manter distância do veículo da frente,Colisão traseira,Com Vítimas Feridas,Plena Noite,Decrescente,Céu Claro,Dupla,Reta,Não,2,0,1,0,1,0,1,2,"-21,67075443","-45,33118844",SPRF-MG,DEL16-MG,UOP02-DEL16-MG
364483.0,2021-06-16,quarta-feira,06:55:00,MG,251.0,440,GRAO MOGOL,Condutor Dormindo,Saída de leito carroçável,Sem Vítimas,Pleno dia,Decrescente,Céu Claro,Simples,Reta,Não,1,0,0,0,1,0,0,1,"-16,40655207","-43,22799602",SPRF-MG,DEL12-MG,UOP01-DEL12-MG
364496.0,2021-06-16,quarta-feira,10:30:00,MG,365.0,"188,6",BURITIZEIRO,Demais falhas mecânicas ou elétricas,Incêndio,Sem Vítimas,Pleno dia,Decrescente,Céu Claro,Simples,Reta,Não,1,0,0,0,1,0,0,1,"-17,43268895","-45,15112217",SPRF-MG,DEL12-MG,UOP01-DEL12-MG
364516.0,2021-06-16,quarta-feira,13:00:00,MG,116.0,"736,8",LARANJAL,Pedestre andava na pista,Atropelamento de Pedestre,Com Vítimas Fatais,Pleno dia,Crescente,Céu Claro,Simples,Reta,Não,2,1,0,0,1,0,0,1,"-21,36164","-42,471428",SPRF-MG,DEL07-MG,UOP02-DEL07-MG
364552.0,2021-06-16,quarta-feira,19:30:00,MG,50.0,"192,8",UBERABA,Ausência de reação do condutor,Colisão traseira,Com Vítimas Feridas,Plena Noite,Crescente,Céu Claro,Dupla,Não Informado,Não,2,0,1,0,1,0,1,2,"-19,87187797","-47,85892196",SPRF-MG,DEL13-MG,UOP01-DEL13-MG
364554.0,2021-06-16,quarta-feira,17:45:00,MG,365.0,"173,3",BURITIZEIRO,Pista esburacada,Colisão lateral sentido oposto,Com Vítimas Feridas,Anoitecer,Crescente,Céu Claro,Simples,Não Informado,Não,3,0,0,1,1,1,1,2,"-17,40044212","-45,00583649",SPRF-MG,DEL12-MG,UOP01-DEL12-MG
364557.0,2021-06-16,quarta-feira,15:00:00,MG,262.0,"574,7",CORREGO DANTA,Condutor Dormindo,Colisão frontal,Com Vítimas Feridas,Pleno dia,Crescente,Céu Claro,Simples,Curva,Não,3,0,0,1,1,1,1,2,"-19,69878313","-46,02907909",SPRF-MG,DEL08-MG,UOP02-DEL08-MG
364630.0,2021-04-03,sábado,17:25:00,MG,356.0,"266,5",MURIAE,Transitar na contramão,Colisão transversal,Com Vítimas Feridas,Pleno dia,Crescente,Céu Claro,Simples,Curva,Sim,4,0,0,1,1,2,1,2,"-21,12823134","-42,35802453",SPRF-MG,DEL07-MG,UOP02-DEL07-MG
364631.0,2021-03-21,domingo,17:30:00,MG,381.0,349,JOAO MONLEVADE,Velocidade Incompatível,Colisão lateral sentido oposto,Com Vítimas Feridas,Pleno dia,Decrescente,Nublado,Simples,Curva,Não,2,0,0,1,1,0,1,2,"-19,8499239","-43,14868105",SPRF-MG,DEL03-MG,UOP01-DEL03-MG
364668.0,2021-06-17,quinta-feira,12:30:00,MG,262.0,172,SAO DOMINGOS DO PRATA,Ingestão de álcool pelo condutor,Atropelamento de Pedestre,Com Vítimas Feridas,Pleno dia,Crescente,Céu Claro,Simples,Reta,Não,3,0,0,1,1,1,1,1,"-19,94599643","-42,93527926",SPRF-MG,DEL03-MG,UOP01-DEL03-MG
364706.0,2021-06-17,quinta-feira,17:30:00,MG,262.0,158,SAO DOMINGOS DO PRATA,Reação tardia ou ineficiente do condutor,Colisão traseira,Sem Vítimas,Anoitecer,Crescente,Céu Claro,Simples,Reta,Não,3,0,0,0,2,1,0,3,"-19,96158652","-42,81953897",SPRF-MG,DEL03-MG,UOP03-DEL03-MG
364707.0,2021-06-17,quinta-feira,11:35:00,MG,40.0,"671,9",CARANDAI,Velocidade Incompatível,Colisão lateral sentido oposto,Com Vítimas Feridas,Pleno dia,Crescente,Sol,Simples,Curva,Não,2,0,0,1,1,0,1,2,"-20,988537","-43,781928",SPRF-MG,DEL05-MG,UOP02-DEL05-MG
364766.0,2021-06-18,sexta-feira,00:02:00,MG,381.0,"867,5",POUSO ALEGRE,Condutor Dormindo,Colisão com objeto,Com Vítimas Feridas,Plena Noite,Crescente,Céu Claro,Dupla,Reta,Não,2,0,1,1,0,0,2,1,"-22,37822502","-45,94261957",SPRF-MG,DEL16-MG,UOP01-DEL16-MG
364798.0,2021-06-18,sexta-feira,07:00:00,MG,381.0,403,BOM JESUS DO AMPARO,Problema com o freio,Saída de leito carroçável,Com Vítimas Feridas,Pleno dia,Decrescente,Céu Claro,Dupla,Rotatória,Não,1,0,1,0,0,0,1,1,"-19,75137942","-43,53638096",SPRF-MG,DEL01-MG,UOP01-DEL01-MG
364830.0,2021-06-18,sexta-feira,11:10:00,MG,381.0,"739,2",TRES CORACOES,Ausência de reação do condutor,Colisão traseira,Com Vítimas Feridas,Pleno dia,Decrescente,Sol,Dupla,Curva,Não,4,0,1,0,2,1,1,3,"-21,61514806","-45,24157278",SPRF-MG,DEL16-MG,UOP02-DEL16-MG
364833.0,2021-06-15,terça-feira,14:30:00,MG,267.0,"74,9",JUIZ DE FORA,Velocidade Incompatível,Tombamento,Com Vítimas Feridas,Pleno dia,Decrescente,Nublado,Simples,Curva,Não,1,0,1,0,0,0,1,1,"-21,75716623","-43,16530485",SPRF-MG,DEL05-MG,UOP01-DEL05-MG
364839.0,2021-06-18,sexta-feira,11:00:00,MG,267.0,"244,6",SERITINGA,Acessar a via sem observar a presença dos outros veículos,Colisão transversal,Com Vítimas Feridas,Pleno dia,Decrescente,Céu Claro,Simples,Reta,Não,2,0,1,0,1,0,1,2,"-21,92545521","-44,44002805",SPRF-MG,DEL17-MG,UOP01-DEL17-MG
364847.0,2021-06-18,sexta-feira,12:30:00,MG,267.0,119,JUIZ DE FORA,Condutor Dormindo,Colisão frontal,Com Vítimas Feridas,Pleno dia,Crescente,Céu Claro,Simples,Curva,Não,4,0,3,0,1,0,3,2,"-21,70341296","-43,45506236",SPRF-MG,DEL05-MG,UOP01-DEL05-MG
364871.0,2021-06-18,sexta-feira,13:30:00,MG,381.0,"431,5",SABARA,Reação tardia ou ineficiente do condutor,Colisão traseira,Com Vítimas Feridas,Pleno dia,Decrescente,Sol,Simples,Não Informado,Não,2,0,0,1,0,1,1,2,"-19,7874092","-43,7024693",SPRF-MG,DEL01-MG,UOP01-DEL01-MG
364885.0,2021-06-18,sexta-feira,15:10:00,MG,40.0,"473,5",SETE LAGOAS,Velocidade Incompatível,Tombamento,Com Vítimas Feridas,Pleno dia,Crescente,Céu Claro,Múltipla,Não Informado,Sim,1,0,1,0,0,0,1,1,"-19,496351","-44,27992",SPRF-MG,DEL02-MG,UOP01-DEL02-MG
364889.0,2021-06-18,sexta-feira,10:25:00,MG,381.0,"889,1",CAMBUI,Velocidade Incompatível,Tombamento,Com Vítimas Feridas,Pleno dia,Crescente,Céu Claro,Dupla,Curva,Não,1,0,1,0,0,0,1,1,"-22,57874206","-46,04473491",SPRF-MG,DEL16-MG,UOP03-DEL16-MG
364896.0,2021-06-18,sexta-feira,15:45:00,MG,40.0,"705,2",BARBACENA,Velocidade Incompatível,Saída de leito carroçável,Com Vítimas Feridas,Pleno dia,Decrescente,Céu Claro,Dupla,Não Informado,Não,1,0,1,0,0,0,1,1,"-21,24100791","-43,72292703",SPRF-MG,DEL05-MG,UOP02-DEL05-MG
365105.0,2021-06-19,sábado,10:50:00,MG,116.0,"268,5",TEOFILO OTONI,Velocidade Incompatível,Colisão lateral sentido oposto,Com Vítimas Feridas,Pleno dia,Decrescente,Céu Claro,Simples,Não Informado,Não,2,0,0,1,1,0,1,2,"-17,79128347","-41,50066832",SPRF-MG,DEL11-MG,UOP01-DEL11-MG
365119.0,2021-06-19,sábado,12:45:00,MG,381.0,"521,6",BRUMADINHO,Curva acentuada,Saída de leito carroçável,Sem Vítimas,Pleno dia,Crescente,Céu Claro,Dupla,Curva,Não,2,0,0,0,2,0,0,2,"-20,12378332","-44,30120945",SPRF-MG,DEL04-MG,UOP03-DEL04-MG
365191.0,2021-03-15,segunda-feira,12:15:00,MG,50.0,"83,5",UBERLANDIA,Reação tardia ou ineficiente do condutor,Engavetamento,Com Vítimas Feridas,Pleno dia,Decrescente,Céu Claro,Dupla,Reta,Não,3,0,1,0,0,2,1,3,"-18,986906","-48,211853",SPRF-MG,DEL15-MG,UOP01-DEL15-MG
365198.0,2021-06-19,sábado,21:00:00,MG,40.0,"442,5",PARAOPEBA,Condutor Dormindo,Saída de leito carroçável,Com Vítimas Fatais,Plena Noite,Crescente,Céu Claro,Dupla,Desvio Temporário,Não,2,1,0,1,0,0,1,1,"-19,28815","-44,392",SPRF-MG,DEL02-MG,UOP01-DEL02-MG
365258.0,2021-06-20,domingo,03:35:00,MG,381.0,"940,7",EXTREMA,Velocidade Incompatível,Saída de leito carroçável,Com Vítimas Feridas,Plena Noite,Decrescente,Nublado,Dupla,Curva,Sim,3,0,1,0,2,0,1,1,"-22,82551625","-46,31206805",SPRF-MG,DEL16-MG,UOP03-DEL16-MG
365334.0,2021-06-20,domingo,07:40:00,MG,116.0,"367,9",FREI INOCENCIO,Condutor Dormindo,Colisão frontal,Com Vítimas Feridas,Pleno dia,Crescente,Nublado,Simples,Reta,Não,2,0,0,2,0,0,2,2,"-18,52441099","-41,88590901",SPRF-MG,DEL11-MG,UOP01-DEL11-MG
365383.0,2021-06-20,domingo,16:00:00,MG,354.0,771,ITAMONTE,Reação tardia ou ineficiente do condutor,Colisão lateral sentido oposto,Com Vítimas Feridas,Anoitecer,Crescente,Nublado,Simples,Curva,Não,4,0,0,2,0,2,2,2,"-22,36470902","-44,77070101",SPRF-MG,DEL17-MG,UOP01-DEL17-MG
365415.0,2021-06-20,domingo,20:30:00,MG,381.0,"535,8",ITATIAIUCU,Ausência de reação do condutor,Saída de leito carroçável,Com Vítimas Feridas,Plena Noite,Crescente,Céu Claro,Dupla,Reta,Sim,1,0,1,0,0,0,1,1,"-20,19486842","-44,3844223",SPRF-MG,DEL04-MG,UOP03-DEL04-MG
365418.0,2021-06-20,domingo,20:20:00,MG,251.0,"474,3",FRANCISCO SA,Demais falhas mecânicas ou elétricas,Saída de leito carroçável,Com Vítimas Feridas,Plena Noite,Decrescente,Céu Claro,Simples,Reta,Não,2,0,1,0,1,0,1,1,"-16,47130466","-43,45673904",SPRF-MG,DEL12-MG,UOP01-DEL12-MG
365443.0,2021-06-20,domingo,09:45:00,MG,262.0,630,IBIA,Avarias e/ou desgaste excessivo no pneu,Capotamento,Sem Vítimas,Pleno dia,Decrescente,Sol,Simples,Curva,Não,1,0,0,0,1,0,0,1,"-19,590652","-46,479355",SPRF-MG,DEL08-MG,UOP01-DEL08-MG
365464.0,2021-06-20,domingo,18:30:00,MG,116.0,366,FREI INOCENCIO,Reação tardia ou ineficiente do condutor,Colisão transversal,Com Vítimas Feridas,Plena Noite,Crescente,Céu Claro,Simples,Reta,Não,2,0,0,1,1,0,1,2,"-18,50765094","-41,87950721",SPRF-MG,DEL11-MG,UOP01-DEL11-MG
365511.0,2021-06-21,segunda-feira,07:50:00,MG,381.0,"599,8",CARMOPOLIS DE MINAS,Demais falhas mecânicas ou elétricas,Incêndio,Sem Vítimas,Pleno dia,Crescente,Céu Claro,Dupla,Não Informado,Não,2,0,0,0,2,0,0,1,"-20,61546798","-44,73611382",SPRF-MG,DEL04-MG,UOP01-DEL04-MG
365551.0,2021-06-21,segunda-feira,09:20:00,MG,116.0,"407,8",GOVERNADOR VALADARES,Acessar a via sem observar a presença dos outros veículos,Colisão transversal,Sem Vítimas,Pleno dia,Decrescente,Céu Claro,Simples,Reta,Sim,2,0,0,0,2,0,0,2,"-18,835552","-41,98926799",SPRF-MG,DEL06-MG,UOP01-DEL06-MG
365605.0,2021-06-21,segunda-feira,18:15:00,MG,40.0,487,CAPIM BRANCO,Condutor deixou de manter distância do veículo da frente,Colisão traseira,Sem Vítimas,Plena Noite,Decrescente,Céu Claro,Dupla,Reta,Não,2,0,0,0,2,0,0,2,"-19,59896404","-44,22303708",SPRF-MG,DEL02-MG,UOP01-DEL02-MG
365613.0,2021-06-21,segunda-feira,17:00:00,MG,364.0,33,FRUTAL,Obras na pista,Colisão traseira,Com Vítimas Feridas,Anoitecer,Crescente,Céu Claro,Simples,Não Informado,Não,8,0,7,0,1,0,7,2,"-20,025185","-48,94096",SPRF-MG,DEL13-MG,UOP02-DEL13-MG
365614.0,2021-06-21,segunda-feira,19:00:00,MG,381.0,"526,6",BRUMADINHO,Velocidade Incompatível,Capotamento,Com Vítimas Fatais,Plena Noite,Crescente,Céu Claro,Dupla,Curva,Não,1,1,0,0,0,0,0,1,"-20,16175378","-44,34144636",SPRF-MG,DEL04-MG,UOP03-DEL04-MG
365639.0,2021-06-21,segunda-feira,18:40:00,MG,381.0,"833,3",SAO SEBASTIAO DA BELA VISTA,Velocidade Incompatível,Colisão lateral mesmo sentido,Com Vítimas Feridas,Plena Noite,Crescente,Céu Claro,Dupla,Reta,Não,2,0,1,0,0,1,1,2,"-22,15829896","-45,82738805",SPRF-MG,DEL16-MG,UOP01-DEL16-MG
365640.0,2021-06-21,segunda-feira,19:20:00,MG,262.0,"614,9",IBIA,Ausência de reação do condutor,Colisão traseira,Sem Vítimas,Pleno dia,Crescente,Céu Claro,Simples,Reta,Não,2,0,0,0,2,0,0,2,"-19,58866669","-46,31682202",SPRF-MG,DEL08-MG,UOP02-DEL08-MG
365653.0,2021-06-21,segunda-feira,21:20:00,MG,354.0,"738,9",POUSO ALTO,Velocidade Incompatível,Tombamento,Sem Vítimas,Plena Noite,Crescente,Céu Claro,Simples,Curva,Não,1,0,0,0,1,0,0,1,"-22,21121402","-44,95096551",SPRF-MG,DEL17-MG,UOP01-DEL17-MG
365657.0,2021-06-21,segunda-feira,21:00:00,MG,381.0,224,BELO ORIENTE,Velocidade Incompatível,Colisão traseira,Com Vítimas Feridas,Plena Noite,Decrescente,Céu Claro,Simples,Reta,Não,3,0,2,0,1,0,2,2,"-19,32195575","-42,40678723",SPRF-MG,DEL06-MG,UOP01-DEL06-MG
365658.0,2021-06-21,segunda-feira,21:58:00,MG,50.0,"169,9",UBERABA,Ausência de reação do condutor,Colisão traseira,Com Vítimas Feridas,Plena Noite,Crescente,Céu Claro,Dupla,Não Informado,Sim,2,0,1,0,0,1,1,2,"-19,72771598","-47,98120608",SPRF-MG,DEL13-MG,UOP01-DEL13-MG
365682.0,2021-06-22,terça-feira,04:25:00,MG,381.0,"802,4",SAO GONCALO DO SAPUCAI,Condutor Dormindo,Saída de leito carroçável,Com Vítimas Feridas,Plena Noite,Crescente,Céu Claro,Dupla,Curva,Não,1,0,1,0,0,0,1,1,"-21,98685449","-45,65711903",SPRF-MG,DEL16-MG,UOP02-DEL16-MG
365694.0,2021-06-22,terça-feira,03:45:00,MG,381.0,"922,5",CAMANDUCAIA,Reação tardia ou ineficiente do condutor,Colisão com objeto,Com Vítimas Feridas,Plena Noite,Crescente,Chuva,Dupla,Curva,Não,3,0,1,1,1,0,2,2,"-22,76707833","-46,21789606",SPRF-MG,DEL16-MG,UOP03-DEL16-MG
365701.0,2021-06-22,terça-feira,06:45:00,MG,365.0,"164,8",PIRAPORA,Velocidade Incompatível,Tombamento,Sem Vítimas,Pleno dia,Crescente,Sol,Simples,Rotatória,Não,1,0,0,0,1,0,0,1,"-17,37659084","-44,95293512",SPRF-MG,DEL12-MG,UOP01-DEL12-MG
365708.0,2021-05-16,domingo,06:00:00,MG,116.0,"594,7",MANHUACU,Velocidade Incompatível,Tombamento,Com Vítimas Feridas,Amanhecer,Crescente,Céu Claro,Simples,Curva,Não,1,0,0,1,0,0,1,1,"-20,286913","-42,14642798",SPRF-MG,DEL06-MG,UOP04-DEL06-MG
365731.0,2021-06-22,terça-feira,09:15:00,MG,459.0,"16,4",CALDAS,Chuva,Colisão com objeto,Sem Vítimas,Pleno dia,Crescente,Chuva,Simples,Não Informado,Não,1,0,0,0,1,0,0,1,"-21,845097","-46,439472",SPRF-MG,DEL09-MG,UOP01-DEL09-MG
365736.0,2021-06-22,terça-feira,11:40:00,MG,153.0,"11,9",ARAPORA,Reação tardia ou ineficiente do condutor,Saída de leito carroçável,Com Vítimas Feridas,Pleno dia,Decrescente,Céu Claro,Dupla,Não Informado,Não,1,0,1,0,0,0,1,1,"-18,522824","-49,1900523",SPRF-MG,DEL15-MG,UOP03-DEL15-MG
365737.0,2021-06-22,terça-feira,12:20:00,MG,40.0,"455,9",CAETANOPOLIS,Ausência de reação do condutor,Colisão traseira,Com Vítimas Feridas,Pleno dia,Decrescente,Céu Claro,Dupla,Não Informado,Não,2,0,0,1,1,0,1,2,"-19,36158","-44,34124",SPRF-MG,DEL02-MG,UOP01-DEL02-MG
365793.0,2021-06-22,terça-feira,18:40:00,MG,40.0,"451,6",CAETANOPOLIS,Demais falhas mecânicas ou elétricas,Eventos atípicos,Com Vítimas Feridas,Plena Noite,Decrescente,Céu Claro,Dupla,Reta,Não,3,0,2,0,1,0,2,2,"-19,3301","-44,36285",SPRF-MG,DEL02-MG,UOP01-DEL02-MG
365807.0,2021-05-24,segunda-feira,17:00:00,MG,365.0,"602,5",UBERLANDIA,Manobra de mudança de faixa,Colisão traseira,Com Vítimas Feridas,Pleno dia,Crescente,Céu Claro,Simples,Não Informado,Não,3,0,1,0,1,1,1,2,"-18,89218678","-48,14893104",SPRF-MG,DEL15-MG,UOP01-DEL15-MG
365819.0,2021-06-22,terça-feira,18:30:00,MG,116.0,279,TEOFILO OTONI,Reação tardia ou ineficiente do condutor,Colisão frontal,Com Vítimas Feridas,Anoitecer,Crescente,Céu Claro,Simples,Reta,Sim,2,0,0,1,1,0,1,2,"-17,87634412","-41,52080762",SPRF-MG,DEL11-MG,UOP01-DEL11-MG
365832.0,2021-06-22,terça-feira,14:49:00,MG,262.0,"40,2",MANHUACU,Ultrapassagem Indevida,Colisão transversal,Sem Vítimas,Pleno dia,Decrescente,Céu Claro,Simples,Reta,Sim,2,0,0,0,2,0,0,2,"-20,27334219","-42,04913988",SPRF-MG,DEL06-MG,UOP04-DEL06-MG
365833.0,2021-06-22,terça-feira,23:00:00,MG,50.0,"40,6",ARAGUARI,Pedestre cruzava a pista fora da faixa,Atropelamento de Pedestre,Com Vítimas Feridas,Plena Noite,Decrescente,Céu Claro,Dupla,Reta,Sim,3,0,0,1,1,1,1,1,"-18,673214","-48,177773",SPRF-MG,DEL15-MG,UOP02-DEL15-MG
365846.0,2021-06-23,quarta-feira,05:45:00,MG,381.0,"694,1",LAVRAS,Condutor Dormindo,Saída de leito carroçável,Sem Vítimas,Amanhecer,Decrescente,Céu Claro,Dupla,Não Informado,Não,1,0,0,0,1,0,0,1,"-21,23459232","-45,13491511",SPRF-MG,DEL04-MG,UOP02-DEL04-MG
365874.0,2021-05-29,sábado,19:00:00,MG,153.0,50,CANAPOLIS,Demais falhas mecânicas ou elétricas,Incêndio,Sem Vítimas,Plena Noite,Decrescente,Vento,Dupla,Reta,Não,1,0,0,0,1,0,0,1,"-18,82197896","-49,0877554",SPRF-MG,DEL15-MG,UOP03-DEL15-MG
365875.0,2021-06-23,quarta-feira,09:15:00,MG,262.0,"19,2",MARTINS SOARES,Reação tardia ou ineficiente do condutor,Colisão frontal,Com Vítimas Feridas,Pleno dia,Crescente,Céu Claro,Simples,Curva,Não,2,0,1,0,1,0,1,2,"-20,24812441","-41,90211694",SPRF-MG,DEL06-MG,UOP04-DEL06-MG
365885.0,2021-06-23,quarta-feira,06:50:00,MG,381.0,506,SAO JOAQUIM DE BICAS,Velocidade Incompatível,Engavetamento,Com Vítimas Feridas,Amanhecer,Decrescente,Céu Claro,Dupla,Reta,Sim,10,0,0,3,7,0,3,9,"-20,05039397","-44,27962502",SPRF-MG,DEL01-MG,UOP03-DEL01-MG
365924.0,2021-06-23,quarta-feira,12:30:00,MG,381.0,478,CONTAGEM,Condutor deixou de manter distância do veículo da frente,Colisão lateral mesmo sentido,Com Vítimas Feridas,Pleno dia,Decrescente,Céu Claro,Dupla,Reta,Sim,2,0,0,1,1,0,1,2,"-19,96079263","-44,03638422",SPRF-MG,DEL01-MG,UOP03-DEL01-MG
365936.0,2021-06-23,quarta-feira,10:50:00,MG,262.0,"726,3",PERDIZES,Velocidade Incompatível,Colisão traseira,Com Vítimas Feridas,Pleno dia,Decrescente,Sol,Simples,Curva,Não,3,0,1,0,2,0,1,3,"-19,62311245","-47,24948019",SPRF-MG,DEL08-MG,UOP01-DEL08-MG
365937.0,2021-06-23,quarta-feira,14:40:00,MG,365.0,"752,9",ITUIUTABA,Acesso irregular,Colisão transversal,Com Vítimas Feridas,Pleno dia,Crescente,Céu Claro,Simples,Reta,Não,2,0,1,0,1,0,1,2,"-18,947495","-49,45934",SPRF-MG,DEL15-MG,UOP03-DEL15-MG
365940.0,2021-06-23,quarta-feira,15:20:00,MG,262.0,"21,3",REDUTO,Demais falhas mecânicas ou elétricas,Engavetamento,Com Vítimas Feridas,Pleno dia,Decrescente,Céu Claro,Simples,Desvio Temporário,Não,4,0,1,0,3,0,1,4,"-20,25120014","-41,91771506",SPRF-MG,DEL06-MG,UOP04-DEL06-MG