id,data_inversa,dia_semana,horario,uf,br,km,municipio,causa_acidente,tipo_acidente,classificacao_acidente,fase_dia,sentido_via,condicao_metereologica,tipo_pista,tracado_via,uso_solo,pessoas,mortos,feridos_leves,feridos_graves,ilesos,ignorados,feridos,veiculos,latitude,longitude,regional,delegacia,uop
365944.0,2021-06-23,quarta-feira,10:50:00,MG,365.0,681,MONTE ALEGRE DE MINAS,Manobra de mudança de faixa,Colisão lateral mesmo sentido,Sem Vítimas,Pleno dia,Crescente,Céu Claro,Simples,Curva,Não,2,0,0,0,2,0,0,2,"-18,8497713","-48,82855398",SPRF-MG,DEL15-MG,UOP01-DEL15-MG
365964.0,2021-06-23,quarta-feira,16:00:00,MG,365.0,"538,3",ROMARIA,Demais falhas mecânicas ou elétricas,Incêndio,Sem Vítimas,Anoitecer,Decrescente,Céu Claro,Simples,Reta,Não,1,0,0,0,1,0,0,1,"-18,93222692","-47,57201801",SPRF-MG,DEL10-MG,UOP01-DEL10-MG
365979.0,2021-05-14,sexta-feira,18:50:00,MG,365.0,639,UBERLANDIA,Ausência de reação do condutor,Colisão lateral mesmo sentido,Com Vítimas Feridas,Anoitecer,Crescente,Céu Claro,Dupla,Reta,Não,3,0,1,0,2,0,1,2,"-18,88684795","-48,45608299",SPRF-MG,DEL15-MG,UOP01-DEL15-MG
366017.0,2021-06-23,quarta-feira,20:52:00,MG,40.0,"555,9",NOVA LIMA,Condutor Dormindo,Saída de leito carroçável,Com Vítimas Feridas,Plena Noite,Crescente,Céu Claro,Múltipla,Reta,Sim,2,0,1,0,1,0,1,2,"-20,08472706","-43,97697012",SPRF-MG,DEL01-MG,UOP02-DEL01-MG
366026.0,2021-06-23,quarta-feira,23:20:00,MG,50.0,79,UBERLANDIA,Condutor Dormindo,Colisão traseira,Com Vítimas Feridas,Plena Noite,Decrescente,Céu Claro,Dupla,Não Informado,Sim,3,0,3,0,0,0,3,2,"-18,986906","-48,211853",SPRF-MG,DEL15-MG,UOP01-DEL15-MG
366029.0,2021-06-24,quinta-feira,00:10:00,MG,381.0,"493,4",BETIM,Velocidade Incompatível,Colisão traseira,Com Vítimas Feridas,Plena Noite,Crescente,Céu Claro,Simples,Reta,Sim,2,0,0,1,1,0,1,2,"-19,96426879","-44,17183226",SPRF-MG,DEL01-MG,UOP03-DEL01-MG
366035.0,2021-06-24,quinta-feira,00:15:00,MG,40.0,"805,1",MATIAS BARBOSA,Condutor Dormindo,Colisão traseira,Com Vítimas Feridas,Plena Noite,Decrescente,Céu Claro,Dupla,Não Informado,Não,9,0,4,1,4,0,5,2,"-21,86534291","-43,36765294",SPRF-MG,DEL05-MG,UOP01-DEL05-MG
366092.0,2021-05-23,domingo,18:50:00,MG,50.0,21,UBERLANDIA,Ingestão de álcool pelo condutor,Colisão traseira,Com Vítimas Feridas,Plena Noite,Crescente,Céu Claro,Dupla,Reta,Sim,4,0,3,0,1,0,3,2,"-18,9113","-48,2622",SPRF-MG,DEL15-MG,UOP01-DEL15-MG
366096.0,2021-06-24,quinta-feira,05:30:00,MG,381.0,"528,9",BRUMADINHO,Transitar no acostamento,Atropelamento de Pedestre,Com Vítimas Feridas,Amanhecer,Crescente,Céu Claro,Dupla,Curva,Não,3,0,1,1,0,1,2,2,"-20,16695391","-44,3343401",SPRF-MG,DEL04-MG,UOP03-DEL04-MG
366103.0,2021-06-24,quinta-feira,08:35:00,MG,116.0,"436,2",ENGENHEIRO CALDAS,Velocidade Incompatível,Colisão lateral sentido oposto,Com Vítimas Feridas,Pleno dia,Decrescente,Sol,Simples,Curva,Não,2,0,1,0,1,0,1,2,"-19,04523241","-41,99389064",SPRF-MG,DEL06-MG,UOP01-DEL06-MG
366133.0,2021-06-24,quinta-feira,12:40:00,MG,381.0,"3,2",BETIM,Velocidade Incompatível,Saída de leito carroçável,Com Vítimas Feridas,Pleno dia,Crescente,Céu Claro,Dupla,Curva,Sim,2,0,1,0,1,0,1,2,"-19,96825","-44,198708",SPRF-MG,DEL01-MG,UOP03-DEL01-MG
366154.0,2021-06-24,quinta-feira,11:30:00,MG,381.0,408,BOM JESUS DO AMPARO,Manobra de mudança de faixa,Colisão lateral mesmo sentido,Sem Vítimas,Pleno dia,Crescente,Céu Claro,Dupla,Reta,Sim,2,0,0,0,2,0,0,2,"-19,74622162","-43,54781449",SPRF-MG,DEL01-MG,UOP01-DEL01-MG
366159.0,2021-02-09,terça-feira,13:30:00,MG,262.0,"739,1",PERDIZES,Acessar a via sem observar a presença dos outros veículos,Colisão transversal,Com Vítimas Feridas,Pleno dia,Crescente,Céu Claro,Simples,Reta,Não,3,0,2,0,1,0,2,2,"-19,61106579","-47,41191998",SPRF-MG,DEL08-MG,UOP01-DEL08-MG
366174.0,2021-06-24,quinta-feira,15:20:00,MG,365.0,"5,8",MONTES CLAROS,Demais falhas mecânicas ou elétricas,Tombamento,Com Vítimas Feridas,Pleno dia,Decrescente,Céu Claro,Simples,Curva,Não,2,0,2,0,0,0,2,1,"-16,74574399","-43,88392402",SPRF-MG,DEL12-MG,UOP01-DEL12-MG
366175.0,2021-06-24,quinta-feira,15:45:00,MG,381.0,"389,5",BARAO DE COCAIS,Reação tardia ou ineficiente do condutor,Engavetamento,Com Vítimas Feridas,Pleno dia,Decrescente,Sol,Dupla,Reta,Não,6,0,4,0,2,0,4,4,"-19,781548","-43,436355",SPRF-MG,DEL01-MG,UOP01-DEL01-MG
366188.0,2021-06-24,quinta-feira,15:20:00,MG,364.0,30,FRUTAL,Condutor deixou de manter distância do veículo da frente,Colisão traseira,Com Vítimas Feridas,Pleno dia,Crescente,Céu Claro,Simples,Não Informado,Sim,3,0,1,0,2,0,1,3,"-20,025185","-48,94096",SPRF-MG,DEL13-MG,UOP02-DEL13-MG
366210.0,2021-06-24,quinta-feira,13:45:00,MG,381.0,"212,1",NAQUE,Velocidade Incompatível,Tombamento,Com Vítimas Fatais,Pleno dia,Crescente,Céu Claro,Simples,Curva,Não,1,1,0,0,0,0,0,1,"-19,21797","-42,307594",SPRF-MG,DEL06-MG,UOP01-DEL06-MG
366274.0,2021-06-25,sexta-feira,06:45:00,MG,40.0,"656,9",CARANDAI,Neblina,Colisão traseira,Com Vítimas Feridas,Amanhecer,Decrescente,Nevoeiro/Neblina,Simples,Não Informado,Não,2,0,1,0,1,0,1,2,"-20,88181441","-43,804434",SPRF-MG,DEL05-MG,UOP02-DEL05-MG
366310.0,2021-06-25,sexta-feira,09:15:00,MG,381.0,"494,8",BETIM,Objeto estático sobre o leito carroçável,Colisão com objeto,Com Vítimas Feridas,Pleno dia,Crescente,Céu Claro,Múltipla,Reta,Sim,2,0,1,0,1,0,1,2,"-19,97004136","-44,18199062",SPRF-MG,DEL01-MG,UOP03-DEL01-MG
366322.0,2021-06-25,sexta-feira,07:20:00,MG,365.0,473,PATROCINIO,Reação tardia ou ineficiente do condutor,Colisão traseira,Com Vítimas Feridas,Amanhecer,Decrescente,Sol,Dupla,Rotatória,Não,3,0,1,0,2,0,1,2,"-18,92253379","-47,01519781",SPRF-MG,DEL10-MG,UOP01-DEL10-MG
366361.0,2021-06-25,sexta-feira,06:30:00,MG,381.0,830,SAO SEBASTIAO DA BELA VISTA,Neblina,Saída de leito carroçável,Com Vítimas Feridas,Pleno dia,Crescente,Nevoeiro/Neblina,Dupla,Reta,Não,2,0,2,0,0,0,2,1,"-22,13939205","-45,81344194",SPRF-MG,DEL16-MG,UOP01-DEL16-MG
366404.0,2021-06-25,sexta-feira,05:30:00,MG,40.0,109,LAGOA GRANDE,Ausência de reação do condutor,Colisão lateral sentido oposto,Com Vítimas Feridas,Amanhecer,Crescente,Ignorado,Simples,Curva,Não,3,0,1,0,2,0,1,2,"-17,62754496","-46,45967794",SPRF-MG,DEL14-MG,UOP01-DEL14-MG
366429.0,2021-05-24,segunda-feira,08:30:00,MG,50.0,79,UBERLANDIA,Velocidade Incompatível,Saída de leito carroçável,Com Vítimas Feridas,Pleno dia,Crescente,Céu Claro,Dupla,Reta,Sim,1,0,1,0,0,0,1,1,"-18,986906","-48,211853",SPRF-MG,DEL15-MG,UOP01-DEL15-MG
366431.0,2021-06-25,sexta-feira,18:20:00,MG,40.0,281,TRES MARIAS,Acessar a via sem observar a presença dos outros veículos,Colisão transversal,Com Vítimas Fatais,Anoitecer,Decrescente,Céu Claro,Simples,Reta,Não,2,1,0,0,1,0,0,2,"-18,24214561","-45,2080525",SPRF-MG,DEL14-MG,UOP02-DEL14-MG
366472.0,2021-06-26,sábado,00:20:00,MG,267.0,"132,2",JUIZ DE FORA,Ingestão de álcool pelo condutor,Colisão lateral sentido oposto,Com Vítimas Feridas,Plena Noite,Decrescente,Nevoeiro/Neblina,Simples,Curva,Não,2,0,1,0,1,0,1,2,"-21,75160772","-43,58417988",SPRF-MG,DEL05-MG,UOP01-DEL05-MG
366488.0,2021-06-26,sábado,03:15:00,MG,40.0,394,CURVELO,Reação tardia ou ineficiente do condutor,Derramamento de carga,Sem Vítimas,Pleno dia,Crescente,Céu Claro,Simples,Reta,Não,1,0,0,0,1,0,0,1,"-18,98031321","-44,66686031",SPRF-MG,DEL02-MG,UOP01-DEL02-MG
366507.0,2021-06-26,sábado,00:30:00,MG,381.0,595,CARMOPOLIS DE MINAS,Demais falhas mecânicas ou elétricas,Colisão traseira,Com Vítimas Feridas,Plena Noite,Crescente,Céu Claro,Dupla,Reta,Não,3,0,1,0,2,0,1,2,"-20,59692997","-44,70822603",SPRF-MG,DEL04-MG,UOP01-DEL04-MG
366526.0,2021-05-17,segunda-feira,20:20:00,MG,50.0,"54,3",ARAGUARI,Demais falhas mecânicas ou elétricas,Tombamento,Com Vítimas Feridas,Plena Noite,Crescente,Céu Claro,Dupla,Ponte,Não,1,0,1,0,0,0,1,1,"-18,771962","-48,243559",SPRF-MG,DEL15-MG,UOP02-DEL15-MG
366530.0,2021-06-26,sábado,08:03:00,MG,381.0,"470,5",BELO HORIZONTE,Ausência de reação do condutor,Colisão lateral mesmo sentido,Sem Vítimas,Pleno dia,Decrescente,Sol,Dupla,Não Informado,Sim,3,0,0,0,3,0,0,2,"-19,92412202","-44,00494997",SPRF-MG,DEL01-MG,UOP03-DEL01-MG
366531.0,2021-06-26,sábado,09:20:00,MG,381.0,722,CARMO DA CACHOEIRA,Velocidade Incompatível,Saída de leito carroçável,Com Vítimas Feridas,Pleno dia,Crescente,Céu Claro,Dupla,Não Informado,Não,1,0,1,0,0,0,1,1,"-21,47729514","-45,20207819",SPRF-MG,DEL04-MG,UOP02-DEL04-MG
366538.0,2021-06-26,sábado,09:00:00,MG,381.0,"500,9",BETIM,Objeto estático sobre o leito carroçável,Colisão com objeto,Com Vítimas Feridas,Pleno dia,Decrescente,Céu Claro,Dupla,Reta,Sim,2,0,1,0,1,0,1,2,"-20,02513493","-44,23112709",SPRF-MG,DEL01-MG,UOP03-DEL01-MG
366553.0,2021-05-09,domingo,22:20:00,MG,365.0,636,UBERLANDIA,Ausência de reação do condutor,Colisão traseira,Com Vítimas Feridas,Plena Noite,Decrescente,Céu Claro,Dupla,Reta,Não,2,0,1,0,1,0,1,2,"-18,8913","-48,427498",SPRF-MG,DEL15-MG,UOP01-DEL15-MG
366559.0,2021-05-29,sábado,16:50:00,MG,153.0,"91,3",PRATA,Transitar na contramão,Colisão lateral sentido oposto,Com Vítimas Feridas,Pleno dia,Decrescente,Céu Claro,Simples,Curva,Não,4,0,2,0,2,0,2,3,"-19,158528","-48,959997",SPRF-MG,DEL15-MG,UOP03-DEL15-MG
366571.0,2021-05-17,segunda-feira,23:40:00,MG,365.0,706,MONTE ALEGRE DE MINAS,Reação tardia ou ineficiente do condutor,Tombamento,Com Vítimas Feridas,Plena Noite,Crescente,Céu Claro,Dupla,Rotatória,Não,1,0,1,0,0,0,1,1,"-18,87806","-49,05673",SPRF-MG,DEL15-MG,UOP03-DEL15-MG
366614.0,2021-06-26,sábado,16:50:00,MG,381.0,447,SANTA LUZIA,Transitar na contramão,Colisão frontal,Com Vítimas Feridas,Pleno dia,Crescente,Céu Claro,Simples,Curva,Sim,2,0,0,1,1,0,1,2,"-19,83447607","-43,85011601",SPRF-MG,DEL01-MG,UOP01-DEL01-MG
366634.0,2021-06-26,sábado,18:10:00,MG,50.0,67,UBERLANDIA,Ingestão de álcool pelo condutor,Colisão lateral mesmo sentido,Com Vítimas Feridas,Anoitecer,Crescente,Céu Claro,Dupla,Reta,Sim,3,0,1,0,1,1,1,2,"-18,873168","-48,257766",SPRF-MG,DEL15-MG,UOP02-DEL15-MG
366662.0,2021-06-26,sábado,20:15:00,MG,116.0,"517,2",UBAPORANGA,Transitar na contramão,Colisão frontal,Com Vítimas Fatais,Plena Noite,Crescente,Céu Claro,Simples,Curva,Não,2,1,0,0,1,0,0,2,"-19,70492713","-42,11720373",SPRF-MG,DEL06-MG,UOP02-DEL06-MG
366670.0,2021-06-26,sábado,21:00:00,MG,251.0,"319,7",SALINAS,Velocidade Incompatível,Saída de leito carroçável,Com Vítimas Feridas,Plena Noite,Decrescente,Céu Claro,Simples,Não Informado,Não,1,0,0,1,0,0,1,1,"-16,20516705","-42,35675025",SPRF-MG,DEL12-MG,UOP01-DEL12-MG
366722.0,2021-06-27,domingo,03:00:00,MG,365.0,"649,3",UBERLANDIA,Condutor Dormindo,Saída de leito carroçável,Com Vítimas Feridas,Pleno dia,Decrescente,Céu Claro,Dupla,Reta,Não,2,0,2,0,0,0,2,1,"-18,870907","-48,550192",SPRF-MG,DEL15-MG,UOP01-DEL15-MG
366725.0,2021-06-26,sábado,23:10:00,MG,116.0,"253,8",TEOFILO OTONI,Reação tardia ou ineficiente do condutor,Colisão com objeto,Com Vítimas Fatais,Plena Noite,Decrescente,Ignorado,Simples,Não Informado,Não,5,2,2,0,1,0,2,2,"-17,66754938","-41,49340126",SPRF-MG,DEL11-MG,UOP01-DEL11-MG
366741.0,2021-06-27,domingo,06:40:00,MG,365.0,401,PATOS DE MINAS,Condutor deixou de manter distância do veículo da frente,Colisão traseira,Com Vítimas Feridas,Pleno dia,Decrescente,Sol,Simples,Reta,Não,4,0,3,0,1,0,3,2,"-18,631","-46,434",SPRF-MG,DEL10-MG,UOP01-DEL10-MG
366773.0,2021-06-27,domingo,08:30:00,MG,365.0,"402,8",PATOS DE MINAS,Ingestão de álcool pelo condutor,Colisão transversal,Com Vítimas Feridas,Pleno dia,Crescente,Céu Claro,Simples,Reta,Não,3,0,1,0,2,0,1,2,"-18,63825441","-46,45155702",SPRF-MG,DEL10-MG,UOP01-DEL10-MG
366814.0,2021-04-05,segunda-feira,04:00:00,MG,116.0,550,SANTA BARBARA DO LESTE,Objeto estático sobre o leito carroçável,Colisão com objeto,Com Vítimas Feridas,Plena Noite,Decrescente,Céu Claro,Simples,Reta,Não,2,0,1,0,1,0,1,2,"-19,96878195","-42,1364542",SPRF-MG,DEL06-MG,UOP02-DEL06-MG
366881.0,2021-05-11,terça-feira,20:39:00,MG,50.0,50,ARAGUARI,Ingestão de álcool e/ou substâncias psicoativas pelo pedestre,Colisão traseira,Sem Vítimas,Plena Noite,Crescente,Céu Claro,Múltipla,Reta,Não,3,0,0,0,2,1,0,2,"-18,73632416","-48,22707877",SPRF-MG,DEL15-MG,UOP02-DEL15-MG
366907.0,2021-06-27,domingo,21:16:00,MG,50.0,180,UBERABA,Acumulo de óleo sobre o pavimento,Tombamento,Com Vítimas Feridas,Plena Noite,Decrescente,Céu Claro,Simples,Rotatória,Sim,2,0,1,0,0,1,1,2,"-19,77848216","-47,92194709",SPRF-MG,DEL13-MG,UOP01-DEL13-MG
366919.0,2021-06-27,domingo,11:20:00,MG,251.0,234,SANTA CRUZ DE SALINAS,Transitar na contramão,Colisão frontal,Com Vítimas Feridas,Pleno dia,Crescente,Céu Claro,Simples,Reta,Não,4,0,1,0,2,1,1,3,"-15,969287","-41,704906",SPRF-MG,DEL11-MG,UOP02-DEL11-MG
366925.0,2021-06-27,domingo,23:40:00,MG,365.0,96,JEQUITAI,Velocidade Incompatível,Tombamento,Com Vítimas Feridas,Plena Noite,Decrescente,Céu Claro,Simples,Não Informado,Não,1,0,1,0,0,0,1,1,"-17,2169295","-44,48997718",SPRF-MG,DEL12-MG,UOP01-DEL12-MG
366952.0,2021-06-28,segunda-feira,07:05:00,MG,381.0,286,JAGUARACU,Condutor deixou de manter distância do veículo da frente,Colisão traseira,Com Vítimas Feridas,Pleno dia,Decrescente,Céu Claro,Simples,Reta,Não,3,0,1,0,2,0,1,3,"-19,61780938","-42,78968811",SPRF-MG,DEL03-MG,UOP02-DEL03-MG
366980.0,2021-06-28,segunda-feira,08:00:00,MG,381.0,"450,5",SABARA,Manobra de mudança de faixa,Colisão transversal,Com Vítimas Feridas,Pleno dia,Decrescente,Céu Claro,Simples,Reta,Sim,2,0,0,1,1,0,1,2,"-19,83312576","-43,84613514",SPRF-MG,DEL01-MG,UOP01-DEL01-MG
366999.0,2021-06-28,segunda-feira,11:15:00,MG,381.0,"916,3",CAMANDUCAIA,Velocidade Incompatível,Engavetamento,Com Vítimas Feridas,Pleno dia,Crescente,Sol,Dupla,Reta,Não,7,0,1,0,6,0,1,4,"-22,76087082","-46,16278597",SPRF-MG,DEL16-MG,UOP03-DEL16-MG
367012.0,2021-06-28,segunda-feira,10:25:00,MG,262.0,"13,2",MARTINS SOARES,Condutor deixou de manter distância do veículo da frente,Colisão traseira,Com Vítimas Feridas,Pleno dia,Crescente,Sol,Simples,Reta,Não,2,0,0,1,1,0,1,2,"-20,25771509","-41,86161294",SPRF-MG,DEL06-MG,UOP04-DEL06-MG
367091.0,2021-05-07,sexta-feira,22:15:00,MG,50.0,72,UBERLANDIA,Ingestão de álcool pelo condutor,Colisão lateral mesmo sentido,Sem Vítimas,Plena Noite,Crescente,Céu Claro,Dupla,Reta,Sim,3,0,0,0,3,0,0,3,"-18,85140204","-48,25345932",SPRF-MG,DEL15-MG,UOP01-DEL15-MG
367105.0,2021-05-03,segunda-feira,18:15:00,MG,50.0,27,ARAGUARI,Reação tardia ou ineficiente do condutor,Colisão lateral mesmo sentido,Com Vítimas Feridas,Plena Noite,Crescente,Céu Claro,Dupla,Não Informado,Não,2,0,1,0,0,1,1,2,"-18,61943321","-48,09375199",SPRF-MG,DEL15-MG,UOP02-DEL15-MG
367109.0,2021-06-28,segunda-feira,19:30:00,MG,459.0,"80,1",CONGONHAL,Ultrapassagem Indevida,Colisão frontal,Com Vítimas Feridas,Plena Noite,Crescente,Céu Claro,Simples,Reta,Não,6,0,2,2,1,1,4,2,"-22,158356","-46,100712",SPRF-MG,DEL09-MG,UOP01-DEL09-MG
367127.0,2021-06-29,terça-feira,03:45:00,MG,381.0,755,TRES CORACOES,Ausência de reação do condutor,Saída de leito carroçável,Com Vítimas Feridas,Plena Noite,Decrescente,Céu Claro,Dupla,Reta,Não,4,0,1,0,3,0,1,4,"-21,69306291","-45,35229106",SPRF-MG,DEL16-MG,UOP02-DEL16-MG
367170.0,2021-05-30,domingo,21:10:00,MG,153.0,"58,5",MONTE ALEGRE DE MINAS,Problema com o freio,Tombamento,Com Vítimas Feridas,Plena Noite,Crescente,Céu Claro,Simples,Rotatória,Não,2,0,1,0,1,0,1,1,"-18,878386","-49,056637",SPRF-MG,DEL15-MG,UOP03-DEL15-MG
367172.0,2021-03-19,sexta-feira,20:50:00,MG,381.0,442,SANTA LUZIA,Velocidade Incompatível,Colisão traseira,Com Vítimas Feridas,Plena Noite,Crescente,Céu Claro,Simples,Não Informado,Não,3,0,0,2,0,1,2,2,"-19,8183901","-43,81131985",SPRF-MG,DEL01-MG,UOP01-DEL01-MG
367198.0,2021-06-29,terça-feira,07:15:00,MG,262.0,"427,8",CONCEICAO DO PARA,Manobra de mudança de faixa,Colisão traseira,Sem Vítimas,Pleno dia,Decrescente,Sol,Dupla,Não Informado,Não,2,0,0,0,2,0,0,2,"-19,8915027","-44,83668834",SPRF-MG,DEL08-MG,UOP03-DEL08-MG
367215.0,2021-06-25,sexta-feira,06:30:00,MG,381.0,380,SAO GONCALO DO RIO ABAIXO,Condutor deixou de manter distância do veículo da frente,Engavetamento,Com Vítimas Feridas,Pleno dia,Decrescente,Nublado,Simples,Reta,Sim,4,0,1,0,3,0,1,3,"-19,8315359","-43,37649498",SPRF-MG,DEL01-MG,UOP01-DEL01-MG
367216.0,2021-06-29,terça-feira,13:15:00,MG,116.0,"415,9",GOVERNADOR VALADARES,Ultrapassagem Indevida,Colisão lateral mesmo sentido,Com Vítimas Feridas,Pleno dia,Decrescente,Céu Claro,Simples,Reta,Sim,2,0,1,0,1,0,1,2,"-18,89215187","-41,94699543",SPRF-MG,DEL06-MG,UOP01-DEL06-MG
367229.0,2021-06-29,terça-feira,15:00:00,MG,40.0,"647,1",CRISTIANO OTONI,Transitar na contramão,Colisão frontal,Com Vítimas Feridas,Pleno dia,Crescente,Sol,Simples,Curva,Não,2,0,1,0,1,0,1,2,"-20,804273","-43,808788",SPRF-MG,DEL05-MG,UOP02-DEL05-MG
367249.0,2021-06-29,terça-feira,07:50:00,MG,116.0,"200,1",CARAI,Condutor Dormindo,Colisão lateral sentido oposto,Com Vítimas Feridas,Pleno dia,Decrescente,Céu Claro,Simples,Reta,Não,2,0,2,0,0,0,2,2,"-17,2431812","-41,50128363",SPRF-MG,DEL11-MG,UOP01-DEL11-MG
367282.0,2021-06-29,terça-feira,16:20:00,MG,365.0,465,PATROCINIO,Ingestão de substâncias psicoativas pelo condutor,Colisão frontal,Com Vítimas Feridas,Pleno dia,Decrescente,Céu Claro,Simples,Reta,Não,2,0,0,1,1,0,1,2,"-18,89880313","-46,95118193",SPRF-MG,DEL10-MG,UOP01-DEL10-MG
367288.0,2021-06-29,terça-feira,04:00:00,MG,251.0,"222,6",AGUAS VERMELHAS,Condutor Dormindo,Saída de leito carroçável,Sem Vítimas,Amanhecer,Crescente,Céu Claro,Simples,Reta,Não,1,0,0,0,1,0,0,1,"-15,939758","-41,610171",SPRF-MG,DEL11-MG,UOP02-DEL11-MG
367305.0,2021-06-30,quarta-feira,00:30:00,MG,381.0,"234,9",BELO ORIENTE,Ingestão de álcool pelo condutor,Colisão frontal,Com Vítimas Feridas,Plena Noite,Crescente,Céu Claro,Simples,Curva,Não,3,0,1,1,1,0,2,2,"-19,37971595","-42,46158214",SPRF-MG,DEL06-MG,UOP01-DEL06-MG
367340.0,2021-06-30,quarta-feira,08:40:00,MG,50.0,"66,1",UBERLANDIA,Reação tardia ou ineficiente do condutor,Colisão traseira,Com Vítimas Feridas,Pleno dia,Decrescente,Sol,Dupla,Reta,Não,4,0,1,0,2,1,1,3,"-18,85140204","-48,25345932",SPRF-MG,DEL15-MG,UOP02-DEL15-MG
367352.0,2021-06-30,quarta-feira,09:20:00,MG,459.0,"86,8",CONGONHAL,Transitar na contramão,Colisão frontal,Com Vítimas Fatais,Pleno dia,Decrescente,Céu Claro,Simples,Não Informado,Não,3,1,0,0,1,1,0,2,"-22,151079","-46,015775",SPRF-MG,DEL09-MG,UOP01-DEL09-MG
367446.0,2021-05-12,quarta-feira,22:50:00,MG,381.0,942,EXTREMA,Pista Escorregadia,Saída de leito carroçável,Com Vítimas Feridas,Plena Noite,Decrescente,Chuva,Dupla,Desvio Temporário,Sim,8,0,2,0,6,0,2,6,"-22,86605937","-46,34940386",SPRF-MG,DEL16-MG,UOP03-DEL16-MG
367453.0,2021-03-19,sexta-feira,20:40:00,MG,381.0,486,BETIM,Manobra de mudança de faixa,Colisão lateral mesmo sentido,Com Vítimas Feridas,Plena Noite,Crescente,Céu Claro,Dupla,Reta,Sim,5,0,2,0,3,0,2,3,"-19,95644414","-44,13611598",SPRF-MG,DEL01-MG,UOP03-DEL01-MG
367460.0,2021-06-30,quarta-feira,16:15:00,MG,381.0,275,JAGUARACU,Demais falhas mecânicas ou elétricas,Saída de leito carroçável,Com Vítimas Feridas,Pleno dia,Crescente,Céu Claro,Simples,Curva,Não,2,0,2,0,0,0,2,1,"-19,5436138","-42,690382",SPRF-MG,DEL03-MG,UOP02-DEL03-MG
367481.0,2021-07-01,quinta-feira,00:05:00,MG,381.0,"448,8",SANTA LUZIA,Entrada inopinada do pedestre,Atropelamento de Pedestre,Com Vítimas Feridas,Plena Noite,Crescente,Céu Claro,Simples,Não Informado,Sim,2,0,0,1,0,1,1,1,"-19,8228018","-43,8275947",SPRF-MG,DEL01-MG,UOP01-DEL01-MG
367488.0,2021-06-30,quarta-feira,23:40:00,MG,267.0,28,ARGIRITA,Velocidade Incompatível,Saída de leito carroçável,Com Vítimas Feridas,Plena Noite,Decrescente,Nublado,Simples,Curva,Não,1,0,1,0,0,0,1,1,"-21,62799078","-42,83040926",SPRF-MG,DEL07-MG,UOP01-DEL07-MG
367561.0,2021-07-01,quinta-feira,12:55:00,MG,381.0,"699,6",LAVRAS,Mal súbito do condutor,Saída de leito carroçável,Com Vítimas Fatais,Pleno dia,Decrescente,Céu Claro,Dupla,Não Informado,Não,1,1,0,0,0,0,0,1,"-21,2775478","-45,13946414",SPRF-MG,DEL04-MG,UOP02-DEL04-MG
367568.0,2021-07-01,quinta-feira,07:15:00,MG,116.0,782,LEOPOLDINA,Reação tardia ou ineficiente do condutor,Saída de leito carroçável,Com Vítimas Feridas,Amanhecer,Decrescente,Céu Claro,Simples,Curva,Não,1,0,1,0,0,0,1,1,"-21,627038","-42,69996898",SPRF-MG,DEL07-MG,UOP01-DEL07-MG
367592.0,2021-07-01,quinta-feira,12:29:00,MG,50.0,"179,3",UBERABA,Ingestão de álcool ou de substâncias psicoativas pelo pedestre,Atropelamento de Pedestre,Com Vítimas Feridas,Pleno dia,Decrescente,Sol,Dupla,Não Informado,Sim,3,0,0,1,1,1,1,1,"-19,77827047","-47,93140998",SPRF-MG,DEL13-MG,UOP01-DEL13-MG
367672.0,2021-07-01,quinta-feira,16:40:00,MG,381.0,441,SABARA,Demais falhas mecânicas ou elétricas,Derramamento de carga,Sem Vítimas,Pleno dia,Decrescente,Céu Claro,Simples,Reta,Não,1,0,0,0,1,0,0,1,"-19,81604176","-43,80389901",SPRF-MG,DEL01-MG,UOP01-DEL01-MG
367682.0,2021-07-02,sexta-feira,00:30:00,MG,381.0,"728,8",CARMO DA CACHOEIRA,Velocidade Incompatível,Saída de leito carroçável,Com Vítimas Feridas,Plena Noite,Crescente,Nublado,Dupla,Curva,Não,2,0,1,0,1,0,1,1,"-21,49176546","-45,21048009",SPRF-MG,DEL04-MG,UOP02-DEL04-MG
367685.0,2021-07-02,sexta-feira,01:00:00,MG,381.0,928,ITAPEVA,Pedestre cruzava a pista fora da faixa,Atropelamento de Pedestre,Com Vítimas Fatais,Plena Noite,Decrescente,Céu Claro,Dupla,Curva,Sim,2,1,0,0,1,0,0,1,"-22,79564412","-46,25379582",SPRF-MG,DEL16-MG,UOP03-DEL16-MG
367702.0,2021-07-02,sexta-feira,05:40:00,MG,364.0,0,PLANURA,Falta de acostamento,Saída de leito carroçável,Com Vítimas Fatais,Amanhecer,Crescente,Céu Claro,Simples,Reta,Não,1,1,0,0,0,0,0,1,"-20,162006","-48,689503",SPRF-MG,DEL13-MG,UOP02-DEL13-MG
367798.0,2021-07-02,sexta-feira,13:00:00,MG,116.0,"701,9",MURIAE,Desrespeitar a preferência no cruzamento,Colisão transversal,Com Vítimas Feridas,Pleno dia,Crescente,Céu Claro,Simples,Não Informado,Sim,4,0,2,0,1,1,2,2,"-21,11084891","-42,3806104",SPRF-MG,DEL07-MG,UOP02-DEL07-MG
367819.0,2021-07-02,sexta-feira,16:30:00,MG,40.0,519,RIBEIRAO DAS NEVES,Ultrapassagem Indevida,Colisão lateral mesmo sentido,Com Vítimas Feridas,Pleno dia,Decrescente,Céu Claro,Dupla,Reta,Não,3,0,1,0,1,1,1,3,"-19,83957589","-44,07684485",SPRF-MG,DEL01-MG,UOP02-DEL01-MG