id,data_inversa,dia_semana,horario,uf,br,km,municipio,causa_acidente,tipo_acidente,classificacao_acidente,fase_dia,sentido_via,condicao_metereologica,tipo_pista,tracado_via,uso_solo,pessoas,mortos,feridos_leves,feridos_graves,ilesos,ignorados,feridos,veiculos,latitude,longitude,regional,delegacia,uop
367821.0,2021-05-13,quinta-feira,04:20:00,MG,251.0,357,PADRE CARVALHO,Avarias e/ou desgaste excessivo no pneu,Tombamento,Com Vítimas Feridas,Plena Noite,Crescente,Céu Claro,Simples,Reta,Não,1,0,1,0,0,0,1,1,"-16,2648796","-42,58558298",SPRF-MG,DEL12-MG,UOP01-DEL12-MG
367921.0,2021-07-02,sexta-feira,23:10:00,MG,116.0,"322,1",ITAMBACURI,Transitar na contramão,Colisão frontal,Com Vítimas Fatais,Plena Noite,Decrescente,Céu Claro,Simples,Reta,Não,3,2,0,0,1,0,0,2,"-18,1723389","-41,70617231",SPRF-MG,DEL11-MG,UOP01-DEL11-MG
367922.0,2021-07-03,sábado,00:00:00,MG,40.0,"716,4",BARBACENA,Reação tardia ou ineficiente do condutor,Colisão traseira,Com Vítimas Fatais,Plena Noite,Decrescente,Nevoeiro/Neblina,Dupla,Reta,Não,2,1,0,0,0,1,0,2,"-21,25153502","-43,66402206",SPRF-MG,DEL05-MG,UOP01-DEL05-MG
367944.0,2021-07-03,sábado,05:20:00,MG,251.0,450,GRAO MOGOL,Velocidade Incompatível,Saída de leito carroçável,Com Vítimas Feridas,Plena Noite,Decrescente,Céu Claro,Simples,Não Informado,Não,2,0,0,1,0,1,1,1,"-16,43081641","-43,2844162",SPRF-MG,DEL12-MG,UOP01-DEL12-MG
367947.0,2021-07-03,sábado,05:45:00,MG,40.0,480,SETE LAGOAS,Manobra de mudança de faixa,Colisão lateral mesmo sentido,Com Vítimas Feridas,Amanhecer,Crescente,Céu Claro,Dupla,Curva,Não,2,0,1,0,1,0,1,2,"-19,54293519","-44,2485434",SPRF-MG,DEL02-MG,UOP01-DEL02-MG
367954.0,2021-07-03,sábado,06:00:00,MG,381.0,507,SAO JOAQUIM DE BICAS,Ingestão de substâncias psicoativas pelo condutor,Colisão lateral mesmo sentido,Sem Vítimas,Pleno dia,Crescente,Céu Claro,Múltipla,Reta,Sim,2,0,0,0,2,0,0,2,"-20,04045035","-44,25979614",SPRF-MG,DEL01-MG,UOP03-DEL01-MG
368022.0,2021-07-03,sábado,11:30:00,MG,381.0,"496,8",BETIM,Manobra de mudança de faixa,Colisão lateral mesmo sentido,Com Vítimas Feridas,Pleno dia,Decrescente,Céu Claro,Dupla,Não Informado,Sim,3,0,1,0,2,0,1,2,"-19,97726114","-44,19965029",SPRF-MG,DEL01-MG,UOP03-DEL01-MG
368057.0,2021-07-03,sábado,15:05:00,MG,381.0,"925,9",ITAPEVA,Carga excessiva e/ou mal acondicionada,Incêndio,Sem Vítimas,Pleno dia,Crescente,Céu Claro,Dupla,Não Informado,Não,1,0,0,0,1,0,0,1,"-22,76731776","-46,22806549",SPRF-MG,DEL16-MG,UOP03-DEL16-MG
368087.0,2021-07-03,sábado,17:25:00,MG,381.0,"435,1",SABARA,Problema com o freio,Colisão lateral mesmo sentido,Com Vítimas Feridas,Pleno dia,Decrescente,Céu Claro,Simples,Não Informado,Não,6,0,2,0,4,0,2,2,"-19,80010099","-43,75771301",SPRF-MG,DEL01-MG,UOP01-DEL01-MG
368109.0,2021-07-03,sábado,19:40:00,MG,381.0,920,ITAPEVA,Condutor Dormindo,Colisão traseira,Com Vítimas Feridas,Plena Noite,Crescente,Céu Claro,Dupla,Reta,Não,2,0,0,1,1,0,1,2,"-22,7704869","-46,20021296",SPRF-MG,DEL16-MG,UOP03-DEL16-MG
368111.0,2021-07-03,sábado,19:30:00,MG,459.0,"71,6",SENADOR JOSE BENTO,Velocidade Incompatível,Saída de leito carroçável,Com Vítimas Feridas,Plena Noite,Crescente,Céu Claro,Simples,Não Informado,Não,2,0,2,0,0,0,2,1,"-22,13009167","-46,14635468",SPRF-MG,DEL09-MG,UOP01-DEL09-MG
368180.0,2021-07-04,domingo,01:00:00,MG,381.0,"783,7",SAO GONCALO DO SAPUCAI,Condutor Dormindo,Saída de leito carroçável,Com Vítimas Feridas,Plena Noite,Decrescente,Céu Claro,Dupla,Reta,Não,2,0,1,0,1,0,1,1,"-21,85683865","-45,52292347",SPRF-MG,DEL16-MG,UOP02-DEL16-MG
368215.0,2021-07-04,domingo,04:40:00,MG,116.0,"488,9",INHAPIM,Velocidade Incompatível,Tombamento,Com Vítimas Feridas,Plena Noite,Crescente,Céu Claro,Dupla,Curva,Não,1,0,1,0,0,0,1,1,"-19,45939593","-42,13063936",SPRF-MG,DEL06-MG,UOP02-DEL06-MG
368218.0,2021-07-04,domingo,06:30:00,MG,381.0,"348,5",JOAO MONLEVADE,Velocidade Incompatível,Colisão transversal,Com Vítimas Feridas,Amanhecer,Crescente,Céu Claro,Simples,Curva,Não,2,0,1,0,1,0,1,2,"-19,85243846","-43,14084419",SPRF-MG,DEL03-MG,UOP01-DEL03-MG
368221.0,2021-07-04,domingo,06:40:00,MG,50.0,30,ARAGUARI,Velocidade Incompatível,Tombamento,Com Vítimas Feridas,Pleno dia,Decrescente,Céu Claro,Dupla,Curva,Não,2,0,2,0,0,0,2,1,"-18,61550987","-48,11660731",SPRF-MG,DEL15-MG,UOP02-DEL15-MG
368340.0,2021-07-04,domingo,17:20:00,MG,262.0,519,LUZ,Condutor Dormindo,Tombamento,Com Vítimas Feridas,Anoitecer,Crescente,Céu Claro,Dupla,Reta,Não,1,0,1,0,0,0,1,1,"-19,79063188","-45,61029998",SPRF-MG,DEL08-MG,UOP03-DEL08-MG
368387.0,2021-07-04,domingo,15:00:00,MG,116.0,25,CACHOEIRA DE PAJEU,Desrespeitar a preferência no cruzamento,Colisão transversal,Com Vítimas Feridas,Pleno dia,Crescente,Céu Claro,Simples,Reta,Não,6,0,3,1,1,1,4,2,"-15,87144601","-41,43021999",SPRF-BA,DEL08-BA,UOP03-DEL08-BA
368451.0,2021-07-05,segunda-feira,06:00:00,MG,365.0,"614,3",UBERLANDIA,Carga excessiva e/ou mal acondicionada,Colisão com objeto,Sem Vítimas,Amanhecer,Decrescente,Céu Claro,Simples,Não Informado,Sim,1,0,0,0,1,0,0,1,"-18,91224445","-48,21994901",SPRF-MG,DEL15-MG,UOP01-DEL15-MG
368456.0,2021-07-05,segunda-feira,07:50:00,MG,381.0,"447,5",SANTA LUZIA,Velocidade Incompatível,Tombamento,Com Vítimas Fatais,Amanhecer,Crescente,Céu Claro,Simples,Curva,Não,2,1,0,0,1,0,0,2,"-19,83447607","-43,85011601",SPRF-MG,DEL01-MG,UOP01-DEL01-MG
368477.0,2021-07-05,segunda-feira,09:40:00,MG,40.0,"579,3",ITABIRITO,Reação tardia ou ineficiente do condutor,Colisão lateral mesmo sentido,Com Vítimas Feridas,Pleno dia,Crescente,Céu Claro,Dupla,Não Informado,Não,6,0,0,1,5,0,1,6,"-20,28638301","-43,94212592",SPRF-MG,DEL01-MG,UOP02-DEL01-MG
368504.0,2021-07-05,segunda-feira,10:10:00,MG,116.0,"6,4",DIVISA ALEGRE,Transitar na contramão,Colisão frontal,Com Vítimas Fatais,Pleno dia,Decrescente,Nublado,Simples,Interseção de vias,Não,2,1,0,0,1,0,0,2,"-15,7484895","-41,33119095",SPRF-BA,DEL08-BA,UOP03-DEL08-BA
368512.0,2021-07-05,segunda-feira,11:30:00,MG,381.0,"616,7",OLIVEIRA,Velocidade Incompatível,Saída de leito carroçável,Com Vítimas Feridas,Pleno dia,Decrescente,Céu Claro,Dupla,Reta,Não,2,0,0,1,1,0,1,2,"-20,75304819","-44,77475634",SPRF-MG,DEL04-MG,UOP01-DEL04-MG
368514.0,2021-07-05,segunda-feira,10:30:00,MG,116.0,"274,8",TEOFILO OTONI,Acessar a via sem observar a presença dos outros veículos,Colisão lateral mesmo sentido,Com Vítimas Feridas,Pleno dia,Crescente,Céu Claro,Dupla,Interseção de vias,Sim,2,0,1,0,1,0,1,2,"-17,83384514","-41,51094368",SPRF-MG,DEL11-MG,UOP01-DEL11-MG
368560.0,2021-06-17,quinta-feira,06:52:00,MG,381.0,"740,1",TRES CORACOES,Reação tardia ou ineficiente do condutor,Colisão lateral mesmo sentido,Com Vítimas Feridas,Amanhecer,Decrescente,Céu Claro,Dupla,Reta,Não,4,0,2,0,2,0,2,3,"-21,6193566","-45,24913194",SPRF-MG,DEL16-MG,UOP02-DEL16-MG
368570.0,2021-07-05,segunda-feira,15:35:00,MG,381.0,868,POUSO ALEGRE,Acessar a via sem observar a presença dos outros veículos,Colisão lateral mesmo sentido,Com Vítimas Feridas,Pleno dia,Decrescente,Céu Claro,Dupla,Reta,Não,4,0,3,0,0,1,3,2,"-22,42008488","-45,96507626",SPRF-MG,DEL16-MG,UOP01-DEL16-MG
368577.0,2021-07-05,segunda-feira,14:00:00,MG,251.0,"219,5",CACHOEIRA DE PAJEU,Ultrapassagem Indevida,Colisão lateral mesmo sentido,Com Vítimas Feridas,Pleno dia,Decrescente,Céu Claro,Simples,Não Informado,Não,3,0,1,0,1,1,1,3,"-15,919529","-41,592279",SPRF-MG,DEL11-MG,UOP02-DEL11-MG
368586.0,2021-07-05,segunda-feira,18:35:00,MG,251.0,"478,5",FRANCISCO SA,Pedestre andava na pista,Atropelamento de Pedestre,Com Vítimas Fatais,Plena Noite,Decrescente,Céu Claro,Simples,Reta,Sim,3,1,0,0,0,2,0,1,"-16,46906162","-43,49357156",SPRF-MG,DEL12-MG,UOP01-DEL12-MG
368629.0,2021-07-05,segunda-feira,23:20:00,MG,381.0,419,CAETE,Manobra de mudança de faixa,Colisão traseira,Com Vítimas Feridas,Plena Noite,Crescente,Céu Claro,Dupla,Reta,Não,4,0,2,0,2,0,2,2,"-19,77066812","-43,64873289",SPRF-MG,DEL01-MG,UOP01-DEL01-MG
368633.0,2021-07-06,terça-feira,02:00:00,MG,381.0,545,ITATIAIUCU,Velocidade Incompatível,Colisão traseira,Sem Vítimas,Plena Noite,Crescente,Céu Claro,Dupla,Reta,Não,2,0,0,0,2,0,0,2,"-20,28766303","-44,43572087",SPRF-MG,DEL04-MG,UOP03-DEL04-MG
368638.0,2021-07-06,terça-feira,02:00:00,MG,365.0,"65,8",JEQUITAI,Carga excessiva e/ou mal acondicionada,Capotamento,Com Vítimas Feridas,Plena Noite,Decrescente,Céu Claro,Simples,Curva,Não,1,0,1,0,0,0,1,1,"-17,0424831","-44,32043986",SPRF-MG,DEL12-MG,UOP01-DEL12-MG
368663.0,2021-07-06,terça-feira,08:00:00,MG,459.0,106,POUSO ALEGRE,Ausência de reação do condutor,Colisão traseira,Com Vítimas Feridas,Pleno dia,Crescente,Sol,Dupla,Reta,Sim,2,0,1,0,1,0,1,2,"-22,23387","-45,898136",SPRF-MG,DEL16-MG,UOP01-DEL16-MG
368723.0,2021-07-06,terça-feira,13:15:00,MG,381.0,"481,3",CONTAGEM,Demais falhas mecânicas ou elétricas,Colisão com objeto,Com Vítimas Feridas,Pleno dia,Decrescente,Sol,Múltipla,Reta,Sim,1,0,1,0,0,0,1,1,"-19,95909005","-44,06483173",SPRF-MG,DEL01-MG,UOP03-DEL01-MG
368758.0,2021-07-06,terça-feira,13:40:00,MG,116.0,"578,1",MANHUACU,Velocidade Incompatível,Capotamento,Com Vítimas Feridas,Pleno dia,Crescente,Sol,Simples,Curva,Não,1,0,0,1,0,0,1,1,"-20,16991998","-42,18875093",SPRF-MG,DEL06-MG,UOP04-DEL06-MG
368879.0,2021-07-07,quarta-feira,03:50:00,MG,262.0,532,LUZ,Condutor Dormindo,Saída de leito carroçável,Com Vítimas Feridas,Plena Noite,Decrescente,Céu Claro,Simples,Desvio Temporário,Não,1,0,1,0,0,0,1,1,"-19,78055943","-45,73305711",SPRF-MG,DEL08-MG,UOP02-DEL08-MG
368890.0,2021-05-03,segunda-feira,17:00:00,MG,153.0,9,ARAPORA,Estacionar ou parar em local proibido,Colisão traseira,Sem Vítimas,Pleno dia,Crescente,Céu Claro,Dupla,Reta,Não,2,0,0,0,2,0,0,2,"-18,49690399","-49,18880024",SPRF-MG,DEL15-MG,UOP03-DEL15-MG
368905.0,2021-07-07,quarta-feira,08:00:00,MG,381.0,"491,7",BETIM,Manobra de mudança de faixa,Colisão lateral mesmo sentido,Com Vítimas Feridas,Pleno dia,Crescente,Céu Claro,Dupla,Reta,Sim,2,0,1,0,1,0,1,2,"-19,9965495","-44,2090326",SPRF-MG,DEL01-MG,UOP03-DEL01-MG
368959.0,2021-07-07,quarta-feira,08:30:00,MG,116.0,168,PADRE PARAISO,Ausência de reação do condutor,Tombamento,Sem Vítimas,Pleno dia,Crescente,Céu Claro,Simples,Desvio Temporário,Não,1,0,0,0,1,0,0,1,"-17,00163402","-41,44568101",SPRF-MG,DEL11-MG,UOP02-DEL11-MG
368962.0,2021-07-07,quarta-feira,11:05:00,MG,381.0,741,TRES CORACOES,Reação tardia ou ineficiente do condutor,Atropelamento de Pedestre,Com Vítimas Feridas,Pleno dia,Decrescente,Céu Claro,Dupla,Reta,Não,3,0,0,1,0,2,1,1,"-21,61577478","-45,25777775",SPRF-MG,DEL16-MG,UOP02-DEL16-MG
368985.0,2021-07-07,quarta-feira,15:25:00,MG,40.0,44,PARACATU,Manobra de mudança de faixa,Tombamento,Com Vítimas Feridas,Pleno dia,Crescente,Céu Claro,Simples,Não Informado,Sim,1,0,0,1,0,0,1,1,"-17,23101648","-46,85390396",SPRF-MG,DEL14-MG,UOP01-DEL14-MG
368995.0,2021-07-07,quarta-feira,14:30:00,MG,365.0,94,JEQUITAI,Reação tardia ou ineficiente do condutor,Colisão traseira,Com Vítimas Feridas,Pleno dia,Decrescente,Céu Claro,Simples,Reta,Não,2,0,0,1,1,0,1,2,"-17,21486603","-44,471698",SPRF-MG,DEL12-MG,UOP01-DEL12-MG
369008.0,2021-07-07,quarta-feira,17:15:00,MG,381.0,"724,9",CARMO DA CACHOEIRA,Condutor Dormindo,Colisão traseira,Com Vítimas Feridas,Pleno dia,Decrescente,Céu Claro,Dupla,Não Informado,Não,2,0,0,1,1,0,1,2,"-21,46334983","-45,20588294",SPRF-MG,DEL04-MG,UOP02-DEL04-MG
369035.0,2021-07-07,quarta-feira,15:30:00,MG,365.0,"508,6",PATROCINIO,Obras na pista,Colisão traseira,Com Vítimas Feridas,Pleno dia,Crescente,Sol,Simples,Não Informado,Não,5,0,1,0,4,0,1,2,"-18,946037","-47,288348",SPRF-MG,DEL10-MG,UOP01-DEL10-MG
369037.0,2021-04-13,terça-feira,14:45:00,MG,50.0,"19,6",ARAGUARI,Obras na pista,Colisão lateral mesmo sentido,Com Vítimas Feridas,Pleno dia,Decrescente,Céu Claro,Dupla,Não Informado,Não,2,0,1,0,1,0,1,2,"-18,57876301","-48,06009904",SPRF-MG,DEL15-MG,UOP02-DEL15-MG
369041.0,2021-07-07,quarta-feira,17:55:00,MG,262.0,97,ABRE CAMPO,Acessar a via sem observar a presença dos outros veículos,Colisão transversal,Sem Vítimas,Plena Noite,Crescente,Céu Claro,Simples,Retorno Regulamentado,Sim,2,0,0,0,2,0,0,2,"-20,29066833","-42,48754605",SPRF-MG,DEL03-MG,UOP03-DEL03-MG
369046.0,2021-07-07,quarta-feira,19:41:00,MG,50.0,"56,4",UBERLANDIA,Condutor deixou de manter distância do veículo da frente,Colisão traseira,Sem Vítimas,Plena Noite,Decrescente,Céu Claro,Dupla,Desvio Temporário,Não,5,0,0,0,4,1,0,3,"-18,78440145","-48,23234081",SPRF-MG,DEL15-MG,UOP02-DEL15-MG
369068.0,2021-07-07,quarta-feira,22:35:00,MG,116.0,"533,2",CARATINGA,Ingestão de álcool pelo condutor,Colisão lateral sentido oposto,Sem Vítimas,Plena Noite,Crescente,Céu Claro,Simples,Curva,Não,2,0,0,0,2,0,0,2,"-19,83624191","-42,13833241",SPRF-MG,DEL06-MG,UOP02-DEL06-MG
369073.0,2021-07-07,quarta-feira,17:30:00,MG,50.0,96,UBERLANDIA,Demais falhas mecânicas ou elétricas,Incêndio,Sem Vítimas,Anoitecer,Crescente,Céu Claro,Dupla,Reta,Não,1,0,0,0,1,0,0,1,"-19,10113604","-48,18109716",SPRF-MG,DEL15-MG,UOP01-DEL15-MG
369080.0,2021-07-07,quarta-feira,22:40:00,MG,40.0,47,PARACATU,Ausência de reação do condutor,Colisão traseira,Com Vítimas Feridas,Plena Noite,Decrescente,Céu Claro,Simples,Reta,Não,2,0,0,1,1,0,1,2,"-17,24087329","-46,82787504",SPRF-MG,DEL14-MG,UOP01-DEL14-MG
369137.0,2021-07-08,quinta-feira,08:35:00,MG,381.0,"940,3",EXTREMA,Acumulo de óleo sobre o pavimento,Colisão lateral mesmo sentido,Com Vítimas Feridas,Pleno dia,Decrescente,Céu Claro,Dupla,Curva,Sim,2,0,1,0,0,1,1,2,"-22,85421396","-46,33740277",SPRF-MG,DEL16-MG,UOP03-DEL16-MG
369153.0,2021-06-27,domingo,07:00:00,MG,40.0,517,RIBEIRAO DAS NEVES,Velocidade Incompatível,Colisão lateral mesmo sentido,Com Vítimas Feridas,Pleno dia,Crescente,Céu Claro,Dupla,Reta,Sim,2,0,1,0,1,0,1,2,"-19,82351202","-44,08438913",SPRF-MG,DEL01-MG,UOP02-DEL01-MG
369208.0,2021-07-08,quinta-feira,17:40:00,MG,381.0,"726,7",CARMO DA CACHOEIRA,Velocidade Incompatível,Tombamento,Com Vítimas Fatais,Anoitecer,Decrescente,Céu Claro,Dupla,Curva,Não,1,1,0,0,0,0,0,1,"-21,47876497","-45,20126856",SPRF-MG,DEL04-MG,UOP02-DEL04-MG
369258.0,2021-07-08,quinta-feira,21:30:00,MG,40.0,"437,4",PARAOPEBA,Carga excessiva e/ou mal acondicionada,Tombamento,Sem Vítimas,Plena Noite,Crescente,Céu Claro,Dupla,Curva,Não,1,0,0,0,1,0,0,1,"-19,23501","-44,43137",SPRF-MG,DEL02-MG,UOP01-DEL02-MG
369276.0,2021-07-08,quinta-feira,23:50:00,MG,356.0,272,MURIAE,Ingestão de álcool pelo condutor,Colisão frontal,Com Vítimas Feridas,Plena Noite,Crescente,Céu Claro,Simples,Não Informado,Não,3,0,0,1,1,1,1,2,"-21,13766365","-42,31068793",SPRF-MG,DEL07-MG,UOP02-DEL07-MG
369279.0,2021-07-08,quinta-feira,23:30:00,MG,365.0,"136,5",VARZEA DA PALMA,Demais falhas mecânicas ou elétricas,Saída de leito carroçável,Com Vítimas Feridas,Plena Noite,Crescente,Céu Claro,Simples,Reta,Não,2,0,2,0,0,0,2,1,"-17,18921066","-44,81125334",SPRF-MG,DEL12-MG,UOP01-DEL12-MG
369299.0,2021-07-09,sexta-feira,07:05:00,MG,40.0,"737,3",SANTOS DUMONT,Velocidade Incompatível,Tombamento,Com Vítimas Fatais,Pleno dia,Crescente,Céu Claro,Simples,Reta,Sim,1,1,0,0,0,0,0,1,"-21,38296999","-43,57033542",SPRF-MG,DEL05-MG,UOP01-DEL05-MG
369358.0,2021-07-09,sexta-feira,09:20:00,MG,381.0,797,SAO GONCALO DO SAPUCAI,Ausência de reação do condutor,Engavetamento,Com Vítimas Fatais,Pleno dia,Decrescente,Céu Claro,Dupla,Reta,Não,6,2,1,0,3,0,1,4,"-21,91766225","-45,59115392",SPRF-MG,DEL16-MG,UOP02-DEL16-MG
369367.0,2021-07-09,sexta-feira,13:30:00,MG,381.0,906,CAMBUI,Reação tardia ou ineficiente do condutor,Colisão traseira,Com Vítimas Feridas,Pleno dia,Decrescente,Céu Claro,Dupla,Desvio Temporário,Não,7,0,2,0,4,1,2,5,"-22,70254777","-46,11752735",SPRF-MG,DEL16-MG,UOP03-DEL16-MG
369394.0,2021-07-09,sexta-feira,13:30:00,MG,40.0,"618,3",CONGONHAS,Conversão proibida,Colisão transversal,Com Vítimas Feridas,Pleno dia,Crescente,Céu Claro,Simples,Reta,Não,2,0,1,0,1,0,1,2,"-20,5615888","-43,81227278",SPRF-MG,DEL05-MG,UOP02-DEL05-MG
369398.0,2021-07-09,sexta-feira,15:43:00,MG,364.0,"32,7",FRUTAL,Condutor deixou de manter distância do veículo da frente,Colisão traseira,Com Vítimas Feridas,Pleno dia,Crescente,Céu Claro,Simples,Desvio Temporário,Não,3,0,2,0,1,0,2,2,"-20,003474","-48,942521",SPRF-MG,DEL13-MG,UOP02-DEL13-MG
369429.0,2021-07-09,sexta-feira,14:50:00,MG,40.0,"618,3",CONGONHAS,Transitar na contramão,Colisão traseira,Sem Vítimas,Pleno dia,Crescente,Céu Claro,Simples,Reta,Não,2,0,0,0,1,1,0,2,"-20,5615888","-43,81227278",SPRF-MG,DEL05-MG,UOP02-DEL05-MG
369440.0,2021-07-09,sexta-feira,17:50:00,MG,381.0,405,BOM JESUS DO AMPARO,Manobra de mudança de faixa,Colisão traseira,Com Vítimas Fatais,Anoitecer,Decrescente,Céu Claro,Dupla,Reta,Não,3,1,1,0,1,0,1,2,"-19,74358347","-43,55101725",SPRF-MG,DEL01-MG,UOP01-DEL01-MG
369455.0,2021-07-09,sexta-feira,18:15:00,MG,381.0,327,NOVA ERA,Ingestão de álcool pelo condutor,Colisão transversal,Sem Vítimas,Plena Noite,Decrescente,Céu Claro,Simples,Reta,Sim,2,0,0,0,2,0,0,2,"-19,74833666","-43,02412391",SPRF-MG,DEL03-MG,UOP02-DEL03-MG
369468.0,2021-07-09,sexta-feira,18:55:00,MG,40.0,"413,5",CURVELO,Desrespeitar a preferência no cruzamento,Colisão transversal,Com Vítimas Feridas,Plena Noite,Decrescente,Céu Claro,Simples,Interseção de vias,Não,4,0,0,3,1,0,3,2,"-19,13248388","-44,62252053",SPRF-MG,DEL02-MG,UOP01-DEL02-MG
369495.0,2021-07-09,sexta-feira,21:45:00,MG,459.0,"34,7",CALDAS,Condutor Dormindo,Tombamento,Com Vítimas Feridas,Plena Noite,Decrescente,Céu Claro,Simples,Reta,Não,1,0,1,0,0,0,1,1,"-21,943037","-46,349136",SPRF-MG,DEL09-MG,UOP01-DEL09-MG
369528.0,2021-07-10,sábado,01:35:00,MG,116.0,"702,6",MURIAE,Manobra de mudança de faixa,Colisão lateral sentido oposto,Sem Vítimas,Plena Noite,Decrescente,Céu Claro,Simples,Curva,Sim,2,0,0,0,2,0,0,2,"-21,11938311","-42,38006362",SPRF-MG,DEL07-MG,UOP02-DEL07-MG
369533.0,2021-07-10,sábado,02:50:00,MG,381.0,456,BELO HORIZONTE,Condutor Dormindo,Colisão lateral sentido oposto,Com Vítimas Feridas,Plena Noite,Decrescente,Céu Claro,Simples,Curva,Não,2,0,0,1,1,0,1,2,"-19,85862954","-43,91292495",SPRF-MG,DEL01-MG,UOP01-DEL01-MG
369607.0,2021-03-24,quarta-feira,15:30:00,MG,40.0,"718,2",BARBACENA,Velocidade Incompatível,Tombamento,Com Vítimas Feridas,Pleno dia,Decrescente,Céu Claro,Dupla,Curva,Não,2,0,2,0,0,0,2,1,"-21,2656332","-43,65557499",SPRF-MG,DEL05-MG,UOP01-DEL05-MG
369654.0,2021-07-10,sábado,10:20:00,MG,262.0,"747,6",PERDIZES,Problema com o freio,Colisão traseira,Sem Vítimas,Pleno dia,Crescente,Sol,Simples,Reta,Não,2,0,0,0,2,0,0,2,"-19,611611","-47,446924",SPRF-MG,DEL13-MG,UOP01-DEL13-MG
369655.0,2021-07-10,sábado,16:10:00,MG,381.0,501,BETIM,Demais falhas na via,Colisão com objeto,Sem Vítimas,Pleno dia,Decrescente,Céu Claro,Dupla,Reta,Sim,2,0,0,0,2,0,0,2,"-20,03146447","-44,2377893",SPRF-MG,DEL01-MG,UOP03-DEL01-MG
369707.0,2021-07-10,sábado,16:10:00,MG,40.0,"727,8",OLIVEIRA FORTES,Demais falhas mecânicas ou elétricas,Incêndio,Sem Vítimas,Pleno dia,Decrescente,Céu Claro,Dupla,Não Informado,Não,1,0,0,0,1,0,0,1,"-21,31429811","-43,59529512",SPRF-MG,DEL05-MG,UOP01-DEL05-MG
369736.0,2021-07-10,sábado,21:15:00,MG,381.0,"493,9",BETIM,Ausência de reação do condutor,Colisão traseira,Sem Vítimas,Plena Noite,Decrescente,Céu Claro,Dupla,Reta,Sim,5,0,0,0,3,2,0,3,"-19,97670801","-44,19962698",SPRF-MG,DEL01-MG,UOP03-DEL01-MG
369756.0,2021-07-10,sábado,20:50:00,MG,381.0,"746,7",TRES CORACOES,Condutor deixou de manter distância do veículo da frente,Colisão traseira,Com Vítimas Feridas,Plena Noite,Decrescente,Céu Claro,Dupla,Não Informado,Não,3,0,0,1,1,1,1,2,"-21,64329297","-45,28924406",SPRF-MG,DEL16-MG,UOP02-DEL16-MG
369832.0,2021-07-10,sábado,22:00:00,MG,116.0,"643,9",DIVINO,Condutor Dormindo,Colisão frontal,Com Vítimas Feridas,Plena Noite,Decrescente,Nublado,Simples,Curva,Não,2,0,1,0,1,0,1,2,"-20,66154092","-42,26743625",SPRF-MG,DEL07-MG,UOP03-DEL07-MG
369840.0,2021-07-11,domingo,07:00:00,MG,40.0,"822,1",SIMAO PEREIRA,Condutor Dormindo,Colisão traseira,Com Vítimas Feridas,Pleno dia,Decrescente,Céu Claro,Dupla,Curva,Não,2,0,1,0,1,0,1,2,"-21,95323782","-43,3008627",SPRF-MG,DEL05-MG,UOP01-DEL05-MG
369849.0,2021-07-10,sábado,16:00:00,MG,153.0,135,PRATA,Demais falhas mecânicas ou elétricas,Saída de leito carroçável,Com Vítimas Feridas,Pleno dia,Crescente,Céu Claro,Simples,Não Informado,Não,1,0,0,1,0,0,1,1,"-19,5207219","-48,83355386",SPRF-MG,DEL15-MG,UOP03-DEL15-MG
369885.0,2021-07-11,domingo,11:25:00,MG,381.0,349,JOAO MONLEVADE,Carga excessiva e/ou mal acondicionada,Tombamento,Com Vítimas Feridas,Pleno dia,Crescente,Céu Claro,Simples,Curva,Não,3,0,1,1,1,0,2,2,"-19,8499239","-43,14868105",SPRF-MG,DEL03-MG,UOP01-DEL03-MG
369900.0,2021-07-11,domingo,05:45:00,MG,262.0,409,IGARATINGA,Condutor Dormindo,Capotamento,Com Vítimas Feridas,Amanhecer,Decrescente,Céu Claro,Dupla,Curva,Não,1,0,0,1,0,0,1,1,"-19,90976951","-44,68208313",SPRF-MG,DEL08-MG,UOP03-DEL08-MG
369905.0,2021-07-11,domingo,09:00:00,MG,356.0,"276,5",EUGENOPOLIS,Velocidade Incompatível,Tombamento,Com Vítimas Feridas,Pleno dia,Crescente,Céu Claro,Simples,Curva,Não,1,0,1,0,0,0,1,1,"-21,12430764","-42,28073727",SPRF-MG,DEL07-MG,UOP02-DEL07-MG
369910.0,2021-07-11,domingo,13:20:00,MG,40.0,"296,5",TRES MARIAS,Carga excessiva e/ou mal acondicionada,Tombamento,Com Vítimas Feridas,Pleno dia,Crescente,Sol,Dupla,Não Informado,Não,1,0,1,0,0,0,1,1,"-18,31886506","-45,11068033",SPRF-MG,DEL14-MG,UOP02-DEL14-MG
369958.0,2021-07-11,domingo,05:15:00,MG,365.0,"165,5",PIRAPORA,Ausência de reação do condutor,Colisão lateral sentido oposto,Sem Vítimas,Amanhecer,Decrescente,Céu Claro,Simples,Reta,Não,2,0,0,0,1,1,0,2,"-17,38124701","-44,960901",SPRF-MG,DEL12-MG,UOP01-DEL12-MG
369985.0,2021-07-11,domingo,19:20:00,MG,153.0,233,FRONTEIRA,Ausência de reação do condutor,Colisão lateral sentido oposto,Com Vítimas Feridas,Plena Noite,Crescente,Céu Claro,Simples,Reta,Não,6,0,4,0,2,0,4,2,"-20,208105","-49,135625",SPRF-MG,DEL13-MG,UOP02-DEL13-MG