id,data_inversa,dia_semana,horario,uf,br,km,municipio,causa_acidente,tipo_acidente,classificacao_acidente,fase_dia,sentido_via,condicao_metereologica,tipo_pista,tracado_via,uso_solo,pessoas,mortos,feridos_leves,feridos_graves,ilesos,ignorados,feridos,veiculos,latitude,longitude,regional,delegacia,uop
376393.0,2021-08-11,quarta-feira,06:00:00,MG,381.0,705,LAVRAS,Ausência de reação do condutor,Saída de leito carroçável,Com Vítimas Feridas,Amanhecer,Decrescente,Céu Claro,Dupla,Reta,Não,1,0,1,0,0,0,1,1,"-21,34965018","-45,17946289",SPRF-MG,DEL04-MG,UOP02-DEL04-MG
376399.0,2021-01-08,sexta-feira,07:00:00,MG,381.0,"426,8",CAETE,Velocidade Incompatível,Colisão com objeto,Com Vítimas Feridas,Pleno dia,Crescente,Nublado,Dupla,Reta,Não,1,0,1,0,0,0,1,1,"-19,78686195","-43,68924804",SPRF-MG,DEL01-MG,UOP01-DEL01-MG
376403.0,2021-08-11,quarta-feira,08:00:00,MG,40.0,"737,8",SANTOS DUMONT,Velocidade Incompatível,Capotamento,Com Vítimas Feridas,Pleno dia,Decrescente,Céu Claro,Simples,Curva,Não,1,0,1,0,0,0,1,1,"-21,38296999","-43,57033542",SPRF-MG,DEL05-MG,UOP01-DEL05-MG
376412.0,2021-08-11,quarta-feira,05:15:00,MG,40.0,300,TRES MARIAS,Pista em desnível,Tombamento,Com Vítimas Feridas,Amanhecer,Decrescente,Céu Claro,Simples,Curva,Não,1,0,0,1,0,0,1,1,"-18,350118","-45,09330699",SPRF-MG,DEL14-MG,UOP02-DEL14-MG
376529.0,2021-04-25,domingo,09:30:00,MG,262.0,454,NOVA SERRANA,Ausência de reação do condutor,Colisão frontal,Com Vítimas Fatais,Pleno dia,Decrescente,Céu Claro,Simples,Reta,Não,4,1,1,0,0,2,1,2,"-19,85274128","-45,02424211",SPRF-MG,DEL08-MG,UOP03-DEL08-MG
376542.0,2021-08-11,quarta-feira,20:10:00,MG,116.0,"738,8",LARANJAL,Reação tardia ou ineficiente do condutor,Colisão lateral mesmo sentido,Com Vítimas Feridas,Plena Noite,Decrescente,Céu Claro,Simples,Reta,Não,2,0,1,0,1,0,1,2,"-21,376934","-42,48054",SPRF-MG,DEL07-MG,UOP01-DEL07-MG
376562.0,2021-08-11,quarta-feira,22:10:00,MG,381.0,"437,8",SABARA,Transitar na contramão,Colisão lateral sentido oposto,Com Vítimas Feridas,Plena Noite,Crescente,Céu Claro,Simples,Não Informado,Sim,2,0,1,0,1,0,1,2,"-19,80933086","-43,76826997",SPRF-MG,DEL01-MG,UOP01-DEL01-MG
376574.0,2021-08-12,quinta-feira,02:30:00,MG,153.0,58,MONTE ALEGRE DE MINAS,Condutor Dormindo,Tombamento,Com Vítimas Feridas,Plena Noite,Crescente,Céu Claro,Dupla,Rotatória,Sim,2,0,2,0,0,0,2,1,"-18,878386","-49,056637",SPRF-MG,DEL15-MG,UOP03-DEL15-MG
376587.0,2021-06-16,quarta-feira,19:30:00,MG,365.0,613,UBERLANDIA,Acesso irregular,Colisão traseira,Com Vítimas Feridas,Plena Noite,Decrescente,Céu Claro,Simples,Reta,Sim,2,0,1,0,1,0,1,2,"-18,9217747","-48,20397377",SPRF-MG,DEL15-MG,UOP01-DEL15-MG
376615.0,2021-08-12,quinta-feira,09:00:00,MG,381.0,"563,8",ITAGUARA,Velocidade Incompatível,Colisão com objeto,Com Vítimas Fatais,Pleno dia,Decrescente,Sol,Dupla,Curva,Sim,1,1,0,0,0,0,0,1,"-20,40233189","-44,509134",SPRF-MG,DEL04-MG,UOP03-DEL04-MG
376626.0,2021-08-12,quinta-feira,09:30:00,MG,251.0,330,SALINAS,Velocidade Incompatível,Colisão traseira,Com Vítimas Feridas,Pleno dia,Crescente,Céu Claro,Simples,Reta,Não,5,0,2,0,3,0,2,3,"-16,24243598","-42,38107304",SPRF-MG,DEL12-MG,UOP01-DEL12-MG
376634.0,2021-02-06,sábado,09:15:00,MG,116.0,258,TEOFILO OTONI,Condutor Dormindo,Tombamento,Com Vítimas Feridas,Pleno dia,Decrescente,Chuva,Simples,Não Informado,Não,1,0,0,1,0,0,1,1,"-17,708095","-41,488753",SPRF-MG,DEL11-MG,UOP01-DEL11-MG
376653.0,2021-08-12,quinta-feira,15:00:00,MG,267.0,192,OLARIA,Acessar a via sem observar a presença dos outros veículos,Colisão transversal,Com Vítimas Feridas,Pleno dia,Decrescente,Céu Claro,Simples,Não Informado,Não,2,0,1,0,1,0,1,2,"-21,92898998","-44,03291011",SPRF-MG,DEL05-MG,UOP01-DEL05-MG
376671.0,2021-08-12,quinta-feira,17:00:00,MG,381.0,485,BETIM,Velocidade Incompatível,Tombamento,Com Vítimas Feridas,Pleno dia,Crescente,Céu Claro,Dupla,Não Informado,Sim,3,0,1,0,0,2,1,3,"-19,95659361","-44,12622893",SPRF-MG,DEL01-MG,UOP03-DEL01-MG
376672.0,2021-08-12,quinta-feira,17:10:00,MG,262.0,372,JUATUBA,Restrição de visibilidade em curvas verticais,Colisão traseira,Com Vítimas Feridas,Pleno dia,Crescente,Sol,Dupla,Não Informado,Não,2,0,1,0,1,0,1,2,"-19,97359723","-44,31765496",SPRF-MG,DEL01-MG,UOP03-DEL01-MG
376677.0,2021-08-12,quinta-feira,17:30:00,MG,381.0,"905,5",CAMBUI,Velocidade Incompatível,Colisão lateral mesmo sentido,Com Vítimas Feridas,Anoitecer,Decrescente,Céu Claro,Dupla,Não Informado,Não,9,0,1,0,8,0,1,5,"-22,63817442","-46,07949257",SPRF-MG,DEL16-MG,UOP03-DEL16-MG
376692.0,2021-08-12,quinta-feira,13:00:00,MG,116.0,"202,2",CARAI,Condutor deixou de manter distância do veículo da frente,Colisão traseira,Com Vítimas Feridas,Pleno dia,Decrescente,Sol,Simples,Não Informado,Não,4,0,2,1,1,0,3,2,"-17,260511","-41,50614",SPRF-MG,DEL11-MG,UOP01-DEL11-MG
376716.0,2021-08-12,quinta-feira,21:45:00,MG,381.0,364,JOAO MONLEVADE,Ingestão de álcool e/ou substâncias psicoativas pelo pedestre,Saída de leito carroçável,Com Vítimas Feridas,Plena Noite,Crescente,Nublado,Simples,Curva,Não,1,0,1,0,0,0,1,1,"-19,84955579","-43,25424839",SPRF-MG,DEL03-MG,UOP01-DEL03-MG
376757.0,2021-08-13,sexta-feira,02:15:00,MG,50.0,189,UBERABA,Condutor deixou de manter distância do veículo da frente,Colisão traseira,Com Vítimas Feridas,Plena Noite,Decrescente,Céu Claro,Dupla,Não Informado,Não,4,0,0,3,1,0,3,2,"-19,84851283","-47,87469974",SPRF-MG,DEL13-MG,UOP01-DEL13-MG
376758.0,2021-08-13,sexta-feira,00:44:00,MG,50.0,"140,5",UBERABA,Condutor Dormindo,Saída de leito carroçável,Com Vítimas Feridas,Plena Noite,Decrescente,Céu Claro,Dupla,Reta,Não,3,0,1,0,0,2,1,1,"-19,47657604","-48,05332612",SPRF-MG,DEL13-MG,UOP01-DEL13-MG
376784.0,2021-08-13,sexta-feira,07:45:00,MG,40.0,576,ITABIRITO,Velocidade Incompatível,Colisão traseira,Com Vítimas Feridas,Pleno dia,Crescente,Céu Claro,Múltipla,Reta,Não,2,0,1,0,1,0,1,2,"-20,26485707","-43,9573481",SPRF-MG,DEL01-MG,UOP02-DEL01-MG
376808.0,2021-08-13,sexta-feira,10:30:00,MG,381.0,843,SAO SEBASTIAO DA BELA VISTA,Reação tardia ou ineficiente do condutor,Colisão traseira,Com Vítimas Feridas,Pleno dia,Crescente,Sol,Dupla,Não Informado,Não,8,0,3,2,3,0,5,2,"-22,22245372","-45,87389143",SPRF-MG,DEL16-MG,UOP01-DEL16-MG
376813.0,2021-08-13,sexta-feira,06:30:00,MG,50.0,"22,5",ARAGUARI,Reação tardia ou ineficiente do condutor,Saída de leito carroçável,Com Vítimas Feridas,Pleno dia,Decrescente,Céu Claro,Dupla,Não Informado,Não,1,0,1,0,0,0,1,1,"-18,60639098","-48,05299759",SPRF-MG,DEL15-MG,UOP02-DEL15-MG
376829.0,2021-08-13,sexta-feira,10:30:00,MG,116.0,"755,7",LEOPOLDINA,Reação tardia ou ineficiente do condutor,Colisão com objeto,Com Vítimas Feridas,Pleno dia,Decrescente,Nublado,Simples,Reta,Não,1,0,1,0,0,0,1,1,"-21,48725603","-42,57777783",SPRF-MG,DEL07-MG,UOP01-DEL07-MG
376870.0,2021-08-13,sexta-feira,16:00:00,MG,365.0,474,PATROCINIO,Transitar na contramão,Colisão frontal,Sem Vítimas,Pleno dia,Crescente,Céu Claro,Simples,Não Informado,Não,2,0,0,0,1,1,0,2,"-18,92183559","-47,01599121",SPRF-MG,DEL10-MG,UOP01-DEL10-MG
376882.0,2021-08-13,sexta-feira,17:20:00,MG,40.0,"736,5",SANTOS DUMONT,Reação tardia ou ineficiente do condutor,Tombamento,Com Vítimas Feridas,Anoitecer,Decrescente,Céu Claro,Simples,Reta,Não,1,0,1,0,0,0,1,1,"-21,37609516","-43,56993701",SPRF-MG,DEL05-MG,UOP01-DEL05-MG
376903.0,2021-08-13,sexta-feira,17:45:00,MG,116.0,"754,3",LEOPOLDINA,Frear bruscamente,Engavetamento,Com Vítimas Feridas,Anoitecer,Crescente,Céu Claro,Simples,Ponte,Não,3,0,1,0,2,0,1,3,"-21,47859776","-42,57564516",SPRF-MG,DEL07-MG,UOP01-DEL07-MG
376955.0,2021-08-14,sábado,00:30:00,MG,40.0,547,NOVA LIMA,Velocidade Incompatível,Colisão com objeto,Com Vítimas Feridas,Plena Noite,Crescente,Céu Claro,Dupla,Reta,Não,2,0,0,1,1,0,1,2,"-20,02252424","-43,97026042",SPRF-MG,DEL01-MG,UOP02-DEL01-MG
376972.0,2021-08-14,sábado,04:00:00,MG,262.0,"471,9",BOM DESPACHO,Ingestão de álcool pelo condutor,Colisão transversal,Sem Vítimas,Plena Noite,Decrescente,Nublado,Simples,Desvio Temporário,Não,2,0,0,0,2,0,0,2,"-19,78632286","-45,16679393",SPRF-MG,DEL08-MG,UOP03-DEL08-MG
376981.0,2021-08-14,sábado,04:30:00,MG,40.0,"423,8",CURVELO,Ingestão de substâncias psicoativas pelo condutor,Colisão lateral sentido oposto,Sem Vítimas,Amanhecer,Crescente,Céu Claro,Dupla,Viaduto,Não,2,0,0,0,2,0,0,2,"-19,15469523","-44,53179359",SPRF-MG,DEL02-MG,UOP01-DEL02-MG
377028.0,2021-08-14,sábado,09:39:00,MG,50.0,"114,5",UBERABA,Condutor Dormindo,Saída de leito carroçável,Com Vítimas Feridas,Pleno dia,Crescente,Sol,Dupla,Reta,Não,2,0,0,1,1,0,1,1,"-19,25808427","-48,13213885",SPRF-MG,DEL13-MG,UOP01-DEL13-MG
377033.0,2021-01-26,terça-feira,05:00:00,MG,381.0,275,JAGUARACU,Velocidade Incompatível,Tombamento,Com Vítimas Feridas,Amanhecer,Crescente,Céu Claro,Simples,Reta,Não,3,0,1,1,1,0,2,2,"-19,54384635","-42,6906395",SPRF-MG,DEL03-MG,UOP02-DEL03-MG
377056.0,2021-08-14,sábado,12:25:00,MG,40.0,529,CONTAGEM,Ausência de reação do condutor,Colisão com objeto,Com Vítimas Feridas,Pleno dia,Crescente,Céu Claro,Dupla,Reta,Sim,3,0,0,1,1,1,1,2,"-19,91635592","-44,03966566",SPRF-MG,DEL01-MG,UOP02-DEL01-MG
377060.0,2021-08-14,sábado,14:10:00,MG,365.0,447,PATROCINIO,Reação tardia ou ineficiente do condutor,Colisão lateral mesmo sentido,Com Vítimas Feridas,Pleno dia,Crescente,Céu Claro,Simples,Reta,Não,5,0,1,0,4,0,1,5,"-18,8279836","-46,79933003",SPRF-MG,DEL10-MG,UOP01-DEL10-MG
377077.0,2021-08-14,sábado,14:40:00,MG,381.0,433,SABARA,Demais falhas mecânicas ou elétricas,Eventos atípicos,Sem Vítimas,Pleno dia,Decrescente,Sol,Simples,Não Informado,Não,1,0,0,0,1,0,0,1,"-19,79269213","-43,74585386",SPRF-MG,DEL01-MG,UOP01-DEL01-MG
377081.0,2021-08-14,sábado,15:00:00,MG,50.0,72,UBERLANDIA,Reação tardia ou ineficiente do condutor,Colisão traseira,Com Vítimas Feridas,Pleno dia,Crescente,Céu Claro,Dupla,Reta,Sim,2,0,1,0,1,0,1,2,"-18,85140204","-48,25345932",SPRF-MG,DEL15-MG,UOP01-DEL15-MG
377106.0,2021-08-14,sábado,16:20:00,MG,251.0,194,CACHOEIRA DE PAJEU,Condutor Dormindo,Saída de leito carroçável,Sem Vítimas,Pleno dia,Decrescente,Céu Claro,Simples,Reta,Não,1,0,0,0,1,0,0,1,"-15,87660389","-41,43118277",SPRF-MG,DEL11-MG,UOP02-DEL11-MG
377131.0,2021-08-14,sábado,20:00:00,MG,153.0,"149,2",CAMPO FLORIDO,Ausência de reação do condutor,Tombamento,Com Vítimas Feridas,Plena Noite,Decrescente,Céu Claro,Simples,Reta,Não,1,0,1,0,0,0,1,1,"-19,64122783","-48,86007802",SPRF-MG,DEL13-MG,UOP02-DEL13-MG
377135.0,2021-08-14,sábado,16:30:00,MG,381.0,925,ITAPEVA,Velocidade Incompatível,Tombamento,Com Vítimas Fatais,Pleno dia,Crescente,Céu Claro,Dupla,Não Informado,Não,1,1,0,0,0,0,0,1,"-22,77027663","-46,20455157",SPRF-MG,DEL16-MG,UOP03-DEL16-MG
377185.0,2021-08-15,domingo,02:40:00,MG,381.0,"478,5",CONTAGEM,Ausência de reação do condutor,Colisão traseira,Com Vítimas Feridas,Plena Noite,Crescente,Nublado,Múltipla,Reta,Sim,2,0,1,0,1,0,1,2,"-19,96255449","-44,04037887",SPRF-MG,DEL01-MG,UOP03-DEL01-MG
377257.0,2021-08-15,domingo,12:15:00,MG,40.0,582,ITABIRITO,Reação tardia ou ineficiente do condutor,Saída de leito carroçável,Com Vítimas Feridas,Pleno dia,Decrescente,Céu Claro,Simples,Curva,Não,1,0,1,0,0,0,1,1,"-20,31049595","-43,93484962",SPRF-MG,DEL01-MG,UOP02-DEL01-MG
377292.0,2021-08-15,domingo,16:45:00,MG,381.0,508,SAO JOAQUIM DE BICAS,Pedestre cruzava a pista fora da faixa,Atropelamento de Pedestre,Com Vítimas Feridas,Pleno dia,Decrescente,Céu Claro,Dupla,Reta,Sim,2,0,0,1,1,0,1,1,"-20,06277698","-44,29329002",SPRF-MG,DEL01-MG,UOP03-DEL01-MG
377315.0,2021-08-08,domingo,10:05:00,MG,381.0,341,BELA VISTA DE MINAS,Velocidade Incompatível,Colisão frontal,Com Vítimas Feridas,Pleno dia,Crescente,Garoa/Chuvisco,Dupla,Curva,Não,5,0,2,2,1,0,4,2,"-19,84403064","-43,10352396",SPRF-MG,DEL03-MG,UOP01-DEL03-MG
377338.0,2021-08-15,domingo,17:45:00,MG,381.0,"698,8",LAVRAS,Obras na pista,Colisão lateral mesmo sentido,Sem Vítimas,Anoitecer,Crescente,Céu Claro,Dupla,Não Informado,Não,3,0,0,0,3,0,0,3,"-21,272612","-45,136433",SPRF-MG,DEL04-MG,UOP02-DEL04-MG
377406.0,2021-08-15,domingo,22:31:00,MG,40.0,"609,8",CONGONHAS,Pedestre cruzava a pista fora da faixa,Atropelamento de Pedestre,Com Vítimas Feridas,Plena Noite,Decrescente,Céu Claro,Simples,Reta,Não,2,0,0,1,0,1,1,1,"-20,50383739","-43,83883169",SPRF-MG,DEL05-MG,UOP02-DEL05-MG
377457.0,2021-06-17,quinta-feira,18:30:00,MG,365.0,"596,4",UBERLANDIA,Reação tardia ou ineficiente do condutor,Colisão com objeto,Com Vítimas Fatais,Anoitecer,Decrescente,Céu Claro,Simples,Ponte,Não,4,1,2,0,0,1,2,1,"-18,873123","-48,078326",SPRF-MG,DEL15-MG,UOP01-DEL15-MG
377461.0,2021-08-14,sábado,20:30:00,MG,381.0,372,SAO GONCALO DO RIO ABAIXO,Reação tardia ou ineficiente do condutor,Colisão traseira,Com Vítimas Feridas,Plena Noite,Crescente,Céu Claro,Simples,Não Informado,Não,2,0,1,0,1,0,1,2,"-19,84250801","-43,31533375",SPRF-MG,DEL01-MG,UOP01-DEL01-MG
377480.0,2021-08-16,segunda-feira,12:00:00,MG,262.0,412,IGARATINGA,Acessar a via sem observar a presença dos outros veículos,Colisão traseira,Com Vítimas Feridas,Pleno dia,Crescente,Sol,Dupla,Retorno Regulamentado,Não,2,0,0,1,1,0,1,2,"-19,90105361","-44,69924927",SPRF-MG,DEL08-MG,UOP03-DEL08-MG
377545.0,2021-08-16,segunda-feira,19:00:00,MG,40.0,526,CONTAGEM,Condutor deixou de manter distância do veículo da frente,Engavetamento,Com Vítimas Feridas,Plena Noite,Decrescente,Céu Claro,Dupla,Reta,Sim,3,0,1,0,2,0,1,3,"-19,89255399","-44,04985478",SPRF-MG,DEL01-MG,UOP02-DEL01-MG
377566.0,2021-08-16,segunda-feira,21:35:00,MG,381.0,453,SABARA,Ausência de reação do condutor,Colisão frontal,Com Vítimas Feridas,Plena Noite,Crescente,Céu Claro,Simples,Curva,Sim,2,0,0,1,1,0,1,2,"-19,85197588","-43,88851019",SPRF-MG,DEL01-MG,UOP01-DEL01-MG
377594.0,2021-08-17,terça-feira,06:05:00,MG,40.0,"611,8",CONGONHAS,Manobra de mudança de faixa,Colisão lateral mesmo sentido,Com Vítimas Feridas,Pleno dia,Crescente,Céu Claro,Simples,Reta,Não,2,0,1,0,1,0,1,2,"-20,518198","-43,835365",SPRF-MG,DEL05-MG,UOP02-DEL05-MG
377654.0,2021-08-17,terça-feira,12:30:00,MG,40.0,694,ALFREDO VASCONCELOS,Ausência de reação do condutor,Colisão traseira,Com Vítimas Feridas,Pleno dia,Decrescente,Céu Claro,Simples,Reta,Sim,3,0,1,0,2,0,1,2,"-21,132076","-43,76202",SPRF-MG,DEL05-MG,UOP02-DEL05-MG
377713.0,2021-08-17,terça-feira,05:00:00,MG,116.0,"519,2",UBAPORANGA,Condutor Dormindo,Saída de leito carroçável,Com Vítimas Feridas,Amanhecer,Decrescente,Garoa/Chuvisco,Simples,Curva,Não,1,0,1,0,0,0,1,1,"-19,71798497","-42,12830605",SPRF-MG,DEL06-MG,UOP02-DEL06-MG
377730.0,2021-08-17,terça-feira,21:00:00,MG,251.0,"501,9",FRANCISCO SA,Carga excessiva e/ou mal acondicionada,Incêndio,Sem Vítimas,Plena Noite,Decrescente,Céu Claro,Simples,Reta,Não,1,0,0,0,1,0,0,1,"-16,60342041","-43,65175169",SPRF-MG,DEL12-MG,UOP01-DEL12-MG
377733.0,2021-08-17,terça-feira,17:00:00,MG,262.0,430,SAO GONCALO DO PARA,Condutor deixou de manter distância do veículo da frente,Colisão traseira,Com Vítimas Fatais,Pleno dia,Crescente,Céu Claro,Dupla,Reta,Não,2,1,0,0,1,0,0,2,"-19,89011218","-44,80551997",SPRF-MG,DEL08-MG,UOP03-DEL08-MG
377748.0,2021-08-18,quarta-feira,00:20:00,MG,262.0,191,SAO DOMINGOS DO PRATA,Condutor Dormindo,Saída de leito carroçável,Com Vítimas Feridas,Plena Noite,Crescente,Céu Claro,Simples,Reta,Não,1,0,1,0,0,0,1,1,"-19,87527123","-43,07514717",SPRF-MG,DEL03-MG,UOP01-DEL03-MG
377751.0,2021-08-18,quarta-feira,03:00:00,MG,40.0,"501,1",ESMERALDAS,Reação tardia ou ineficiente do condutor,Colisão traseira,Com Vítimas Feridas,Plena Noite,Decrescente,Céu Claro,Dupla,Não Informado,Sim,2,0,1,0,1,0,1,2,"-19,70802","-44,16673",SPRF-MG,DEL02-MG,UOP01-DEL02-MG
377754.0,2021-08-18,quarta-feira,03:00:00,MG,381.0,"931,3",ITAPEVA,Velocidade Incompatível,Derramamento de carga,Com Vítimas Feridas,Plena Noite,Crescente,Céu Claro,Dupla,Curva,Não,1,0,1,0,0,0,1,1,"-22,80188832","-46,26962063",SPRF-MG,DEL16-MG,UOP03-DEL16-MG
377825.0,2021-01-20,quarta-feira,09:40:00,MG,116.0,"454,9",ENGENHEIRO CALDAS,Ultrapassagem Indevida,Colisão lateral mesmo sentido,Com Vítimas Feridas,Pleno dia,Crescente,Sol,Simples,Curva,Não,3,0,1,1,1,0,2,2,"-19,18425398","-42,04045306",SPRF-MG,DEL06-MG,UOP02-DEL06-MG
377837.0,2021-08-18,quarta-feira,14:50:00,MG,262.0,"405,8",PARA DE MINAS,Transitar no acostamento,Colisão lateral mesmo sentido,Com Vítimas Feridas,Pleno dia,Crescente,Sol,Dupla,Não Informado,Não,2,0,0,1,1,0,1,2,"-19,88921326","-44,58977508",SPRF-MG,DEL01-MG,UOP03-DEL01-MG
377857.0,2021-08-18,quarta-feira,14:15:00,MG,262.0,"698,9",ARAXA,Ausência de reação do condutor,Colisão frontal,Com Vítimas Fatais,Pleno dia,Decrescente,Céu Claro,Simples,Reta,Não,2,1,0,0,1,0,0,2,"-19,5692159","-47,01763675",SPRF-MG,DEL08-MG,UOP01-DEL08-MG
377889.0,2021-08-18,quarta-feira,17:00:00,MG,40.0,"315,3",TRES MARIAS,Transitar na contramão,Colisão frontal,Com Vítimas Fatais,Pleno dia,Crescente,Céu Claro,Simples,Reta,Não,3,2,0,0,1,0,0,2,"-18,47295293","-45,0602201",SPRF-MG,DEL14-MG,UOP02-DEL14-MG
377991.0,2021-08-19,quinta-feira,13:20:00,MG,40.0,"416,7",CURVELO,Ausência de reação do condutor,Engavetamento,Com Vítimas Fatais,Pleno dia,Decrescente,Céu Claro,Simples,Reta,Não,5,1,0,0,4,0,0,5,"-19,15189442","-44,60268049",SPRF-MG,DEL02-MG,UOP01-DEL02-MG
378010.0,2021-08-19,quinta-feira,15:15:00,MG,153.0,"132,4",PRATA,Ausência de reação do condutor,Colisão traseira,Sem Vítimas,Pleno dia,Decrescente,Céu Claro,Simples,Não Informado,Não,3,0,0,0,2,1,0,2,"-19,49973068","-48,85139954",SPRF-MG,DEL15-MG,UOP03-DEL15-MG
378029.0,2021-08-19,quinta-feira,15:10:00,MG,116.0,"314,5",ITAMBACURI,Condutor deixou de manter distância do veículo da frente,Colisão traseira,Com Vítimas Feridas,Pleno dia,Decrescente,Céu Claro,Simples,Reta,Não,3,0,1,0,2,0,1,2,"-18,10236406","-41,68963076",SPRF-MG,DEL11-MG,UOP01-DEL11-MG
378053.0,2021-08-19,quinta-feira,08:05:00,MG,381.0,212,NAQUE,Pista em desnível,Tombamento,Com Vítimas Feridas,Pleno dia,Decrescente,Nublado,Simples,Curva,Não,1,0,1,0,0,0,1,1,"-19,24611089","-42,33758028",SPRF-MG,DEL06-MG,UOP01-DEL06-MG
378109.0,2021-08-20,sexta-feira,00:15:00,MG,267.0,"277,9",AIURUOCA,Velocidade Incompatível,Tombamento,Com Vítimas Fatais,Plena Noite,Decrescente,Céu Claro,Simples,Não Informado,Não,2,2,0,0,0,0,0,1,"-21,93263164","-44,70242991",SPRF-MG,DEL17-MG,UOP01-DEL17-MG
378119.0,2021-08-19,quinta-feira,23:05:00,MG,262.0,827,UBERABA,Ausência de reação do condutor,Saída de leito carroçável,Com Vítimas Fatais,Plena Noite,Decrescente,Céu Claro,Simples,Viaduto,Não,1,1,0,0,0,0,0,1,"-19,74647608","-48,17757607",SPRF-MG,DEL13-MG,UOP01-DEL13-MG
378135.0,2021-08-20,sexta-feira,06:15:00,MG,262.0,"127,9",RIO CASCA,Velocidade Incompatível,Tombamento,Sem Vítimas,Amanhecer,Crescente,Nublado,Simples,Curva,Não,1,0,0,0,1,0,0,1,"-20,18090294","-42,69776582",SPRF-MG,DEL03-MG,UOP03-DEL03-MG
378152.0,2021-08-20,sexta-feira,07:55:00,MG,40.0,749,SANTOS DUMONT,Velocidade Incompatível,Tombamento,Com Vítimas Feridas,Pleno dia,Crescente,Céu Claro,Simples,Curva,Não,2,0,0,1,1,0,1,2,"-21,447874","-43,55738803",SPRF-MG,DEL05-MG,UOP01-DEL05-MG
378173.0,2021-08-20,sexta-feira,06:00:00,MG,40.0,"204,3",JOAO PINHEIRO,Condutor Dormindo,Tombamento,Com Vítimas Feridas,Pleno dia,Crescente,Céu Claro,Simples,Não Informado,Não,1,0,1,0,0,0,1,1,"-17,99104545","-45,78253011",SPRF-MG,DEL14-MG,UOP02-DEL14-MG
378185.0,2021-08-20,sexta-feira,12:00:00,MG,381.0,498,BETIM,Manobra de mudança de faixa,Colisão traseira,Com Vítimas Feridas,Pleno dia,Decrescente,Céu Claro,Dupla,Reta,Sim,3,0,1,0,2,0,1,3,"-20,01172662","-44,21976041",SPRF-MG,DEL01-MG,UOP03-DEL01-MG
378203.0,2021-08-20,sexta-feira,13:40:00,MG,40.0,"458,9",SETE LAGOAS,Reação tardia ou ineficiente do condutor,Colisão traseira,Com Vítimas Fatais,Pleno dia,Crescente,Céu Claro,Dupla,Não Informado,Não,2,1,0,0,1,0,0,2,"-19,380294","-44,33825395",SPRF-MG,DEL02-MG,UOP01-DEL02-MG
378306.0,2021-08-20,sexta-feira,19:00:00,MG,40.0,"638,4",CONSELHEIRO LAFAIETE,Pedestre cruzava a pista fora da faixa,Atropelamento de Pedestre,Com Vítimas Feridas,Plena Noite,Decrescente,Céu Claro,Simples,Reta,Não,2,0,1,0,1,0,1,1,"-20,72342022","-43,80026653",SPRF-MG,DEL05-MG,UOP02-DEL05-MG
378327.0,2021-08-21,sábado,00:20:00,MG,381.0,"671,4",PERDOES,Reação tardia ou ineficiente do condutor,Colisão traseira,Com Vítimas Feridas,Plena Noite,Decrescente,Céu Claro,Dupla,Não Informado,Não,2,0,1,0,1,0,1,2,"-21,08945416","-45,06864195",SPRF-MG,DEL04-MG,UOP02-DEL04-MG
378351.0,2021-08-21,sábado,01:30:00,MG,116.0,"269,2",TEOFILO OTONI,Condutor Dormindo,Colisão com objeto,Com Vítimas Feridas,Plena Noite,Crescente,Céu Claro,Simples,Não Informado,Não,1,0,1,0,0,0,1,1,"-17,796142","-41,501159",SPRF-MG,DEL11-MG,UOP01-DEL11-MG
378357.0,2021-08-21,sábado,00:30:00,MG,267.0,"262,6",AIURUOCA,Velocidade Incompatível,Tombamento,Com Vítimas Feridas,Plena Noite,Decrescente,Céu Claro,Simples,Curva,Não,1,0,1,0,0,0,1,1,"-21,93725204","-44,5709875",SPRF-MG,DEL17-MG,UOP01-DEL17-MG
378369.0,2021-08-21,sábado,06:00:00,MG,262.0,369,JUATUBA,Ingestão de álcool e/ou substâncias psicoativas pelo pedestre,Colisão traseira,Com Vítimas Feridas,Pleno dia,Crescente,Céu Claro,Dupla,Reta,Não,3,0,2,0,1,0,2,2,"-19,970807","-44,289881",SPRF-MG,DEL01-MG,UOP03-DEL01-MG
378370.0,2021-08-21,sábado,05:30:00,MG,40.0,587,ITABIRITO,Ausência de reação do condutor,Colisão traseira,Com Vítimas Feridas,Amanhecer,Decrescente,Céu Claro,Simples,Reta,Não,2,0,1,0,1,0,1,2,"-20,34858326","-43,92200604",SPRF-MG,DEL01-MG,UOP02-DEL01-MG
378391.0,2021-08-21,sábado,07:40:00,MG,40.0,"740,2",SANTOS DUMONT,Velocidade Incompatível,Colisão frontal,Com Vítimas Feridas,Pleno dia,Decrescente,Céu Claro,Simples,Curva,Não,1,0,1,0,0,0,1,1,"-21,39953901","-43,56507286",SPRF-MG,DEL05-MG,UOP01-DEL05-MG
378413.0,2021-08-21,sábado,10:40:00,MG,381.0,358,JOAO MONLEVADE,Condutor deixou de manter distância do veículo da frente,Colisão traseira,Sem Vítimas,Pleno dia,Crescente,Céu Claro,Simples,Rotatória,Sim,2,0,0,0,2,0,0,2,"-19,83800586","-43,18975752",SPRF-MG,DEL03-MG,UOP01-DEL03-MG