id,data_inversa,dia_semana,horario,uf,br,km,municipio,causa_acidente,tipo_acidente,classificacao_acidente,fase_dia,sentido_via,condicao_metereologica,tipo_pista,tracado_via,uso_solo,pessoas,mortos,feridos_leves,feridos_graves,ilesos,ignorados,feridos,veiculos,latitude,longitude,regional,delegacia,uop
380412.0,2021-08-31,terça-feira,02:45:00,MG,381.0,483,BETIM,Velocidade Incompatível,Tombamento,Sem Vítimas,Plena Noite,Decrescente,Céu Claro,Múltipla,Curva,Sim,1,0,0,0,1,0,0,1,"-19,95594491","-44,10721699",SPRF-MG,DEL01-MG,UOP03-DEL01-MG
380420.0,2021-08-30,segunda-feira,23:52:00,MG,50.0,81,UBERLANDIA,Ingestão de álcool pelo condutor,Saída de leito carroçável,Sem Vítimas,Plena Noite,Decrescente,Céu Claro,Simples,Viaduto,Sim,1,0,0,0,0,1,0,1,"-18,986906","-48,211853",SPRF-MG,DEL15-MG,UOP01-DEL15-MG
380452.0,2021-08-31,terça-feira,08:35:00,MG,381.0,"845,5",SAO SEBASTIAO DA BELA VISTA,Ausência de reação do condutor,Engavetamento,Com Vítimas Fatais,Pleno dia,Crescente,Céu Claro,Dupla,Não Informado,Não,6,2,0,0,4,0,0,4,"-22,23698876","-45,87928703",SPRF-MG,DEL16-MG,UOP01-DEL16-MG
380456.0,2021-08-31,terça-feira,07:20:00,MG,40.0,474,SETE LAGOAS,Acumulo de água sobre o pavimento,Saída de leito carroçável,Com Vítimas Feridas,Pleno dia,Decrescente,Chuva,Dupla,Desvio Temporário,Não,3,0,1,0,2,0,1,2,"-19,49804878","-44,27929974",SPRF-MG,DEL02-MG,UOP01-DEL02-MG
380480.0,2021-08-31,terça-feira,08:40:00,MG,262.0,"104,9",SANTO ANTONIO DO GRAMA,Condutor deixou de manter distância do veículo da frente,Colisão traseira,Com Vítimas Feridas,Pleno dia,Crescente,Céu Claro,Simples,Reta,Não,2,0,1,0,1,0,1,2,"-20,29194628","-42,54722618",SPRF-MG,DEL03-MG,UOP03-DEL03-MG
380505.0,2021-08-30,segunda-feira,22:30:00,MG,381.0,370,SAO GONCALO DO RIO ABAIXO,Reação tardia ou ineficiente do condutor,Colisão lateral sentido oposto,Com Vítimas Feridas,Plena Noite,Crescente,Céu Claro,Simples,Não Informado,Não,7,0,3,4,0,0,7,3,"-19,85037766","-43,30242668",SPRF-MG,DEL01-MG,UOP01-DEL01-MG
380521.0,2021-08-31,terça-feira,09:50:00,MG,381.0,617,OLIVEIRA,Avarias e/ou desgaste excessivo no pneu,Tombamento,Com Vítimas Feridas,Pleno dia,Crescente,Nublado,Simples,Curva,Não,1,0,1,0,0,0,1,1,"-20,72914","-44,773652",SPRF-MG,DEL04-MG,UOP01-DEL04-MG
380590.0,2021-08-31,terça-feira,08:02:00,MG,381.0,"771,9",CAMPANHA,Condutor Dormindo,Colisão traseira,Com Vítimas Feridas,Pleno dia,Decrescente,Céu Claro,Dupla,Reta,Não,2,0,1,0,1,0,1,2,"-21,77052","-45,4242",SPRF-MG,DEL16-MG,UOP02-DEL16-MG
380611.0,2021-09-01,quarta-feira,03:35:00,MG,381.0,"747,8",TRES CORACOES,Velocidade Incompatível,Colisão traseira,Com Vítimas Feridas,Plena Noite,Decrescente,Céu Claro,Dupla,Reta,Não,2,0,1,0,1,0,1,2,"-21,656366","-45,301823",SPRF-MG,DEL16-MG,UOP02-DEL16-MG
380615.0,2021-09-01,quarta-feira,05:30:00,MG,262.0,137,RIO CASCA,Condutor Dormindo,Colisão frontal,Sem Vítimas,Plena Noite,Crescente,Céu Claro,Simples,Curva,Não,2,0,0,0,2,0,0,2,"-20,09616383","-42,70044267",SPRF-MG,DEL03-MG,UOP03-DEL03-MG
380626.0,2021-08-31,terça-feira,15:00:00,MG,40.0,183,JOAO PINHEIRO,Condutor Dormindo,Colisão lateral sentido oposto,Com Vítimas Fatais,Pleno dia,Decrescente,Céu Claro,Simples,Curva,Não,2,1,0,0,1,0,0,2,"-17,98758522","-45,96009124",SPRF-MG,DEL14-MG,UOP02-DEL14-MG
380666.0,2021-07-17,sábado,18:52:00,MG,365.0,768,ITUIUTABA,Acessar a via sem observar a presença dos outros veículos,Colisão transversal,Com Vítimas Feridas,Plena Noite,Crescente,Céu Claro,Simples,Reta,Não,2,0,1,0,1,0,1,2,"-18,96224029","-49,59311301",SPRF-MG,DEL15-MG,UOP03-DEL15-MG
380671.0,2021-09-01,quarta-feira,10:50:00,MG,381.0,7,BETIM,Restrição de visibilidade em curvas horizontais,Colisão traseira,Sem Vítimas,Pleno dia,Crescente,Céu Claro,Dupla,Curva,Sim,4,0,0,0,4,0,0,2,"-19,96825","-44,198708",SPRF-MG,DEL01-MG,UOP03-DEL01-MG
380679.0,2021-09-01,quarta-feira,12:00:00,MG,381.0,2,BETIM,Velocidade Incompatível,Colisão traseira,Com Vítimas Feridas,Pleno dia,Crescente,Céu Claro,Dupla,Não Informado,Não,3,0,2,0,1,0,2,2,"-19,96825","-44,198708",SPRF-MG,DEL01-MG,UOP03-DEL01-MG
380701.0,2021-09-01,quarta-feira,12:30:00,MG,365.0,494,PATROCINIO,Demais falhas mecânicas ou elétricas,Colisão com objeto,Com Vítimas Feridas,Pleno dia,Crescente,Céu Claro,Dupla,Reta,Não,2,0,1,0,1,0,1,2,"-18,91487729","-47,19474693",SPRF-MG,DEL10-MG,UOP01-DEL10-MG
380772.0,2021-09-01,quarta-feira,18:05:00,MG,381.0,705,LAVRAS,Velocidade Incompatível,Tombamento,Com Vítimas Feridas,Anoitecer,Decrescente,Ignorado,Dupla,Curva,Não,1,0,1,0,0,0,1,1,"-21,34965018","-45,17946289",SPRF-MG,DEL04-MG,UOP02-DEL04-MG
380804.0,2021-09-02,quinta-feira,02:20:00,MG,50.0,"54,1",ARAGUARI,Reação tardia ou ineficiente do condutor,Tombamento,Sem Vítimas,Plena Noite,Decrescente,Céu Claro,Dupla,Não Informado,Não,1,0,0,0,1,0,0,1,"-18,76664393","-48,24409132",SPRF-MG,DEL15-MG,UOP02-DEL15-MG
380831.0,2021-09-02,quinta-feira,06:40:00,MG,40.0,283,TRES MARIAS,Reação tardia ou ineficiente do condutor,Colisão lateral mesmo sentido,Sem Vítimas,Pleno dia,Crescente,Céu Claro,Simples,Reta,Não,2,0,0,0,2,0,0,2,"-18,25100046","-45,19333595",SPRF-MG,DEL14-MG,UOP02-DEL14-MG
380858.0,2021-09-02,quinta-feira,10:20:00,MG,116.0,"778,6",LEOPOLDINA,Velocidade Incompatível,Tombamento,Com Vítimas Feridas,Pleno dia,Crescente,Nublado,Simples,Curva,Não,1,0,0,1,0,0,1,1,"-21,60159985","-42,69912624",SPRF-MG,DEL07-MG,UOP01-DEL07-MG
380867.0,2021-09-02,quinta-feira,14:15:00,MG,251.0,"427,6",GRAO MOGOL,Velocidade Incompatível,Tombamento,Com Vítimas Feridas,Pleno dia,Decrescente,Céu Claro,Simples,Curva,Não,1,0,1,0,0,0,1,1,"-16,33690716","-43,13798285",SPRF-MG,DEL12-MG,UOP01-DEL12-MG
380892.0,2021-09-02,quinta-feira,17:15:00,MG,381.0,281,JAGUARACU,Avarias e/ou desgaste excessivo no pneu,Colisão com objeto,Com Vítimas Feridas,Pleno dia,Decrescente,Céu Claro,Simples,Reta,Não,3,0,0,1,1,1,1,2,"-19,58055602","-42,72605203",SPRF-MG,DEL03-MG,UOP02-DEL03-MG
380907.0,2021-09-02,quinta-feira,09:00:00,MG,116.0,"161,5",PONTO DOS VOLANTES,Transitar na contramão,Colisão lateral sentido oposto,Com Vítimas Feridas,Pleno dia,Decrescente,Céu Claro,Simples,Curva,Não,6,0,1,1,1,3,2,3,"-16,94236685","-41,45959948",SPRF-MG,DEL11-MG,UOP02-DEL11-MG
380937.0,2021-09-02,quinta-feira,22:30:00,MG,365.0,"657,7",MONTE ALEGRE DE MINAS,Reação tardia ou ineficiente do condutor,Colisão lateral mesmo sentido,Com Vítimas Feridas,Plena Noite,Crescente,Céu Claro,Dupla,Reta,Não,2,0,1,0,1,0,1,2,"-18,88680604","-48,61512899",SPRF-MG,DEL15-MG,UOP01-DEL15-MG
380960.0,2021-09-03,sexta-feira,03:00:00,MG,40.0,"821,7",SIMAO PEREIRA,Condutor Dormindo,Colisão traseira,Com Vítimas Feridas,Plena Noite,Decrescente,Céu Claro,Dupla,Reta,Não,2,0,1,0,1,0,1,2,"-21,94462709","-43,30383414",SPRF-MG,DEL05-MG,UOP01-DEL05-MG
380975.0,2021-09-03,sexta-feira,06:50:00,MG,251.0,"514,6",MONTES CLAROS,Reação tardia ou ineficiente do condutor,Colisão traseira,Com Vítimas Feridas,Pleno dia,Decrescente,Sol,Simples,Reta,Não,2,0,1,0,1,0,1,2,"-16,65853004","-43,735423",SPRF-MG,DEL12-MG,UOP01-DEL12-MG
381073.0,2021-09-03,sexta-feira,15:35:00,MG,381.0,680,PERDOES,Reação tardia ou ineficiente do condutor,Colisão traseira,Com Vítimas Feridas,Pleno dia,Crescente,Céu Claro,Dupla,Reta,Não,2,0,1,0,1,0,1,2,"-21,15537584","-45,11394611",SPRF-MG,DEL04-MG,UOP02-DEL04-MG
381122.0,2021-09-03,sexta-feira,18:30:00,MG,116.0,"654,5",SAO FRANCISCO DO GLORIA,Mal súbito do condutor,Colisão lateral sentido oposto,Com Vítimas Feridas,Plena Noite,Crescente,Céu Claro,Simples,Curva,Não,3,0,2,0,1,0,2,3,"-20,74096952","-42,28631442",SPRF-MG,DEL07-MG,UOP03-DEL07-MG
381128.0,2021-09-03,sexta-feira,19:25:00,MG,262.0,"474,5",BOM DESPACHO,Acesso irregular,Colisão com objeto,Sem Vítimas,Plena Noite,Decrescente,Céu Claro,Simples,Reta,Não,1,0,0,0,1,0,0,1,"-19,79064386","-45,19331799",SPRF-MG,DEL08-MG,UOP03-DEL08-MG
381143.0,2021-09-03,sexta-feira,16:15:00,MG,251.0,"473,9",FRANCISCO SA,Ultrapassagem Indevida,Colisão traseira,Sem Vítimas,Pleno dia,Crescente,Céu Claro,Simples,Não Informado,Não,1,0,0,0,1,0,0,1,"-16,47012768","-43,44753404",SPRF-MG,DEL12-MG,UOP01-DEL12-MG
381153.0,2021-09-03,sexta-feira,18:50:00,MG,381.0,"671,3",PERDOES,Velocidade Incompatível,Colisão traseira,Com Vítimas Feridas,Plena Noite,Crescente,Céu Claro,Dupla,Reta,Não,5,0,2,1,2,0,3,3,"-21,0637429","-45,05205573",SPRF-MG,DEL04-MG,UOP02-DEL04-MG
381166.0,2021-09-03,sexta-feira,18:00:00,MG,50.0,"109,2",UBERABA,Condutor Dormindo,Saída de leito carroçável,Com Vítimas Feridas,Anoitecer,Crescente,Céu Claro,Dupla,Reta,Não,2,0,1,0,1,0,1,2,"-19,21477497","-48,1473349",SPRF-MG,DEL13-MG,UOP01-DEL13-MG
381184.0,2021-09-03,sexta-feira,17:20:00,MG,365.0,"393,3",PATOS DE MINAS,Velocidade Incompatível,Tombamento,Sem Vítimas,Anoitecer,Decrescente,Céu Claro,Simples,Curva,Não,1,0,0,0,1,0,0,1,"-18,63481872","-46,34836686",SPRF-MG,DEL10-MG,UOP01-DEL10-MG
381198.0,2021-09-03,sexta-feira,23:30:00,MG,381.0,"943,8",EXTREMA,Condutor deixou de manter distância do veículo da frente,Colisão traseira,Com Vítimas Feridas,Plena Noite,Decrescente,Céu Claro,Dupla,Reta,Não,2,0,1,0,0,1,1,2,"-22,87018424","-46,3581479",SPRF-MG,DEL16-MG,UOP03-DEL16-MG
381200.0,2021-09-03,sexta-feira,22:05:00,MG,116.0,"712,8",MURIAE,Velocidade Incompatível,Tombamento,Com Vítimas Feridas,Plena Noite,Decrescente,Céu Claro,Simples,Curva,Não,1,0,1,0,0,0,1,1,"-21,17559299","-42,37196176",SPRF-MG,DEL07-MG,UOP02-DEL07-MG
381250.0,2021-09-04,sábado,07:00:00,MG,267.0,"74,7",JUIZ DE FORA,Velocidade Incompatível,Tombamento,Com Vítimas Feridas,Pleno dia,Decrescente,Céu Claro,Simples,Curva,Não,1,0,0,1,0,0,1,1,"-21,7621303","-43,23188782",SPRF-MG,DEL05-MG,UOP01-DEL05-MG
381293.0,2021-09-04,sábado,09:56:00,MG,40.0,658,CARANDAI,Acessar a via sem observar a presença dos outros veículos,Colisão transversal,Sem Vítimas,Pleno dia,Crescente,Céu Claro,Simples,Retorno Regulamentado,Sim,3,0,0,0,3,0,0,2,"-20,88523519","-43,80990585",SPRF-MG,DEL05-MG,UOP02-DEL05-MG
381315.0,2021-09-04,sábado,10:10:00,MG,262.0,"24,8",REDUTO,Demais falhas mecânicas ou elétricas,Saída de leito carroçável,Com Vítimas Feridas,Pleno dia,Crescente,Céu Claro,Simples,Desvio Temporário,Não,1,0,1,0,0,0,1,1,"-20,24814827","-41,94094189",SPRF-MG,DEL06-MG,UOP04-DEL06-MG
381350.0,2021-09-04,sábado,14:25:00,MG,116.0,"275,6",TEOFILO OTONI,Ingestão de álcool pelo condutor,Colisão frontal,Com Vítimas Feridas,Pleno dia,Crescente,Céu Claro,Simples,Reta,Sim,2,0,1,0,1,0,1,2,"-17,84235093","-41,51410418",SPRF-MG,DEL11-MG,UOP01-DEL11-MG
381352.0,2021-09-04,sábado,03:20:00,MG,365.0,706,MONTE ALEGRE DE MINAS,Ausência de reação do condutor,Saída de leito carroçável,Com Vítimas Feridas,Plena Noite,Crescente,Céu Claro,Dupla,Rotatória,Sim,2,0,1,1,0,0,2,1,"-18,8789182","-49,05482003",SPRF-MG,DEL15-MG,UOP03-DEL15-MG
381404.0,2021-09-04,sábado,06:45:00,MG,40.0,614,CONGONHAS,Transitar na contramão,Colisão lateral sentido oposto,Com Vítimas Feridas,Plena Noite,Decrescente,Céu Claro,Simples,Curva,Não,2,0,0,1,1,0,1,2,"-20,52977973","-43,82351464",SPRF-MG,DEL05-MG,UOP02-DEL05-MG
381430.0,2021-09-04,sábado,19:20:00,MG,116.0,"701,5",MURIAE,Acessar a via sem observar a presença dos outros veículos,Colisão lateral mesmo sentido,Com Vítimas Feridas,Plena Noite,Crescente,Nublado,Simples,Reta,Sim,3,0,1,0,0,2,1,2,"-21,11084891","-42,3806104",SPRF-MG,DEL07-MG,UOP02-DEL07-MG
381594.0,2021-09-05,domingo,11:40:00,MG,365.0,66,JEQUITAI,Velocidade Incompatível,Tombamento,Com Vítimas Feridas,Pleno dia,Crescente,Céu Claro,Simples,Não Informado,Não,2,0,1,0,1,0,1,1,"-17,04887701","-44,32704498",SPRF-MG,DEL12-MG,UOP01-DEL12-MG
381661.0,2021-09-05,domingo,18:25:00,MG,116.0,"374,2",FREI INOCENCIO,Ultrapassagem Indevida,Colisão lateral mesmo sentido,Com Vítimas Feridas,Plena Noite,Decrescente,Céu Claro,Dupla,Rotatória,Sim,2,0,0,1,1,0,1,2,"-18,57167276","-41,91082732",SPRF-MG,DEL11-MG,UOP01-DEL11-MG
381695.0,2021-09-05,domingo,19:10:00,MG,116.0,19,CACHOEIRA DE PAJEU,Transitar na contramão,Colisão frontal,Com Vítimas Fatais,Plena Noite,Decrescente,Céu Claro,Simples,Curva,Não,2,1,0,0,1,0,0,2,"-15,83359978","-41,39437908",SPRF-BA,DEL08-BA,UOP03-DEL08-BA
381736.0,2021-09-05,domingo,23:00:00,MG,381.0,"633,9",OLIVEIRA,Transitar na contramão,Colisão frontal,Com Vítimas Fatais,Plena Noite,Decrescente,Ignorado,Dupla,Não Informado,Não,2,1,1,0,0,0,1,2,"-20,86933705","-44,84336892",SPRF-MG,DEL04-MG,UOP01-DEL04-MG
381802.0,2021-09-05,domingo,16:00:00,MG,251.0,201,AGUAS VERMELHAS,Ausência de reação do condutor,Tombamento,Sem Vítimas,Pleno dia,Decrescente,Céu Claro,Simples,Desvio Temporário,Não,1,0,0,0,1,0,0,1,"-15,8605301","-41,48855307",SPRF-MG,DEL11-MG,UOP02-DEL11-MG
381808.0,2021-09-06,segunda-feira,10:00:00,MG,381.0,507,SAO JOAQUIM DE BICAS,Ausência de reação do condutor,Colisão traseira,Com Vítimas Feridas,Pleno dia,Crescente,Sol,Dupla,Reta,Sim,2,0,0,1,1,0,1,2,"-20,05643192","-44,28663308",SPRF-MG,DEL01-MG,UOP03-DEL01-MG
381896.0,2021-09-06,segunda-feira,14:00:00,MG,381.0,668,PERDOES,Demais falhas mecânicas ou elétricas,Incêndio,Sem Vítimas,Pleno dia,Decrescente,Céu Claro,Dupla,Reta,Não,1,0,0,0,1,0,0,1,"-21,06787894","-45,05229868",SPRF-MG,DEL04-MG,UOP02-DEL04-MG
381898.0,2021-09-06,segunda-feira,16:50:00,MG,50.0,"77,3",UBERLANDIA,Velocidade Incompatível,Tombamento,Com Vítimas Feridas,Pleno dia,Crescente,Sol,Simples,Não Informado,Sim,1,0,1,0,0,0,1,1,"-18,93820959","-48,22084271",SPRF-MG,DEL15-MG,UOP01-DEL15-MG
381900.0,2021-09-06,segunda-feira,18:20:00,MG,381.0,442,SABARA,Entrada inopinada do pedestre,Atropelamento de Pedestre,Com Vítimas Feridas,Plena Noite,Crescente,Céu Claro,Simples,Reta,Sim,5,0,0,1,0,4,1,1,"-19,80957099","-43,77260238",SPRF-MG,DEL01-MG,UOP01-DEL01-MG
381906.0,2021-09-06,segunda-feira,18:40:00,MG,40.0,500,ESMERALDAS,Demais falhas mecânicas ou elétricas,Incêndio,Sem Vítimas,Anoitecer,Decrescente,Céu Claro,Dupla,Reta,Não,1,0,0,0,1,0,0,1,"-19,70073502","-44,17382703",SPRF-MG,DEL02-MG,UOP01-DEL02-MG
381916.0,2021-09-06,segunda-feira,16:30:00,MG,40.0,"699,1",BARBACENA,Carga excessiva e/ou mal acondicionada,Tombamento,Com Vítimas Feridas,Pleno dia,Decrescente,Céu Claro,Dupla,Interseção de vias,Sim,1,0,1,0,0,0,1,1,"-21,17760699","-43,75627477",SPRF-MG,DEL05-MG,UOP02-DEL05-MG
381977.0,2021-09-07,terça-feira,03:10:00,MG,381.0,943,EXTREMA,Ausência de reação do condutor,Colisão traseira,Com Vítimas Feridas,Plena Noite,Decrescente,Ignorado,Dupla,Reta,Não,2,0,1,0,1,0,1,2,"-22,87018424","-46,3581479",SPRF-MG,DEL16-MG,UOP03-DEL16-MG
381990.0,2021-09-07,terça-feira,05:45:00,MG,50.0,"70,9",UBERLANDIA,Trafegar com motocicleta (ou similar) entre as faixas,Tombamento,Com Vítimas Fatais,Amanhecer,Crescente,Sol,Dupla,Reta,Sim,2,1,0,0,1,0,0,2,"-18,85140204","-48,25345932",SPRF-MG,DEL15-MG,UOP01-DEL15-MG
382006.0,2021-09-07,terça-feira,09:20:00,MG,40.0,"548,2",NOVA LIMA,Ausência de reação do condutor,Saída de leito carroçável,Com Vítimas Feridas,Pleno dia,Decrescente,Céu Claro,Dupla,Não Informado,Sim,1,0,1,0,0,0,1,1,"-20,03136499","-43,96967792",SPRF-MG,DEL01-MG,UOP02-DEL01-MG
382082.0,2021-09-07,terça-feira,16:05:00,MG,381.0,"745,7",TRES CORACOES,Demais Fenômenos da natureza,Colisão traseira,Com Vítimas Feridas,Pleno dia,Crescente,Sol,Dupla,Não Informado,Não,3,0,1,1,1,0,2,2,"-21,61429521","-45,25936961",SPRF-MG,DEL16-MG,UOP02-DEL16-MG
382138.0,2021-09-07,terça-feira,20:05:00,MG,381.0,455,BELO HORIZONTE,Conversão proibida,Colisão transversal,Sem Vítimas,Plena Noite,Crescente,Céu Claro,Simples,Não Informado,Sim,2,0,0,0,2,0,0,2,"-19,85777408","-43,90468298",SPRF-MG,DEL01-MG,UOP01-DEL01-MG
382287.0,2021-09-08,quarta-feira,14:15:00,MG,40.0,"457,2",CAETANOPOLIS,Demais falhas na via,Incêndio,Sem Vítimas,Pleno dia,Crescente,Céu Claro,Dupla,Reta,Não,1,0,0,0,1,0,0,1,"-19,371466","-44,336132",SPRF-MG,DEL02-MG,UOP01-DEL02-MG
382292.0,2021-09-08,quarta-feira,14:40:00,MG,381.0,"738,5",TRES CORACOES,Condutor Dormindo,Saída de leito carroçável,Com Vítimas Feridas,Pleno dia,Decrescente,Sol,Dupla,Não Informado,Não,2,0,1,0,1,0,1,2,"-21,59061397","-45,23701072",SPRF-MG,DEL16-MG,UOP02-DEL16-MG
382330.0,2021-09-08,quarta-feira,17:40:00,MG,381.0,"750,2",TRES CORACOES,Velocidade Incompatível,Saída de leito carroçável,Com Vítimas Feridas,Anoitecer,Crescente,Céu Claro,Dupla,Curva,Não,1,0,1,0,0,0,1,1,"-21,66711081","-45,31607202",SPRF-MG,DEL16-MG,UOP02-DEL16-MG
382335.0,2021-09-08,quarta-feira,20:00:00,MG,50.0,72,UBERLANDIA,Entrada inopinada do pedestre,Atropelamento de Pedestre,Com Vítimas Fatais,Plena Noite,Crescente,Céu Claro,Dupla,Reta,Sim,2,1,0,0,1,0,0,1,"-18,85140204","-48,25345932",SPRF-MG,DEL15-MG,UOP01-DEL15-MG
382364.0,2021-09-09,quinta-feira,04:50:00,MG,40.0,405,CURVELO,Condutor Dormindo,Colisão traseira,Com Vítimas Feridas,Amanhecer,Crescente,Céu Claro,Simples,Reta,Não,2,0,1,0,1,0,1,2,"-19,07431507","-44,65434358",SPRF-MG,DEL02-MG,UOP01-DEL02-MG
382367.0,2021-09-09,quinta-feira,04:55:00,MG,116.0,220,CATUJI,Ausência de reação do condutor,Tombamento,Com Vítimas Feridas,Amanhecer,Decrescente,Céu Claro,Simples,Curva,Não,1,0,1,0,0,0,1,1,"-17,40682777","-41,51524967",SPRF-MG,DEL11-MG,UOP01-DEL11-MG
382469.0,2021-09-08,quarta-feira,08:30:00,MG,267.0,"21,4",ARGIRITA,Velocidade Incompatível,Colisão com objeto,Sem Vítimas,Pleno dia,Crescente,Nublado,Simples,Não Informado,Não,1,0,0,0,1,0,0,1,"-21,59274447","-42,78538272",SPRF-MG,DEL07-MG,UOP01-DEL07-MG
382476.0,2021-09-09,quinta-feira,14:20:00,MG,50.0,"82,8",UBERLANDIA,Ausência de reação do condutor,Colisão traseira,Com Vítimas Feridas,Pleno dia,Crescente,Céu Claro,Dupla,Não Informado,Não,3,0,1,0,1,1,1,2,"-18,9884408","-48,21247101",SPRF-MG,DEL15-MG,UOP01-DEL15-MG
382526.0,2021-09-09,quinta-feira,20:40:00,MG,262.0,"477,8",BOM DESPACHO,Acessar a via sem observar a presença dos outros veículos,Colisão transversal,Com Vítimas Feridas,Plena Noite,Crescente,Céu Claro,Simples,Interseção de vias,Não,2,0,0,1,1,0,1,2,"-19,7828574","-45,26023865",SPRF-MG,DEL08-MG,UOP03-DEL08-MG
382562.0,2021-09-10,sexta-feira,04:35:00,MG,381.0,"483,2",BETIM,Ausência de reação do condutor,Colisão traseira,Com Vítimas Feridas,Plena Noite,Decrescente,Céu Claro,Dupla,Reta,Sim,2,0,0,1,1,0,1,2,"-19,95594491","-44,10721699",SPRF-MG,DEL01-MG,UOP03-DEL01-MG
382629.0,2021-09-10,sexta-feira,08:50:00,MG,116.0,"716,2",MURIAE,Velocidade Incompatível,Tombamento,Com Vítimas Feridas,Pleno dia,Decrescente,Sol,Simples,Curva,Não,3,0,2,0,0,1,2,1,"-21,21283022","-42,38932659",SPRF-MG,DEL07-MG,UOP02-DEL07-MG
382735.0,2021-09-10,sexta-feira,09:00:00,MG,381.0,407,BOM JESUS DO AMPARO,Sinalização mal posicionada,Colisão traseira,Com Vítimas Feridas,Plena Noite,Decrescente,Céu Claro,Dupla,Reta,Não,2,0,0,1,1,0,1,2,"-19,74905913","-43,54440272",SPRF-MG,DEL01-MG,UOP01-DEL01-MG
382746.0,2021-09-10,sexta-feira,19:50:00,MG,40.0,"599,2",OURO PRETO,Manobra de mudança de faixa,Colisão traseira,Com Vítimas Feridas,Plena Noite,Decrescente,Céu Claro,Simples,Reta,Não,2,0,1,0,1,0,1,2,"-20,42264639","-43,87103002",SPRF-MG,DEL05-MG,UOP02-DEL05-MG
382762.0,2021-09-10,sexta-feira,19:30:00,MG,116.0,"100,8",ITAOBIM,Velocidade Incompatível,Tombamento,Sem Vítimas,Plena Noite,Decrescente,Ignorado,Simples,Curva,Não,3,0,0,0,1,2,0,1,"-16,42963192","-41,49584527",SPRF-MG,DEL11-MG,UOP02-DEL11-MG
382768.0,2021-09-11,sábado,03:00:00,MG,116.0,"277,4",TEOFILO OTONI,Velocidade Incompatível,Colisão traseira,Sem Vítimas,Plena Noite,Decrescente,Céu Claro,Simples,Reta,Sim,2,0,0,0,0,2,0,2,"-17,859945","-41,515144",SPRF-MG,DEL11-MG,UOP01-DEL11-MG
382782.0,2021-09-11,sábado,04:30:00,MG,40.0,"707,2",BARBACENA,Ingestão de álcool pelo condutor,Colisão traseira,Com Vítimas Feridas,Plena Noite,Crescente,Garoa/Chuvisco,Dupla,Reta,Sim,3,0,1,1,1,0,2,2,"-21,24200431","-43,71237539",SPRF-MG,DEL05-MG,UOP02-DEL05-MG
382824.0,2021-09-11,sábado,07:30:00,MG,116.0,"340,9",CAMPANARIO,Velocidade Incompatível,Tombamento,Com Vítimas Fatais,Pleno dia,Decrescente,Céu Claro,Simples,Reta,Não,2,1,0,0,1,0,0,2,"-18,3202008","-41,7590494",SPRF-MG,DEL11-MG,UOP01-DEL11-MG
382834.0,2021-09-11,sábado,11:55:00,MG,40.0,480,SETE LAGOAS,Condutor Dormindo,Colisão traseira,Com Vítimas Feridas,Pleno dia,Decrescente,Céu Claro,Dupla,Reta,Não,2,0,1,0,1,0,1,2,"-19,54293519","-44,2485434",SPRF-MG,DEL02-MG,UOP01-DEL02-MG
382843.0,2021-09-11,sábado,14:10:00,MG,262.0,"20,8",REDUTO,Ausência de reação do condutor,Colisão frontal,Com Vítimas Feridas,Pleno dia,Crescente,Céu Claro,Simples,Não Informado,Não,2,0,0,1,1,0,1,2,"-20,24962505","-41,91079899",SPRF-MG,DEL06-MG,UOP04-DEL06-MG
382873.0,2021-09-11,sábado,11:00:00,MG,116.0,"444,5",ENGENHEIRO CALDAS,Velocidade Incompatível,Saída de leito carroçável,Com Vítimas Fatais,Pleno dia,Crescente,Sol,Simples,Curva,Não,1,1,0,0,0,0,0,1,"-19,10437005","-42,00224908",SPRF-MG,DEL06-MG,UOP02-DEL06-MG
382883.0,2021-09-11,sábado,18:05:00,MG,381.0,481,CONTAGEM,Condutor deixou de manter distância do veículo da frente,Colisão traseira,Com Vítimas Feridas,Anoitecer,Decrescente,Nublado,Dupla,Reta,Sim,2,0,1,0,1,0,1,2,"-19,95931561","-44,08825597",SPRF-MG,DEL01-MG,UOP03-DEL01-MG
382971.0,2021-09-11,sábado,21:50:00,MG,116.0,498,INHAPIM,Demais falhas mecânicas ou elétricas,Incêndio,Sem Vítimas,Plena Noite,Crescente,Nublado,Simples,Não Informado,Não,5,0,0,0,5,0,0,3,"-19,54476495","-42,12568405",SPRF-MG,DEL06-MG,UOP02-DEL06-MG
383035.0,2021-09-12,domingo,06:50:00,MG,381.0,"583,7",CARMOPOLIS DE MINAS,Velocidade Incompatível,Tombamento,Com Vítimas Feridas,Amanhecer,Decrescente,Céu Claro,Dupla,Curva,Não,1,0,1,0,0,0,1,1,"-20,50873462","-44,61176593",SPRF-MG,DEL04-MG,UOP01-DEL04-MG
383078.0,2021-09-12,domingo,12:45:00,MG,267.0,"57,5",GUARARA,Pedestre cruzava a pista fora da faixa,Atropelamento de Pedestre,Com Vítimas Feridas,Pleno dia,Crescente,Céu Claro,Simples,Não Informado,Sim,2,0,1,0,1,0,1,1,"-21,71866407","-43,02859901",SPRF-MG,DEL07-MG,UOP01-DEL07-MG