id,data_inversa,dia_semana,horario,uf,br,km,municipio,causa_acidente,tipo_acidente,classificacao_acidente,fase_dia,sentido_via,condicao_metereologica,tipo_pista,tracado_via,uso_solo,pessoas,mortos,feridos_leves,feridos_graves,ilesos,ignorados,feridos,veiculos,latitude,longitude,regional,delegacia,uop
383114.0,2021-09-12,domingo,16:50:00,MG,459.0,"90,8",CONGONHAL,Chuva,Colisão frontal,Com Vítimas Feridas,Pleno dia,Crescente,Chuva,Simples,Curva,Não,9,0,7,0,0,2,7,3,"-22,179953","-45,994399",SPRF-MG,DEL09-MG,UOP01-DEL09-MG
383243.0,2021-09-13,segunda-feira,08:00:00,MG,116.0,417,GOVERNADOR VALADARES,Entrada inopinada do pedestre,Atropelamento de Pedestre,Com Vítimas Fatais,Pleno dia,Crescente,Sol,Simples,Curva,Não,3,1,0,0,1,1,0,1,"-18,896989","-41,947492",SPRF-MG,DEL06-MG,UOP01-DEL06-MG
383257.0,2021-09-13,segunda-feira,06:45:00,MG,381.0,"652,1",SANTO ANTONIO DO AMPARO,Velocidade Incompatível,Tombamento,Sem Vítimas,Pleno dia,Decrescente,Céu Claro,Dupla,Curva,Não,1,0,0,0,1,0,0,1,"-20,98384831","-44,94479972",SPRF-MG,DEL04-MG,UOP02-DEL04-MG
383322.0,2021-09-13,segunda-feira,14:05:00,MG,262.0,"50,5",MANHUACU,Reação tardia ou ineficiente do condutor,Colisão transversal,Com Vítimas Feridas,Pleno dia,Decrescente,Céu Claro,Simples,Reta,Sim,2,0,1,0,1,0,1,2,"-20,2428055","-42,13652397",SPRF-MG,DEL06-MG,UOP04-DEL06-MG
383334.0,2021-09-13,segunda-feira,15:15:00,MG,365.0,"664,8",MONTE ALEGRE DE MINAS,Ausência de reação do condutor,Colisão traseira,Com Vítimas Feridas,Pleno dia,Crescente,Sol,Dupla,Curva,Não,4,0,0,1,1,2,1,2,"-18,89248","-48,683561",SPRF-MG,DEL15-MG,UOP01-DEL15-MG
383336.0,2021-09-13,segunda-feira,17:05:00,MG,40.0,"610,8",CONGONHAS,Manobra de mudança de faixa,Colisão lateral mesmo sentido,Com Vítimas Feridas,Pleno dia,Crescente,Céu Claro,Simples,Curva,Não,2,0,0,1,1,0,1,2,"-20,5019758","-43,83840447",SPRF-MG,DEL05-MG,UOP02-DEL05-MG
383343.0,2021-09-13,segunda-feira,17:00:00,MG,365.0,"5,5",MONTES CLAROS,Reação tardia ou ineficiente do condutor,Colisão lateral mesmo sentido,Com Vítimas Feridas,Pleno dia,Decrescente,Céu Claro,Simples,Não Informado,Não,3,0,1,0,2,0,1,3,"-16,74574399","-43,88392402",SPRF-MG,DEL12-MG,UOP01-DEL12-MG
383384.0,2021-09-13,segunda-feira,20:30:00,MG,116.0,"526,8",CARATINGA,Objeto estático sobre o leito carroçável,Tombamento,Com Vítimas Feridas,Plena Noite,Crescente,Céu Claro,Simples,Não Informado,Sim,2,0,1,0,1,0,1,2,"-19,77654011","-42,13327989",SPRF-MG,DEL06-MG,UOP02-DEL06-MG
383390.0,2021-09-13,segunda-feira,09:50:00,MG,116.0,"781,3",LEOPOLDINA,Velocidade Incompatível,Tombamento,Com Vítimas Feridas,Pleno dia,Decrescente,Céu Claro,Simples,Não Informado,Não,1,0,1,0,0,0,1,1,"-21,62223589","-42,69312807",SPRF-MG,DEL07-MG,UOP01-DEL07-MG
383391.0,2021-09-13,segunda-feira,21:30:00,MG,50.0,"203,6",DELTA,Ausência de reação do condutor,Colisão traseira,Com Vítimas Feridas,Plena Noite,Decrescente,Céu Claro,Dupla,Reta,Não,2,0,0,1,1,0,1,2,"-19,9638127","-47,79609183",SPRF-MG,DEL13-MG,UOP01-DEL13-MG
383392.0,2021-09-13,segunda-feira,19:30:00,MG,116.0,21,CACHOEIRA DE PAJEU,Reação tardia ou ineficiente do condutor,Colisão traseira,Com Vítimas Feridas,Plena Noite,Decrescente,Céu Claro,Simples,Reta,Não,2,0,0,1,0,1,1,2,"-15,84293113","-41,40943564",SPRF-BA,DEL08-BA,UOP03-DEL08-BA
383403.0,2021-09-14,terça-feira,01:30:00,MG,381.0,"532,1",ITATIAIUCU,Velocidade Incompatível,Saída de leito carroçável,Com Vítimas Fatais,Plena Noite,Decrescente,Céu Claro,Dupla,Curva,Não,2,1,0,1,0,0,1,1,"-20,1904316","-44,38268793",SPRF-MG,DEL04-MG,UOP03-DEL04-MG
383427.0,2021-09-14,terça-feira,07:30:00,MG,116.0,"555,9",MANHUACU,Velocidade Incompatível,Colisão frontal,Com Vítimas Fatais,Pleno dia,Crescente,Sol,Simples,Curva,Não,2,1,0,0,1,0,0,2,"-20,00911074","-42,14328403",SPRF-MG,DEL06-MG,UOP02-DEL06-MG
383446.0,2021-09-14,terça-feira,09:30:00,MG,381.0,478,CONTAGEM,Condutor deixou de manter distância do veículo da frente,Colisão traseira,Com Vítimas Feridas,Pleno dia,Crescente,Céu Claro,Dupla,Reta,Sim,2,0,1,0,1,0,1,2,"-19,96038022","-44,0356607",SPRF-MG,DEL01-MG,UOP03-DEL01-MG
383454.0,2021-09-14,terça-feira,08:30:00,MG,365.0,"614,2",UBERLANDIA,Carga excessiva e/ou mal acondicionada,Colisão com objeto,Sem Vítimas,Pleno dia,Decrescente,Céu Claro,Simples,Viaduto,Não,1,0,0,0,1,0,0,1,"-18,91310717","-48,21968079",SPRF-MG,DEL15-MG,UOP01-DEL15-MG
383474.0,2021-09-14,terça-feira,12:00:00,MG,381.0,"375,8",SAO GONCALO DO RIO ABAIXO,Carga excessiva e/ou mal acondicionada,Colisão frontal,Com Vítimas Feridas,Pleno dia,Decrescente,Sol,Simples,Não Informado,Não,2,0,1,0,1,0,1,2,"-19,846373","-43,306975",SPRF-MG,DEL01-MG,UOP01-DEL01-MG
383577.0,2021-09-15,quarta-feira,01:10:00,MG,262.0,"442,2",NOVA SERRANA,Pedestre andava na pista,Atropelamento de Pedestre,Com Vítimas Feridas,Plena Noite,Decrescente,Céu Claro,Dupla,Reta,Sim,3,0,0,1,1,1,1,1,"-19,8806236","-44,91232265",SPRF-MG,DEL08-MG,UOP03-DEL08-MG
383617.0,2021-09-15,quarta-feira,07:50:00,MG,381.0,"528,7",BRUMADINHO,Velocidade Incompatível,Tombamento,Com Vítimas Feridas,Pleno dia,Decrescente,Céu Claro,Dupla,Curva,Não,1,0,1,0,0,0,1,1,"-20,16368096","-44,36025002",SPRF-MG,DEL04-MG,UOP03-DEL04-MG
383650.0,2021-09-15,quarta-feira,07:20:00,MG,262.0,"431,4",NOVA SERRANA,Velocidade Incompatível,Saída de leito carroçável,Sem Vítimas,Pleno dia,Decrescente,Sol,Dupla,Não Informado,Não,1,0,0,0,1,0,0,1,"-19,89387069","-44,87571716",SPRF-MG,DEL08-MG,UOP03-DEL08-MG
383658.0,2021-09-15,quarta-feira,11:30:00,MG,251.0,"465,5",FRANCISCO SA,Velocidade Incompatível,Tombamento,Com Vítimas Feridas,Pleno dia,Decrescente,Céu Claro,Simples,Curva,Não,2,0,2,0,0,0,2,1,"-16,45710399","-43,40386502",SPRF-MG,DEL12-MG,UOP01-DEL12-MG
383667.0,2021-09-15,quarta-feira,13:50:00,MG,116.0,"414,3",GOVERNADOR VALADARES,Ausência de reação do condutor,Colisão traseira,Com Vítimas Feridas,Pleno dia,Decrescente,Sol,Simples,Reta,Sim,4,0,2,0,2,0,2,3,"-18,88102703","-41,95910802",SPRF-MG,DEL06-MG,UOP01-DEL06-MG
383679.0,2021-09-15,quarta-feira,16:15:00,MG,40.0,"739,6",SANTOS DUMONT,Velocidade Incompatível,Capotamento,Com Vítimas Feridas,Pleno dia,Decrescente,Céu Claro,Simples,Curva,Não,1,0,1,0,0,0,1,1,"-21,394039","-43,56680295",SPRF-MG,DEL05-MG,UOP01-DEL05-MG
383772.0,2021-08-23,segunda-feira,06:50:00,MG,116.0,780,LEOPOLDINA,Velocidade Incompatível,Saída de leito carroçável,Com Vítimas Feridas,Pleno dia,Crescente,Céu Claro,Simples,Curva,Não,1,0,1,0,0,0,1,1,"-21,61482397","-42,69263203",SPRF-MG,DEL07-MG,UOP01-DEL07-MG
383800.0,2021-09-16,quinta-feira,08:50:00,MG,381.0,"329,3",NOVA ERA,Demais falhas mecânicas ou elétricas,Colisão traseira,Com Vítimas Feridas,Pleno dia,Decrescente,Nublado,Dupla,Não Informado,Não,2,0,0,1,1,0,1,2,"-19,78359101","-43,0443485",SPRF-MG,DEL03-MG,UOP01-DEL03-MG
383812.0,2021-09-16,quinta-feira,09:25:00,MG,381.0,"482,9",BETIM,Trafegar com motocicleta (ou similar) entre as faixas,Colisão lateral mesmo sentido,Com Vítimas Feridas,Pleno dia,Crescente,Céu Claro,Dupla,Curva,Sim,3,0,1,0,2,0,1,3,"-19,955532","-44,097209",SPRF-MG,DEL01-MG,UOP03-DEL01-MG
383837.0,2021-09-16,quinta-feira,07:40:00,MG,262.0,"562,8",CORREGO DANTA,Ultrapassagem Indevida,Saída de leito carroçável,Sem Vítimas,Pleno dia,Crescente,Sol,Simples,Curva,Não,4,0,0,0,1,3,0,1,"-19,74565007","-45,95350701",SPRF-MG,DEL08-MG,UOP02-DEL08-MG
383873.0,2021-09-16,quinta-feira,08:20:00,MG,116.0,409,GOVERNADOR VALADARES,Reação tardia ou ineficiente do condutor,Colisão lateral mesmo sentido,Com Vítimas Feridas,Pleno dia,Crescente,Nublado,Dupla,Reta,Sim,2,0,0,1,1,0,1,2,"-18,84318801","-41,9824201",SPRF-MG,DEL06-MG,UOP01-DEL06-MG
383917.0,2021-09-16,quinta-feira,18:15:00,MG,40.0,"468,9",SETE LAGOAS,Pista Escorregadia,Queda de ocupante de veículo,Com Vítimas Feridas,Plena Noite,Decrescente,Céu Claro,Dupla,Reta,Não,4,0,3,0,1,0,3,4,"-19,45630182","-44,30941888",SPRF-MG,DEL02-MG,UOP01-DEL02-MG
383923.0,2021-09-16,quinta-feira,16:40:00,MG,262.0,481,BOM DESPACHO,Condutor Dormindo,Colisão lateral sentido oposto,Com Vítimas Feridas,Pleno dia,Crescente,Céu Claro,Simples,Reta,Não,2,0,1,0,1,0,1,2,"-19,78391921","-45,25713045",SPRF-MG,DEL08-MG,UOP03-DEL08-MG
383927.0,2021-09-16,quinta-feira,18:07:00,MG,251.0,"473,8",FRANCISCO SA,Problema com o freio,Colisão com objeto,Com Vítimas Feridas,Plena Noite,Crescente,Céu Claro,Simples,Não Informado,Não,1,0,1,0,0,0,1,1,"-16,47012768","-43,44753404",SPRF-MG,DEL12-MG,UOP01-DEL12-MG
383933.0,2021-09-16,quinta-feira,19:30:00,MG,267.0,"62,9",BICAS,Transitar na contramão,Colisão lateral sentido oposto,Com Vítimas Feridas,Plena Noite,Crescente,Nublado,Simples,Reta,Não,3,0,2,1,0,0,3,2,"-21,729486","-43,06599",SPRF-MG,DEL05-MG,UOP01-DEL05-MG
383937.0,2021-09-16,quinta-feira,17:20:00,MG,116.0,"759,4",LEOPOLDINA,Reação tardia ou ineficiente do condutor,Saída de leito carroçável,Com Vítimas Feridas,Anoitecer,Decrescente,Ignorado,Simples,Reta,Não,1,0,0,1,0,0,1,1,"-21,50589297","-42,60923908",SPRF-MG,DEL07-MG,UOP01-DEL07-MG
383972.0,2021-09-16,quinta-feira,23:00:00,MG,40.0,"803,9",MATIAS BARBOSA,Reação tardia ou ineficiente do condutor,Colisão traseira,Com Vítimas Feridas,Plena Noite,Decrescente,Ignorado,Dupla,Não Informado,Não,3,0,2,0,1,0,2,2,"-21,85782703","-43,37661004",SPRF-MG,DEL05-MG,UOP01-DEL05-MG
383973.0,2021-09-17,sexta-feira,03:40:00,MG,262.0,"625,7",IBIA,Condutor Dormindo,Colisão traseira,Com Vítimas Feridas,Plena Noite,Crescente,Céu Claro,Simples,Reta,Não,1,0,1,0,0,0,1,1,"-19,576946","-46,442117",SPRF-MG,DEL08-MG,UOP01-DEL08-MG
383993.0,2021-09-09,quinta-feira,18:00:00,MG,262.0,"488,8",BOM DESPACHO,Avarias e/ou desgaste excessivo no pneu,Saída de leito carroçável,Com Vítimas Feridas,Anoitecer,Crescente,Céu Claro,Simples,Reta,Não,5,0,3,0,2,0,3,1,"-19,78442409","-45,32295201",SPRF-MG,DEL08-MG,UOP03-DEL08-MG
383997.0,2021-09-17,sexta-feira,08:15:00,MG,116.0,"776,1",LEOPOLDINA,Conversão proibida,Saída de leito carroçável,Com Vítimas Feridas,Pleno dia,Decrescente,Nublado,Simples,Não Informado,Não,4,0,1,0,3,0,1,3,"-21,59632074","-42,69196405",SPRF-MG,DEL07-MG,UOP01-DEL07-MG
384016.0,2021-09-17,sexta-feira,10:30:00,MG,381.0,"484,6",BETIM,Velocidade Incompatível,Colisão traseira,Com Vítimas Feridas,Pleno dia,Crescente,Céu Claro,Múltipla,Reta,Sim,6,0,1,0,5,0,1,6,"-19,95656893","-44,09980774",SPRF-MG,DEL01-MG,UOP03-DEL01-MG
384017.0,2021-09-17,sexta-feira,10:00:00,MG,381.0,375,SAO GONCALO DO RIO ABAIXO,Demais falhas mecânicas ou elétricas,Incêndio,Sem Vítimas,Pleno dia,Decrescente,Sol,Simples,Não Informado,Não,1,0,0,0,1,0,0,1,"-19,83666149","-43,33681685",SPRF-MG,DEL01-MG,UOP01-DEL01-MG
384042.0,2021-09-17,sexta-feira,10:05:00,MG,381.0,"800,2",SAO GONCALO DO SAPUCAI,Manobra de mudança de faixa,Colisão traseira,Com Vítimas Feridas,Pleno dia,Decrescente,Céu Claro,Dupla,Não Informado,Não,5,0,2,0,3,0,2,2,"-21,97761923","-45,63996491",SPRF-MG,DEL16-MG,UOP02-DEL16-MG
384129.0,2021-09-17,sexta-feira,19:50:00,MG,40.0,476,SETE LAGOAS,Ausência de reação do condutor,Colisão traseira,Com Vítimas Feridas,Plena Noite,Decrescente,Céu Claro,Dupla,Não Informado,Sim,4,0,1,0,2,1,1,2,"-19,50551591","-44,27423377",SPRF-MG,DEL02-MG,UOP01-DEL02-MG
384161.0,2021-09-16,quinta-feira,18:30:00,MG,116.0,"141,7",PONTO DOS VOLANTES,Reação tardia ou ineficiente do condutor,Colisão frontal,Com Vítimas Fatais,Plena Noite,Decrescente,Céu Claro,Simples,Reta,Não,2,1,1,0,0,0,1,2,"-16,775899","-41,4815",SPRF-MG,DEL11-MG,UOP02-DEL11-MG
384193.0,2021-09-18,sábado,02:20:00,MG,40.0,"23,5",PARACATU,Ausência de reação do condutor,Colisão traseira,Com Vítimas Feridas,Plena Noite,Crescente,Céu Claro,Simples,Reta,Não,3,0,2,0,0,1,2,2,"-17,12045998","-46,98625398",SPRF-MG,DEL14-MG,UOP01-DEL14-MG
384198.0,2021-09-18,sábado,03:00:00,MG,262.0,190,BELA VISTA DE MINAS,Velocidade Incompatível,Colisão com objeto,Com Vítimas Feridas,Plena Noite,Crescente,Céu Claro,Simples,Curva,Não,2,0,2,0,0,0,2,1,"-19,88232457","-43,06905078",SPRF-MG,DEL03-MG,UOP01-DEL03-MG
384232.0,2021-09-18,sábado,07:50:00,MG,40.0,"473,6",SETE LAGOAS,Velocidade Incompatível,Tombamento,Sem Vítimas,Pleno dia,Crescente,Céu Claro,Dupla,Rotatória,Não,1,0,0,0,1,0,0,1,"-19,496351","-44,27992",SPRF-MG,DEL02-MG,UOP01-DEL02-MG
384241.0,2021-09-18,sábado,07:00:00,MG,40.0,131,JOAO PINHEIRO,Manobra de mudança de faixa,Colisão lateral sentido oposto,Sem Vítimas,Amanhecer,Decrescente,Céu Claro,Simples,Reta,Não,2,0,0,0,1,1,0,2,"-17,70829976","-46,27637793",SPRF-MG,DEL14-MG,UOP01-DEL14-MG
384261.0,2021-09-18,sábado,08:25:00,MG,146.0,"509,9",POCOS DE CALDAS,Carga excessiva e/ou mal acondicionada,Derramamento de carga,Com Vítimas Feridas,Pleno dia,Decrescente,Nublado,Simples,Curva,Não,2,0,1,0,1,0,1,2,"-21,7731123","-46,4222648",SPRF-MG,DEL09-MG,UOP01-DEL09-MG
384291.0,2021-09-18,sábado,11:20:00,MG,262.0,"67,9",MATIPO,Afundamento ou ondulação no pavimento,Capotamento,Com Vítimas Feridas,Pleno dia,Crescente,Sol,Simples,Rotatória,Não,1,0,1,0,0,0,1,1,"-20,30577418","-42,26805605",SPRF-MG,DEL06-MG,UOP04-DEL06-MG
384307.0,2021-09-18,sábado,12:45:00,MG,381.0,"5,3",BETIM,Acessar a via sem observar a presença dos outros veículos,Colisão lateral sentido oposto,Com Vítimas Fatais,Pleno dia,Decrescente,Céu Claro,Dupla,Reta,Sim,2,1,0,0,1,0,0,2,"-19,96825","-44,198708",SPRF-MG,DEL01-MG,UOP03-DEL01-MG
384327.0,2021-09-18,sábado,17:00:00,MG,381.0,"0,5",BETIM,Ausência de reação do condutor,Colisão traseira,Com Vítimas Fatais,Pleno dia,Crescente,Céu Claro,Dupla,Não Informado,Sim,2,1,0,0,1,0,0,2,"-19,96657252","-44,1595459",SPRF-MG,DEL01-MG,UOP03-DEL01-MG
384351.0,2021-09-18,sábado,17:00:00,MG,381.0,431,SABARA,Demais falhas mecânicas ou elétricas,Incêndio,Sem Vítimas,Pleno dia,Decrescente,Céu Claro,Simples,Curva,Não,1,0,0,0,1,0,0,1,"-19,78831547","-43,73175712",SPRF-MG,DEL01-MG,UOP01-DEL01-MG
384381.0,2021-09-18,sábado,16:20:00,MG,153.0,94,PRATA,Reação tardia ou ineficiente do condutor,Colisão traseira,Sem Vítimas,Pleno dia,Crescente,Sol,Simples,Reta,Não,3,0,0,0,3,0,0,3,"-19,17953386","-48,94974589",SPRF-MG,DEL15-MG,UOP03-DEL15-MG
384438.0,2021-09-18,sábado,23:20:00,MG,365.0,238,BURITIZEIRO,Acessar a via sem observar a presença dos outros veículos,Colisão transversal,Com Vítimas Feridas,Plena Noite,Decrescente,Céu Claro,Simples,Reta,Não,6,0,4,0,2,0,4,2,"-17,74331101","-45,41452992",SPRF-MG,DEL12-MG,UOP01-DEL12-MG
384467.0,2021-09-18,sábado,20:20:00,MG,365.0,540,ROMARIA,Velocidade Incompatível,Saída de leito carroçável,Com Vítimas Fatais,Plena Noite,Decrescente,Céu Claro,Simples,Rotatória,Não,1,1,0,0,0,0,0,1,"-18,9335","-47,5849",SPRF-MG,DEL10-MG,UOP01-DEL10-MG
384483.0,2021-09-19,domingo,08:20:00,MG,116.0,164,PADRE PARAISO,Reação tardia ou ineficiente do condutor,Colisão transversal,Com Vítimas Feridas,Pleno dia,Decrescente,Céu Claro,Simples,Curva,Não,3,0,1,0,1,1,1,2,"-16,966437","-41,45100303",SPRF-MG,DEL11-MG,UOP02-DEL11-MG
384493.0,2021-06-27,domingo,23:45:00,MG,381.0,"400,6",BOM JESUS DO AMPARO,Velocidade Incompatível,Colisão traseira,Com Vítimas Feridas,Plena Noite,Decrescente,Céu Claro,Dupla,Não Informado,Não,5,0,1,2,1,1,3,2,"-19,75244642","-43,47879052",SPRF-MG,DEL01-MG,UOP01-DEL01-MG
384523.0,2021-09-19,domingo,15:00:00,MG,267.0,"21,4",ARGIRITA,Velocidade Incompatível,Colisão lateral sentido oposto,Com Vítimas Feridas,Pleno dia,Crescente,Céu Claro,Simples,Curva,Não,2,0,1,0,1,0,1,2,"-21,59274447","-42,78538272",SPRF-MG,DEL07-MG,UOP01-DEL07-MG
384529.0,2021-09-19,domingo,13:50:00,MG,153.0,"58,2",MONTE ALEGRE DE MINAS,Carga excessiva e/ou mal acondicionada,Derramamento de carga,Sem Vítimas,Pleno dia,Crescente,Céu Claro,Simples,Rotatória,Não,3,0,0,0,1,2,0,1,"-18,878386","-49,056637",SPRF-MG,DEL15-MG,UOP03-DEL15-MG
384533.0,2021-09-19,domingo,15:35:00,MG,262.0,"548,1",LUZ,Curva acentuada,Tombamento,Com Vítimas Fatais,Pleno dia,Crescente,Céu Claro,Simples,Curva,Não,2,1,0,0,1,0,0,2,"-19,73163489","-45,8631039",SPRF-MG,DEL08-MG,UOP02-DEL08-MG
384535.0,2021-09-19,domingo,15:15:00,MG,381.0,340,BELA VISTA DE MINAS,Ausência de reação do condutor,Colisão frontal,Com Vítimas Feridas,Pleno dia,Crescente,Sol,Simples,Curva,Não,3,0,2,0,1,0,2,2,"-19,84087497","-43,09635354",SPRF-MG,DEL03-MG,UOP01-DEL03-MG
384587.0,2021-09-19,domingo,17:45:00,MG,365.0,"393,4",PATOS DE MINAS,Velocidade Incompatível,Tombamento,Com Vítimas Feridas,Pleno dia,Crescente,Céu Claro,Simples,Curva,Não,2,0,0,1,1,0,1,1,"-18,63481872","-46,34836686",SPRF-MG,DEL10-MG,UOP01-DEL10-MG
384600.0,2021-09-19,domingo,20:10:00,MG,116.0,"210,9",CATUJI,Carga excessiva e/ou mal acondicionada,Incêndio,Sem Vítimas,Plena Noite,Crescente,Céu Claro,Simples,Não Informado,Não,1,0,0,0,1,0,0,1,"-17,3326351","-41,52861876",SPRF-MG,DEL11-MG,UOP01-DEL11-MG
384612.0,2021-09-19,domingo,21:20:00,MG,381.0,"674,5",PERDOES,Velocidade Incompatível,Tombamento,Sem Vítimas,Plena Noite,Crescente,Nublado,Dupla,Não Informado,Sim,1,0,0,0,1,0,0,1,"-21,08899083","-45,06748741",SPRF-MG,DEL04-MG,UOP02-DEL04-MG
384644.0,2021-09-19,domingo,23:45:00,MG,50.0,"126,9",UBERABA,Velocidade Incompatível,Tombamento,Com Vítimas Fatais,Plena Noite,Crescente,Ignorado,Dupla,Curva,Não,2,1,0,1,0,0,1,1,"-19,35661694","-48,08567397",SPRF-MG,DEL13-MG,UOP01-DEL13-MG
384646.0,2021-09-19,domingo,18:55:00,MG,381.0,905,CAMBUI,Velocidade Incompatível,Tombamento,Sem Vítimas,Plena Noite,Decrescente,Ignorado,Dupla,Reta,Não,1,0,0,0,1,0,0,1,"-22,65862099","-46,08844042",SPRF-MG,DEL16-MG,UOP03-DEL16-MG
384660.0,2021-09-19,domingo,17:40:00,MG,381.0,379,SAO GONCALO DO RIO ABAIXO,Velocidade Incompatível,Tombamento,Com Vítimas Feridas,Anoitecer,Decrescente,Céu Claro,Simples,Curva,Não,7,0,3,2,2,0,5,6,"-19,83530691","-43,36946606",SPRF-MG,DEL01-MG,UOP01-DEL01-MG
384664.0,2021-09-19,domingo,22:00:00,MG,116.0,"251,8",TEOFILO OTONI,Reação tardia ou ineficiente do condutor,Tombamento,Com Vítimas Feridas,Plena Noite,Decrescente,Céu Claro,Simples,Não Informado,Não,1,0,1,0,0,0,1,1,"-17,65137591","-41,49335386",SPRF-MG,DEL11-MG,UOP01-DEL11-MG
384666.0,2021-09-19,domingo,19:26:00,MG,381.0,"932,1",EXTREMA,Velocidade Incompatível,Tombamento,Com Vítimas Feridas,Plena Noite,Decrescente,Céu Claro,Dupla,Curva,Não,1,0,1,0,0,0,1,1,"-22,81255044","-46,28503561",SPRF-MG,DEL16-MG,UOP03-DEL16-MG
384674.0,2021-09-19,domingo,20:00:00,MG,116.0,"397,3",GOVERNADOR VALADARES,Velocidade Incompatível,Colisão frontal,Com Vítimas Feridas,Plena Noite,Decrescente,Céu Claro,Simples,Curva,Não,2,0,0,1,1,0,1,2,"-18,75570099","-41,98568765",SPRF-MG,DEL06-MG,UOP01-DEL06-MG
384677.0,2021-09-19,domingo,21:00:00,MG,40.0,"145,2",JOAO PINHEIRO,Reação tardia ou ineficiente do condutor,Colisão transversal,Com Vítimas Fatais,Plena Noite,Crescente,Céu Claro,Simples,Retorno Regulamentado,Não,3,1,0,1,1,0,1,2,"-17,75566262","-46,16329585",SPRF-MG,DEL14-MG,UOP02-DEL14-MG
384688.0,2021-09-20,segunda-feira,07:30:00,MG,40.0,"669,8",CARANDAI,Condutor Dormindo,Colisão lateral mesmo sentido,Com Vítimas Feridas,Amanhecer,Decrescente,Céu Claro,Simples,Reta,Não,2,0,1,0,1,0,1,2,"-20,95949689","-43,78978984",SPRF-MG,DEL05-MG,UOP02-DEL05-MG
384705.0,2021-09-20,segunda-feira,09:00:00,MG,40.0,531,BELO HORIZONTE,Transitar no acostamento,Atropelamento de Pedestre,Com Vítimas Fatais,Pleno dia,Decrescente,Céu Claro,Dupla,Reta,Sim,3,1,0,0,2,0,0,2,"-19,91962483","-44,02522683",SPRF-MG,DEL01-MG,UOP02-DEL01-MG
384718.0,2021-09-20,segunda-feira,08:15:00,MG,251.0,"317,1",SALINAS,Acessar a via sem observar a presença dos outros veículos,Colisão transversal,Com Vítimas Feridas,Pleno dia,Decrescente,Céu Claro,Simples,Interseção de vias,Não,6,0,3,0,3,0,3,2,"-16,16468263","-42,31470108",SPRF-MG,DEL12-MG,UOP01-DEL12-MG
384743.0,2021-09-20,segunda-feira,14:20:00,MG,40.0,"587,5",ITABIRITO,Reação tardia ou ineficiente do condutor,Colisão lateral mesmo sentido,Com Vítimas Feridas,Pleno dia,Decrescente,Céu Claro,Simples,Curva,Não,6,0,1,1,4,0,2,6,"-20,34858326","-43,92200604",SPRF-MG,DEL01-MG,UOP02-DEL01-MG
384756.0,2021-09-20,segunda-feira,15:30:00,MG,153.0,134,PRATA,Velocidade Incompatível,Engavetamento,Com Vítimas Feridas,Pleno dia,Crescente,Céu Claro,Dupla,Reta,Não,4,0,0,1,3,0,1,4,"-19,51436207","-48,84030206",SPRF-MG,DEL15-MG,UOP03-DEL15-MG
384813.0,2021-09-20,segunda-feira,19:05:00,MG,251.0,"517,2",MONTES CLAROS,Velocidade Incompatível,Colisão com objeto,Com Vítimas Feridas,Plena Noite,Crescente,Céu Claro,Simples,Reta,Não,1,0,1,0,0,0,1,1,"-16,66154421","-43,76055398",SPRF-MG,DEL12-MG,UOP01-DEL12-MG
384829.0,2021-09-20,segunda-feira,17:00:00,MG,262.0,"517,1",LUZ,Velocidade Incompatível,Colisão com objeto,Com Vítimas Fatais,Pleno dia,Decrescente,Céu Claro,Simples,Desvio Temporário,Não,1,1,0,0,0,0,0,1,"-19,78950437","-45,59145793",SPRF-MG,DEL08-MG,UOP03-DEL08-MG
384839.0,2021-09-21,terça-feira,02:18:00,MG,50.0,58,UBERLANDIA,Ingestão de álcool pelo condutor,Colisão traseira,Com Vítimas Feridas,Plena Noite,Decrescente,Céu Claro,Múltipla,Desvio Temporário,Não,5,0,4,0,1,0,4,2,"-18,79408225","-48,23421867",SPRF-MG,DEL15-MG,UOP02-DEL15-MG
384873.0,2021-09-21,terça-feira,08:35:00,MG,381.0,484,BETIM,Reação tardia ou ineficiente do condutor,Colisão lateral mesmo sentido,Com Vítimas Feridas,Pleno dia,Decrescente,Céu Claro,Dupla,Não Informado,Sim,3,0,1,0,1,1,1,2,"-19,95531717","-44,11722196",SPRF-MG,DEL01-MG,UOP03-DEL01-MG
384895.0,2021-09-21,terça-feira,10:15:00,MG,153.0,"147,9",CAMPO FLORIDO,Acessar a via sem observar a presença dos outros veículos,Colisão transversal,Com Vítimas Fatais,Pleno dia,Crescente,Sol,Simples,Interseção de vias,Não,3,2,0,0,1,0,0,2,"-19,629659","-48,849104",SPRF-MG,DEL13-MG,UOP02-DEL13-MG
384913.0,2021-09-21,terça-feira,14:16:00,MG,381.0,"482,8",BETIM,Manobra de mudança de faixa,Colisão lateral mesmo sentido,Com Vítimas Fatais,Pleno dia,Decrescente,Céu Claro,Dupla,Não Informado,Sim,3,1,1,0,1,0,1,2,"-19,955532","-44,097209",SPRF-MG,DEL01-MG,UOP03-DEL01-MG
384920.0,2021-09-21,terça-feira,13:10:00,MG,262.0,"385,8",MATEUS LEME,Velocidade Incompatível,Tombamento,Com Vítimas Feridas,Pleno dia,Crescente,Sol,Múltipla,Curva,Sim,1,0,0,1,0,0,1,1,"-19,93752808","-44,43008423",SPRF-MG,DEL01-MG,UOP03-DEL01-MG