id,data_inversa,dia_semana,horario,uf,br,km,municipio,causa_acidente,tipo_acidente,classificacao_acidente,fase_dia,sentido_via,condicao_metereologica,tipo_pista,tracado_via,uso_solo,pessoas,mortos,feridos_leves,feridos_graves,ilesos,ignorados,feridos,veiculos,latitude,longitude,regional,delegacia,uop
384929.0,2021-09-21,terça-feira,16:35:00,MG,381.0,"344,7",JOAO MONLEVADE,Velocidade Incompatível,Saída de leito carroçável,Com Vítimas Feridas,Pleno dia,Decrescente,Céu Claro,Simples,Curva,Não,1,0,1,0,0,0,1,1,"-19,85986781","-43,11280984",SPRF-MG,DEL03-MG,UOP01-DEL03-MG
384944.0,2021-09-21,terça-feira,15:55:00,MG,40.0,"710,5",BARBACENA,Velocidade Incompatível,Capotamento,Com Vítimas Fatais,Pleno dia,Decrescente,Sol,Dupla,Não Informado,Não,2,1,0,0,1,0,0,1,"-21,245921","-43,681905",SPRF-MG,DEL05-MG,UOP02-DEL05-MG
384977.0,2021-09-21,terça-feira,18:00:00,MG,262.0,584,CAMPOS ALTOS,Velocidade Incompatível,Saída de leito carroçável,Com Vítimas Feridas,Anoitecer,Crescente,Céu Claro,Simples,Não Informado,Não,1,0,1,0,0,0,1,1,"-19,65530504","-46,08642825",SPRF-MG,DEL08-MG,UOP02-DEL08-MG
384999.0,2021-09-22,quarta-feira,01:30:00,MG,381.0,375,SAO GONCALO DO RIO ABAIXO,Reação tardia ou ineficiente do condutor,Tombamento,Com Vítimas Feridas,Plena Noite,Crescente,Céu Claro,Simples,Curva,Não,2,0,2,0,0,0,2,1,"-19,83666149","-43,33681685",SPRF-MG,DEL01-MG,UOP01-DEL01-MG
385049.0,2021-04-16,sexta-feira,05:30:00,MG,381.0,237,BELO ORIENTE,Demais falhas mecânicas ou elétricas,Saída de leito carroçável,Com Vítimas Feridas,Amanhecer,Decrescente,Céu Claro,Simples,Curva,Não,1,0,0,1,0,0,1,1,"-19,38028311","-42,46148594",SPRF-MG,DEL06-MG,UOP01-DEL06-MG
385073.0,2021-09-22,quarta-feira,14:05:00,MG,40.0,"584,9",ITABIRITO,Conversão proibida,Colisão transversal,Com Vítimas Fatais,Pleno dia,Crescente,Céu Claro,Simples,Não Informado,Não,3,1,0,1,1,0,1,2,"-20,32543595","-43,92760693",SPRF-MG,DEL01-MG,UOP02-DEL01-MG
385130.0,2021-09-22,quarta-feira,18:45:00,MG,262.0,"85,3",ABRE CAMPO,Ultrapassagem Indevida,Colisão frontal,Com Vítimas Feridas,Plena Noite,Decrescente,Céu Claro,Simples,Reta,Não,2,0,1,0,1,0,1,2,"-20,33869519","-42,42127699",SPRF-MG,DEL03-MG,UOP03-DEL03-MG
385150.0,2021-09-22,quarta-feira,17:50:00,MG,116.0,"538,3",SANTA RITA DE MINAS,Transitar na contramão,Colisão frontal,Com Vítimas Feridas,Anoitecer,Crescente,Ignorado,Simples,Curva,Não,2,0,0,1,1,0,1,2,"-19,87457783","-42,13216953",SPRF-MG,DEL06-MG,UOP02-DEL06-MG
385179.0,2021-09-23,quinta-feira,06:30:00,MG,381.0,"686,5",LAVRAS,Velocidade Incompatível,Colisão com objeto,Com Vítimas Feridas,Pleno dia,Decrescente,Sol,Dupla,Curva,Não,4,0,1,1,2,0,2,4,"-21,20030689","-45,11944438",SPRF-MG,DEL04-MG,UOP02-DEL04-MG
385187.0,2021-09-23,quinta-feira,06:45:00,MG,381.0,483,BETIM,Ausência de reação do condutor,Colisão traseira,Com Vítimas Feridas,Pleno dia,Decrescente,Sol,Dupla,Reta,Sim,2,0,1,0,1,0,1,2,"-19,95594491","-44,10721699",SPRF-MG,DEL01-MG,UOP03-DEL01-MG
385215.0,2021-09-23,quinta-feira,08:15:00,MG,381.0,"681,7",PERDOES,Velocidade Incompatível,Engavetamento,Com Vítimas Feridas,Pleno dia,Crescente,Céu Claro,Dupla,Reta,Não,5,0,1,1,3,0,2,5,"-21,14233516","-45,10648946",SPRF-MG,DEL04-MG,UOP02-DEL04-MG
385226.0,2021-09-23,quinta-feira,12:00:00,MG,40.0,467,SETE LAGOAS,Velocidade Incompatível,Colisão traseira,Com Vítimas Feridas,Pleno dia,Decrescente,Céu Claro,Dupla,Desvio Temporário,Não,2,0,1,0,1,0,1,2,"-19,45038924","-44,3166822",SPRF-MG,DEL02-MG,UOP01-DEL02-MG
385232.0,2021-09-23,quinta-feira,12:00:00,MG,354.0,"721,4",POUSO ALTO,Frear bruscamente,Colisão lateral sentido oposto,Com Vítimas Feridas,Pleno dia,Crescente,Céu Claro,Simples,Reta,Não,2,0,1,0,1,0,1,2,"-22,09798109","-44,95521278",SPRF-MG,DEL17-MG,UOP01-DEL17-MG
385239.0,2021-01-11,segunda-feira,07:15:00,MG,251.0,"472,9",FRANCISCO SA,Velocidade Incompatível,Colisão frontal,Com Vítimas Feridas,Amanhecer,Decrescente,Chuva,Simples,Curva,Não,5,0,4,0,1,0,4,2,"-16,4669101","-43,43947986",SPRF-MG,DEL12-MG,UOP01-DEL12-MG
385302.0,2021-09-23,quinta-feira,19:45:00,MG,116.0,"700,6",MURIAE,Acessar a via sem observar a presença dos outros veículos,Colisão transversal,Com Vítimas Feridas,Plena Noite,Decrescente,Céu Claro,Simples,Reta,Não,2,0,1,0,1,0,1,2,"-21,10258681","-42,37840131",SPRF-MG,DEL07-MG,UOP02-DEL07-MG
385341.0,2021-09-24,sexta-feira,00:10:00,MG,116.0,"782,7",LEOPOLDINA,Velocidade Incompatível,Colisão lateral sentido oposto,Com Vítimas Feridas,Plena Noite,Decrescente,Céu Claro,Simples,Curva,Não,2,0,1,0,1,0,1,2,"-21,63453389","-42,69665944",SPRF-MG,DEL07-MG,UOP01-DEL07-MG
385403.0,2021-09-24,sexta-feira,12:10:00,MG,381.0,"491,7",BETIM,Manobra de mudança de faixa,Colisão lateral mesmo sentido,Com Vítimas Feridas,Pleno dia,Crescente,Céu Claro,Dupla,Reta,Sim,5,0,4,0,1,0,4,2,"-19,97018187","-44,18210416",SPRF-MG,DEL01-MG,UOP03-DEL01-MG
385428.0,2021-09-24,sexta-feira,15:00:00,MG,267.0,"201,2",BOM JARDIM DE MINAS,Problema com o freio,Tombamento,Com Vítimas Feridas,Pleno dia,Decrescente,Céu Claro,Simples,Não Informado,Não,1,0,1,0,0,0,1,1,"-21,931292","-44,094997",SPRF-MG,DEL05-MG,UOP01-DEL05-MG
385537.0,2021-09-24,sexta-feira,22:00:00,MG,50.0,"44,1",ARAGUARI,Acumulo de água sobre o pavimento,Colisão com objeto,Com Vítimas Feridas,Plena Noite,Crescente,Chuva,Dupla,Desvio Temporário,Não,4,0,1,0,3,0,1,2,"-18,70561658","-48,19108255",SPRF-MG,DEL15-MG,UOP02-DEL15-MG
385541.0,2021-09-24,sexta-feira,23:10:00,MG,381.0,"685,5",RIBEIRAO VERMELHO,Reação tardia ou ineficiente do condutor,Colisão traseira,Com Vítimas Feridas,Plena Noite,Crescente,Céu Claro,Dupla,Ponte,Não,2,0,1,0,1,0,1,2,"-21,19177791","-45,11670723",SPRF-MG,DEL04-MG,UOP02-DEL04-MG
385543.0,2021-09-24,sexta-feira,22:00:00,MG,153.0,55,MONTE ALEGRE DE MINAS,Velocidade Incompatível,Tombamento,Com Vítimas Feridas,Plena Noite,Crescente,Céu Claro,Dupla,Curva,Não,2,0,1,0,0,1,1,2,"-18,853538","-49,082397",SPRF-MG,DEL15-MG,UOP03-DEL15-MG
385544.0,2021-09-24,sexta-feira,22:40:00,MG,153.0,13,ARAPORA,Ausência de reação do condutor,Tombamento,Com Vítimas Feridas,Plena Noite,Crescente,Céu Claro,Dupla,Reta,Não,1,0,1,0,0,0,1,1,"-18,53318003","-49,19222975",SPRF-MG,DEL15-MG,UOP03-DEL15-MG
385598.0,2021-09-25,sábado,07:20:00,MG,365.0,"389,5",PATOS DE MINAS,Condutor deixou de manter distância do veículo da frente,Colisão traseira,Com Vítimas Feridas,Pleno dia,Decrescente,Nublado,Simples,Reta,Não,6,0,1,0,5,0,1,2,"-18,63778708","-46,32522583",SPRF-MG,DEL10-MG,UOP01-DEL10-MG
385640.0,2021-09-25,sábado,09:40:00,MG,40.0,"634,4",CONSELHEIRO LAFAIETE,Animais na Pista,Atropelamento de Animal,Com Vítimas Feridas,Pleno dia,Decrescente,Céu Claro,Simples,Reta,Não,4,0,1,0,3,0,1,3,"-20,68976185","-43,79012462",SPRF-MG,DEL05-MG,UOP02-DEL05-MG
385730.0,2021-09-25,sábado,18:50:00,MG,262.0,"478,9",BOM DESPACHO,Conversão proibida,Colisão lateral sentido oposto,Com Vítimas Feridas,Plena Noite,Crescente,Chuva,Simples,Reta,Sim,6,0,3,2,1,0,5,2,"-19,78767779","-45,22989387",SPRF-MG,DEL08-MG,UOP03-DEL08-MG
385761.0,2021-09-26,domingo,00:15:00,MG,251.0,473,FRANCISCO SA,Ausência de reação do condutor,Tombamento,Com Vítimas Fatais,Plena Noite,Crescente,Céu Claro,Simples,Não Informado,Não,1,1,0,0,0,0,0,1,"-16,47012768","-43,44753404",SPRF-MG,DEL12-MG,UOP01-DEL12-MG
385764.0,2021-09-25,sábado,14:50:00,MG,251.0,229,SANTA CRUZ DE SALINAS,Ausência de reação do condutor,Saída de leito carroçável,Com Vítimas Feridas,Plena Noite,Decrescente,Céu Claro,Simples,Não Informado,Não,1,0,1,0,0,0,1,1,"-15,95947083","-41,69835824",SPRF-MG,DEL11-MG,UOP02-DEL11-MG
385779.0,2021-09-26,domingo,01:30:00,MG,50.0,147,UBERABA,Ausência de reação do condutor,Tombamento,Com Vítimas Feridas,Plena Noite,Decrescente,Céu Claro,Dupla,Reta,Não,1,0,1,0,0,0,1,1,"-19,53778804","-48,03695932",SPRF-MG,DEL13-MG,UOP01-DEL13-MG
385848.0,2021-07-31,sábado,16:50:00,MG,50.0,24,ARAGUARI,Demais falhas mecânicas ou elétricas,Saída de leito carroçável,Com Vítimas Feridas,Plena Noite,Decrescente,Céu Claro,Dupla,Reta,Não,3,0,3,0,0,0,3,1,"-18,61024882","-48,06820499",SPRF-MG,DEL15-MG,UOP02-DEL15-MG
385865.0,2021-09-02,quinta-feira,15:20:00,MG,40.0,"4,6",PARACATU,Condutor Dormindo,Colisão frontal,Com Vítimas Feridas,Pleno dia,Crescente,Céu Claro,Simples,Reta,Não,2,0,0,1,1,0,1,2,"-17,05641488","-47,13045991",SPRF-MG,DEL14-MG,UOP01-DEL14-MG
386005.0,2021-09-26,domingo,20:00:00,MG,153.0,153,COMENDADOR GOMES,Demais Fenômenos da natureza,Incêndio,Sem Vítimas,Plena Noite,Decrescente,Vento,Simples,Reta,Não,3,0,0,0,3,0,0,3,"-19,62885262","-48,90963099",SPRF-MG,DEL13-MG,UOP02-DEL13-MG
386006.0,2021-09-26,domingo,18:30:00,MG,153.0,188,FRUTAL,Chuva,Colisão com objeto,Com Vítimas Feridas,Anoitecer,Crescente,Chuva,Simples,Curva,Não,1,0,1,0,0,0,1,1,"-19,868283","-48,971385",SPRF-MG,DEL13-MG,UOP02-DEL13-MG
386009.0,2021-09-26,domingo,19:50:00,MG,153.0,149,COMENDADOR GOMES,Fumaça,Incêndio,Sem Vítimas,Plena Noite,Crescente,Vento,Simples,Reta,Não,1,0,0,0,0,1,0,1,"-19,640464","-48,857473",SPRF-MG,DEL13-MG,UOP02-DEL13-MG
386080.0,2021-09-27,segunda-feira,08:59:00,MG,381.0,"536,5",ITATIAIUCU,Velocidade Incompatível,Tombamento,Com Vítimas Feridas,Pleno dia,Crescente,Sol,Simples,Curva,Não,1,0,1,0,0,0,1,1,"-20,22443302","-44,39530859",SPRF-MG,DEL04-MG,UOP03-DEL04-MG
386115.0,2021-09-02,quinta-feira,07:00:00,MG,116.0,124,ITAOBIM,Falta de acostamento,Atropelamento de Pedestre,Com Vítimas Feridas,Pleno dia,Decrescente,Céu Claro,Simples,Ponte,Não,2,0,0,1,1,0,1,1,"-16,63600491","-41,50254588",SPRF-MG,DEL11-MG,UOP02-DEL11-MG
386126.0,2021-09-27,segunda-feira,06:30:00,MG,251.0,"465,3",GRAO MOGOL,Velocidade Incompatível,Saída de leito carroçável,Com Vítimas Feridas,Amanhecer,Crescente,Nublado,Simples,Curva,Não,1,0,0,1,0,0,1,1,"-16,45710399","-43,40386502",SPRF-MG,DEL12-MG,UOP01-DEL12-MG
386200.0,2021-09-27,segunda-feira,19:20:00,MG,153.0,239,FRONTEIRA,Reação tardia ou ineficiente do condutor,Colisão traseira,Sem Vítimas,Plena Noite,Decrescente,Céu Claro,Simples,Reta,Sim,2,0,0,0,2,0,0,2,"-20,29847332","-49,20614844",SPRF-MG,DEL13-MG,UOP02-DEL13-MG
386224.0,2021-09-28,terça-feira,02:20:00,MG,381.0,"727,2",CARMO DA CACHOEIRA,Velocidade Incompatível,Tombamento,Sem Vítimas,Plena Noite,Crescente,Nublado,Dupla,Curva,Não,1,0,0,0,1,0,0,1,"-21,51583943","-45,22069256",SPRF-MG,DEL04-MG,UOP02-DEL04-MG
386225.0,2021-09-28,terça-feira,05:10:00,MG,40.0,461,SETE LAGOAS,Conversão proibida,Colisão lateral mesmo sentido,Com Vítimas Feridas,Amanhecer,Decrescente,Céu Claro,Dupla,Reta,Não,3,0,2,0,1,0,2,2,"-19,4065509","-44,33367766",SPRF-MG,DEL02-MG,UOP01-DEL02-MG
386248.0,2021-09-28,terça-feira,07:20:00,MG,40.0,769,JUIZ DE FORA,Demais falhas mecânicas ou elétricas,Incêndio,Sem Vítimas,Pleno dia,Decrescente,Céu Claro,Simples,Reta,Não,2,0,0,0,2,0,0,1,"-21,58922593","-43,4583538",SPRF-MG,DEL05-MG,UOP01-DEL05-MG
386264.0,2021-09-28,terça-feira,10:45:00,MG,40.0,545,NOVA LIMA,Reação tardia ou ineficiente do condutor,Colisão lateral mesmo sentido,Com Vítimas Feridas,Pleno dia,Crescente,Céu Claro,Dupla,Reta,Sim,2,0,1,0,1,0,1,2,"-20,00670404","-43,96418668",SPRF-MG,DEL01-MG,UOP02-DEL01-MG
386281.0,2021-08-28,sábado,14:50:00,MG,40.0,"716,2",BARBACENA,Velocidade Incompatível,Tombamento,Com Vítimas Feridas,Pleno dia,Crescente,Céu Claro,Dupla,Curva,Não,1,0,1,0,0,0,1,1,"-21,25153502","-43,66402206",SPRF-MG,DEL05-MG,UOP01-DEL05-MG
386284.0,2021-09-28,terça-feira,05:20:00,MG,365.0,251,BURITIZEIRO,Reação tardia ou ineficiente do condutor,Saída de leito carroçável,Com Vítimas Feridas,Amanhecer,Crescente,Céu Claro,Simples,Reta,Não,1,0,0,1,0,0,1,1,"-17,83720889","-45,45367736",SPRF-MG,DEL14-MG,UOP02-DEL14-MG
386300.0,2021-09-28,terça-feira,13:02:00,MG,381.0,"684,5",RIBEIRAO VERMELHO,Reação tardia ou ineficiente do condutor,Saída de leito carroçável,Com Vítimas Fatais,Pleno dia,Decrescente,Sol,Dupla,Reta,Não,5,1,1,2,1,0,3,2,"-21,161488","-45,119952",SPRF-MG,DEL04-MG,UOP02-DEL04-MG
386318.0,2021-09-28,terça-feira,16:30:00,MG,459.0,"56,8",IPUIUNA,Chuva,Colisão lateral sentido oposto,Com Vítimas Fatais,Pleno dia,Crescente,Chuva,Simples,Curva,Sim,6,1,0,3,0,2,3,2,"-22,091626","-46,214581",SPRF-MG,DEL09-MG,UOP01-DEL09-MG
386321.0,2021-09-28,terça-feira,16:50:00,MG,356.0,"265,4",MURIAE,Transitar na contramão,Colisão lateral sentido oposto,Com Vítimas Feridas,Pleno dia,Crescente,Céu Claro,Simples,Curva,Sim,7,0,4,2,1,0,6,2,"-21,12838898","-42,366803",SPRF-MG,DEL07-MG,UOP02-DEL07-MG
386332.0,2021-09-28,terça-feira,17:00:00,MG,381.0,"908,1",CAMBUI,Velocidade Incompatível,Tombamento,Com Vítimas Feridas,Pleno dia,Decrescente,Nublado,Dupla,Não Informado,Não,1,0,1,0,0,0,1,1,"-22,6802711","-46,10079508",SPRF-MG,DEL16-MG,UOP03-DEL16-MG
386339.0,2021-09-06,segunda-feira,17:45:00,MG,251.0,"472,8",FRANCISCO SA,Demais falhas mecânicas ou elétricas,Tombamento,Com Vítimas Feridas,Anoitecer,Crescente,Céu Claro,Simples,Curva,Não,2,0,0,1,1,0,1,2,"-16,4669101","-43,43947986",SPRF-MG,DEL12-MG,UOP01-DEL12-MG
386368.0,2021-09-28,terça-feira,15:00:00,MG,50.0,92,UBERLANDIA,Demais falhas mecânicas ou elétricas,Incêndio,Sem Vítimas,Pleno dia,Decrescente,Sol,Dupla,Reta,Não,1,0,0,0,1,0,0,1,"-19,06618803","-48,19153611",SPRF-MG,DEL15-MG,UOP01-DEL15-MG
386377.0,2021-09-28,terça-feira,22:00:00,MG,262.0,"563,9",CORREGO DANTA,Velocidade Incompatível,Capotamento,Com Vítimas Feridas,Plena Noite,Decrescente,Céu Claro,Simples,Curva,Não,1,0,1,0,0,0,1,1,"-19,74408259","-45,96284109",SPRF-MG,DEL08-MG,UOP02-DEL08-MG
386380.0,2021-09-29,quarta-feira,00:32:00,MG,50.0,"205,3",UBERABA,Ingestão de álcool pelo condutor,Colisão traseira,Com Vítimas Feridas,Plena Noite,Decrescente,Céu Claro,Dupla,Reta,Não,2,0,1,0,1,0,1,2,"-19,92627147","-47,82191068",SPRF-MG,DEL13-MG,UOP01-DEL13-MG
386388.0,2021-09-29,quarta-feira,06:30:00,MG,40.0,549,NOVA LIMA,Manobra de mudança de faixa,Colisão lateral mesmo sentido,Com Vítimas Feridas,Pleno dia,Decrescente,Céu Claro,Dupla,Não Informado,Sim,3,0,1,0,2,0,1,2,"-20,03972326","-43,96703232",SPRF-MG,DEL01-MG,UOP02-DEL01-MG
386396.0,2021-09-29,quarta-feira,01:15:00,MG,381.0,"643,3",SANTO ANTONIO DO AMPARO,Velocidade Incompatível,Tombamento,Com Vítimas Feridas,Plena Noite,Decrescente,Céu Claro,Dupla,Curva,Não,1,0,1,0,0,0,1,1,"-20,944136","-44,880592",SPRF-MG,DEL04-MG,UOP01-DEL04-MG
386397.0,2021-09-29,quarta-feira,06:50:00,MG,116.0,"528,7",CARATINGA,Velocidade Incompatível,Colisão traseira,Com Vítimas Feridas,Pleno dia,Crescente,Céu Claro,Dupla,Reta,Sim,2,0,0,1,1,0,1,2,"-19,794033","-42,13731414",SPRF-MG,DEL06-MG,UOP02-DEL06-MG
386425.0,2021-09-29,quarta-feira,08:30:00,MG,381.0,324,NOVA ERA,Velocidade Incompatível,Tombamento,Com Vítimas Feridas,Pleno dia,Crescente,Céu Claro,Simples,Curva,Sim,1,0,1,0,0,0,1,1,"-19,759028","-43,028651",SPRF-MG,DEL03-MG,UOP02-DEL03-MG
386431.0,2021-09-29,quarta-feira,09:15:00,MG,381.0,"921,9",CAMANDUCAIA,Demais falhas mecânicas ou elétricas,Tombamento,Com Vítimas Feridas,Pleno dia,Crescente,Céu Claro,Dupla,Curva,Não,2,0,1,0,1,0,1,1,"-22,7680939","-46,20854399",SPRF-MG,DEL16-MG,UOP03-DEL16-MG
386444.0,2021-08-24,terça-feira,12:25:00,MG,381.0,"484,6",BETIM,Velocidade Incompatível,Engavetamento,Com Vítimas Feridas,Pleno dia,Crescente,Céu Claro,Dupla,Reta,Sim,11,0,3,0,8,0,3,6,"-19,95531717","-44,11722196",SPRF-MG,DEL01-MG,UOP03-DEL01-MG
386463.0,2021-02-21,domingo,00:30:00,MG,251.0,"333,9",FRUTA DE LEITE,Velocidade Incompatível,Colisão traseira,Com Vítimas Feridas,Plena Noite,Decrescente,Chuva,Simples,Não Informado,Não,4,0,3,1,0,0,4,2,"-16,25683842","-42,43114276",SPRF-MG,DEL12-MG,UOP01-DEL12-MG
386465.0,2021-09-29,quarta-feira,13:50:00,MG,40.0,"637,7",CONSELHEIRO LAFAIETE,Avarias e/ou desgaste excessivo no pneu,Colisão frontal,Com Vítimas Fatais,Pleno dia,Decrescente,Chuva,Simples,Não Informado,Não,2,1,1,0,0,0,1,2,"-20,72554407","-43,80111922",SPRF-MG,DEL05-MG,UOP02-DEL05-MG
386487.0,2021-09-29,quarta-feira,17:15:00,MG,381.0,367,SAO GONCALO DO RIO ABAIXO,Velocidade Incompatível,Tombamento,Com Vítimas Feridas,Anoitecer,Crescente,Nublado,Simples,Curva,Não,1,0,1,0,0,0,1,1,"-19,84959351","-43,27455396",SPRF-MG,DEL03-MG,UOP01-DEL03-MG
386490.0,2021-09-29,quarta-feira,14:00:00,MG,365.0,124,VARZEA DA PALMA,Demais falhas mecânicas ou elétricas,Saída de leito carroçável,Com Vítimas Feridas,Pleno dia,Decrescente,Céu Claro,Simples,Reta,Não,2,0,1,0,1,0,1,1,"-17,13780778","-44,72248897",SPRF-MG,DEL12-MG,UOP01-DEL12-MG
386491.0,2021-09-29,quarta-feira,17:10:00,MG,381.0,874,ESTIVA,Velocidade Incompatível,Tombamento,Com Vítimas Feridas,Pleno dia,Crescente,Chuva,Dupla,Curva,Não,1,0,1,0,0,0,1,1,"-22,45619351","-46,00792634",SPRF-MG,DEL16-MG,UOP01-DEL16-MG
386514.0,2021-09-29,quarta-feira,10:00:00,MG,365.0,463,PATROCINIO,Reação tardia ou ineficiente do condutor,Colisão traseira,Sem Vítimas,Pleno dia,Crescente,Céu Claro,Dupla,Reta,Não,3,0,0,0,2,1,0,3,"-18,88970475","-46,93477915",SPRF-MG,DEL10-MG,UOP01-DEL10-MG
386550.0,2021-09-30,quinta-feira,01:55:00,MG,50.0,"167,3",UBERABA,Velocidade Incompatível,Tombamento,Com Vítimas Feridas,Plena Noite,Crescente,Céu Claro,Dupla,Não Informado,Sim,1,0,1,0,0,0,1,1,"-19,7102529","-47,98304473",SPRF-MG,DEL13-MG,UOP01-DEL13-MG
386562.0,2021-09-30,quinta-feira,04:00:00,MG,116.0,"229,3",TEOFILO OTONI,Velocidade Incompatível,Tombamento,Com Vítimas Feridas,Plena Noite,Crescente,Céu Claro,Simples,Reta,Não,2,0,1,0,0,1,1,1,"-17,4783411","-41,49387021",SPRF-MG,DEL11-MG,UOP01-DEL11-MG
386581.0,2021-09-30,quinta-feira,00:00:00,MG,381.0,"743,4",TRES CORACOES,Condutor Dormindo,Tombamento,Com Vítimas Feridas,Plena Noite,Crescente,Céu Claro,Dupla,Reta,Não,1,0,1,0,0,0,1,1,"-21,62606989","-45,26880608",SPRF-MG,DEL16-MG,UOP02-DEL16-MG
386582.0,2021-09-30,quinta-feira,06:45:00,MG,365.0,"592,9",ARAGUARI,Condutor deixou de manter distância do veículo da frente,Colisão lateral sentido oposto,Com Vítimas Fatais,Pleno dia,Crescente,Sol,Simples,Curva,Não,11,2,4,1,4,0,5,8,"-18,87951334","-48,06156814",SPRF-MG,DEL15-MG,UOP02-DEL15-MG
386583.0,2021-09-30,quinta-feira,06:30:00,MG,381.0,"891,4",CAMBUI,Condutor Dormindo,Tombamento,Com Vítimas Feridas,Amanhecer,Decrescente,Céu Claro,Dupla,Reta,Não,4,0,1,0,3,0,1,2,"-22,58263154","-46,04679108",SPRF-MG,DEL16-MG,UOP03-DEL16-MG
386630.0,2021-09-30,quinta-feira,09:00:00,MG,116.0,491,INHAPIM,Reação tardia ou ineficiente do condutor,Saída de leito carroçável,Com Vítimas Feridas,Pleno dia,Decrescente,Céu Claro,Simples,Reta,Não,2,0,0,2,0,0,2,1,"-19,471999","-42,134286",SPRF-MG,DEL06-MG,UOP02-DEL06-MG
386700.0,2021-09-30,quinta-feira,12:45:00,MG,116.0,"118,6",ITAOBIM,Carga excessiva e/ou mal acondicionada,Tombamento,Com Vítimas Feridas,Pleno dia,Decrescente,Sol,Simples,Curva,Não,2,0,2,0,0,0,2,1,"-16,58259665","-41,50168389",SPRF-MG,DEL11-MG,UOP02-DEL11-MG
386736.0,2021-09-30,quinta-feira,23:55:00,MG,381.0,"908,1",CAMBUI,Velocidade Incompatível,Tombamento,Com Vítimas Fatais,Plena Noite,Decrescente,Céu Claro,Dupla,Não Informado,Não,1,1,0,0,0,0,0,1,"-22,67996818","-46,10029082",SPRF-MG,DEL16-MG,UOP03-DEL16-MG
386738.0,2021-10-01,sexta-feira,02:00:00,MG,262.0,399,PARA DE MINAS,Transitar na contramão,Colisão lateral sentido oposto,Com Vítimas Feridas,Plena Noite,Crescente,Céu Claro,Múltipla,Reta,Sim,2,0,1,0,1,0,1,2,"-19,90311456","-44,534",SPRF-MG,DEL01-MG,UOP03-DEL01-MG
386760.0,2021-10-01,sexta-feira,06:25:00,MG,381.0,711,CARMO DA CACHOEIRA,Condutor Dormindo,Colisão traseira,Com Vítimas Feridas,Pleno dia,Crescente,Céu Claro,Dupla,Não Informado,Não,2,0,1,0,1,0,1,2,"-21,39313978","-45,19816009",SPRF-MG,DEL04-MG,UOP02-DEL04-MG
386761.0,2021-10-01,sexta-feira,04:00:00,MG,381.0,"188,6",PERIQUITO,Velocidade Incompatível,Saída de leito carroçável,Com Vítimas Feridas,Amanhecer,Crescente,Céu Claro,Simples,Curva,Não,1,0,0,1,0,0,1,1,"-19,09255133","-42,19074995",SPRF-MG,DEL06-MG,UOP01-DEL06-MG
386771.0,2021-09-30,quinta-feira,20:00:00,MG,50.0,55,UBERLANDIA,Demais falhas mecânicas ou elétricas,Incêndio,Sem Vítimas,Plena Noite,Decrescente,Céu Claro,Dupla,Reta,Não,1,0,0,0,1,0,0,1,"-18,77290538","-48,24124319",SPRF-MG,DEL15-MG,UOP02-DEL15-MG
386774.0,2021-10-01,sexta-feira,06:30:00,MG,381.0,"658,4",SANTO ANTONIO DO AMPARO,Ausência de reação do condutor,Colisão traseira,Com Vítimas Feridas,Pleno dia,Decrescente,Céu Claro,Múltipla,Reta,Não,2,0,1,0,1,0,1,2,"-21,01855289","-44,98998112",SPRF-MG,DEL04-MG,UOP02-DEL04-MG
386783.0,2021-10-01,sexta-feira,07:29:00,MG,40.0,"523,9",CONTAGEM,Ausência de reação do condutor,Colisão traseira,Com Vítimas Fatais,Pleno dia,Crescente,Céu Claro,Dupla,Reta,Sim,3,1,0,0,2,0,0,3,"-19,86874894","-44,05962197",SPRF-MG,DEL01-MG,UOP02-DEL01-MG
386826.0,2021-10-01,sexta-feira,08:25:00,MG,116.0,"726,8",LARANJAL,Carga excessiva e/ou mal acondicionada,Derramamento de carga,Sem Vítimas,Pleno dia,Crescente,Céu Claro,Simples,Curva,Não,1,0,0,0,1,0,0,1,"-21,28972825","-42,41763654",SPRF-MG,DEL07-MG,UOP02-DEL07-MG
386842.0,2021-10-01,sexta-feira,09:50:00,MG,381.0,"856,1",POUSO ALEGRE,Demais falhas mecânicas ou elétricas,Eventos atípicos,Sem Vítimas,Pleno dia,Decrescente,Nublado,Dupla,Reta,Não,1,0,0,0,1,0,0,1,"-22,2899303","-45,89744568",SPRF-MG,DEL16-MG,UOP01-DEL16-MG
386846.0,2021-10-01,sexta-feira,14:30:00,MG,381.0,"912,9",CAMANDUCAIA,Chuva,Saída de leito carroçável,Com Vítimas Feridas,Pleno dia,Decrescente,Chuva,Dupla,Curva,Não,4,0,2,0,2,0,2,3,"-22,74838439","-46,1396147",SPRF-MG,DEL16-MG,UOP03-DEL16-MG
386897.0,2021-10-01,sexta-feira,15:18:00,MG,364.0,"32,8",FRUTAL,Velocidade Incompatível,Saída de leito carroçável,Com Vítimas Feridas,Pleno dia,Decrescente,Chuva,Simples,Desvio Temporário,Não,1,0,1,0,0,0,1,1,"-20,00351577","-48,942976",SPRF-MG,DEL13-MG,UOP02-DEL13-MG
386933.0,2021-10-01,sexta-feira,19:00:00,MG,40.0,574,ITABIRITO,Conversão proibida,Colisão lateral mesmo sentido,Com Vítimas Feridas,Plena Noite,Crescente,Chuva,Simples,Retorno Regulamentado,Não,2,0,1,0,1,0,1,2,"-20,24791897","-43,96366791",SPRF-MG,DEL01-MG,UOP02-DEL01-MG