id,data_inversa,dia_semana,horario,uf,br,km,municipio,causa_acidente,tipo_acidente,classificacao_acidente,fase_dia,sentido_via,condicao_metereologica,tipo_pista,tracado_via,uso_solo,pessoas,mortos,feridos_leves,feridos_graves,ilesos,ignorados,feridos,veiculos,latitude,longitude,regional,delegacia,uop
390772.0,2021-10-20,quarta-feira,02:45:00,MG,381.0,568,ITAGUARA,Velocidade Incompatível,Tombamento,Com Vítimas Feridas,Plena Noite,Decrescente,Chuva,Dupla,Reta,Não,1,0,1,0,0,0,1,1,"-20,42649228","-44,54458383",SPRF-MG,DEL04-MG,UOP03-DEL04-MG
390791.0,2021-10-20,quarta-feira,07:20:00,MG,40.0,70,PARACATU,Ingestão de álcool pelo condutor,Colisão traseira,Sem Vítimas,Pleno dia,Decrescente,Céu Claro,Simples,Reta,Não,2,0,0,0,1,1,0,2,"-17,400838","-46,727587",SPRF-MG,DEL14-MG,UOP01-DEL14-MG
390838.0,2021-10-20,quarta-feira,15:00:00,MG,381.0,"708,2",NEPOMUCENO,Condutor deixou de manter distância do veículo da frente,Engavetamento,Com Vítimas Feridas,Pleno dia,Crescente,Nublado,Dupla,Não Informado,Não,4,0,1,1,2,0,2,3,"-21,37741875","-45,19408464",SPRF-MG,DEL04-MG,UOP02-DEL04-MG
390843.0,2021-10-20,quarta-feira,12:00:00,MG,381.0,"491,6",BETIM,Velocidade Incompatível,Colisão traseira,Com Vítimas Feridas,Pleno dia,Decrescente,Nublado,Dupla,Reta,Sim,4,0,0,1,3,0,1,3,"-19,97018187","-44,18210416",SPRF-MG,DEL01-MG,UOP03-DEL01-MG
390866.0,2021-10-20,quarta-feira,14:30:00,MG,262.0,"607,8",CAMPOS ALTOS,Velocidade Incompatível,Tombamento,Sem Vítimas,Pleno dia,Crescente,Chuva,Simples,Curva,Não,7,0,0,0,7,0,0,4,"-19,62457601","-46,26930901",SPRF-MG,DEL08-MG,UOP02-DEL08-MG
390895.0,2021-10-20,quarta-feira,14:05:00,MG,116.0,"640,7",DIVINO,Curva acentuada,Tombamento,Sem Vítimas,Pleno dia,Decrescente,Chuva,Simples,Curva,Não,2,0,0,0,1,1,0,1,"-20,64979111","-42,24531979",SPRF-MG,DEL07-MG,UOP03-DEL07-MG
390896.0,2021-10-20,quarta-feira,20:30:00,MG,381.0,"737,3",TRES CORACOES,Velocidade Incompatível,Capotamento,Com Vítimas Feridas,Plena Noite,Crescente,Céu Claro,Dupla,Não Informado,Não,1,0,1,0,0,0,1,1,"-21,59740119","-45,23880352",SPRF-MG,DEL16-MG,UOP02-DEL16-MG
390908.0,2021-10-20,quarta-feira,21:50:00,MG,381.0,"724,5",CARMO DA CACHOEIRA,Condutor Dormindo,Colisão traseira,Com Vítimas Feridas,Plena Noite,Crescente,Nublado,Dupla,Não Informado,Não,2,0,1,0,1,0,1,2,"-21,46220637","-45,20609724",SPRF-MG,DEL04-MG,UOP02-DEL04-MG
390990.0,2021-10-21,quinta-feira,10:30:00,MG,381.0,496,BETIM,Reação tardia ou ineficiente do condutor,Colisão traseira,Com Vítimas Feridas,Pleno dia,Crescente,Nublado,Dupla,Reta,Sim,3,0,2,0,0,1,2,2,"-19,97556714","-44,19683933",SPRF-MG,DEL01-MG,UOP03-DEL01-MG
391087.0,2021-10-21,quinta-feira,21:40:00,MG,381.0,"447,5",SABARA,Curva acentuada,Derramamento de carga,Sem Vítimas,Plena Noite,Crescente,Céu Claro,Simples,Curva,Não,2,0,0,0,2,0,0,2,"-19,83435173","-43,85962899",SPRF-MG,DEL01-MG,UOP01-DEL01-MG
391114.0,2021-10-22,sexta-feira,03:20:00,MG,381.0,"762,8",CAMPANHA,Demais falhas mecânicas ou elétricas,Incêndio,Sem Vítimas,Plena Noite,Decrescente,Céu Claro,Dupla,Reta,Não,1,0,0,0,1,0,0,1,"-21,74008678","-45,38580253",SPRF-MG,DEL16-MG,UOP02-DEL16-MG
391130.0,2021-10-22,sexta-feira,04:20:00,MG,381.0,439,SABARA,Reação tardia ou ineficiente do condutor,Tombamento,Com Vítimas Feridas,Plena Noite,Crescente,Nublado,Simples,Curva,Não,1,0,1,0,0,0,1,1,"-19,80927691","-43,78706001",SPRF-MG,DEL01-MG,UOP01-DEL01-MG
391135.0,2021-10-21,quinta-feira,19:50:00,MG,40.0,"12,5",PARACATU,Reação tardia ou ineficiente do condutor,Tombamento,Com Vítimas Feridas,Plena Noite,Decrescente,Céu Claro,Simples,Reta,Não,1,0,1,0,0,0,1,1,"-17,06707662","-47,06004696",SPRF-MG,DEL14-MG,UOP01-DEL14-MG
391143.0,2021-10-21,quinta-feira,01:30:00,MG,153.0,76,MONTE ALEGRE DE MINAS,Velocidade Incompatível,Colisão frontal,Sem Vítimas,Plena Noite,Crescente,Céu Claro,Simples,Curva,Não,3,0,0,0,3,0,0,2,"-19,03073298","-49,01085007",SPRF-MG,DEL15-MG,UOP03-DEL15-MG
391144.0,2021-10-22,sexta-feira,09:30:00,MG,381.0,"441,9",SABARA,Ausência de reação do condutor,Colisão traseira,Com Vítimas Fatais,Pleno dia,Crescente,Céu Claro,Simples,Reta,Sim,2,1,0,0,1,0,0,2,"-19,81604176","-43,80389901",SPRF-MG,DEL01-MG,UOP01-DEL01-MG
391150.0,2021-10-22,sexta-feira,09:15:00,MG,381.0,"501,8",BETIM,Entrada inopinada do pedestre,Atropelamento de Pedestre,Com Vítimas Feridas,Pleno dia,Crescente,Céu Claro,Dupla,Desvio Temporário,Sim,2,0,0,1,1,0,1,1,"-20,03146447","-44,2377893",SPRF-MG,DEL01-MG,UOP03-DEL01-MG
391166.0,2021-07-31,sábado,09:50:00,MG,381.0,571,ITAGUARA,Velocidade Incompatível,Saída de leito carroçável,Com Vítimas Feridas,Pleno dia,Decrescente,Sol,Dupla,Reta,Não,1,0,1,0,0,0,1,1,"-20,44411687","-44,56483443",SPRF-MG,DEL04-MG,UOP03-DEL04-MG
391169.0,2021-10-22,sexta-feira,11:25:00,MG,153.0,10,ARAPORA,Condutor deixou de manter distância do veículo da frente,Colisão traseira,Com Vítimas Feridas,Pleno dia,Crescente,Céu Claro,Múltipla,Reta,Não,2,0,1,0,1,0,1,2,"-18,50602699","-49,18897335",SPRF-MG,DEL15-MG,UOP03-DEL15-MG
391196.0,2021-10-22,sexta-feira,06:30:00,MG,116.0,"35,4",CACHOEIRA DE PAJEU,Velocidade Incompatível,Tombamento,Com Vítimas Feridas,Pleno dia,Decrescente,Céu Claro,Simples,Curva,Não,2,0,2,0,0,0,2,1,"-15,94135999","-41,4000173",SPRF-MG,DEL11-MG,UOP02-DEL11-MG
391250.0,2021-10-22,sexta-feira,17:54:00,MG,50.0,"107,3",UBERABA,Acessar a via sem observar a presença dos outros veículos,Colisão traseira,Com Vítimas Feridas,Anoitecer,Decrescente,Céu Claro,Dupla,Não Informado,Não,2,0,1,0,1,0,1,2,"-19,19728496","-48,15250484",SPRF-MG,DEL13-MG,UOP01-DEL13-MG
391265.0,2021-10-22,sexta-feira,19:30:00,MG,40.0,"628,5",CONSELHEIRO LAFAIETE,Manobra de mudança de faixa,Colisão lateral mesmo sentido,Com Vítimas Feridas,Plena Noite,Decrescente,Nublado,Dupla,Reta,Não,3,0,1,0,2,0,1,3,"-20,64410984","-43,81128176",SPRF-MG,DEL05-MG,UOP02-DEL05-MG
391276.0,2021-10-22,sexta-feira,20:50:00,MG,365.0,523,MONTE CARMELO,Ingestão de álcool pelo condutor,Colisão frontal,Com Vítimas Feridas,Plena Noite,Crescente,Céu Claro,Simples,Não Informado,Não,2,0,0,1,1,0,1,2,"-18,914625","-47,41644686",SPRF-MG,DEL10-MG,UOP01-DEL10-MG
391294.0,2021-10-22,sexta-feira,21:10:00,MG,40.0,"501,7",ESMERALDAS,Manobra de mudança de faixa,Colisão traseira,Com Vítimas Feridas,Plena Noite,Decrescente,Céu Claro,Dupla,Reta,Sim,2,0,1,0,0,1,1,2,"-19,70735708","-44,16736508",SPRF-MG,DEL02-MG,UOP01-DEL02-MG
391312.0,2021-10-22,sexta-feira,18:15:00,MG,262.0,"705,1",ARAXA,Ausência de reação do condutor,Saída de leito carroçável,Com Vítimas Fatais,Pleno dia,Crescente,Céu Claro,Simples,Ponte,Não,2,1,0,0,0,1,0,1,"-19,583852","-47,066988",SPRF-MG,DEL08-MG,UOP01-DEL08-MG
391320.0,2021-10-23,sábado,02:00:00,MG,381.0,351,JOAO MONLEVADE,Condutor Dormindo,Colisão lateral sentido oposto,Com Vítimas Fatais,Plena Noite,Crescente,Céu Claro,Simples,Reta,Não,6,2,2,1,1,0,3,4,"-19,84644336","-43,16611234",SPRF-MG,DEL03-MG,UOP01-DEL03-MG
391341.0,2021-10-23,sábado,05:15:00,MG,381.0,"488,2",BETIM,Condutor Dormindo,Colisão traseira,Com Vítimas Feridas,Pleno dia,Crescente,Céu Claro,Dupla,Não Informado,Sim,3,0,1,0,1,1,1,3,"-19,9598656","-44,15489715",SPRF-MG,DEL01-MG,UOP03-DEL01-MG
391346.0,2021-10-23,sábado,05:50:00,MG,116.0,"275,1",TEOFILO OTONI,Ultrapassagem Indevida,Colisão frontal,Sem Vítimas,Amanhecer,Decrescente,Nublado,Simples,Reta,Sim,3,0,0,0,3,0,0,3,"-17,84235093","-41,51410418",SPRF-MG,DEL11-MG,UOP01-DEL11-MG
391350.0,2021-10-23,sábado,05:00:00,MG,262.0,"33,6",MANHUACU,Condutor Dormindo,Saída de leito carroçável,Com Vítimas Fatais,Amanhecer,Decrescente,Nublado,Simples,Curva,Não,1,1,0,0,0,0,0,1,"-20,25550548","-42,00465315",SPRF-MG,DEL06-MG,UOP04-DEL06-MG
391358.0,2021-10-22,sexta-feira,22:45:00,MG,381.0,"625,2",OLIVEIRA,Condutor Dormindo,Colisão traseira,Com Vítimas Fatais,Plena Noite,Crescente,Nublado,Dupla,Curva,Não,2,1,0,0,1,0,0,2,"-20,798396","-44,789591",SPRF-MG,DEL04-MG,UOP01-DEL04-MG
391402.0,2021-10-23,sábado,10:25:00,MG,381.0,"539,9",ITATIAIUCU,Demais falhas mecânicas ou elétricas,Colisão lateral mesmo sentido,Com Vítimas Feridas,Pleno dia,Decrescente,Céu Claro,Dupla,Não Informado,Sim,4,0,2,0,2,0,2,2,"-20,242548","-44,41251621",SPRF-MG,DEL04-MG,UOP03-DEL04-MG
391425.0,2021-10-23,sábado,13:50:00,MG,40.0,"523,7",CONTAGEM,Trafegar com motocicleta (ou similar) entre as faixas,Colisão lateral mesmo sentido,Com Vítimas Fatais,Pleno dia,Decrescente,Céu Claro,Dupla,Reta,Sim,3,1,0,0,2,0,0,3,"-19,86874894","-44,05962197",SPRF-MG,DEL01-MG,UOP02-DEL01-MG
391427.0,2021-10-23,sábado,06:30:00,MG,116.0,"163,9",PADRE PARAISO,Velocidade Incompatível,Tombamento,Sem Vítimas,Pleno dia,Decrescente,Nublado,Simples,Curva,Não,1,0,0,0,1,0,0,1,"-16,95891998","-41,45585995",SPRF-MG,DEL11-MG,UOP02-DEL11-MG
391466.0,2021-10-23,sábado,18:50:00,MG,381.0,"481,6",CONTAGEM,Demais falhas mecânicas ou elétricas,Eventos atípicos,Com Vítimas Feridas,Plena Noite,Crescente,Céu Claro,Dupla,Não Informado,Não,3,0,2,0,1,0,2,1,"-19,95931561","-44,08825597",SPRF-MG,DEL01-MG,UOP03-DEL01-MG
391473.0,2021-06-21,segunda-feira,20:30:00,MG,153.0,"46,3",CANAPOLIS,Reação tardia ou ineficiente do condutor,Tombamento,Com Vítimas Feridas,Plena Noite,Decrescente,Céu Claro,Dupla,Curva,Não,2,0,0,1,1,0,1,2,"-18,7877321","-49,08400664",SPRF-MG,DEL15-MG,UOP03-DEL15-MG
391536.0,2021-10-23,sábado,21:05:00,MG,40.0,"736,3",SANTOS DUMONT,Velocidade Incompatível,Saída de leito carroçável,Sem Vítimas,Plena Noite,Crescente,Céu Claro,Simples,Curva,Não,1,0,0,0,1,0,0,1,"-21,3760951575","-43,5699370083",SPRF-MG,DEL05-MG,UOP01-DEL05-MG
391544.0,2021-10-23,sábado,23:45:00,MG,40.0,"509,8",RIBEIRAO DAS NEVES,Ausência de reação do condutor,Colisão traseira,Com Vítimas Feridas,Plena Noite,Decrescente,Nublado,Dupla,Reta,Sim,3,0,1,1,1,0,2,2,"-19,76728744","-44,12855905",SPRF-MG,DEL01-MG,UOP02-DEL01-MG
391590.0,2021-10-24,domingo,03:40:00,MG,381.0,531,ITATIAIUCU,Condutor Dormindo,Saída de leito carroçável,Com Vítimas Feridas,Plena Noite,Crescente,Nublado,Dupla,Não Informado,Não,2,0,2,0,0,0,2,1,"-20,16289645","-44,35852099",SPRF-MG,DEL04-MG,UOP03-DEL04-MG
391604.0,2021-10-24,domingo,06:10:00,MG,365.0,"661,6",MONTE ALEGRE DE MINAS,Ausência de reação do condutor,Saída de leito carroçável,Com Vítimas Feridas,Amanhecer,Decrescente,Nublado,Dupla,Curva,Não,1,0,1,0,0,0,1,1,"-18,89429328","-48,65210897",SPRF-MG,DEL15-MG,UOP01-DEL15-MG
391606.0,2021-10-23,sábado,12:40:00,MG,365.0,649,UBERLANDIA,Obras na pista,Tombamento,Sem Vítimas,Pleno dia,Crescente,Céu Claro,Dupla,Reta,Não,1,0,0,0,1,0,0,1,"-18,87111351","-48,5495801",SPRF-MG,DEL15-MG,UOP01-DEL15-MG
391631.0,2021-10-24,domingo,10:00:00,MG,381.0,"904,3",CAMBUI,Velocidade Incompatível,Engavetamento,Com Vítimas Fatais,Pleno dia,Decrescente,Garoa/Chuvisco,Dupla,Reta,Não,3,1,0,0,2,0,0,3,"-22,65237811","-46,08865788",SPRF-MG,DEL16-MG,UOP03-DEL16-MG
391762.0,2021-10-24,domingo,19:30:00,MG,365.0,625,UBERLANDIA,Manobra de mudança de faixa,Colisão lateral mesmo sentido,Sem Vítimas,Plena Noite,Crescente,Céu Claro,Dupla,Reta,Sim,2,0,0,0,2,0,0,2,"-18,905978","-48,320641",SPRF-MG,DEL15-MG,UOP01-DEL15-MG
391813.0,2021-10-25,segunda-feira,04:30:00,MG,381.0,889,CAMBUI,Velocidade Incompatível,Colisão com objeto,Com Vítimas Feridas,Plena Noite,Crescente,Chuva,Dupla,Curva,Não,1,0,1,0,0,0,1,1,"-22,57874206","-46,04473491",SPRF-MG,DEL16-MG,UOP03-DEL16-MG
391838.0,2021-10-22,sexta-feira,00:00:00,MG,50.0,149,UBERABA,Condutor Dormindo,Saída de leito carroçável,Com Vítimas Feridas,Plena Noite,Crescente,Céu Claro,Dupla,Reta,Não,2,0,2,0,0,0,2,1,"-19,55574501","-48,03471604",SPRF-MG,DEL13-MG,UOP01-DEL13-MG
391883.0,2021-10-25,segunda-feira,11:20:00,MG,365.0,"749,9",ITUIUTABA,Velocidade Incompatível,Derramamento de carga,Sem Vítimas,Pleno dia,Crescente,Céu Claro,Simples,Ponte,Sim,1,0,0,0,1,0,0,1,"-18,93793339","-49,43876589",SPRF-MG,DEL15-MG,UOP03-DEL15-MG
391936.0,2021-10-25,segunda-feira,19:52:00,MG,381.0,"491,6",BETIM,Manobra de mudança de faixa,Colisão lateral mesmo sentido,Com Vítimas Feridas,Plena Noite,Crescente,Nublado,Múltipla,Reta,Sim,2,0,0,1,1,0,1,2,"-19,95956954","-44,15418684",SPRF-MG,DEL01-MG,UOP03-DEL01-MG
391944.0,2021-10-25,segunda-feira,16:00:00,MG,262.0,557,CORREGO DANTA,Ultrapassagem Indevida,Tombamento,Com Vítimas Feridas,Pleno dia,Crescente,Céu Claro,Simples,Reta,Não,1,0,1,0,0,0,1,1,"-19,71540283","-45,92939909",SPRF-MG,DEL08-MG,UOP02-DEL08-MG
391959.0,2021-10-25,segunda-feira,20:15:00,MG,381.0,380,SAO GONCALO DO RIO ABAIXO,Velocidade Incompatível,Colisão transversal,Com Vítimas Feridas,Plena Noite,Decrescente,Céu Claro,Simples,Reta,Sim,3,0,0,1,1,1,1,2,"-19,8315359","-43,37649498",SPRF-MG,DEL01-MG,UOP01-DEL01-MG
391961.0,2021-10-25,segunda-feira,18:00:00,MG,381.0,"167,4",GOVERNADOR VALADARES,Ultrapassagem Indevida,Colisão frontal,Com Vítimas Fatais,Plena Noite,Crescente,Céu Claro,Simples,Reta,Não,2,1,0,0,1,0,0,2,"-18,95969298","-42,07583292",SPRF-MG,DEL06-MG,UOP01-DEL06-MG
391979.0,2021-10-26,terça-feira,03:10:00,MG,356.0,"276,6",EUGENOPOLIS,Velocidade Incompatível,Tombamento,Com Vítimas Fatais,Plena Noite,Crescente,Nublado,Simples,Curva,Não,2,1,1,0,0,0,1,1,"-21,1259893","-42,27931031",SPRF-MG,DEL07-MG,UOP02-DEL07-MG
392003.0,2021-10-26,terça-feira,08:00:00,MG,381.0,"687,7",LAVRAS,Velocidade Incompatível,Tombamento,Com Vítimas Feridas,Pleno dia,Crescente,Nublado,Dupla,Não Informado,Não,1,0,1,0,0,0,1,1,"-21,20874401","-45,12332598",SPRF-MG,DEL04-MG,UOP02-DEL04-MG
392004.0,2021-10-26,terça-feira,07:50:00,MG,381.0,3,BETIM,Velocidade Incompatível,Colisão lateral mesmo sentido,Com Vítimas Feridas,Pleno dia,Decrescente,Céu Claro,Dupla,Reta,Sim,3,0,1,0,2,0,1,2,"-19,96825","-44,198708",SPRF-MG,DEL01-MG,UOP03-DEL01-MG
392033.0,2021-10-26,terça-feira,11:10:00,MG,365.0,750,ITUIUTABA,Manobra de mudança de faixa,Capotamento,Com Vítimas Feridas,Pleno dia,Decrescente,Céu Claro,Simples,Desvio Temporário,Sim,2,0,1,0,1,0,1,2,"-18,93793339","-49,43876589",SPRF-MG,DEL15-MG,UOP03-DEL15-MG
392050.0,2021-10-26,terça-feira,13:01:00,MG,50.0,"0,4",UBERLANDIA,Reação tardia ou ineficiente do condutor,Tombamento,Com Vítimas Feridas,Pleno dia,Crescente,Céu Claro,Simples,Curva,Não,1,0,1,0,0,0,1,1,"-18,85831256","-48,25236082",SPRF-MG,DEL15-MG,UOP01-DEL15-MG
392053.0,2021-10-26,terça-feira,10:15:00,MG,116.0,"470,7",TARUMIRIM,Acessar a via sem observar a presença dos outros veículos,Colisão transversal,Com Vítimas Feridas,Pleno dia,Crescente,Nublado,Simples,Retorno Regulamentado,Não,3,0,1,0,2,0,1,2,"-19,31438339","-42,07489014",SPRF-MG,DEL06-MG,UOP02-DEL06-MG
392056.0,2021-10-26,terça-feira,09:45:00,MG,262.0,"547,4",LUZ,Reação tardia ou ineficiente do condutor,Colisão frontal,Com Vítimas Feridas,Pleno dia,Decrescente,Garoa/Chuvisco,Simples,Curva,Não,5,0,3,1,1,0,4,2,"-19,74018668","-45,86034892",SPRF-MG,DEL08-MG,UOP02-DEL08-MG
392058.0,2021-10-26,terça-feira,14:30:00,MG,365.0,614,UBERLANDIA,Velocidade Incompatível,Colisão frontal,Com Vítimas Feridas,Pleno dia,Crescente,Sol,Simples,Reta,Não,2,0,1,1,0,0,2,2,"-18,884602","-48,26594",SPRF-MG,DEL15-MG,UOP01-DEL15-MG
392077.0,2021-10-26,terça-feira,14:30:00,MG,40.0,545,NOVA LIMA,Manobra de mudança de faixa,Colisão lateral mesmo sentido,Com Vítimas Feridas,Pleno dia,Crescente,Nublado,Dupla,Não Informado,Sim,3,0,1,0,2,0,1,2,"-20,00670404","-43,96418668",SPRF-MG,DEL01-MG,UOP02-DEL01-MG
392078.0,2021-10-26,terça-feira,09:50:00,MG,354.0,709,CAXAMBU,Velocidade Incompatível,Tombamento,Sem Vítimas,Pleno dia,Crescente,Céu Claro,Simples,Curva,Não,1,0,0,0,1,0,0,1,"-22,02469499","-44,9270357",SPRF-MG,DEL17-MG,UOP01-DEL17-MG
392103.0,2021-10-26,terça-feira,08:30:00,MG,116.0,"12,8",AGUAS VERMELHAS,Avarias e/ou desgaste excessivo no pneu,Incêndio,Sem Vítimas,Pleno dia,Crescente,Céu Claro,Simples,Reta,Não,1,0,0,0,1,0,0,1,"-15,80000875","-41,3461352",SPRF-BA,DEL08-BA,UOP03-DEL08-BA
392150.0,2021-10-27,quarta-feira,05:12:00,MG,50.0,18,UBERLANDIA,Ausência de reação do condutor,Colisão traseira,Com Vítimas Feridas,Amanhecer,Crescente,Céu Claro,Dupla,Interseção de vias,Sim,2,0,1,0,1,0,1,2,"-18,92868703","-48,19278359",SPRF-MG,DEL15-MG,UOP02-DEL15-MG
392154.0,2021-10-27,quarta-feira,06:20:00,MG,262.0,"663,8",IBIA,Condutor Dormindo,Colisão frontal,Com Vítimas Fatais,Amanhecer,Decrescente,Nublado,Simples,Curva,Não,3,2,0,0,1,0,0,2,"-19,552617","-46,763646",SPRF-MG,DEL08-MG,UOP01-DEL08-MG
392161.0,2021-10-27,quarta-feira,06:30:00,MG,153.0,"148,3",CAMPO FLORIDO,Condutor deixou de manter distância do veículo da frente,Engavetamento,Com Vítimas Feridas,Pleno dia,Decrescente,Chuva,Simples,Reta,Não,4,0,1,0,3,0,1,4,"-19,63284117","-48,85120975",SPRF-MG,DEL13-MG,UOP02-DEL13-MG
392172.0,2021-10-27,quarta-feira,05:45:00,MG,381.0,"527,8",BRUMADINHO,Velocidade Incompatível,Colisão com objeto,Com Vítimas Feridas,Amanhecer,Decrescente,Chuva,Dupla,Curva,Não,1,0,1,0,0,0,1,1,"-20,16283256","-44,35072739",SPRF-MG,DEL04-MG,UOP03-DEL04-MG
392194.0,2021-10-27,quarta-feira,10:50:00,MG,50.0,177,UBERABA,Trafegar com motocicleta (ou similar) entre as faixas,Colisão lateral mesmo sentido,Com Vítimas Feridas,Pleno dia,Crescente,Céu Claro,Dupla,Reta,Sim,2,0,1,0,1,0,1,2,"-19,77912749","-47,94159472",SPRF-MG,DEL13-MG,UOP01-DEL13-MG
392196.0,2021-10-27,quarta-feira,08:45:00,MG,365.0,"136,2",VARZEA DA PALMA,Condutor Dormindo,Saída de leito carroçável,Com Vítimas Fatais,Pleno dia,Decrescente,Sol,Simples,Reta,Não,1,1,0,0,0,0,0,1,"-17,18921066","-44,81125334",SPRF-MG,DEL12-MG,UOP01-DEL12-MG
392210.0,2021-10-27,quarta-feira,06:45:00,MG,116.0,"207,9",CATUJI,Conversão proibida,Colisão transversal,Com Vítimas Feridas,Pleno dia,Crescente,Nublado,Simples,Reta,Sim,3,0,0,1,2,0,1,2,"-17,30002412","-41,51688834",SPRF-MG,DEL11-MG,UOP01-DEL11-MG
392223.0,2021-10-27,quarta-feira,07:00:00,MG,251.0,"295,1",SALINAS,Demais falhas mecânicas ou elétricas,Incêndio,Sem Vítimas,Pleno dia,Crescente,Céu Claro,Simples,Reta,Não,1,0,0,0,1,0,0,1,"-16,09560009","-42,21195719",SPRF-MG,DEL11-MG,UOP02-DEL11-MG
392225.0,2021-10-27,quarta-feira,07:00:00,MG,262.0,591,CAMPOS ALTOS,Velocidade Incompatível,Tombamento,Sem Vítimas,Pleno dia,Decrescente,Sol,Simples,Curva,Não,1,0,0,0,1,0,0,1,"-19,66593786","-46,14284708",SPRF-MG,DEL08-MG,UOP02-DEL08-MG
392234.0,2021-10-27,quarta-feira,14:20:00,MG,365.0,385,PATOS DE MINAS,Manobra de mudança de faixa,Colisão frontal,Com Vítimas Feridas,Pleno dia,Crescente,Céu Claro,Dupla,Reta,Não,2,0,2,0,0,0,2,2,"-18,5904982","-46,27619367",SPRF-MG,DEL10-MG,UOP01-DEL10-MG
392242.0,2021-10-27,quarta-feira,15:50:00,MG,50.0,170,UBERABA,Reação tardia ou ineficiente do condutor,Colisão lateral mesmo sentido,Com Vítimas Feridas,Pleno dia,Decrescente,Chuva,Dupla,Reta,Sim,7,0,5,0,2,0,5,3,"-19,73661208","-47,98290957",SPRF-MG,DEL13-MG,UOP01-DEL13-MG
392254.0,2021-10-27,quarta-feira,11:20:00,MG,381.0,431,SABARA,Velocidade Incompatível,Saída de leito carroçável,Sem Vítimas,Pleno dia,Crescente,Sol,Simples,Não Informado,Não,1,0,0,0,1,0,0,1,"-19,78681484","-43,70121002",SPRF-MG,DEL01-MG,UOP01-DEL01-MG
392257.0,2021-10-27,quarta-feira,17:25:00,MG,381.0,366,SAO GONCALO DO RIO ABAIXO,Carga excessiva e/ou mal acondicionada,Tombamento,Com Vítimas Feridas,Anoitecer,Decrescente,Céu Claro,Simples,Curva,Não,1,0,1,0,0,0,1,1,"-19,850555","-43,267783",SPRF-MG,DEL03-MG,UOP01-DEL03-MG
392269.0,2021-10-27,quarta-feira,16:00:00,MG,262.0,"772,7",UBERABA,Ultrapassagem Indevida,Colisão frontal,Com Vítimas Fatais,Plena Noite,Crescente,Chuva,Simples,Interseção de vias,Não,3,2,0,0,1,0,0,2,"-19,70754792","-47,70151607",SPRF-MG,DEL13-MG,UOP01-DEL13-MG
392286.0,2021-10-27,quarta-feira,15:45:00,MG,153.0,"76,9",PRATA,Velocidade Incompatível,Colisão traseira,Com Vítimas Feridas,Pleno dia,Decrescente,Céu Claro,Simples,Ponte,Não,2,0,1,0,1,0,1,2,"-19,03073298","-49,01085007",SPRF-MG,DEL15-MG,UOP03-DEL15-MG
392304.0,2021-10-27,quarta-feira,16:00:00,MG,116.0,"47,8",PEDRA AZUL,Ausência de reação do condutor,Saída de leito carroçável,Com Vítimas Fatais,Pleno dia,Crescente,Céu Claro,Simples,Curva,Não,2,1,0,0,0,1,0,1,"-16,03864179","-41,42748329",SPRF-MG,DEL11-MG,UOP02-DEL11-MG
392307.0,2021-10-27,quarta-feira,21:23:00,MG,40.0,506,RIBEIRAO DAS NEVES,Ausência de reação do condutor,Colisão traseira,Com Vítimas Feridas,Plena Noite,Decrescente,Céu Claro,Dupla,Não Informado,Não,2,0,2,0,0,0,2,2,"-19,74716686","-44,14731173",SPRF-MG,DEL02-MG,UOP01-DEL02-MG
392310.0,2021-10-27,quarta-feira,22:00:00,MG,50.0,15,UBERLANDIA,Reação tardia ou ineficiente do condutor,Saída de leito carroçável,Com Vítimas Feridas,Plena Noite,Crescente,Nublado,Simples,Viaduto,Não,1,0,1,0,0,0,1,1,"-18,9113","-48,2622",SPRF-MG,DEL15-MG,UOP01-DEL15-MG
392341.0,2021-10-28,quinta-feira,06:00:00,MG,381.0,"921,3",CAMANDUCAIA,Velocidade Incompatível,Tombamento,Com Vítimas Feridas,Pleno dia,Crescente,Chuva,Dupla,Não Informado,Não,1,0,1,0,0,0,1,1,"-22,7680939","-46,20854399",SPRF-MG,DEL16-MG,UOP03-DEL16-MG
392359.0,2021-10-28,quinta-feira,06:00:00,MG,153.0,"58,2",MONTE ALEGRE DE MINAS,Reação tardia ou ineficiente do condutor,Colisão traseira,Com Vítimas Feridas,Amanhecer,Decrescente,Céu Claro,Simples,Reta,Não,2,0,0,1,1,0,1,2,"-18,878386","-49,056637",SPRF-MG,DEL15-MG,UOP03-DEL15-MG
392361.0,2021-10-28,quinta-feira,07:15:00,MG,262.0,"433,7",NOVA SERRANA,Velocidade Incompatível,Saída de leito carroçável,Com Vítimas Feridas,Pleno dia,Crescente,Céu Claro,Dupla,Reta,Não,1,0,0,1,0,0,1,1,"-19,89020759","-44,83338711",SPRF-MG,DEL08-MG,UOP03-DEL08-MG
392383.0,2021-10-28,quinta-feira,06:15:00,MG,381.0,"192,4",PERIQUITO,Condutor Dormindo,Colisão frontal,Com Vítimas Fatais,Amanhecer,Crescente,Céu Claro,Simples,Curva,Não,2,1,1,0,0,0,1,2,"-19,11835916","-42,21228485",SPRF-MG,DEL06-MG,UOP01-DEL06-MG
392402.0,2021-08-22,domingo,01:15:00,MG,153.0,59,MONTE ALEGRE DE MINAS,Ausência de reação do condutor,Colisão traseira,Com Vítimas Feridas,Plena Noite,Decrescente,Nublado,Simples,Reta,Não,2,0,1,0,1,0,1,2,"-18,88622703","-49,05195006",SPRF-MG,DEL15-MG,UOP03-DEL15-MG