id,data_inversa,dia_semana,horario,uf,br,km,municipio,causa_acidente,tipo_acidente,classificacao_acidente,fase_dia,sentido_via,condicao_metereologica,tipo_pista,tracado_via,uso_solo,pessoas,mortos,feridos_leves,feridos_graves,ilesos,ignorados,feridos,veiculos,latitude,longitude,regional,delegacia,uop
394619.0,2021-11-08,segunda-feira,16:15:00,MG,381.0,"883,8",ESTIVA,Condutor Dormindo,Colisão com objeto,Com Vítimas Feridas,Pleno dia,Decrescente,Chuva,Dupla,Reta,Não,1,0,0,1,0,0,1,1,"-22,53194905","-46,02809392",SPRF-MG,DEL16-MG,UOP03-DEL16-MG
394636.0,2021-11-08,segunda-feira,17:30:00,MG,40.0,549,NOVA LIMA,Manobra de mudança de faixa,Colisão lateral mesmo sentido,Com Vítimas Feridas,Anoitecer,Decrescente,Garoa/Chuvisco,Dupla,Desvio Temporário,Não,4,0,1,0,3,0,1,4,"-20,03972326","-43,96703232",SPRF-MG,DEL01-MG,UOP02-DEL01-MG
394701.0,2021-11-09,terça-feira,03:50:00,MG,381.0,"435,3",SABARA,Chuva,Capotamento,Com Vítimas Fatais,Plena Noite,Crescente,Chuva,Simples,Curva,Não,1,1,0,0,0,0,0,1,"-19,80010099","-43,75771301",SPRF-MG,DEL01-MG,UOP01-DEL01-MG
394703.0,2021-11-09,terça-feira,04:15:00,MG,40.0,"455,6",CAETANOPOLIS,Chuva,Saída de leito carroçável,Sem Vítimas,Plena Noite,Decrescente,Chuva,Dupla,Desvio Temporário,Não,1,0,0,0,1,0,0,1,"-19,35767518","-44,34735515",SPRF-MG,DEL02-MG,UOP01-DEL02-MG
394714.0,2021-11-09,terça-feira,02:20:00,MG,251.0,493,FRANCISCO SA,Pista Escorregadia,Saída de leito carroçável,Com Vítimas Feridas,Plena Noite,Decrescente,Nublado,Simples,Curva,Não,1,0,0,1,0,0,1,1,"-16,5500591","-43,60261992",SPRF-MG,DEL12-MG,UOP01-DEL12-MG
394760.0,2021-11-09,terça-feira,08:30:00,MG,381.0,"873,9",ESTIVA,Velocidade Incompatível,Tombamento,Com Vítimas Feridas,Pleno dia,Crescente,Céu Claro,Dupla,Curva,Não,1,0,1,0,0,0,1,1,"-22,41975654","-45,96533775",SPRF-MG,DEL16-MG,UOP01-DEL16-MG
394761.0,2021-11-09,terça-feira,09:00:00,MG,381.0,873,ESTIVA,Velocidade Incompatível,Engavetamento,Com Vítimas Feridas,Pleno dia,Crescente,Céu Claro,Dupla,Não Informado,Não,12,0,6,0,6,0,6,6,"-22,41271038","-45,96193423",SPRF-MG,DEL16-MG,UOP01-DEL16-MG
394781.0,2021-11-01,segunda-feira,11:30:00,MG,251.0,202,CACHOEIRA DE PAJEU,Ausência de reação do condutor,Colisão traseira,Com Vítimas Feridas,Pleno dia,Crescente,Nublado,Simples,Reta,Não,5,0,1,0,2,2,1,2,"-15,85923197","-41,49716601",SPRF-MG,DEL11-MG,UOP02-DEL11-MG
394798.0,2021-11-09,terça-feira,15:50:00,MG,381.0,494,BETIM,Ausência de sinalização,Colisão traseira,Com Vítimas Feridas,Pleno dia,Crescente,Nublado,Dupla,Retorno Regulamentado,Sim,3,0,2,0,1,0,2,2,"-19,985563","-44,20318",SPRF-MG,DEL01-MG,UOP03-DEL01-MG
394875.0,2021-11-10,quarta-feira,06:40:00,MG,40.0,622,CONSELHEIRO LAFAIETE,Reação tardia ou ineficiente do condutor,Colisão traseira,Com Vítimas Feridas,Pleno dia,Crescente,Nublado,Simples,Reta,Sim,5,0,3,0,2,0,3,2,"-20,593914","-43,80411985",SPRF-MG,DEL05-MG,UOP02-DEL05-MG
394915.0,2021-10-11,segunda-feira,09:00:00,MG,381.0,"857,2",POUSO ALEGRE,Reação tardia ou ineficiente do condutor,Colisão traseira,Com Vítimas Feridas,Pleno dia,Decrescente,Chuva,Dupla,Reta,Não,9,0,3,1,4,1,4,2,"-22,3341773","-45,92156967",SPRF-MG,DEL16-MG,UOP01-DEL16-MG
394917.0,2021-11-10,quarta-feira,10:20:00,MG,381.0,607,OLIVEIRA,Condutor usando celular,Colisão transversal,Com Vítimas Feridas,Pleno dia,Crescente,Garoa/Chuvisco,Dupla,Reta,Não,3,0,1,0,2,0,1,2,"-20,6851019","-44,73967015",SPRF-MG,DEL04-MG,UOP01-DEL04-MG
394930.0,2021-09-27,segunda-feira,20:15:00,MG,50.0,74,UBERLANDIA,Ausência de reação do condutor,Capotamento,Com Vítimas Feridas,Plena Noite,Crescente,Vento,Dupla,Reta,Sim,5,0,2,0,1,2,2,2,"-18,85140204","-48,25345932",SPRF-MG,DEL15-MG,UOP01-DEL15-MG
394935.0,2021-11-10,quarta-feira,14:05:00,MG,40.0,"461,3",SETE LAGOAS,Ingestão de álcool pelo condutor,Colisão lateral mesmo sentido,Sem Vítimas,Pleno dia,Decrescente,Nublado,Dupla,Não Informado,Não,2,0,0,0,2,0,0,2,"-19,4065509","-44,33367766",SPRF-MG,DEL02-MG,UOP01-DEL02-MG
394974.0,2021-11-10,quarta-feira,17:45:00,MG,381.0,"700,8",LAVRAS,Ausência de reação do condutor,Saída de leito carroçável,Com Vítimas Feridas,Pleno dia,Crescente,Céu Claro,Dupla,Não Informado,Não,1,0,1,0,0,0,1,1,"-21,31137883","-45,16451703",SPRF-MG,DEL04-MG,UOP02-DEL04-MG
394992.0,2021-11-10,quarta-feira,19:10:00,MG,40.0,"668,8",CARANDAI,Acessar a via sem observar a presença dos outros veículos,Colisão transversal,Com Vítimas Feridas,Plena Noite,Crescente,Nublado,Simples,Curva,Sim,3,0,2,0,1,0,2,2,"-20,96264461","-43,78803941",SPRF-MG,DEL05-MG,UOP02-DEL05-MG
395013.0,2021-11-10,quarta-feira,17:45:00,MG,262.0,"786,9",UBERABA,Reação tardia ou ineficiente do condutor,Colisão lateral mesmo sentido,Sem Vítimas,Pleno dia,Crescente,Sol,Simples,Não Informado,Não,5,0,0,0,5,0,0,5,"-19,7601993","-47,81279315",SPRF-MG,DEL13-MG,UOP01-DEL13-MG
395016.0,2021-11-10,quarta-feira,22:00:00,MG,40.0,"451,8",CAETANOPOLIS,Chuva,Tombamento,Com Vítimas Feridas,Plena Noite,Crescente,Chuva,Dupla,Reta,Não,2,0,0,1,1,0,1,1,"-19,32547602","-44,36467416",SPRF-MG,DEL02-MG,UOP01-DEL02-MG
395042.0,2021-11-11,quinta-feira,02:45:00,MG,40.0,"525,2",CONTAGEM,Chuva,Saída de leito carroçável,Sem Vítimas,Plena Noite,Decrescente,Chuva,Dupla,Reta,Não,1,0,0,0,1,0,0,1,"-19,88361702","-44,05039336",SPRF-MG,DEL01-MG,UOP02-DEL01-MG
395063.0,2021-11-10,quarta-feira,21:00:00,MG,116.0,"595,9",MANHUACU,Reação tardia ou ineficiente do condutor,Colisão com objeto,Com Vítimas Feridas,Plena Noite,Decrescente,Nublado,Simples,Reta,Não,1,0,1,0,0,0,1,1,"-20,29516807","-42,14747044",SPRF-MG,DEL06-MG,UOP04-DEL06-MG
395101.0,2021-11-11,quinta-feira,11:15:00,MG,40.0,503,ESMERALDAS,Reação tardia ou ineficiente do condutor,Saída de leito carroçável,Sem Vítimas,Pleno dia,Decrescente,Chuva,Dupla,Reta,Sim,1,0,0,0,1,0,0,1,"-19,72138499","-44,15573599",SPRF-MG,DEL02-MG,UOP01-DEL02-MG
395102.0,2021-11-11,quinta-feira,12:15:00,MG,40.0,501,ESMERALDAS,Carga excessiva e/ou mal acondicionada,Atropelamento de Pedestre,Com Vítimas Feridas,Pleno dia,Decrescente,Chuva,Dupla,Desvio Temporário,Sim,2,0,0,1,1,0,1,1,"-19,70735708","-44,16736508",SPRF-MG,DEL02-MG,UOP01-DEL02-MG
395106.0,2021-01-03,domingo,22:25:00,MG,116.0,536,SANTA RITA DE MINAS,Velocidade Incompatível,Tombamento,Com Vítimas Fatais,Plena Noite,Decrescente,Nublado,Simples,Curva,Não,3,2,0,0,1,0,0,2,"-19,85032237","-42,14196682",SPRF-MG,DEL06-MG,UOP02-DEL06-MG
395109.0,2021-11-11,quinta-feira,08:00:00,MG,262.0,"719,6",ARAXA,Ultrapassagem Indevida,Colisão traseira,Com Vítimas Feridas,Pleno dia,Decrescente,Chuva,Simples,Reta,Não,3,0,0,1,2,0,1,3,"-19,61792572","-47,22360493",SPRF-MG,DEL08-MG,UOP01-DEL08-MG
395112.0,2021-11-11,quinta-feira,13:10:00,MG,381.0,"392,7",BARAO DE COCAIS,Ausência de reação do condutor,Colisão traseira,Sem Vítimas,Pleno dia,Decrescente,Chuva,Dupla,Curva,Não,2,0,0,0,2,0,0,2,"-19,76614595","-43,45877192",SPRF-MG,DEL01-MG,UOP01-DEL01-MG
395114.0,2021-11-11,quinta-feira,09:10:00,MG,116.0,"511,3",UBAPORANGA,Condutor deixou de manter distância do veículo da frente,Colisão traseira,Com Vítimas Feridas,Pleno dia,Decrescente,Chuva,Simples,Reta,Não,2,0,1,0,1,0,1,2,"-19,65371791","-42,11137522",SPRF-MG,DEL06-MG,UOP02-DEL06-MG
395128.0,2021-11-11,quinta-feira,14:00:00,MG,251.0,"514,7",MONTES CLAROS,Entrada inopinada do pedestre,Atropelamento de Pedestre,Com Vítimas Fatais,Pleno dia,Decrescente,Garoa/Chuvisco,Simples,Reta,Não,3,1,0,0,2,0,0,1,"-16,65853004","-43,735423",SPRF-MG,DEL12-MG,UOP01-DEL12-MG
395146.0,2021-06-25,sexta-feira,04:35:00,MG,50.0,"153,3",UBERABA,Reação tardia ou ineficiente do condutor,Colisão traseira,Com Vítimas Feridas,Plena Noite,Decrescente,Céu Claro,Dupla,Não Informado,Não,2,0,1,0,1,0,1,2,"-19,59125905","-48,02849514",SPRF-MG,DEL13-MG,UOP01-DEL13-MG
395155.0,2021-11-11,quinta-feira,16:30:00,MG,50.0,49,ARAGUARI,Reação tardia ou ineficiente do condutor,Saída de leito carroçável,Com Vítimas Feridas,Pleno dia,Decrescente,Nublado,Dupla,Curva,Não,1,0,1,0,0,0,1,1,"-18,73001552","-48,22061517",SPRF-MG,DEL15-MG,UOP02-DEL15-MG
395165.0,2021-11-11,quinta-feira,17:30:00,MG,50.0,"57,5",UBERLANDIA,Problema com o freio,Tombamento,Com Vítimas Feridas,Pleno dia,Decrescente,Nublado,Dupla,Desvio Temporário,Não,1,0,1,0,0,0,1,1,"-18,78608604","-48,23160008",SPRF-MG,DEL15-MG,UOP02-DEL15-MG
395181.0,2021-11-11,quinta-feira,18:10:00,MG,381.0,481,BETIM,Condutor deixou de manter distância do veículo da frente,Colisão traseira,Com Vítimas Feridas,Plena Noite,Decrescente,Chuva,Múltipla,Reta,Sim,3,0,1,0,2,0,1,2,"-19,95931561","-44,08825597",SPRF-MG,DEL01-MG,UOP03-DEL01-MG
395200.0,2021-11-11,quinta-feira,13:00:00,MG,381.0,"168,7",GOVERNADOR VALADARES,Condutor Dormindo,Colisão lateral sentido oposto,Com Vítimas Fatais,Pleno dia,Decrescente,Nublado,Simples,Reta,Não,3,1,0,1,1,0,1,2,"-18,96571703","-42,08181098",SPRF-MG,DEL06-MG,UOP01-DEL06-MG
395203.0,2021-11-11,quinta-feira,17:45:00,MG,40.0,"68,4",PARACATU,Chuva,Saída de leito carroçável,Com Vítimas Feridas,Anoitecer,Crescente,Chuva,Simples,Reta,Não,1,0,1,0,0,0,1,1,"-17,3863388","-46,7387482",SPRF-MG,DEL14-MG,UOP01-DEL14-MG
395246.0,2021-11-12,sexta-feira,06:50:00,MG,381.0,353,JOAO MONLEVADE,Pista esburacada,Colisão frontal,Com Vítimas Feridas,Amanhecer,Crescente,Chuva,Simples,Reta,Não,2,0,0,1,1,0,1,2,"-19,85310756","-43,1392014",SPRF-MG,DEL03-MG,UOP01-DEL03-MG
395284.0,2021-11-12,sexta-feira,08:40:00,MG,381.0,"544,1",ITATIAIUCU,Velocidade Incompatível,Colisão lateral mesmo sentido,Com Vítimas Feridas,Pleno dia,Decrescente,Chuva,Dupla,Não Informado,Não,5,0,1,0,4,0,1,3,"-20,28193579","-44,42882633",SPRF-MG,DEL04-MG,UOP03-DEL04-MG
395313.0,2021-11-12,sexta-feira,12:50:00,MG,381.0,313,ANTONIO DIAS,Frear bruscamente,Colisão traseira,Com Vítimas Feridas,Pleno dia,Decrescente,Chuva,Simples,Não Informado,Não,3,0,1,0,2,0,1,2,"-19,68108013","-42,98147866",SPRF-MG,DEL03-MG,UOP02-DEL03-MG
395358.0,2021-11-12,sexta-feira,14:20:00,MG,262.0,"415,8",PARA DE MINAS,Ingestão de substâncias psicoativas pelo condutor,Colisão lateral mesmo sentido,Sem Vítimas,Pleno dia,Decrescente,Sol,Dupla,Reta,Não,3,0,0,0,2,1,0,3,"-19,90748652","-44,67151073",SPRF-MG,DEL08-MG,UOP03-DEL08-MG
395481.0,2021-11-13,sábado,04:00:00,MG,381.0,340,BELA VISTA DE MINAS,Ingestão de álcool pelo condutor,Colisão lateral mesmo sentido,Sem Vítimas,Amanhecer,Crescente,Nublado,Simples,Curva,Não,2,0,0,0,1,1,0,2,"-19,84087497","-43,09635354",SPRF-MG,DEL03-MG,UOP01-DEL03-MG
395505.0,2021-11-13,sábado,00:30:00,MG,365.0,"61,2",JEQUITAI,Demais falhas mecânicas ou elétricas,Incêndio,Sem Vítimas,Plena Noite,Crescente,Chuva,Simples,Reta,Não,1,0,0,0,1,0,0,1,"-17,00982598","-44,29400505",SPRF-MG,DEL12-MG,UOP01-DEL12-MG
395536.0,2021-11-13,sábado,09:41:00,MG,381.0,599,CARMOPOLIS DE MINAS,Ultrapassagem Indevida,Colisão traseira,Com Vítimas Feridas,Pleno dia,Crescente,Nublado,Dupla,Reta,Não,4,0,1,0,3,0,1,2,"-20,61546798","-44,73611382",SPRF-MG,DEL04-MG,UOP01-DEL04-MG
395591.0,2021-11-13,sábado,09:45:00,MG,251.0,444,GRAO MOGOL,Pista Escorregadia,Saída de leito carroçável,Com Vítimas Feridas,Pleno dia,Decrescente,Garoa/Chuvisco,Simples,Reta,Não,2,0,1,0,1,0,1,1,"-16,4185062","-43,26071281",SPRF-MG,DEL12-MG,UOP01-DEL12-MG
395607.0,2021-11-13,sábado,16:20:00,MG,40.0,"660,3",CARANDAI,Pedestre andava na pista,Atropelamento de Pedestre,Com Vítimas Feridas,Pleno dia,Crescente,Céu Claro,Simples,Não Informado,Não,2,0,1,0,1,0,1,1,"-20,89806015","-43,8232099",SPRF-MG,DEL05-MG,UOP02-DEL05-MG
395698.0,2021-11-13,sábado,18:30:00,MG,116.0,"637,3",DIVINO,Desrespeitar a preferência no cruzamento,Colisão transversal,Com Vítimas Feridas,Anoitecer,Decrescente,Nublado,Simples,Não Informado,Não,4,0,1,2,1,0,3,2,"-20,62368713","-42,22147822",SPRF-MG,DEL07-MG,UOP03-DEL07-MG
395749.0,2021-11-14,domingo,05:10:00,MG,262.0,"899,3",CAMPO FLORIDO,Ausência de reação do condutor,Saída de leito carroçável,Com Vítimas Feridas,Amanhecer,Decrescente,Céu Claro,Dupla,Curva,Não,1,0,0,1,0,0,1,1,"-19,76153398","-48,60179901",SPRF-MG,DEL13-MG,UOP02-DEL13-MG
395780.0,2021-11-14,domingo,00:30:00,MG,251.0,213,CACHOEIRA DE PAJEU,Ausência de reação do condutor,Colisão com objeto,Sem Vítimas,Plena Noite,Decrescente,Chuva,Simples,Não Informado,Não,2,0,0,0,1,1,0,1,"-15,906279","-41,574414",SPRF-MG,DEL11-MG,UOP02-DEL11-MG
395811.0,2021-11-14,domingo,14:00:00,MG,116.0,"36,7",CACHOEIRA DE PAJEU,Velocidade Incompatível,Colisão com objeto,Com Vítimas Feridas,Pleno dia,Decrescente,Chuva,Simples,Não Informado,Não,2,0,1,0,1,0,1,2,"-15,94950705","-41,40264747",SPRF-MG,DEL11-MG,UOP02-DEL11-MG
395883.0,2021-11-14,domingo,21:25:00,MG,381.0,"663,9",SANTO ANTONIO DO AMPARO,Ausência de reação do condutor,Colisão lateral mesmo sentido,Com Vítimas Feridas,Plena Noite,Crescente,Céu Claro,Dupla,Não Informado,Não,2,0,0,1,1,0,1,2,"-21,03510719","-45,00214196",SPRF-MG,DEL04-MG,UOP02-DEL04-MG
395931.0,2021-11-15,segunda-feira,03:41:00,MG,381.0,"558,1",ITAGUARA,Condutor Dormindo,Tombamento,Com Vítimas Feridas,Plena Noite,Decrescente,Céu Claro,Dupla,Reta,Não,1,0,1,0,0,0,1,1,"-20,37563821","-44,47422681",SPRF-MG,DEL04-MG,UOP03-DEL04-MG
395960.0,2021-11-15,segunda-feira,09:00:00,MG,381.0,"764,4",CAMPANHA,Carga excessiva e/ou mal acondicionada,Colisão com objeto,Com Vítimas Feridas,Pleno dia,Decrescente,Nublado,Dupla,Não Informado,Não,3,0,1,0,2,0,1,2,"-21,75303088","-45,39670305",SPRF-MG,DEL16-MG,UOP02-DEL16-MG
395981.0,2021-10-31,domingo,23:30:00,MG,262.0,"482,5",BOM DESPACHO,Ausência de reação do condutor,Colisão traseira,Com Vítimas Feridas,Plena Noite,Decrescente,Nublado,Simples,Reta,Não,2,0,0,1,1,0,1,2,"-19,78641102","-45,30135155",SPRF-MG,DEL08-MG,UOP03-DEL08-MG
396093.0,2021-11-15,segunda-feira,20:01:00,MG,251.0,"473,8",FRANCISCO SA,Velocidade Incompatível,Saída de leito carroçável,Com Vítimas Feridas,Plena Noite,Crescente,Garoa/Chuvisco,Simples,Não Informado,Não,2,0,2,0,0,0,2,1,"-16,47012768","-43,44753404",SPRF-MG,DEL12-MG,UOP01-DEL12-MG
396105.0,2021-11-15,segunda-feira,12:30:00,MG,381.0,"521,5",BRUMADINHO,Velocidade Incompatível,Tombamento,Com Vítimas Feridas,Pleno dia,Crescente,Sol,Dupla,Não Informado,Não,1,0,1,0,0,0,1,1,"-20,123259","-44,300812",SPRF-MG,DEL04-MG,UOP03-DEL04-MG
396142.0,2021-11-16,terça-feira,07:35:00,MG,50.0,"193,1",DELTA,Reação tardia ou ineficiente do condutor,Colisão traseira,Com Vítimas Feridas,Pleno dia,Crescente,Céu Claro,Dupla,Não Informado,Não,3,0,1,1,1,0,2,2,"-19,87965993","-47,85365089",SPRF-MG,DEL13-MG,UOP01-DEL13-MG
396218.0,2021-11-16,terça-feira,14:50:00,MG,40.0,513,RIBEIRAO DAS NEVES,Reação tardia ou ineficiente do condutor,Tombamento,Com Vítimas Feridas,Pleno dia,Crescente,Céu Claro,Dupla,Curva,Sim,1,0,1,0,0,0,1,1,"-19,7970544","-44,1080512",SPRF-MG,DEL01-MG,UOP02-DEL01-MG
396287.0,2021-11-16,terça-feira,18:30:00,MG,116.0,"276,5",TEOFILO OTONI,Velocidade Incompatível,Colisão lateral mesmo sentido,Com Vítimas Feridas,Anoitecer,Decrescente,Céu Claro,Múltipla,Reta,Não,2,0,1,0,1,0,1,2,"-17,85105696","-41,51454492",SPRF-MG,DEL11-MG,UOP01-DEL11-MG
396292.0,2021-11-16,terça-feira,22:00:00,MG,381.0,"929,9",ITAPEVA,Curva acentuada,Tombamento,Com Vítimas Feridas,Plena Noite,Crescente,Céu Claro,Dupla,Não Informado,Não,1,0,1,0,0,0,1,1,"-22,79911462","-46,26123692",SPRF-MG,DEL16-MG,UOP03-DEL16-MG
396314.0,2021-09-18,sábado,17:45:00,MG,251.0,"472,3",FRANCISCO SA,Reação tardia ou ineficiente do condutor,Colisão traseira,Com Vítimas Feridas,Anoitecer,Crescente,Céu Claro,Simples,Não Informado,Não,3,0,1,0,2,0,1,2,"-16,4669101","-43,43947986",SPRF-MG,DEL12-MG,UOP01-DEL12-MG
396373.0,2021-11-17,quarta-feira,07:45:00,MG,381.0,189,PERIQUITO,Demais falhas mecânicas ou elétricas,Incêndio,Sem Vítimas,Pleno dia,Decrescente,Nublado,Simples,Reta,Não,1,0,0,0,1,0,0,1,"-19,09805376","-42,19736853",SPRF-MG,DEL06-MG,UOP01-DEL06-MG
396433.0,2021-11-17,quarta-feira,19:30:00,MG,262.0,"49,1",MANHUACU,Velocidade Incompatível,Derramamento de carga,Sem Vítimas,Anoitecer,Crescente,Nublado,Simples,Curva,Não,1,0,0,0,1,0,0,1,"-20,24782001","-42,12958192",SPRF-MG,DEL06-MG,UOP04-DEL06-MG
396459.0,2021-11-17,quarta-feira,20:25:00,MG,116.0,322,ITAMBACURI,Manobra de mudança de faixa,Colisão transversal,Com Vítimas Fatais,Plena Noite,Decrescente,Ignorado,Simples,Reta,Não,3,1,0,0,2,0,0,2,"-18,1723389","-41,70617231",SPRF-MG,DEL11-MG,UOP01-DEL11-MG
396548.0,2021-09-06,segunda-feira,01:44:00,MG,50.0,79,UBERLANDIA,Ausência de reação do condutor,Colisão traseira,Com Vítimas Feridas,Plena Noite,Decrescente,Céu Claro,Dupla,Não Informado,Sim,2,0,0,1,1,0,1,2,"-18,986906","-48,211853",SPRF-MG,DEL15-MG,UOP01-DEL15-MG
396552.0,2021-11-18,quinta-feira,10:46:00,MG,251.0,"304,6",SALINAS,Demais falhas mecânicas ou elétricas,Incêndio,Sem Vítimas,Pleno dia,Decrescente,Céu Claro,Simples,Reta,Não,1,0,0,0,1,0,0,1,"-16,14057075","-42,26991996",SPRF-MG,DEL11-MG,UOP02-DEL11-MG
396611.0,2021-11-18,quinta-feira,15:00:00,MG,381.0,"175,2",GOVERNADOR VALADARES,Condutor Dormindo,Colisão lateral sentido oposto,Sem Vítimas,Pleno dia,Decrescente,Nublado,Simples,Curva,Não,3,0,0,0,3,0,0,3,"-19,00400926","-42,12942879",SPRF-MG,DEL06-MG,UOP01-DEL06-MG
396639.0,2021-11-19,sexta-feira,05:50:00,MG,262.0,549,LUZ,Velocidade Incompatível,Colisão com objeto,Com Vítimas Feridas,Amanhecer,Decrescente,Garoa/Chuvisco,Simples,Não Informado,Não,1,0,1,0,0,0,1,1,"-19,72508993","-45,86948395",SPRF-MG,DEL08-MG,UOP02-DEL08-MG
396672.0,2021-11-19,sexta-feira,10:30:00,MG,262.0,183,SAO DOMINGOS DO PRATA,Velocidade Incompatível,Colisão traseira,Com Vítimas Feridas,Pleno dia,Crescente,Nublado,Simples,Reta,Não,4,0,2,0,1,1,2,3,"-19,91043124","-43,02115533",SPRF-MG,DEL03-MG,UOP01-DEL03-MG
396712.0,2021-11-19,sexta-feira,14:17:00,MG,381.0,"851,9",POUSO ALEGRE,Reação tardia ou ineficiente do condutor,Colisão traseira,Com Vítimas Feridas,Pleno dia,Decrescente,Chuva,Dupla,Reta,Não,2,0,1,0,1,0,1,2,"-22,28746007","-45,89702873",SPRF-MG,DEL16-MG,UOP01-DEL16-MG
396723.0,2021-11-15,segunda-feira,23:50:00,MG,381.0,"750,1",TRES CORACOES,Velocidade Incompatível,Tombamento,Com Vítimas Feridas,Plena Noite,Crescente,Céu Claro,Dupla,Curva,Não,4,0,1,0,3,0,1,3,"-21,64336456","-45,28971804",SPRF-MG,DEL16-MG,UOP02-DEL16-MG
396770.0,2021-11-19,sexta-feira,18:20:00,MG,153.0,108,PRATA,Transitar na contramão,Colisão lateral mesmo sentido,Com Vítimas Feridas,Plena Noite,Decrescente,Céu Claro,Simples,Reta,Sim,2,0,1,0,1,0,1,2,"-19,29654087","-48,90748046",SPRF-MG,DEL15-MG,UOP03-DEL15-MG
396845.0,2021-08-07,sábado,07:40:00,MG,365.0,"590,5",ARAGUARI,Transitar na contramão,Colisão frontal,Com Vítimas Feridas,Pleno dia,Crescente,Céu Claro,Simples,Desvio Temporário,Não,2,0,0,2,0,0,2,2,"-18,88309889","-48,04310394",SPRF-MG,DEL15-MG,UOP02-DEL15-MG
396883.0,2021-11-20,sábado,07:45:00,MG,50.0,199,DELTA,Demais falhas mecânicas ou elétricas,Incêndio,Sem Vítimas,Pleno dia,Crescente,Céu Claro,Dupla,Reta,Não,1,0,0,0,1,0,0,1,"-19,92863924","-47,82049835",SPRF-MG,DEL13-MG,UOP01-DEL13-MG
396888.0,2021-11-20,sábado,10:00:00,MG,251.0,"503,7",FRANCISCO SA,Acumulo de água sobre o pavimento,Eventos atípicos,Sem Vítimas,Pleno dia,Decrescente,Chuva,Simples,Reta,Não,1,0,0,0,1,0,0,1,"-16,61472808","-43,6647179",SPRF-MG,DEL12-MG,UOP01-DEL12-MG
396895.0,2021-11-20,sábado,10:30:00,MG,251.0,"468,7",FRANCISCO SA,Chuva,Colisão frontal,Com Vítimas Feridas,Pleno dia,Crescente,Chuva,Simples,Reta,Não,2,0,0,1,1,0,1,2,"-16,47130466","-43,45673904",SPRF-MG,DEL12-MG,UOP01-DEL12-MG
396906.0,2021-11-20,sábado,11:30:00,MG,267.0,"251,8",CARVALHOS,Velocidade Incompatível,Saída de leito carroçável,Com Vítimas Feridas,Pleno dia,Crescente,Nublado,Simples,Curva,Não,1,0,1,0,0,0,1,1,"-21,932867","-44,494359",SPRF-MG,DEL17-MG,UOP01-DEL17-MG
396909.0,2021-11-20,sábado,03:00:00,MG,251.0,"449,7",GRAO MOGOL,Velocidade Incompatível,Saída de leito carroçável,Com Vítimas Feridas,Plena Noite,Decrescente,Chuva,Simples,Curva,Não,1,0,1,0,0,0,1,1,"-16,420528","-43,28967",SPRF-MG,DEL12-MG,UOP01-DEL12-MG
397025.0,2021-11-20,sábado,20:40:00,MG,50.0,"179,6",UBERABA,Manobra de mudança de faixa,Colisão lateral mesmo sentido,Sem Vítimas,Plena Noite,Decrescente,Nublado,Dupla,Não Informado,Sim,2,0,0,0,2,0,0,2,"-19,77827047","-47,93140998",SPRF-MG,DEL13-MG,UOP01-DEL13-MG
397090.0,2021-11-21,domingo,03:50:00,MG,365.0,342,VARJAO DE MINAS,Transitar na contramão,Colisão frontal,Com Vítimas Fatais,Plena Noite,Crescente,Chuva,Dupla,Não Informado,Não,2,1,0,0,1,0,0,2,"-18,31534378","-45,97316709",SPRF-MG,DEL10-MG,UOP01-DEL10-MG
397102.0,2021-11-21,domingo,07:30:00,MG,262.0,"49,2",MANHUACU,Chuva,Colisão frontal,Com Vítimas Fatais,Pleno dia,Crescente,Chuva,Simples,Reta,Não,2,1,1,0,0,0,1,2,"-20,24782001","-42,12958192",SPRF-MG,DEL06-MG,UOP04-DEL06-MG
397113.0,2021-10-08,sexta-feira,23:40:00,MG,153.0,107,PRATA,Reação tardia ou ineficiente do condutor,Colisão frontal,Com Vítimas Feridas,Plena Noite,Decrescente,Nublado,Simples,Reta,Sim,3,0,0,2,1,0,2,2,"-19,28824388","-48,91115575",SPRF-MG,DEL15-MG,UOP03-DEL15-MG
397117.0,2021-11-14,domingo,18:40:00,MG,116.0,"94,6",MEDINA,Velocidade Incompatível,Colisão frontal,Com Vítimas Feridas,Anoitecer,Decrescente,Nublado,Simples,Curva,Não,3,0,0,1,2,0,1,2,"-16,384692","-41,47280999",SPRF-MG,DEL11-MG,UOP02-DEL11-MG
397122.0,2021-11-21,domingo,10:20:00,MG,116.0,"6,5",DIVISA ALEGRE,Reação tardia ou ineficiente do condutor,Tombamento,Com Vítimas Feridas,Pleno dia,Decrescente,Nublado,Simples,Desvio Temporário,Não,1,0,1,0,0,0,1,1,"-15,74952994","-41,33072084",SPRF-BA,DEL08-BA,UOP03-DEL08-BA
397158.0,2021-11-21,domingo,15:40:00,MG,381.0,386,SAO GONCALO DO RIO ABAIXO,Velocidade Incompatível,Colisão frontal,Com Vítimas Feridas,Pleno dia,Decrescente,Chuva,Simples,Curva,Não,2,0,0,1,1,0,1,2,"-19,79738383","-43,41740299",SPRF-MG,DEL01-MG,UOP01-DEL01-MG
397224.0,2021-11-21,domingo,11:50:00,MG,365.0,343,VARJAO DE MINAS,Ingestão de álcool pelo condutor,Colisão lateral mesmo sentido,Sem Vítimas,Pleno dia,Crescente,Nublado,Simples,Reta,Sim,2,0,0,0,1,1,0,2,"-18,37905882","-46,03368413",SPRF-MG,DEL10-MG,UOP01-DEL10-MG