id,data_inversa,dia_semana,horario,uf,br,km,municipio,causa_acidente,tipo_acidente,classificacao_acidente,fase_dia,sentido_via,condicao_metereologica,tipo_pista,tracado_via,uso_solo,pessoas,mortos,feridos_leves,feridos_graves,ilesos,ignorados,feridos,veiculos,latitude,longitude,regional,delegacia,uop
397234.0,2021-11-21,domingo,19:30:00,MG,381.0,361,JOAO MONLEVADE,Ingestão de álcool pelo condutor,Colisão transversal,Sem Vítimas,Plena Noite,Crescente,Chuva,Simples,Não Informado,Não,2,0,0,0,2,0,0,2,"-19,85881293","-43,234108",SPRF-MG,DEL03-MG,UOP01-DEL03-MG
397254.0,2021-11-22,segunda-feira,01:45:00,MG,262.0,802,UBERABA,Ingestão de álcool pelo condutor,Colisão traseira,Com Vítimas Feridas,Plena Noite,Crescente,Céu Claro,Dupla,Não Informado,Não,2,0,1,0,1,0,1,2,"-19,779234","-47,964844",SPRF-MG,DEL13-MG,UOP01-DEL13-MG
397270.0,2021-11-22,segunda-feira,05:30:00,MG,381.0,"543,8",ITATIAIUCU,Condutor Dormindo,Saída de leito carroçável,Com Vítimas Feridas,Amanhecer,Crescente,Nublado,Dupla,Reta,Não,1,0,1,0,0,0,1,1,"-20,27336801","-44,42585498",SPRF-MG,DEL04-MG,UOP03-DEL04-MG
397349.0,2021-11-22,segunda-feira,14:45:00,MG,40.0,"696,7",BARBACENA,Reação tardia ou ineficiente do condutor,Colisão com objeto,Com Vítimas Feridas,Pleno dia,Decrescente,Céu Claro,Simples,Curva,Não,3,0,2,0,1,0,2,1,"-21,14688299","-43,76443098",SPRF-MG,DEL05-MG,UOP02-DEL05-MG
397372.0,2021-11-22,segunda-feira,16:40:00,MG,365.0,"5,4",MONTES CLAROS,Velocidade Incompatível,Tombamento,Com Vítimas Feridas,Pleno dia,Crescente,Nublado,Simples,Não Informado,Não,1,0,1,0,0,0,1,1,"-16,74574399","-43,88392402",SPRF-MG,DEL12-MG,UOP01-DEL12-MG
397374.0,2021-11-22,segunda-feira,17:50:00,MG,381.0,361,JOAO MONLEVADE,Ausência de reação do condutor,Colisão transversal,Com Vítimas Feridas,Anoitecer,Crescente,Nublado,Simples,Curva,Sim,2,0,1,0,1,0,1,2,"-19,85881293","-43,234108",SPRF-MG,DEL03-MG,UOP01-DEL03-MG
397376.0,2021-11-22,segunda-feira,14:52:00,MG,262.0,"527,8",LUZ,Velocidade Incompatível,Colisão traseira,Sem Vítimas,Pleno dia,Crescente,Céu Claro,Simples,Reta,Não,6,0,0,0,5,1,0,5,"-19,78296762","-45,68597012",SPRF-MG,DEL08-MG,UOP02-DEL08-MG
397398.0,2021-11-22,segunda-feira,19:30:00,MG,262.0,75,MATIPO,Velocidade Incompatível,Colisão traseira,Com Vítimas Feridas,Plena Noite,Decrescente,Nublado,Simples,Reta,Não,2,0,0,1,1,0,1,2,"-20,32380719","-42,3388569",SPRF-MG,DEL03-MG,UOP03-DEL03-MG
397412.0,2021-11-23,terça-feira,03:10:00,MG,40.0,"720,8",BARBACENA,Velocidade Incompatível,Colisão traseira,Com Vítimas Feridas,Plena Noite,Decrescente,Ignorado,Dupla,Reta,Sim,2,0,0,1,1,0,1,2,"-21,27884073","-43,64475887",SPRF-MG,DEL05-MG,UOP01-DEL05-MG
397417.0,2021-11-23,terça-feira,04:20:00,MG,381.0,901,CAMBUI,Condutor Dormindo,Colisão com objeto,Com Vítimas Feridas,Plena Noite,Crescente,Céu Claro,Dupla,Reta,Não,1,0,1,0,0,0,1,1,"-22,62916186","-46,07826424",SPRF-MG,DEL16-MG,UOP03-DEL16-MG
397419.0,2021-11-23,terça-feira,06:20:00,MG,381.0,484,BETIM,Manobra de mudança de faixa,Queda de ocupante de veículo,Com Vítimas Feridas,Amanhecer,Decrescente,Céu Claro,Múltipla,Reta,Sim,2,0,1,0,0,1,1,2,"-19,95531717","-44,11722196",SPRF-MG,DEL01-MG,UOP03-DEL01-MG
397506.0,2021-11-22,segunda-feira,09:00:00,MG,262.0,"790,3",UBERABA,Ausência de reação do condutor,Saída de leito carroçável,Com Vítimas Feridas,Pleno dia,Crescente,Céu Claro,Simples,Reta,Não,1,0,0,1,0,0,1,1,"-19,76179377","-47,84979004",SPRF-MG,DEL13-MG,UOP01-DEL13-MG
397517.0,2021-11-23,terça-feira,16:45:00,MG,40.0,548,NOVA LIMA,Trafegar com motocicleta (ou similar) entre as faixas,Colisão lateral mesmo sentido,Com Vítimas Feridas,Pleno dia,Crescente,Céu Claro,Dupla,Não Informado,Não,2,0,0,1,0,1,1,2,"-20,03136499","-43,96967792",SPRF-MG,DEL01-MG,UOP02-DEL01-MG
397568.0,2021-11-23,terça-feira,22:50:00,MG,40.0,"612,3",CONGONHAS,Problema com o freio,Incêndio,Sem Vítimas,Plena Noite,Crescente,Nublado,Simples,Reta,Sim,1,0,0,0,1,0,0,1,"-20,51778098","-43,83603641",SPRF-MG,DEL05-MG,UOP02-DEL05-MG
397571.0,2021-11-23,terça-feira,19:15:00,MG,365.0,595,ARAGUARI,Velocidade Incompatível,Saída de leito carroçável,Com Vítimas Feridas,Plena Noite,Decrescente,Céu Claro,Simples,Reta,Não,1,0,1,0,0,0,1,1,"-18,87365352","-48,08880176",SPRF-MG,DEL15-MG,UOP02-DEL15-MG
397581.0,2021-11-23,terça-feira,23:00:00,MG,251.0,"449,7",GRAO MOGOL,Velocidade Incompatível,Tombamento,Com Vítimas Fatais,Plena Noite,Crescente,Céu Claro,Simples,Curva,Não,1,1,0,0,0,0,0,1,"-16,420528","-43,28967",SPRF-MG,DEL12-MG,UOP01-DEL12-MG
397588.0,2021-11-24,quarta-feira,04:50:00,MG,40.0,"593,5",OURO PRETO,Transitar na contramão,Colisão frontal,Com Vítimas Feridas,Plena Noite,Crescente,Céu Claro,Simples,Não Informado,Não,3,0,0,1,2,0,1,3,"-20,39837584","-43,90274048",SPRF-MG,DEL05-MG,UOP02-DEL05-MG
397592.0,2021-11-24,quarta-feira,06:30:00,MG,40.0,511,RIBEIRAO DAS NEVES,Acessar a via sem observar a presença dos outros veículos,Colisão transversal,Com Vítimas Feridas,Pleno dia,Crescente,Céu Claro,Dupla,Não Informado,Sim,2,0,0,1,1,0,1,2,"-19,78164295","-44,11733194",SPRF-MG,DEL01-MG,UOP02-DEL01-MG
397603.0,2021-10-11,segunda-feira,06:45:00,MG,365.0,69,JEQUITAI,Pista Escorregadia,Saída de leito carroçável,Com Vítimas Feridas,Pleno dia,Decrescente,Garoa/Chuvisco,Simples,Desvio Temporário,Não,2,0,1,1,0,0,2,1,"-17,07222805","-44,33952581",SPRF-MG,DEL12-MG,UOP01-DEL12-MG
397614.0,2021-11-24,quarta-feira,04:35:00,MG,116.0,474,TARUMIRIM,Condutor Dormindo,Colisão lateral sentido oposto,Com Vítimas Feridas,Plena Noite,Decrescente,Nevoeiro/Neblina,Simples,Curva,Não,4,0,3,0,1,0,3,2,"-19,33511806","-42,07832336",SPRF-MG,DEL06-MG,UOP02-DEL06-MG
397647.0,2021-11-24,quarta-feira,04:00:00,MG,116.0,89,MEDINA,Ausência de reação do condutor,Colisão com objeto,Sem Vítimas,Amanhecer,Decrescente,Céu Claro,Simples,Não Informado,Não,1,0,0,0,1,0,0,1,"-16,342478","-41,476151",SPRF-MG,DEL11-MG,UOP02-DEL11-MG
397692.0,2021-11-24,quarta-feira,16:50:00,MG,40.0,"547,6",NOVA LIMA,Reação tardia ou ineficiente do condutor,Colisão traseira,Com Vítimas Feridas,Pleno dia,Decrescente,Céu Claro,Dupla,Não Informado,Sim,4,0,1,0,3,0,1,3,"-20,02252424","-43,97026042",SPRF-MG,DEL01-MG,UOP02-DEL01-MG
397716.0,2021-11-24,quarta-feira,15:30:00,MG,365.0,718,MONTE ALEGRE DE MINAS,Carga excessiva e/ou mal acondicionada,Colisão com objeto,Com Vítimas Feridas,Pleno dia,Decrescente,Chuva,Simples,Não Informado,Não,2,0,1,0,1,0,1,1,"-18,88030044","-49,16064262",SPRF-MG,DEL15-MG,UOP03-DEL15-MG
397733.0,2021-11-24,quarta-feira,15:00:00,MG,251.0,473,FRANCISCO SA,Ausência de reação do condutor,Colisão traseira,Com Vítimas Feridas,Pleno dia,Crescente,Céu Claro,Simples,Curva,Não,5,0,1,0,4,0,1,4,"-16,47012768","-43,44753404",SPRF-MG,DEL12-MG,UOP01-DEL12-MG
397737.0,2021-11-24,quarta-feira,17:10:00,MG,262.0,803,UBERABA,Ausência de reação do condutor,Engavetamento,Com Vítimas Feridas,Pleno dia,Crescente,Céu Claro,Dupla,Reta,Sim,8,0,2,0,6,0,2,5,"-19,77509606","-47,97201785",SPRF-MG,DEL13-MG,UOP01-DEL13-MG
397751.0,2021-11-24,quarta-feira,21:40:00,MG,40.0,"557,6",NOVA LIMA,Ausência de reação do condutor,Colisão com objeto,Com Vítimas Feridas,Plena Noite,Crescente,Céu Claro,Dupla,Reta,Não,1,0,0,1,0,0,1,1,"-20,104656","-43,9750412",SPRF-MG,DEL01-MG,UOP02-DEL01-MG
397765.0,2021-11-25,quinta-feira,00:50:00,MG,381.0,"700,8",LAVRAS,Velocidade Incompatível,Tombamento,Com Vítimas Feridas,Plena Noite,Crescente,Ignorado,Dupla,Não Informado,Não,3,0,1,0,2,0,1,3,"-21,31137883","-45,16451703",SPRF-MG,DEL04-MG,UOP02-DEL04-MG
397773.0,2021-11-25,quinta-feira,02:30:00,MG,50.0,132,UBERABA,Deficiência do Sistema de Iluminação/Sinalização,Colisão traseira,Com Vítimas Feridas,Plena Noite,Decrescente,Céu Claro,Dupla,Reta,Não,2,0,0,1,1,0,1,2,"-19,40768287","-48,07592978",SPRF-MG,DEL13-MG,UOP01-DEL13-MG
397779.0,2021-11-24,quarta-feira,09:00:00,MG,116.0,782,LEOPOLDINA,Curva acentuada,Tombamento,Com Vítimas Feridas,Pleno dia,Decrescente,Céu Claro,Simples,Curva,Não,1,0,1,0,0,0,1,1,"-21,627038","-42,69996898",SPRF-MG,DEL07-MG,UOP01-DEL07-MG
397782.0,2021-11-24,quarta-feira,12:00:00,MG,251.0,"474,2",FRANCISCO SA,Velocidade Incompatível,Colisão lateral mesmo sentido,Com Vítimas Feridas,Pleno dia,Crescente,Céu Claro,Simples,Reta,Não,3,0,1,0,2,0,1,3,"-16,47174429","-43,46596604",SPRF-MG,DEL12-MG,UOP01-DEL12-MG
397831.0,2021-11-25,quinta-feira,12:40:00,MG,381.0,842,SAO SEBASTIAO DA BELA VISTA,Ausência de reação do condutor,Colisão traseira,Com Vítimas Feridas,Pleno dia,Crescente,Céu Claro,Dupla,Reta,Não,2,0,1,0,1,0,1,2,"-22,21565425","-45,86960261",SPRF-MG,DEL16-MG,UOP01-DEL16-MG
397858.0,2021-11-25,quinta-feira,15:30:00,MG,381.0,454,BELO HORIZONTE,Condutor deixou de manter distância do veículo da frente,Colisão traseira,Com Vítimas Feridas,Pleno dia,Crescente,Céu Claro,Simples,Ponte,Sim,3,0,0,1,2,0,1,2,"-19,85593827","-43,89662047",SPRF-MG,DEL01-MG,UOP01-DEL01-MG
397901.0,2021-11-25,quinta-feira,19:50:00,MG,381.0,762,CAMPANHA,Reação tardia ou ineficiente do condutor,Saída de leito carroçável,Com Vítimas Feridas,Plena Noite,Decrescente,Céu Claro,Dupla,Reta,Não,2,0,1,0,1,0,1,1,"-21,74008678","-45,38580253",SPRF-MG,DEL16-MG,UOP02-DEL16-MG
397915.0,2021-11-25,quinta-feira,23:00:00,MG,381.0,509,SAO JOAQUIM DE BICAS,Ausência de reação do condutor,Colisão com objeto,Com Vítimas Feridas,Plena Noite,Crescente,Céu Claro,Simples,Reta,Sim,2,0,1,0,1,0,1,2,"-20,07008","-44,298819",SPRF-MG,DEL01-MG,UOP03-DEL01-MG
397931.0,2021-11-26,sexta-feira,04:30:00,MG,40.0,"555,7",NOVA LIMA,Condutor Dormindo,Colisão traseira,Com Vítimas Fatais,Plena Noite,Crescente,Nublado,Dupla,Reta,Sim,2,1,0,0,1,0,0,2,"-20,08472706","-43,97697012",SPRF-MG,DEL01-MG,UOP02-DEL01-MG
397950.0,2021-11-26,sexta-feira,07:05:00,MG,381.0,853,POUSO ALEGRE,Ausência de reação do condutor,Colisão traseira,Com Vítimas Feridas,Pleno dia,Crescente,Sol,Dupla,Reta,Não,3,0,2,0,1,0,2,2,"-22,30499294","-45,90167524",SPRF-MG,DEL16-MG,UOP01-DEL16-MG
398010.0,2021-11-26,sexta-feira,10:30:00,MG,381.0,"940,7",EXTREMA,Condutor Dormindo,Saída de leito carroçável,Com Vítimas Feridas,Pleno dia,Decrescente,Chuva,Dupla,Curva,Sim,1,0,0,1,0,0,1,1,"-22,85421396","-46,33740277",SPRF-MG,DEL16-MG,UOP03-DEL16-MG
398070.0,2021-11-26,sexta-feira,14:15:00,MG,153.0,"37,5",CANAPOLIS,Condutor Dormindo,Colisão traseira,Com Vítimas Feridas,Pleno dia,Crescente,Céu Claro,Dupla,Não Informado,Não,2,0,1,0,1,0,1,2,"-18,72745629","-49,11459223",SPRF-MG,DEL15-MG,UOP03-DEL15-MG
398097.0,2021-11-26,sexta-feira,20:00:00,MG,116.0,"579,8",MANHUACU,Ausência de reação do condutor,Tombamento,Com Vítimas Feridas,Plena Noite,Decrescente,Ignorado,Simples,Curva,Não,1,0,1,0,0,0,1,1,"-20,17836097","-42,18664844",SPRF-MG,DEL06-MG,UOP04-DEL06-MG
398106.0,2021-11-26,sexta-feira,21:45:00,MG,381.0,"560,6",ITAGUARA,Demais falhas mecânicas ou elétricas,Incêndio,Sem Vítimas,Plena Noite,Decrescente,Nublado,Dupla,Reta,Não,1,0,0,0,1,0,0,1,"-20,38551554","-44,48916608",SPRF-MG,DEL04-MG,UOP03-DEL04-MG
398151.0,2021-11-27,sábado,01:20:00,MG,116.0,"695,6",MURIAE,Chuva,Saída de leito carroçável,Com Vítimas Feridas,Plena Noite,Decrescente,Chuva,Simples,Curva,Não,3,0,3,0,0,0,3,1,"-21,06178813","-42,36631225",SPRF-MG,DEL07-MG,UOP02-DEL07-MG
398178.0,2021-11-19,sexta-feira,09:15:00,MG,381.0,842,SAO SEBASTIAO DA BELA VISTA,Condutor deixou de manter distância do veículo da frente,Colisão traseira,Com Vítimas Feridas,Pleno dia,Decrescente,Nublado,Dupla,Reta,Não,3,0,1,0,2,0,1,3,"-22,17977941","-45,84145916",SPRF-MG,DEL16-MG,UOP01-DEL16-MG
398190.0,2021-11-27,sábado,07:30:00,MG,381.0,335,NOVA ERA,Chuva,Colisão lateral sentido oposto,Com Vítimas Feridas,Pleno dia,Decrescente,Chuva,Simples,Curva,Não,4,0,1,0,3,0,1,3,"-19,81700707","-43,06661887",SPRF-MG,DEL03-MG,UOP01-DEL03-MG
398199.0,2021-11-26,sexta-feira,19:30:00,MG,381.0,"666,5",PERDOES,Demais falhas mecânicas ou elétricas,Incêndio,Sem Vítimas,Plena Noite,Decrescente,Chuva,Dupla,Reta,Não,1,0,0,0,1,0,0,1,"-21,05519234","-45,04088189",SPRF-MG,DEL04-MG,UOP02-DEL04-MG
398241.0,2021-11-27,sábado,14:00:00,MG,251.0,"449,6",GRAO MOGOL,Curva acentuada,Colisão com objeto,Com Vítimas Feridas,Pleno dia,Crescente,Nublado,Simples,Curva,Não,1,0,0,1,0,0,1,1,"-16,420528","-43,28967",SPRF-MG,DEL12-MG,UOP01-DEL12-MG
398262.0,2021-11-27,sábado,15:40:00,MG,381.0,347,JOAO MONLEVADE,Mal súbito do condutor,Colisão traseira,Sem Vítimas,Pleno dia,Decrescente,Céu Claro,Simples,Reta,Não,4,0,0,0,4,0,0,4,"-19,85407113","-43,13180602",SPRF-MG,DEL03-MG,UOP01-DEL03-MG
398279.0,2021-11-27,sábado,13:30:00,MG,116.0,"379,1",MATHIAS LOBATO,Condutor deixou de manter distância do veículo da frente,Colisão lateral sentido oposto,Com Vítimas Feridas,Pleno dia,Decrescente,Chuva,Simples,Não Informado,Não,2,0,2,0,0,0,2,2,"-18,604543","-41,926626",SPRF-MG,DEL06-MG,UOP01-DEL06-MG
398309.0,2021-11-27,sábado,19:10:00,MG,262.0,"553,5",LUZ,Velocidade Incompatível,Tombamento,Com Vítimas Fatais,Plena Noite,Decrescente,Céu Claro,Simples,Curva,Não,1,1,0,0,0,0,0,1,"-19,71819541","-45,89938601",SPRF-MG,DEL08-MG,UOP02-DEL08-MG
398328.0,2021-11-27,sábado,19:55:00,MG,116.0,"252,2",TEOFILO OTONI,Ausência de reação do condutor,Colisão frontal,Com Vítimas Fatais,Plena Noite,Crescente,Chuva,Simples,Curva,Não,3,1,0,0,1,1,0,2,"-17,65912302","-41,49556794",SPRF-MG,DEL11-MG,UOP01-DEL11-MG
398329.0,2021-11-27,sábado,21:40:00,MG,381.0,"895,5",CAMBUI,Objeto estático sobre o leito carroçável,Colisão com objeto,Com Vítimas Feridas,Plena Noite,Crescente,Nublado,Dupla,Reta,Não,2,0,1,1,0,0,2,2,"-22,58889213","-46,05179071",SPRF-MG,DEL16-MG,UOP03-DEL16-MG
398333.0,2021-11-27,sábado,17:20:00,MG,251.0,492,FRANCISCO SA,Pista Escorregadia,Colisão frontal,Com Vítimas Feridas,Anoitecer,Decrescente,Chuva,Simples,Não Informado,Não,2,0,1,0,1,0,1,2,"-16,54433804","-43,59543496",SPRF-MG,DEL12-MG,UOP01-DEL12-MG
398452.0,2021-11-28,domingo,11:15:00,MG,40.0,"710,4",BARBACENA,Velocidade Incompatível,Tombamento,Com Vítimas Fatais,Pleno dia,Decrescente,Sol,Dupla,Não Informado,Não,1,1,0,0,0,0,0,1,"-21,245824","-43,683324",SPRF-MG,DEL05-MG,UOP02-DEL05-MG
398608.0,2021-11-21,domingo,11:50:00,MG,40.0,"3,9",PARACATU,Chuva,Colisão frontal,Com Vítimas Feridas,Pleno dia,Decrescente,Nublado,Simples,Curva,Não,3,0,1,0,2,0,1,2,-17,-47,SPRF-MG,DEL14-MG,UOP01-DEL14-MG
398617.0,2021-11-28,domingo,20:45:00,MG,262.0,"719,3",ARAXA,Ausência de reação do condutor,Colisão lateral mesmo sentido,Com Vítimas Feridas,Plena Noite,Decrescente,Céu Claro,Simples,Reta,Não,4,0,1,0,1,2,1,2,"-19,61792572","-47,22360493",SPRF-MG,DEL08-MG,UOP01-DEL08-MG
398624.0,2021-11-29,segunda-feira,01:20:00,MG,262.0,"565,2",CORREGO DANTA,Condutor Dormindo,Colisão frontal,Sem Vítimas,Plena Noite,Decrescente,Céu Claro,Simples,Reta,Não,4,0,0,0,4,0,0,2,"-19,74612788","-45,98125905",SPRF-MG,DEL08-MG,UOP02-DEL08-MG
398668.0,2021-11-29,segunda-feira,07:15:00,MG,365.0,808,SANTA VITORIA,Acostamento em desnível,Tombamento,Com Vítimas Feridas,Pleno dia,Decrescente,Nublado,Simples,Reta,Não,1,0,1,0,0,0,1,1,"-18,89306434","-49,98270606",SPRF-MG,DEL15-MG,UOP03-DEL15-MG
398681.0,2021-11-29,segunda-feira,10:00:00,MG,251.0,202,CACHOEIRA DE PAJEU,Ausência de reação do condutor,Colisão com objeto,Com Vítimas Feridas,Pleno dia,Decrescente,Céu Claro,Simples,Curva,Não,2,0,1,0,0,1,1,1,"-15,870735","-41,473795",SPRF-MG,DEL11-MG,UOP02-DEL11-MG
398692.0,2021-11-29,segunda-feira,15:00:00,MG,381.0,480,CONTAGEM,Velocidade Incompatível,Colisão traseira,Com Vítimas Feridas,Pleno dia,Crescente,Céu Claro,Múltipla,Reta,Não,2,0,1,0,1,0,1,2,"-19,95749597","-44,07899901",SPRF-MG,DEL01-MG,UOP03-DEL01-MG
398693.0,2021-11-29,segunda-feira,14:00:00,MG,381.0,943,EXTREMA,Velocidade Incompatível,Colisão traseira,Com Vítimas Fatais,Pleno dia,Decrescente,Céu Claro,Dupla,Reta,Não,2,1,0,0,1,0,0,2,"-22,8769941","-46,36974265",SPRF-MG,DEL16-MG,UOP03-DEL16-MG
398746.0,2021-11-29,segunda-feira,09:20:00,MG,251.0,473,FRANCISCO SA,Pista Escorregadia,Colisão frontal,Com Vítimas Feridas,Pleno dia,Crescente,Chuva,Simples,Curva,Não,4,0,2,0,2,0,2,3,"-16,47012768","-43,44753404",SPRF-MG,DEL12-MG,UOP01-DEL12-MG
398752.0,2021-11-29,segunda-feira,09:10:00,MG,459.0,"74,5",SENADOR JOSE BENTO,Velocidade Incompatível,Tombamento,Com Vítimas Fatais,Pleno dia,Decrescente,Céu Claro,Simples,Curva,Não,1,1,0,0,0,0,0,1,"-22,14938088","-46,12923145",SPRF-MG,DEL09-MG,UOP01-DEL09-MG
398753.0,2021-11-29,segunda-feira,22:10:00,MG,40.0,"458,6",CAETANOPOLIS,Condutor Dormindo,Colisão traseira,Com Vítimas Fatais,Plena Noite,Crescente,Nublado,Dupla,Não Informado,Sim,2,1,0,0,1,0,0,2,"-19,38481","-44,33668",SPRF-MG,DEL02-MG,UOP01-DEL02-MG
398769.0,2021-11-29,segunda-feira,20:40:00,MG,116.0,322,ITAMBACURI,Ingestão de álcool pelo condutor,Colisão frontal,Com Vítimas Feridas,Plena Noite,Decrescente,Ignorado,Simples,Reta,Não,2,0,1,0,1,0,1,2,"-18,1723389","-41,70617231",SPRF-MG,DEL11-MG,UOP01-DEL11-MG
398774.0,2021-11-30,terça-feira,03:36:00,MG,381.0,"830,6",SAO SEBASTIAO DA BELA VISTA,Frear bruscamente,Tombamento,Com Vítimas Feridas,Plena Noite,Crescente,Chuva,Dupla,Reta,Não,2,0,1,0,1,0,1,1,"-22,13939205","-45,81344194",SPRF-MG,DEL16-MG,UOP01-DEL16-MG
398777.0,2021-11-30,terça-feira,04:53:00,MG,40.0,"614,2",CONGONHAS,Acessar a via sem observar a presença dos outros veículos,Colisão transversal,Com Vítimas Fatais,Amanhecer,Crescente,Céu Claro,Simples,Curva,Não,3,1,1,1,0,0,2,3,"-20,52977973","-43,82351464",SPRF-MG,DEL05-MG,UOP02-DEL05-MG
398793.0,2021-11-30,terça-feira,05:50:00,MG,262.0,507,LUZ,Manobra de mudança de faixa,Colisão frontal,Com Vítimas Fatais,Amanhecer,Decrescente,Céu Claro,Simples,Reta,Não,2,1,0,0,1,0,0,2,"-19,77094234","-45,50125102",SPRF-MG,DEL08-MG,UOP03-DEL08-MG
398816.0,2021-11-30,terça-feira,11:50:00,MG,262.0,51,MANHUACU,Objeto estático sobre o leito carroçável,Colisão com objeto,Com Vítimas Feridas,Pleno dia,Decrescente,Céu Claro,Simples,Reta,Não,2,0,1,0,1,0,1,2,"-20,24788425","-42,14549605",SPRF-MG,DEL06-MG,UOP04-DEL06-MG
398843.0,2021-11-30,terça-feira,14:15:00,MG,381.0,"491,4",BETIM,Reação tardia ou ineficiente do condutor,Colisão transversal,Sem Vítimas,Pleno dia,Crescente,Céu Claro,Dupla,Não Informado,Sim,2,0,0,0,2,0,0,2,"-19,97018187","-44,18210416",SPRF-MG,DEL01-MG,UOP03-DEL01-MG
398848.0,2021-11-30,terça-feira,15:00:00,MG,381.0,452,SABARA,Conversão proibida,Colisão transversal,Com Vítimas Feridas,Pleno dia,Decrescente,Chuva,Simples,Não Informado,Sim,2,0,0,1,1,0,1,2,"-19,84339604","-43,88596993",SPRF-MG,DEL01-MG,UOP01-DEL01-MG
398865.0,2021-11-30,terça-feira,14:10:00,MG,262.0,360,BETIM,Ultrapassagem Indevida,Colisão lateral mesmo sentido,Sem Vítimas,Pleno dia,Crescente,Céu Claro,Simples,Reta,Sim,2,0,0,0,2,0,0,2,"-19,9830204","-44,20924834",SPRF-MG,DEL01-MG,UOP03-DEL01-MG
398871.0,2021-11-30,terça-feira,16:25:00,MG,381.0,"429,6",SABARA,Velocidade Incompatível,Colisão frontal,Com Vítimas Feridas,Pleno dia,Decrescente,Céu Claro,Simples,Não Informado,Não,2,0,1,0,1,0,1,2,"-19,78663743","-43,71433695",SPRF-MG,DEL01-MG,UOP01-DEL01-MG
398874.0,2021-11-30,terça-feira,17:30:00,MG,381.0,439,SABARA,Chuva,Saída de leito carroçável,Com Vítimas Feridas,Pleno dia,Crescente,Chuva,Simples,Curva,Não,2,0,0,2,0,0,2,1,"-19,78719247","-43,74271989",SPRF-MG,DEL01-MG,UOP01-DEL01-MG
398902.0,2021-11-30,terça-feira,14:16:00,MG,381.0,"652,7",SANTO ANTONIO DO AMPARO,Condutor Dormindo,Saída de leito carroçável,Sem Vítimas,Pleno dia,Decrescente,Chuva,Dupla,Não Informado,Não,1,0,0,0,1,0,0,1,"-20,96660239","-44,93077703",SPRF-MG,DEL04-MG,UOP02-DEL04-MG
398926.0,2021-11-30,terça-feira,22:20:00,MG,381.0,"863,9",POUSO ALEGRE,Condutor Dormindo,Saída de leito carroçável,Com Vítimas Feridas,Pleno dia,Crescente,Nublado,Dupla,Reta,Não,1,0,1,0,0,0,1,1,"-22,381389","-45,94581",SPRF-MG,DEL16-MG,UOP01-DEL16-MG
398930.0,2021-11-30,terça-feira,22:35:00,MG,381.0,943,EXTREMA,Velocidade Incompatível,Colisão traseira,Com Vítimas Feridas,Plena Noite,Decrescente,Nublado,Dupla,Reta,Não,2,0,1,0,1,0,1,2,"-22,83871428","-46,32815378",SPRF-MG,DEL16-MG,UOP03-DEL16-MG
398942.0,2021-12-01,quarta-feira,02:35:00,MG,116.0,115,ITAOBIM,Reação tardia ou ineficiente do condutor,Colisão traseira,Sem Vítimas,Plena Noite,Crescente,Céu Claro,Simples,Reta,Sim,2,0,0,0,2,0,0,2,"-16,55656498","-41,50192905",SPRF-MG,DEL11-MG,UOP02-DEL11-MG
398945.0,2021-12-01,quarta-feira,04:30:00,MG,40.0,"102,9",LAGOA GRANDE,Ausência de reação do condutor,Colisão frontal,Com Vítimas Feridas,Amanhecer,Crescente,Céu Claro,Simples,Reta,Não,2,0,0,2,0,0,2,2,"-17,57426309","-46,49438807",SPRF-MG,DEL14-MG,UOP01-DEL14-MG
398958.0,2021-12-01,quarta-feira,06:00:00,MG,40.0,"461,5",SETE LAGOAS,Chuva,Colisão com objeto,Sem Vítimas,Amanhecer,Crescente,Chuva,Dupla,Desvio Temporário,Não,1,0,0,0,1,0,0,1,"-19,4065509","-44,33367766",SPRF-MG,DEL02-MG,UOP01-DEL02-MG
398967.0,2021-12-01,quarta-feira,05:15:00,MG,262.0,"686,3",ARAXA,Neblina,Colisão traseira,Com Vítimas Feridas,Amanhecer,Decrescente,Nevoeiro/Neblina,Simples,Não Informado,Não,2,0,1,0,1,0,1,2,"-19,54911394","-46,91093445",SPRF-MG,DEL08-MG,UOP01-DEL08-MG
398971.0,2021-11-27,sábado,21:35:00,MG,381.0,"895,5",CAMBUI,Reação tardia ou ineficiente do condutor,Engavetamento,Com Vítimas Feridas,Plena Noite,Crescente,Nublado,Dupla,Reta,Não,3,0,2,0,0,1,2,3,"-22,5878296","-46,0509922",SPRF-MG,DEL16-MG,UOP03-DEL16-MG
398973.0,2021-12-01,quarta-feira,08:00:00,MG,50.0,56,ARAGUARI,Velocidade Incompatível,Saída de leito carroçável,Com Vítimas Feridas,Pleno dia,Decrescente,Sol,Dupla,Curva,Não,1,0,0,1,0,0,1,1,"-18,78116115","-48,23825717",SPRF-MG,DEL15-MG,UOP02-DEL15-MG
398981.0,2021-12-01,quarta-feira,07:30:00,MG,262.0,184,SAO DOMINGOS DO PRATA,Ausência de reação do condutor,Saída de leito carroçável,Com Vítimas Feridas,Pleno dia,Crescente,Chuva,Simples,Reta,Não,1,0,1,0,0,0,1,1,"-19,90554246","-43,02879988",SPRF-MG,DEL03-MG,UOP01-DEL03-MG