id,data_inversa,dia_semana,horario,uf,br,km,municipio,causa_acidente,tipo_acidente,classificacao_acidente,fase_dia,sentido_via,condicao_metereologica,tipo_pista,tracado_via,uso_solo,pessoas,mortos,feridos_leves,feridos_graves,ilesos,ignorados,feridos,veiculos,latitude,longitude,regional,delegacia,uop
399062.0,2021-12-01,quarta-feira,10:45:00,MG,116.0,"791,5",ALEM PARAIBA,Velocidade Incompatível,Tombamento,Com Vítimas Feridas,Pleno dia,Crescente,Céu Claro,Simples,Curva,Não,1,0,1,0,0,0,1,1,"-21,68424198","-42,73110483",SPRF-MG,DEL07-MG,UOP01-DEL07-MG
399108.0,2021-12-02,quinta-feira,02:00:00,MG,50.0,172,UBERABA,Condutor Dormindo,Colisão com objeto,Com Vítimas Feridas,Plena Noite,Decrescente,Nublado,Dupla,Reta,Sim,1,0,1,0,0,0,1,1,"-19,75402507","-47,98051917",SPRF-MG,DEL13-MG,UOP01-DEL13-MG
399121.0,2021-12-02,quinta-feira,06:40:00,MG,40.0,517,RIBEIRAO DAS NEVES,Ultrapassagem Indevida,Colisão lateral mesmo sentido,Sem Vítimas,Pleno dia,Crescente,Céu Claro,Dupla,Curva,Não,2,0,0,0,2,0,0,2,"-19,82351202","-44,08438913",SPRF-MG,DEL01-MG,UOP02-DEL01-MG
399138.0,2021-12-02,quinta-feira,05:45:00,MG,381.0,"591,7",CARMOPOLIS DE MINAS,Manobra de mudança de faixa,Colisão lateral mesmo sentido,Com Vítimas Feridas,Pleno dia,Decrescente,Chuva,Dupla,Reta,Sim,2,0,1,0,1,0,1,2,"-20,57257068","-44,68042133",SPRF-MG,DEL04-MG,UOP01-DEL04-MG
399154.0,2021-12-02,quinta-feira,08:35:00,MG,381.0,"508,7",SAO JOAQUIM DE BICAS,Velocidade Incompatível,Engavetamento,Com Vítimas Feridas,Pleno dia,Decrescente,Céu Claro,Dupla,Desvio Temporário,Sim,14,0,0,2,11,1,2,12,"-20,06277698","-44,29329002",SPRF-MG,DEL01-MG,UOP03-DEL01-MG
399195.0,2021-12-02,quinta-feira,12:20:00,MG,262.0,"742,9",PERDIZES,Reação tardia ou ineficiente do condutor,Tombamento,Sem Vítimas,Pleno dia,Crescente,Sol,Simples,Reta,Não,1,0,0,0,1,0,0,1,"-19,61067094","-47,44073199",SPRF-MG,DEL08-MG,UOP01-DEL08-MG
399228.0,2021-12-02,quinta-feira,16:15:00,MG,40.0,"590,6",ITABIRITO,Reação tardia ou ineficiente do condutor,Tombamento,Com Vítimas Feridas,Pleno dia,Decrescente,Chuva,Dupla,Não Informado,Não,5,0,2,0,3,0,2,4,"-20,36807799","-43,90982881",SPRF-MG,DEL01-MG,UOP02-DEL01-MG
399233.0,2021-12-02,quinta-feira,15:50:00,MG,381.0,430,CAETE,Ingestão de álcool pelo condutor,Colisão lateral mesmo sentido,Sem Vítimas,Pleno dia,Crescente,Céu Claro,Simples,Reta,Não,2,0,0,0,2,0,0,2,"-19,78496805","-43,72311799",SPRF-MG,DEL01-MG,UOP01-DEL01-MG
399248.0,2021-12-02,quinta-feira,18:45:00,MG,381.0,"488,9",BETIM,Pedestre andava na pista,Atropelamento de Pedestre,Com Vítimas Feridas,Plena Noite,Crescente,Nublado,Dupla,Desvio Temporário,Sim,2,0,1,0,1,0,1,1,"-19,9598656","-44,15489715",SPRF-MG,DEL01-MG,UOP03-DEL01-MG
399290.0,2021-12-02,quinta-feira,20:00:00,MG,40.0,75,PARACATU,Condutor Dormindo,Saída de leito carroçável,Com Vítimas Fatais,Plena Noite,Decrescente,Chuva,Simples,Reta,Não,1,1,0,0,0,0,0,1,"-17,43605208","-46,69859918",SPRF-MG,DEL14-MG,UOP01-DEL14-MG
399293.0,2021-12-03,sexta-feira,00:00:00,MG,365.0,638,UBERLANDIA,Condutor deixou de manter distância do veículo da frente,Colisão traseira,Com Vítimas Feridas,Plena Noite,Crescente,Céu Claro,Dupla,Reta,Não,3,0,2,0,1,0,2,2,"-18,8883267","-48,44671495",SPRF-MG,DEL15-MG,UOP01-DEL15-MG
399456.0,2021-12-03,sexta-feira,17:10:00,MG,381.0,479,CONTAGEM,Condutor deixou de manter distância do veículo da frente,Colisão traseira,Com Vítimas Feridas,Pleno dia,Decrescente,Chuva,Dupla,Reta,Sim,4,0,1,0,3,0,1,4,"-19,95889605","-44,069202",SPRF-MG,DEL01-MG,UOP03-DEL01-MG
399462.0,2021-12-03,sexta-feira,18:50:00,MG,50.0,198,DELTA,Velocidade Incompatível,Colisão traseira,Com Vítimas Feridas,Plena Noite,Decrescente,Nublado,Dupla,Reta,Não,2,0,0,1,1,0,1,2,"-19,91852802","-47,82724402",SPRF-MG,DEL13-MG,UOP01-DEL13-MG
399521.0,2021-12-04,sábado,01:10:00,MG,381.0,447,SANTA LUZIA,Velocidade Incompatível,Tombamento,Com Vítimas Fatais,Plena Noite,Decrescente,Chuva,Simples,Curva,Não,1,1,0,0,0,0,0,1,"-19,83447607","-43,85011601",SPRF-MG,DEL01-MG,UOP01-DEL01-MG
399541.0,2021-12-04,sábado,03:30:00,MG,262.0,372,JUATUBA,Entrada inopinada do pedestre,Atropelamento de Pedestre,Com Vítimas Fatais,Plena Noite,Crescente,Ignorado,Dupla,Reta,Não,3,1,0,0,1,1,0,1,"-19,97359723","-44,31765496",SPRF-MG,DEL01-MG,UOP03-DEL01-MG
399596.0,2021-12-03,sexta-feira,23:40:00,MG,40.0,581,ITABIRITO,Velocidade Incompatível,Saída de leito carroçável,Com Vítimas Feridas,Plena Noite,Decrescente,Chuva,Simples,Curva,Não,1,0,1,0,0,0,1,1,"-20,30234388","-43,93887077",SPRF-MG,DEL01-MG,UOP02-DEL01-MG
399606.0,2021-12-04,sábado,07:45:00,MG,116.0,"21,6",CACHOEIRA DE PAJEU,Frear bruscamente,Colisão frontal,Com Vítimas Feridas,Pleno dia,Decrescente,Nublado,Simples,Curva,Não,3,0,2,0,1,0,2,2,"-15,84293113","-41,40943564",SPRF-BA,DEL08-BA,UOP03-DEL08-BA
399610.0,2021-12-04,sábado,05:00:00,MG,116.0,"134,4",PONTO DOS VOLANTES,Demais falhas na via,Tombamento,Sem Vítimas,Plena Noite,Crescente,Nublado,Simples,Reta,Não,1,0,0,0,1,0,0,1,"-16,72310091","-41,50394416",SPRF-MG,DEL11-MG,UOP02-DEL11-MG
399620.0,2021-10-01,sexta-feira,11:30:00,MG,153.0,"8,4",ARAPORA,Velocidade Incompatível,Colisão traseira,Com Vítimas Feridas,Pleno dia,Crescente,Céu Claro,Dupla,Reta,Não,4,0,1,0,3,0,1,3,"-18,48778001","-49,18862284",SPRF-MG,DEL15-MG,UOP03-DEL15-MG
399665.0,2021-12-04,sábado,16:35:00,MG,262.0,"485,8",BOM DESPACHO,Velocidade Incompatível,Saída de leito carroçável,Com Vítimas Feridas,Pleno dia,Crescente,Céu Claro,Simples,Não Informado,Não,1,0,0,1,0,0,1,1,"-19,78606988","-45,29440001",SPRF-MG,DEL08-MG,UOP03-DEL08-MG
399683.0,2021-12-04,sábado,16:40:00,MG,381.0,"454,9",SABARA,Retorno proibido,Colisão traseira,Com Vítimas Feridas,Pleno dia,Decrescente,Céu Claro,Simples,Curva,Não,3,0,0,1,1,1,1,3,"-19,85593827","-43,89662047",SPRF-MG,DEL01-MG,UOP01-DEL01-MG
399743.0,2021-12-04,sábado,17:15:00,MG,365.0,598,UBERLANDIA,Ingestão de álcool pelo condutor,Tombamento,Sem Vítimas,Pleno dia,Decrescente,Céu Claro,Simples,Desvio Temporário,Não,1,0,0,0,1,0,0,1,"-18,88554557","-48,11340009",SPRF-MG,DEL15-MG,UOP01-DEL15-MG
399835.0,2021-12-05,domingo,03:30:00,MG,251.0,278,SALINAS,Curva acentuada,Saída de leito carroçável,Com Vítimas Feridas,Plena Noite,Decrescente,Nublado,Simples,Não Informado,Não,1,0,1,0,0,0,1,1,"-16,02764697","-42,08916901",SPRF-MG,DEL11-MG,UOP02-DEL11-MG
399877.0,2021-12-05,domingo,12:40:00,MG,116.0,"705,3",MURIAE,Pedestre andava na pista,Atropelamento de Pedestre,Com Vítimas Feridas,Pleno dia,Decrescente,Sol,Simples,Não Informado,Sim,3,0,1,0,1,1,1,1,"-21,1297494","-42,38561961",SPRF-MG,DEL07-MG,UOP02-DEL07-MG
399893.0,2021-12-05,domingo,13:50:00,MG,262.0,"458,1",NOVA SERRANA,Ingestão de álcool pelo condutor,Colisão frontal,Sem Vítimas,Pleno dia,Crescente,Céu Claro,Simples,Reta,Não,4,0,0,0,4,0,0,3,"-19,83697491","-45,05802994",SPRF-MG,DEL08-MG,UOP03-DEL08-MG
400007.0,2021-12-05,domingo,20:30:00,MG,262.0,"579,6",CORREGO DANTA,Velocidade Incompatível,Saída de leito carroçável,Com Vítimas Feridas,Plena Noite,Crescente,Chuva,Simples,Reta,Não,1,0,0,1,0,0,1,1,"-19,65252","-46,068833",SPRF-MG,DEL08-MG,UOP02-DEL08-MG
400054.0,2021-12-05,domingo,18:00:00,MG,381.0,372,SAO GONCALO DO RIO ABAIXO,Velocidade Incompatível,Tombamento,Com Vítimas Feridas,Plena Noite,Decrescente,Céu Claro,Simples,Curva,Não,1,0,1,0,0,0,1,1,"-19,84250801","-43,31533375",SPRF-MG,DEL01-MG,UOP01-DEL01-MG
400056.0,2021-12-06,segunda-feira,05:40:00,MG,381.0,"671,5",PERDOES,Velocidade Incompatível,Tombamento,Com Vítimas Feridas,Amanhecer,Crescente,Chuva,Dupla,Curva,Não,1,0,1,0,0,0,1,1,"-21,065008","-45,052721",SPRF-MG,DEL04-MG,UOP02-DEL04-MG
400091.0,2021-10-07,quinta-feira,14:50:00,MG,262.0,579,CORREGO DANTA,Velocidade Incompatível,Queda de ocupante de veículo,Com Vítimas Feridas,Pleno dia,Crescente,Céu Claro,Simples,Reta,Não,2,0,0,1,1,0,1,2,"-19,66704253","-46,05642815",SPRF-MG,DEL08-MG,UOP02-DEL08-MG
400099.0,2021-12-06,segunda-feira,09:10:00,MG,40.0,469,SETE LAGOAS,Velocidade Incompatível,Colisão traseira,Com Vítimas Feridas,Pleno dia,Decrescente,Chuva,Dupla,Curva,Não,5,0,1,0,2,2,1,4,"-19,46099279","-44,30121988",SPRF-MG,DEL02-MG,UOP01-DEL02-MG
400136.0,2021-12-06,segunda-feira,11:10:00,MG,365.0,104,JEQUITAI,Avarias e/ou desgaste excessivo no pneu,Colisão frontal,Com Vítimas Feridas,Pleno dia,Decrescente,Nublado,Simples,Reta,Não,2,0,1,0,1,0,1,2,"-17,21442312","-44,56049104",SPRF-MG,DEL12-MG,UOP01-DEL12-MG
400166.0,2021-12-06,segunda-feira,15:45:00,MG,381.0,362,SAO GONCALO DO RIO ABAIXO,Chuva,Colisão frontal,Com Vítimas Feridas,Pleno dia,Crescente,Chuva,Simples,Não Informado,Não,3,0,2,0,1,0,2,2,"-19,85643939","-43,24280693",SPRF-MG,DEL03-MG,UOP01-DEL03-MG
400172.0,2021-12-06,segunda-feira,14:20:00,MG,365.0,"48,8",CLARO DOS POCOES,Pista Escorregadia,Saída de leito carroçável,Com Vítimas Feridas,Pleno dia,Crescente,Chuva,Simples,Não Informado,Não,2,0,1,0,1,0,1,1,"-16,93286996","-44,23666404",SPRF-MG,DEL12-MG,UOP01-DEL12-MG
400215.0,2021-12-06,segunda-feira,16:30:00,MG,365.0,104,JEQUITAI,Velocidade Incompatível,Colisão frontal,Com Vítimas Feridas,Pleno dia,Crescente,Céu Claro,Simples,Reta,Não,2,0,2,0,0,0,2,2,"-17,21442312","-44,56049104",SPRF-MG,DEL12-MG,UOP01-DEL12-MG
400226.0,2021-12-06,segunda-feira,20:45:00,MG,365.0,593,INDIANOPOLIS,Ingestão de álcool pelo condutor,Colisão com objeto,Sem Vítimas,Plena Noite,Crescente,Céu Claro,Simples,Não Informado,Não,1,0,0,0,1,0,0,1,"-18,88111257","-48,04733276",SPRF-MG,DEL15-MG,UOP02-DEL15-MG
400237.0,2021-12-06,segunda-feira,23:20:00,MG,40.0,"595,3",OURO PRETO,Condutor Dormindo,Colisão lateral mesmo sentido,Sem Vítimas,Plena Noite,Crescente,Nublado,Simples,Não Informado,Não,2,0,0,0,2,0,0,2,"-20,414863","-43,893635",SPRF-MG,DEL05-MG,UOP02-DEL05-MG
400238.0,2021-12-06,segunda-feira,22:45:00,MG,50.0,21,ARAGUARI,Condutor deixou de manter distância do veículo da frente,Colisão traseira,Com Vítimas Feridas,Plena Noite,Crescente,Céu Claro,Dupla,Reta,Não,2,0,0,1,1,0,1,2,"-18,59591113","-48,05355644",SPRF-MG,DEL15-MG,UOP02-DEL15-MG
400246.0,2021-12-07,terça-feira,04:50:00,MG,381.0,"932,6",EXTREMA,Reação tardia ou ineficiente do condutor,Tombamento,Com Vítimas Feridas,Amanhecer,Decrescente,Céu Claro,Dupla,Curva,Não,3,0,2,0,1,0,2,2,"-22,81198015","-46,28431295",SPRF-MG,DEL16-MG,UOP03-DEL16-MG
400251.0,2021-12-07,terça-feira,05:20:00,MG,267.0,"28,5",ARGIRITA,Demais falhas mecânicas ou elétricas,Saída de leito carroçável,Com Vítimas Feridas,Amanhecer,Decrescente,Céu Claro,Simples,Curva,Não,1,0,1,0,0,0,1,1,"-21,62799078","-42,83040926",SPRF-MG,DEL07-MG,UOP01-DEL07-MG
400310.0,2021-07-14,quarta-feira,10:45:00,MG,40.0,"611,8",CONGONHAS,Reação tardia ou ineficiente do condutor,Colisão traseira,Com Vítimas Feridas,Pleno dia,Crescente,Sol,Simples,Reta,Sim,20,0,18,0,2,0,18,2,"-20,51043545","-43,84039195",SPRF-MG,DEL05-MG,UOP02-DEL05-MG
400399.0,2021-12-07,terça-feira,18:30:00,MG,262.0,"583,9",CAMPOS ALTOS,Condutor deixou de manter distância do veículo da frente,Colisão traseira,Sem Vítimas,Anoitecer,Crescente,Chuva,Simples,Reta,Não,6,0,0,0,6,0,0,2,"-19,65530504","-46,08642825",SPRF-MG,DEL08-MG,UOP02-DEL08-MG
400458.0,2021-12-08,quarta-feira,09:43:00,MG,381.0,561,ITAGUARA,Velocidade Incompatível,Saída de leito carroçável,Sem Vítimas,Pleno dia,Decrescente,Chuva,Dupla,Curva,Não,1,0,0,0,1,0,0,1,"-20,39224209","-44,49492995",SPRF-MG,DEL04-MG,UOP03-DEL04-MG
400470.0,2021-12-08,quarta-feira,10:13:00,MG,381.0,372,SAO GONCALO DO RIO ABAIXO,Reação tardia ou ineficiente do condutor,Colisão lateral mesmo sentido,Sem Vítimas,Pleno dia,Crescente,Garoa/Chuvisco,Simples,Reta,Não,2,0,0,0,2,0,0,2,"-19,84250801","-43,31533375",SPRF-MG,DEL01-MG,UOP01-DEL01-MG
400511.0,2021-12-08,quarta-feira,14:50:00,MG,381.0,451,SABARA,Ingestão de álcool e/ou substâncias psicoativas pelo pedestre,Atropelamento de Pedestre,Com Vítimas Fatais,Pleno dia,Decrescente,Chuva,Simples,Curva,Não,2,1,0,0,0,1,0,1,"-19,83832024","-43,8806931",SPRF-MG,DEL01-MG,UOP01-DEL01-MG
400522.0,2021-12-08,quarta-feira,15:45:00,MG,146.0,"483,8",POCOS DE CALDAS,Velocidade Incompatível,Colisão frontal,Com Vítimas Fatais,Pleno dia,Crescente,Chuva,Simples,Não Informado,Não,4,2,1,1,0,0,2,2,"-21,775138","-46,431413",SPRF-MG,DEL09-MG,UOP01-DEL09-MG
400544.0,2021-12-08,quarta-feira,19:10:00,MG,40.0,"568,9",NOVA LIMA,Demais falhas mecânicas ou elétricas,Colisão traseira,Com Vítimas Feridas,Plena Noite,Crescente,Nublado,Simples,Reta,Não,3,0,1,0,1,1,1,2,"-20,19509609","-43,97360482",SPRF-MG,DEL01-MG,UOP02-DEL01-MG
400568.0,2021-12-08,quarta-feira,20:45:00,MG,381.0,"754,5",TRES CORACOES,Condutor Dormindo,Saída de leito carroçável,Com Vítimas Feridas,Plena Noite,Crescente,Nublado,Dupla,Não Informado,Sim,1,0,1,0,0,0,1,1,"-21,68626885","-45,34601116",SPRF-MG,DEL16-MG,UOP02-DEL16-MG
400580.0,2021-12-08,quarta-feira,21:30:00,MG,381.0,599,OLIVEIRA,Ausência de reação do condutor,Colisão traseira,Sem Vítimas,Plena Noite,Crescente,Céu Claro,Dupla,Reta,Não,2,0,0,0,2,0,0,2,"-20,61546798","-44,73611382",SPRF-MG,DEL04-MG,UOP01-DEL04-MG
400600.0,2021-12-08,quarta-feira,23:00:00,MG,116.0,"233,6",TEOFILO OTONI,Velocidade Incompatível,Saída de leito carroçável,Com Vítimas Feridas,Plena Noite,Crescente,Chuva,Simples,Desvio Temporário,Não,2,0,0,1,1,0,1,1,"-17,51211701","-41,48630207",SPRF-MG,DEL11-MG,UOP01-DEL11-MG
400608.0,2021-12-09,quinta-feira,03:00:00,MG,381.0,"729,8",CARMO DA CACHOEIRA,Condutor Dormindo,Tombamento,Com Vítimas Feridas,Plena Noite,Decrescente,Nevoeiro/Neblina,Dupla,Curva,Não,1,0,1,0,0,0,1,1,"-21,50093178","-45,2146845",SPRF-MG,DEL16-MG,UOP02-DEL16-MG
400613.0,2021-12-08,quarta-feira,20:30:00,MG,116.0,"33,5",CACHOEIRA DE PAJEU,Ingestão de álcool e/ou substâncias psicoativas pelo pedestre,Atropelamento de Pedestre,Com Vítimas Fatais,Plena Noite,Crescente,Chuva,Simples,Reta,Sim,2,1,0,0,1,0,0,1,"-15,9245731","-41,39545358",SPRF-MG,DEL11-MG,UOP02-DEL11-MG
400655.0,2021-12-09,quinta-feira,11:50:00,MG,40.0,"627,7",CONSELHEIRO LAFAIETE,Pedestre andava na pista,Atropelamento de Pedestre,Com Vítimas Feridas,Pleno dia,Crescente,Céu Claro,Dupla,Reta,Sim,2,0,1,0,1,0,1,1,"-20,63591993","-43,81353421",SPRF-MG,DEL05-MG,UOP02-DEL05-MG
400675.0,2021-12-08,quarta-feira,23:30:00,MG,267.0,"293,7",BAEPENDI,Pista esburacada,Colisão frontal,Com Vítimas Feridas,Plena Noite,Decrescente,Céu Claro,Simples,Reta,Não,2,0,1,0,1,0,1,2,"-21,93120403","-44,83482299",SPRF-MG,DEL17-MG,UOP01-DEL17-MG
400709.0,2021-12-09,quinta-feira,14:15:00,MG,50.0,53,ARAGUARI,Reação tardia ou ineficiente do condutor,Eventos atípicos,Com Vítimas Feridas,Pleno dia,Decrescente,Céu Claro,Dupla,Não Informado,Não,1,0,1,0,0,0,1,1,"-18,759049","-48,24054499",SPRF-MG,DEL15-MG,UOP02-DEL15-MG
400758.0,2021-12-09,quinta-feira,22:25:00,MG,50.0,2,ARAGUARI,Velocidade Incompatível,Colisão traseira,Com Vítimas Feridas,Plena Noite,Crescente,Céu Claro,Dupla,Não Informado,Não,2,0,1,0,1,0,1,2,"-18,43742886","-48,05720379",SPRF-MG,DEL15-MG,UOP02-DEL15-MG
400775.0,2021-12-10,sexta-feira,05:40:00,MG,381.0,792,SAO GONCALO DO SAPUCAI,Velocidade Incompatível,Colisão lateral mesmo sentido,Com Vítimas Feridas,Amanhecer,Crescente,Céu Claro,Dupla,Curva,Não,6,0,5,0,1,0,5,2,"-21,91931581","-45,59934602",SPRF-MG,DEL16-MG,UOP02-DEL16-MG
400788.0,2021-12-10,sexta-feira,05:55:00,MG,381.0,334,NOVA ERA,Velocidade Incompatível,Saída de leito carroçável,Com Vítimas Feridas,Amanhecer,Crescente,Céu Claro,Simples,Curva,Não,1,0,0,1,0,0,1,1,"-19,81700707","-43,06661887",SPRF-MG,DEL03-MG,UOP01-DEL03-MG
400885.0,2021-12-10,sexta-feira,07:45:00,MG,365.0,470,PATROCINIO,Velocidade Incompatível,Saída de leito carroçável,Com Vítimas Feridas,Pleno dia,Decrescente,Céu Claro,Dupla,Rotatória,Não,1,0,1,0,0,0,1,1,"-18,92272003","-46,99069499",SPRF-MG,DEL10-MG,UOP01-DEL10-MG
400890.0,2021-12-10,sexta-feira,15:25:00,MG,40.0,"597,5",OURO PRETO,Frear bruscamente,Colisão traseira,Com Vítimas Feridas,Pleno dia,Crescente,Céu Claro,Dupla,Reta,Não,3,0,1,0,2,0,1,2,"-20,421315","-43,880463",SPRF-MG,DEL05-MG,UOP02-DEL05-MG
400896.0,2021-12-10,sexta-feira,04:50:00,MG,116.0,164,PADRE PARAISO,Acumulo de areia ou detritos sobre o pavimento,Saída de leito carroçável,Com Vítimas Feridas,Pleno dia,Crescente,Chuva,Simples,Curva,Não,1,0,1,0,0,0,1,1,"-16,966437","-41,45100303",SPRF-MG,DEL11-MG,UOP02-DEL11-MG
400903.0,2021-12-10,sexta-feira,14:30:00,MG,116.0,"257,9",TEOFILO OTONI,Ausência de reação do condutor,Colisão traseira,Com Vítimas Fatais,Pleno dia,Crescente,Nublado,Simples,Não Informado,Não,2,1,0,0,1,0,0,2,"-17,706301","-41,48663",SPRF-MG,DEL11-MG,UOP01-DEL11-MG
400911.0,2021-12-10,sexta-feira,12:45:00,MG,50.0,"54,1",ARAGUARI,Problema com o freio,Tombamento,Com Vítimas Feridas,Pleno dia,Crescente,Céu Claro,Dupla,Ponte,Não,2,0,1,0,0,1,1,1,"-18,77177148","-48,24403162",SPRF-MG,DEL15-MG,UOP02-DEL15-MG
400947.0,2021-12-10,sexta-feira,22:30:00,MG,116.0,"120,1",ITAOBIM,Velocidade Incompatível,Colisão frontal,Com Vítimas Fatais,Pleno dia,Crescente,Chuva,Simples,Não Informado,Não,2,1,1,0,0,0,1,2,"-16,60015602","-41,49868089",SPRF-MG,DEL11-MG,UOP02-DEL11-MG
400990.0,2021-12-11,sábado,05:50:00,MG,381.0,"864,5",POUSO ALEGRE,Velocidade Incompatível,Colisão lateral mesmo sentido,Com Vítimas Feridas,Amanhecer,Decrescente,Nublado,Dupla,Não Informado,Não,3,0,1,0,2,0,1,2,"-22,35252673","-45,92776537",SPRF-MG,DEL16-MG,UOP01-DEL16-MG
401013.0,2021-12-11,sábado,00:50:00,MG,381.0,"549,8",SANTO ANTONIO DO AMPARO,Ingestão de álcool pelo condutor,Colisão frontal,Com Vítimas Feridas,Plena Noite,Crescente,Céu Claro,Dupla,Não Informado,Não,2,0,0,1,1,0,1,2,"-20,95426","-44,909692",SPRF-MG,DEL04-MG,UOP03-DEL04-MG
401017.0,2021-12-11,sábado,07:10:00,MG,116.0,"769,4",LEOPOLDINA,Condutor deixou de manter distância do veículo da frente,Engavetamento,Com Vítimas Feridas,Pleno dia,Crescente,Nublado,Simples,Curva,Sim,4,0,1,0,3,0,1,4,"-21,54856423","-42,66481498",SPRF-MG,DEL07-MG,UOP01-DEL07-MG
401022.0,2021-12-11,sábado,09:05:00,MG,146.0,"421,6",MUZAMBINHO,Velocidade Incompatível,Tombamento,Com Vítimas Feridas,Pleno dia,Decrescente,Céu Claro,Simples,Rotatória,Sim,1,0,1,0,0,0,1,1,"-21,354207","-46,521376",SPRF-MG,DEL09-MG,UOP01-DEL09-MG
401026.0,2021-12-11,sábado,09:30:00,MG,267.0,"200,1",BOM JARDIM DE MINAS,Velocidade Incompatível,Tombamento,Com Vítimas Feridas,Pleno dia,Decrescente,Céu Claro,Simples,Curva,Não,1,0,1,0,0,0,1,1,"-21,93311108","-44,08851501",SPRF-MG,DEL05-MG,UOP01-DEL05-MG
401027.0,2021-12-11,sábado,07:45:00,MG,50.0,72,UBERLANDIA,Ausência de reação do condutor,Colisão lateral mesmo sentido,Com Vítimas Feridas,Pleno dia,Crescente,Céu Claro,Dupla,Reta,Sim,2,0,1,0,1,0,1,2,"-18,85140204","-48,25345932",SPRF-MG,DEL15-MG,UOP01-DEL15-MG
401112.0,2021-12-11,sábado,06:30:00,MG,251.0,"311,3",SALINAS,Reação tardia ou ineficiente do condutor,Colisão com objeto,Com Vítimas Feridas,Pleno dia,Crescente,Nublado,Simples,Não Informado,Não,1,0,0,1,0,0,1,1,"-16,131063","-42,287427",SPRF-MG,DEL11-MG,UOP02-DEL11-MG
401135.0,2021-12-11,sábado,16:00:00,MG,364.0,4,PLANURA,Retorno proibido,Colisão transversal,Com Vítimas Feridas,Pleno dia,Decrescente,Céu Claro,Simples,Reta,Não,7,0,0,5,1,1,5,2,"-20,13824","-48,702347",SPRF-MG,DEL13-MG,UOP02-DEL13-MG
401220.0,2021-12-12,domingo,02:00:00,MG,251.0,"492,5",FRANCISCO SA,Velocidade Incompatível,Colisão com objeto,Com Vítimas Feridas,Plena Noite,Crescente,Chuva,Simples,Desvio Temporário,Não,3,0,0,1,2,0,1,2,"-16,54433804","-43,59543496",SPRF-MG,DEL12-MG,UOP01-DEL12-MG
401274.0,2021-12-12,domingo,09:19:00,MG,381.0,"885,9",ESTIVA,Velocidade Incompatível,Saída de leito carroçável,Com Vítimas Feridas,Pleno dia,Crescente,Céu Claro,Dupla,Reta,Não,2,0,1,0,0,1,1,1,"-22,54388201","-46,03875199",SPRF-MG,DEL16-MG,UOP03-DEL16-MG
401303.0,2021-12-12,domingo,13:20:00,MG,116.0,"96,4",MEDINA,Ausência de reação do condutor,Tombamento,Sem Vítimas,Pleno dia,Crescente,Céu Claro,Simples,Desvio Temporário,Não,1,0,0,0,1,0,0,1,"-16,40244787","-41,47432334",SPRF-MG,DEL11-MG,UOP02-DEL11-MG
401321.0,2021-12-12,domingo,16:00:00,MG,251.0,334,FRUTA DE LEITE,Problema com o freio,Colisão traseira,Com Vítimas Feridas,Pleno dia,Decrescente,Céu Claro,Simples,Curva,Não,3,0,0,1,2,0,1,2,"-16,25584596","-42,43923797",SPRF-MG,DEL12-MG,UOP01-DEL12-MG
401364.0,2021-12-12,domingo,20:40:00,MG,381.0,"688,8",LAVRAS,Ausência de reação do condutor,Colisão lateral mesmo sentido,Sem Vítimas,Plena Noite,Decrescente,Nublado,Dupla,Desvio Temporário,Não,2,0,0,0,1,1,0,2,"-21,21737985","-45,1265452",SPRF-MG,DEL04-MG,UOP02-DEL04-MG
401397.0,2021-12-12,domingo,23:30:00,MG,40.0,"565,7",NOVA LIMA,Chuva,Colisão frontal,Com Vítimas Fatais,Plena Noite,Decrescente,Chuva,Simples,Não Informado,Sim,6,5,0,0,1,0,0,2,"-20,16985101","-43,96554788",SPRF-MG,DEL01-MG,UOP02-DEL01-MG
401490.0,2021-12-13,segunda-feira,05:15:00,MG,365.0,164,PIRAPORA,Condutor deixou de manter distância do veículo da frente,Colisão traseira,Com Vítimas Feridas,Amanhecer,Crescente,Chuva,Simples,Reta,Não,2,0,1,0,1,0,1,2,"-17,36636734","-44,93614197",SPRF-MG,DEL12-MG,UOP01-DEL12-MG
401511.0,2021-12-13,segunda-feira,14:00:00,MG,267.0,"28,2",ARGIRITA,Velocidade Incompatível,Colisão com objeto,Com Vítimas Fatais,Pleno dia,Decrescente,Céu Claro,Simples,Não Informado,Não,1,1,0,0,0,0,0,1,"-21,62799078","-42,83040926",SPRF-MG,DEL07-MG,UOP01-DEL07-MG
401516.0,2021-12-13,segunda-feira,14:15:00,MG,381.0,"296,9",ANTONIO DIAS,Obras na pista,Colisão lateral sentido oposto,Com Vítimas Feridas,Pleno dia,Crescente,Nublado,Dupla,Não Informado,Não,3,0,0,1,0,2,1,2,"-19,62698434","-42,8708198",SPRF-MG,DEL03-MG,UOP02-DEL03-MG
401543.0,2021-12-13,segunda-feira,12:20:00,MG,381.0,943,EXTREMA,Ausência de reação do condutor,Colisão lateral mesmo sentido,Com Vítimas Feridas,Pleno dia,Decrescente,Nublado,Dupla,Reta,Sim,4,0,3,1,0,0,4,2,"-22,86660473","-46,35021061",SPRF-MG,DEL16-MG,UOP03-DEL16-MG
401546.0,2021-12-13,segunda-feira,17:25:00,MG,153.0,104,PRATA,Chuva,Saída de leito carroçável,Sem Vítimas,Anoitecer,Crescente,Chuva,Simples,Desvio Temporário,Não,1,0,0,0,0,1,0,1,"-19,26347485","-48,92260343",SPRF-MG,DEL15-MG,UOP03-DEL15-MG