id,data_inversa,dia_semana,horario,uf,br,km,municipio,causa_acidente,tipo_acidente,classificacao_acidente,fase_dia,sentido_via,condicao_metereologica,tipo_pista,tracado_via,uso_solo,pessoas,mortos,feridos_leves,feridos_graves,ilesos,ignorados,feridos,veiculos,latitude,longitude,regional,delegacia,uop
401569.0,2021-12-13,segunda-feira,19:50:00,MG,381.0,454,BELO HORIZONTE,Ultrapassagem Indevida,Colisão lateral mesmo sentido,Com Vítimas Feridas,Plena Noite,Decrescente,Nublado,Simples,Reta,Sim,2,0,0,1,1,0,1,2,"-19,85593827","-43,89662047",SPRF-MG,DEL01-MG,UOP01-DEL01-MG
401571.0,2021-12-09,quinta-feira,09:05:00,MG,153.0,135,PRATA,Demais falhas mecânicas ou elétricas,Tombamento,Sem Vítimas,Pleno dia,Decrescente,Céu Claro,Simples,Não Informado,Não,1,0,0,0,1,0,0,1,"-19,5207219","-48,83355386",SPRF-MG,DEL15-MG,UOP03-DEL15-MG
401604.0,2021-12-13,segunda-feira,22:40:00,MG,267.0,"59,7",BICAS,Transitar na contramão,Colisão frontal,Com Vítimas Feridas,Plena Noite,Crescente,Ignorado,Simples,Reta,Não,2,0,0,1,1,0,1,2,"-21,7245573","-43,04402678",SPRF-MG,DEL07-MG,UOP01-DEL07-MG
401670.0,2021-12-14,terça-feira,11:30:00,MG,50.0,40,ARAGUARI,Condutor Dormindo,Colisão traseira,Com Vítimas Feridas,Pleno dia,Crescente,Céu Claro,Múltipla,Viaduto,Sim,3,0,1,0,2,0,1,2,"-18,673214","-48,177773",SPRF-MG,DEL15-MG,UOP02-DEL15-MG
401752.0,2021-12-14,terça-feira,15:15:00,MG,354.0,"732,2",POUSO ALTO,Carga excessiva e/ou mal acondicionada,Tombamento,Sem Vítimas,Pleno dia,Decrescente,Céu Claro,Simples,Curva,Não,3,0,0,0,3,0,0,1,"-22,17502858","-44,97005105",SPRF-MG,DEL17-MG,UOP01-DEL17-MG
401789.0,2021-12-14,terça-feira,16:15:00,MG,381.0,"231,1",BELO ORIENTE,Velocidade Incompatível,Saída de leito carroçável,Com Vítimas Feridas,Pleno dia,Crescente,Nublado,Simples,Não Informado,Não,1,0,0,1,0,0,1,1,"-19,36049304","-42,44673398",SPRF-MG,DEL06-MG,UOP01-DEL06-MG
401812.0,2021-12-15,quarta-feira,04:15:00,MG,116.0,"693,1",MURIAE,Ingestão de álcool ou de substâncias psicoativas pelo pedestre,Colisão frontal,Com Vítimas Feridas,Amanhecer,Crescente,Nublado,Simples,Não Informado,Não,3,0,3,0,0,0,3,2,"-21,029837","-42,365039",SPRF-MG,DEL07-MG,UOP02-DEL07-MG
401846.0,2021-12-15,quarta-feira,08:45:00,MG,50.0,51,ARAGUARI,Reação tardia ou ineficiente do condutor,Colisão traseira,Com Vítimas Feridas,Pleno dia,Crescente,Chuva,Dupla,Reta,Não,4,0,2,0,2,0,2,2,"-18,74433705","-48,2313459",SPRF-MG,DEL15-MG,UOP02-DEL15-MG
401883.0,2021-12-15,quarta-feira,08:40:00,MG,153.0,237,FRONTEIRA,Avarias e/ou desgaste excessivo no pneu,Colisão frontal,Com Vítimas Fatais,Pleno dia,Decrescente,Chuva,Simples,Reta,Não,3,2,0,0,1,0,0,2,"-20,28330203","-49,19598196",SPRF-MG,DEL13-MG,UOP02-DEL13-MG
401955.0,2021-12-15,quarta-feira,19:00:00,MG,40.0,247,SAO GONCALO DO ABAETE,Chuva,Colisão frontal,Com Vítimas Feridas,Plena Noite,Crescente,Chuva,Simples,Desvio Temporário,Não,4,0,3,0,1,0,3,2,"-18,10887028","-45,4657742",SPRF-MG,DEL14-MG,UOP02-DEL14-MG
401959.0,2021-12-15,quarta-feira,18:30:00,MG,40.0,204,JOAO PINHEIRO,Animais na Pista,Atropelamento de Animal,Com Vítimas Feridas,Anoitecer,Decrescente,Nublado,Simples,Reta,Não,1,0,1,0,0,0,1,1,"-17,99104545","-45,78253011",SPRF-MG,DEL14-MG,UOP02-DEL14-MG
401974.0,2021-12-15,quarta-feira,21:15:00,MG,116.0,124,ITAOBIM,Demais falhas na via,Tombamento,Com Vítimas Feridas,Plena Noite,Decrescente,Ignorado,Simples,Curva,Não,2,0,1,0,0,1,1,1,"-16,63600491","-41,50254588",SPRF-MG,DEL11-MG,UOP02-DEL11-MG
402005.0,2021-12-16,quinta-feira,05:25:00,MG,381.0,455,BELO HORIZONTE,Retorno proibido,Colisão transversal,Sem Vítimas,Anoitecer,Crescente,Nublado,Simples,Reta,Sim,3,0,0,0,2,1,0,3,"-19,85777408","-43,90468298",SPRF-MG,DEL01-MG,UOP01-DEL01-MG
402008.0,2021-12-16,quinta-feira,07:15:00,MG,251.0,"510,7",FRANCISCO SA,Reação tardia ou ineficiente do condutor,Colisão lateral sentido oposto,Com Vítimas Fatais,Pleno dia,Crescente,Céu Claro,Simples,Não Informado,Não,4,1,1,1,1,0,2,2,"-16,638614","-43,698717",SPRF-MG,DEL12-MG,UOP01-DEL12-MG
402018.0,2021-12-16,quinta-feira,07:10:00,MG,381.0,"943,5",EXTREMA,Acumulo de água sobre o pavimento,Colisão lateral mesmo sentido,Com Vítimas Feridas,Pleno dia,Decrescente,Chuva,Dupla,Não Informado,Não,2,0,1,0,1,0,1,2,"-22,86379863","-46,34519219",SPRF-MG,DEL16-MG,UOP03-DEL16-MG
402021.0,2021-12-16,quinta-feira,07:20:00,MG,356.0,"265,5",MURIAE,Condutor deixou de manter distância do veículo da frente,Colisão lateral mesmo sentido,Com Vítimas Feridas,Pleno dia,Decrescente,Nublado,Simples,Curva,Sim,3,0,1,0,1,1,1,2,"-21,12838898","-42,366803",SPRF-MG,DEL07-MG,UOP02-DEL07-MG
402027.0,2021-12-16,quinta-feira,07:40:00,MG,40.0,"730,5",OLIVEIRA FORTES,Velocidade Incompatível,Capotamento,Com Vítimas Fatais,Pleno dia,Crescente,Céu Claro,Dupla,Curva,Não,1,1,0,0,0,0,0,1,"-21,33378994","-43,5866212",SPRF-MG,DEL05-MG,UOP01-DEL05-MG
402046.0,2021-12-16,quinta-feira,08:20:00,MG,116.0,"313,2",ITAMBACURI,Reação tardia ou ineficiente do condutor,Engavetamento,Com Vítimas Feridas,Pleno dia,Decrescente,Nublado,Simples,Curva,Não,4,0,1,0,3,0,1,3,"-18,09344397","-41,68893313",SPRF-MG,DEL11-MG,UOP01-DEL11-MG
402068.0,2021-12-16,quinta-feira,13:00:00,MG,251.0,452,GRAO MOGOL,Velocidade Incompatível,Colisão frontal,Com Vítimas Feridas,Pleno dia,Crescente,Chuva,Simples,Reta,Não,2,0,1,0,1,0,1,2,"-16,42120408","-43,31698598",SPRF-MG,DEL12-MG,UOP01-DEL12-MG
402071.0,2021-12-16,quinta-feira,11:30:00,MG,262.0,"553,6",LUZ,Velocidade Incompatível,Tombamento,Com Vítimas Feridas,Pleno dia,Crescente,Nublado,Simples,Não Informado,Não,1,0,1,0,0,0,1,1,"-19,70748572","-45,92010498",SPRF-MG,DEL08-MG,UOP02-DEL08-MG
402102.0,2021-12-16,quinta-feira,14:50:00,MG,381.0,377,SAO GONCALO DO RIO ABAIXO,Curva acentuada,Colisão frontal,Com Vítimas Feridas,Pleno dia,Decrescente,Chuva,Simples,Curva,Não,4,0,4,0,0,0,4,4,"-19,832064","-43,35244",SPRF-MG,DEL01-MG,UOP01-DEL01-MG
402165.0,2021-12-16,quinta-feira,21:50:00,MG,116.0,"410,7",GOVERNADOR VALADARES,Velocidade Incompatível,Colisão traseira,Com Vítimas Feridas,Plena Noite,Crescente,Nublado,Dupla,Reta,Sim,4,0,3,0,1,0,3,2,"-18,855625","-41,975623",SPRF-MG,DEL06-MG,UOP01-DEL06-MG
402171.0,2021-12-16,quinta-feira,22:30:00,MG,40.0,"589,7",ITABIRITO,Chuva,Colisão lateral sentido oposto,Com Vítimas Feridas,Plena Noite,Crescente,Chuva,Simples,Não Informado,Não,2,0,1,0,1,0,1,2,"-20,3591","-43,90992896",SPRF-MG,DEL01-MG,UOP02-DEL01-MG
402181.0,2021-12-16,quinta-feira,20:40:00,MG,116.0,"654,3",SAO FRANCISCO DO GLORIA,Demais falhas mecânicas ou elétricas,Saída de leito carroçável,Com Vítimas Feridas,Plena Noite,Crescente,Nublado,Simples,Curva,Não,1,0,1,0,0,0,1,1,"-20,74986018","-42,29241383",SPRF-MG,DEL07-MG,UOP03-DEL07-MG
402199.0,2021-12-16,quinta-feira,10:25:00,MG,381.0,443,SANTA LUZIA,Transitar na contramão,Colisão frontal,Sem Vítimas,Pleno dia,Decrescente,Céu Claro,Simples,Curva,Não,3,0,0,0,2,1,0,3,"-19,822546","-43,817345",SPRF-MG,DEL01-MG,UOP01-DEL01-MG
402229.0,2021-12-17,sexta-feira,08:30:00,MG,50.0,111,UBERABA,Avarias e/ou desgaste excessivo no pneu,Saída de leito carroçável,Com Vítimas Feridas,Pleno dia,Decrescente,Céu Claro,Dupla,Não Informado,Não,1,0,1,0,0,0,1,1,"-19,23226801","-48,14217502",SPRF-MG,DEL13-MG,UOP01-DEL13-MG
402240.0,2021-12-17,sexta-feira,08:30:00,MG,381.0,"488,6",BETIM,Transitar na contramão,Colisão lateral sentido oposto,Com Vítimas Feridas,Pleno dia,Decrescente,Chuva,Simples,Rotatória,Sim,2,0,1,0,1,0,1,2,"-19,9598656","-44,15489715",SPRF-MG,DEL01-MG,UOP03-DEL01-MG
402247.0,2021-12-17,sexta-feira,07:15:00,MG,116.0,"324,9",CAMPANARIO,Velocidade Incompatível,Saída de leito carroçável,Com Vítimas Feridas,Pleno dia,Crescente,Céu Claro,Simples,Curva,Não,2,0,1,0,0,1,1,1,"-18,18939081","-41,71198331",SPRF-MG,DEL11-MG,UOP01-DEL11-MG
402279.0,2021-12-17,sexta-feira,11:15:00,MG,50.0,53,ARAGUARI,Velocidade Incompatível,Saída de leito carroçável,Com Vítimas Feridas,Pleno dia,Crescente,Chuva,Dupla,Não Informado,Não,1,0,1,0,0,0,1,1,"-18,759049","-48,24054499",SPRF-MG,DEL15-MG,UOP02-DEL15-MG
402288.0,2021-12-17,sexta-feira,15:40:00,MG,381.0,261,CORONEL FABRICIANO,Ultrapassagem Indevida,Colisão frontal,Com Vítimas Feridas,Pleno dia,Crescente,Céu Claro,Simples,Reta,Não,2,0,0,1,1,0,1,2,"-19,5051076","-42,56893158",SPRF-MG,DEL03-MG,UOP02-DEL03-MG
402303.0,2021-12-17,sexta-feira,16:06:00,MG,40.0,245,SAO GONCALO DO ABAETE,Velocidade Incompatível,Saída de leito carroçável,Com Vítimas Feridas,Pleno dia,Decrescente,Chuva,Simples,Não Informado,Não,1,0,1,0,0,0,1,1,"-18,0946169","-45,47580786",SPRF-MG,DEL14-MG,UOP02-DEL14-MG
402304.0,2021-12-17,sexta-feira,16:15:00,MG,381.0,"897,1",CAMBUI,Obras na pista,Engavetamento,Com Vítimas Feridas,Pleno dia,Decrescente,Nublado,Dupla,Reta,Não,9,0,2,0,7,0,2,5,"-22,60208599","-46,05842113",SPRF-MG,DEL16-MG,UOP03-DEL16-MG
402323.0,2021-12-17,sexta-feira,16:25:00,MG,381.0,"935,8",EXTREMA,Obstrução na via,Saída de leito carroçável,Com Vítimas Feridas,Pleno dia,Crescente,Nublado,Dupla,Não Informado,Sim,1,0,1,0,0,0,1,1,"-22,82329661","-46,30805019",SPRF-MG,DEL16-MG,UOP03-DEL16-MG
402365.0,2021-12-17,sexta-feira,19:30:00,MG,365.0,476,PATROCINIO,Ultrapassagem Indevida,Colisão frontal,Sem Vítimas,Plena Noite,Crescente,Chuva,Simples,Curva,Não,2,0,0,0,2,0,0,2,"-18,91384369","-47,04103759",SPRF-MG,DEL10-MG,UOP01-DEL10-MG
402406.0,2021-12-17,sexta-feira,21:00:00,MG,116.0,"392,2",GOVERNADOR VALADARES,Transitar na contramão,Colisão lateral sentido oposto,Com Vítimas Feridas,Plena Noite,Crescente,Céu Claro,Dupla,Curva,Não,3,0,2,0,1,0,2,2,"-18,71692704","-41,98817074",SPRF-MG,DEL06-MG,UOP01-DEL06-MG
402445.0,2021-12-18,sábado,04:00:00,MG,153.0,10,CENTRALINA,Ausência de reação do condutor,Saída de leito carroçável,Sem Vítimas,Amanhecer,Crescente,Chuva,Dupla,Reta,Não,1,0,0,0,1,0,0,1,"-18,50602699","-49,18897335",SPRF-MG,DEL15-MG,UOP03-DEL15-MG
402457.0,2021-12-18,sábado,04:20:00,MG,262.0,"462,7",ARAUJOS,Ingestão de álcool pelo condutor,Colisão traseira,Com Vítimas Feridas,Amanhecer,Decrescente,Nublado,Simples,Desvio Temporário,Não,2,0,1,0,1,0,1,2,"-19,80278243","-45,13431661",SPRF-MG,DEL08-MG,UOP03-DEL08-MG
402476.0,2021-12-18,sábado,05:30:00,MG,50.0,"81,8",UBERLANDIA,Condutor Dormindo,Colisão lateral mesmo sentido,Com Vítimas Feridas,Pleno dia,Decrescente,Céu Claro,Dupla,Não Informado,Não,3,0,1,0,2,0,1,2,"-18,986906","-48,211853",SPRF-MG,DEL15-MG,UOP01-DEL15-MG
402494.0,2021-12-18,sábado,06:40:00,MG,381.0,398,BOM JESUS DO AMPARO,Curva acentuada,Tombamento,Sem Vítimas,Amanhecer,Decrescente,Céu Claro,Dupla,Rotatória,Não,1,0,0,0,1,0,0,1,"-19,75327442","-43,47633362",SPRF-MG,DEL01-MG,UOP01-DEL01-MG
402508.0,2021-12-18,sábado,09:15:00,MG,116.0,"451,5",ENGENHEIRO CALDAS,Acessar a via sem observar a presença dos outros veículos,Colisão lateral mesmo sentido,Com Vítimas Feridas,Pleno dia,Crescente,Nublado,Simples,Reta,Não,2,0,0,1,1,0,1,2,"-19,16092497","-42,02606406",SPRF-MG,DEL06-MG,UOP02-DEL06-MG
402543.0,2021-12-18,sábado,11:30:00,MG,381.0,"751,1",TRES CORACOES,Demais falhas mecânicas ou elétricas,Incêndio,Sem Vítimas,Pleno dia,Crescente,Céu Claro,Dupla,Reta,Não,1,0,0,0,1,0,0,1,"-21,66868652","-45,32558014",SPRF-MG,DEL16-MG,UOP02-DEL16-MG
402555.0,2021-12-18,sábado,15:00:00,MG,381.0,"434,1",SABARA,Transitar na contramão,Colisão lateral sentido oposto,Com Vítimas Fatais,Pleno dia,Decrescente,Sol,Simples,Não Informado,Não,8,3,1,2,2,0,3,4,"-19,78546205","-43,72378349",SPRF-MG,DEL01-MG,UOP01-DEL01-MG
402568.0,2021-12-18,sábado,15:35:00,MG,116.0,"468,6",TARUMIRIM,Ausência de reação do condutor,Colisão lateral sentido oposto,Com Vítimas Feridas,Pleno dia,Decrescente,Nublado,Simples,Curva,Não,3,0,1,1,1,0,2,2,"-19,30162475","-42,07997246",SPRF-MG,DEL06-MG,UOP02-DEL06-MG
402605.0,2021-12-18,sábado,18:00:00,MG,381.0,434,SABARA,Chuva,Colisão com objeto,Sem Vítimas,Anoitecer,Decrescente,Chuva,Simples,Não Informado,Não,2,0,0,0,2,0,0,2,"-19,78721866","-43,72730255",SPRF-MG,DEL01-MG,UOP01-DEL01-MG
402622.0,2021-12-18,sábado,18:20:00,MG,381.0,"529,1",BRUMADINHO,Velocidade Incompatível,Tombamento,Com Vítimas Feridas,Anoitecer,Crescente,Nublado,Dupla,Não Informado,Não,1,0,1,0,0,0,1,1,"-20,16316","-44,3399",SPRF-MG,DEL04-MG,UOP03-DEL04-MG
402671.0,2021-12-18,sábado,23:00:00,MG,365.0,574,INDIANOPOLIS,Ausência de reação do condutor,Colisão traseira,Com Vítimas Feridas,Plena Noite,Crescente,Nublado,Simples,Reta,Não,3,0,1,0,1,1,1,2,"-18,90717969","-47,8947258",SPRF-MG,DEL15-MG,UOP02-DEL15-MG
402672.0,2021-12-18,sábado,20:00:00,MG,116.0,329,CAMPANARIO,Velocidade Incompatível,Tombamento,Com Vítimas Feridas,Plena Noite,Crescente,Chuva,Simples,Curva,Não,1,0,0,1,0,0,1,1,"-18,2312778","-41,72290613",SPRF-MG,DEL11-MG,UOP01-DEL11-MG
402746.0,2021-12-18,sábado,22:30:00,MG,381.0,"526,2",BRUMADINHO,Ausência de reação do condutor,Colisão traseira,Com Vítimas Fatais,Plena Noite,Crescente,Chuva,Dupla,Não Informado,Não,2,1,0,0,1,0,0,2,"-20,157093","-44,328619",SPRF-MG,DEL04-MG,UOP03-DEL04-MG
402813.0,2021-12-19,domingo,11:45:00,MG,116.0,"142,2",PONTO DOS VOLANTES,Ausência de reação do condutor,Tombamento,Com Vítimas Feridas,Pleno dia,Decrescente,Céu Claro,Simples,Curva,Não,3,0,1,2,0,0,3,1,"-16,78485706","-41,48261649",SPRF-MG,DEL11-MG,UOP02-DEL11-MG
402989.0,2021-12-20,segunda-feira,07:30:00,MG,381.0,"528,5",BRUMADINHO,Velocidade Incompatível,Tombamento,Com Vítimas Feridas,Pleno dia,Decrescente,Céu Claro,Dupla,Curva,Não,1,0,0,1,0,0,1,1,"-20,16619722","-44,36914378",SPRF-MG,DEL04-MG,UOP03-DEL04-MG
402990.0,2021-12-16,quinta-feira,23:10:00,MG,381.0,399,BOM JESUS DO AMPARO,Demais falhas mecânicas ou elétricas,Incêndio,Sem Vítimas,Plena Noite,Decrescente,Nublado,Dupla,Curva,Não,1,0,0,0,1,0,0,1,"-19,73681212","-43,51276109",SPRF-MG,DEL01-MG,UOP01-DEL01-MG
403047.0,2021-12-20,segunda-feira,11:25:00,MG,116.0,"498,5",INHAPIM,Transitar na contramão,Colisão frontal,Com Vítimas Fatais,Pleno dia,Crescente,Nublado,Simples,Não Informado,Sim,2,1,0,0,1,0,0,2,"-19,54476495","-42,12568405",SPRF-MG,DEL06-MG,UOP02-DEL06-MG
403057.0,2021-12-18,sábado,00:00:00,MG,116.0,"35,4",CACHOEIRA DE PAJEU,Condutor Dormindo,Tombamento,Sem Vítimas,Plena Noite,Crescente,Céu Claro,Simples,Não Informado,Não,1,0,0,0,1,0,0,1,"-15,94135999","-41,4000173",SPRF-MG,DEL11-MG,UOP02-DEL11-MG
403059.0,2021-12-20,segunda-feira,15:10:00,MG,251.0,"507,3",FRANCISCO SA,Transitar no acostamento,Colisão lateral mesmo sentido,Com Vítimas Feridas,Pleno dia,Decrescente,Nublado,Simples,Não Informado,Não,3,0,2,0,1,0,2,2,"-16,62566493","-43,69317517",SPRF-MG,DEL12-MG,UOP01-DEL12-MG
403077.0,2021-12-20,segunda-feira,04:45:00,MG,365.0,107,JEQUITAI,Chuva,Eventos atípicos,Com Vítimas Feridas,Amanhecer,Crescente,Chuva,Simples,Não Informado,Não,3,0,3,0,0,0,3,1,"-17,20694198","-44,587357",SPRF-MG,DEL12-MG,UOP01-DEL12-MG
403111.0,2021-12-20,segunda-feira,19:10:00,MG,50.0,184,UBERABA,Reação tardia ou ineficiente do condutor,Colisão lateral mesmo sentido,Com Vítimas Feridas,Plena Noite,Decrescente,Céu Claro,Dupla,Reta,Sim,5,0,2,0,3,0,2,3,"-19,80945315","-47,90078523",SPRF-MG,DEL13-MG,UOP01-DEL13-MG
403133.0,2021-12-20,segunda-feira,23:30:00,MG,262.0,"761,1",SACRAMENTO,Reação tardia ou ineficiente do condutor,Colisão lateral sentido oposto,Com Vítimas Feridas,Plena Noite,Crescente,Céu Claro,Simples,Desvio Temporário,Não,5,0,2,1,0,2,3,2,"-19,66828463","-47,61093008",SPRF-MG,DEL13-MG,UOP01-DEL13-MG
403137.0,2021-12-21,terça-feira,01:45:00,MG,381.0,"929,8",EXTREMA,Condutor Dormindo,Saída de leito carroçável,Com Vítimas Feridas,Plena Noite,Crescente,Céu Claro,Dupla,Curva,Não,1,0,1,0,0,0,1,1,"-22,79911462","-46,26123692",SPRF-MG,DEL16-MG,UOP03-DEL16-MG
403141.0,2021-12-21,terça-feira,05:30:00,MG,50.0,69,UBERLANDIA,Curva acentuada,Tombamento,Com Vítimas Feridas,Pleno dia,Crescente,Céu Claro,Dupla,Viaduto,Sim,1,0,1,0,0,0,1,1,"-18,85140204","-48,25345932",SPRF-MG,DEL15-MG,UOP01-DEL15-MG
403142.0,2021-12-21,terça-feira,05:30:00,MG,365.0,595,ARAGUARI,Ultrapassagem Indevida,Colisão frontal,Com Vítimas Feridas,Amanhecer,Crescente,Céu Claro,Simples,Não Informado,Não,2,0,0,1,1,0,1,2,"-18,87365352","-48,08880176",SPRF-MG,DEL15-MG,UOP02-DEL15-MG
403213.0,2021-12-21,terça-feira,16:00:00,MG,381.0,485,BETIM,Condutor Dormindo,Colisão com objeto,Com Vítimas Feridas,Pleno dia,Crescente,Sol,Múltipla,Curva,Sim,3,0,2,0,1,0,2,2,"-19,95537894","-44,11391616",SPRF-MG,DEL01-MG,UOP03-DEL01-MG
403222.0,2021-12-21,terça-feira,12:50:00,MG,251.0,"472,6",FRANCISCO SA,Velocidade Incompatível,Saída de leito carroçável,Sem Vítimas,Pleno dia,Decrescente,Garoa/Chuvisco,Simples,Não Informado,Não,3,0,0,0,3,0,0,1,"-16,4669101","-43,43947986",SPRF-MG,DEL12-MG,UOP01-DEL12-MG
403238.0,2021-12-21,terça-feira,17:15:00,MG,40.0,"730,3",OLIVEIRA FORTES,Velocidade Incompatível,Tombamento,Sem Vítimas,Pleno dia,Decrescente,Céu Claro,Dupla,Curva,Não,1,0,0,0,1,0,0,1,"-21,33378994","-43,5866212",SPRF-MG,DEL05-MG,UOP01-DEL05-MG
403253.0,2021-12-21,terça-feira,11:30:00,MG,262.0,"553,6",LUZ,Velocidade Incompatível,Tombamento,Com Vítimas Fatais,Pleno dia,Decrescente,Céu Claro,Simples,Não Informado,Não,1,1,0,0,0,0,0,1,"-19,71819541","-45,89938601",SPRF-MG,DEL08-MG,UOP02-DEL08-MG
403283.0,2021-12-22,quarta-feira,02:40:00,MG,262.0,"712,5",ARAXA,Problema com o freio,Incêndio,Sem Vítimas,Anoitecer,Crescente,Nublado,Simples,Reta,Não,1,0,0,0,1,0,0,1,"-19,609297","-47,15977",SPRF-MG,DEL08-MG,UOP01-DEL08-MG
403298.0,2021-12-22,quarta-feira,05:45:00,MG,251.0,506,FRANCISCO SA,Condutor Dormindo,Colisão frontal,Com Vítimas Feridas,Amanhecer,Crescente,Chuva,Simples,Curva,Não,6,0,2,0,4,0,2,4,"-16,61894941","-43,6887828",SPRF-MG,DEL12-MG,UOP01-DEL12-MG
403309.0,2021-12-22,quarta-feira,08:10:00,MG,40.0,475,SETE LAGOAS,Acesso irregular,Colisão transversal,Com Vítimas Feridas,Pleno dia,Decrescente,Céu Claro,Simples,Reta,Não,4,0,3,0,1,0,3,2,"-19,50551591","-44,27423377",SPRF-MG,DEL02-MG,UOP01-DEL02-MG
403324.0,2021-12-22,quarta-feira,09:50:00,MG,116.0,"519,5",UBAPORANGA,Velocidade Incompatível,Tombamento,Com Vítimas Feridas,Pleno dia,Decrescente,Céu Claro,Simples,Curva,Não,1,0,1,0,0,0,1,1,"-19,71798497","-42,12830605",SPRF-MG,DEL06-MG,UOP02-DEL06-MG
403334.0,2021-12-22,quarta-feira,08:50:00,MG,356.0,274,MURIAE,Reação tardia ou ineficiente do condutor,Colisão traseira,Com Vítimas Feridas,Pleno dia,Crescente,Sol,Simples,Reta,Não,5,0,0,1,3,1,1,3,"-21,13619909","-42,29939195",SPRF-MG,DEL07-MG,UOP02-DEL07-MG
403350.0,2021-12-22,quarta-feira,11:45:00,MG,153.0,218,FRUTAL,Reação tardia ou ineficiente do condutor,Colisão traseira,Com Vítimas Feridas,Pleno dia,Crescente,Sol,Simples,Reta,Não,3,0,1,0,2,0,1,3,"-20,086367","-49,081438",SPRF-MG,DEL13-MG,UOP02-DEL13-MG
403385.0,2021-12-22,quarta-feira,15:50:00,MG,381.0,715,CARMO DA CACHOEIRA,Transitar no acostamento,Colisão com objeto,Com Vítimas Feridas,Pleno dia,Crescente,Nublado,Dupla,Não Informado,Não,3,0,1,0,1,1,1,2,"-21,48309834","-45,17918327",SPRF-MG,DEL04-MG,UOP02-DEL04-MG
403395.0,2021-12-22,quarta-feira,14:15:00,MG,381.0,"299,1",ANTONIO DIAS,Reação tardia ou ineficiente do condutor,Engavetamento,Com Vítimas Feridas,Pleno dia,Decrescente,Céu Claro,Simples,Curva,Não,7,0,2,0,5,0,2,7,"-19,61964973","-42,8459524",SPRF-MG,DEL03-MG,UOP02-DEL03-MG
403401.0,2021-12-22,quarta-feira,13:30:00,MG,381.0,"297,2",ANTONIO DIAS,Demais falhas mecânicas ou elétricas,Colisão com objeto,Sem Vítimas,Pleno dia,Crescente,Céu Claro,Simples,Curva,Não,1,0,0,0,1,0,0,1,"-19,62698434","-42,8708198",SPRF-MG,DEL03-MG,UOP02-DEL03-MG
403447.0,2021-12-21,terça-feira,18:00:00,MG,116.0,"331,1",CAMPANARIO,Afundamento ou ondulação no pavimento,Eventos atípicos,Sem Vítimas,Anoitecer,Crescente,Chuva,Simples,Reta,Sim,1,0,0,0,1,0,0,1,"-18,24609323","-41,73341759",SPRF-MG,DEL11-MG,UOP01-DEL11-MG
403465.0,2021-12-22,quarta-feira,22:30:00,MG,262.0,367,JUATUBA,Reação tardia ou ineficiente do condutor,Colisão traseira,Sem Vítimas,Pleno dia,Crescente,Céu Claro,Dupla,Reta,Não,2,0,0,0,0,2,0,2,"-19,97391261","-44,27096197",SPRF-MG,DEL01-MG,UOP03-DEL01-MG
403489.0,2021-12-23,quinta-feira,04:30:00,MG,381.0,405,BOM JESUS DO AMPARO,Declive acentuado,Colisão traseira,Com Vítimas Feridas,Plena Noite,Decrescente,Chuva,Dupla,Não Informado,Não,2,0,1,0,1,0,1,2,"-19,74358347","-43,55101725",SPRF-MG,DEL01-MG,UOP01-DEL01-MG
403555.0,2021-12-23,quinta-feira,10:55:00,MG,40.0,"503,6",ESMERALDAS,Reação tardia ou ineficiente do condutor,Colisão traseira,Com Vítimas Feridas,Pleno dia,Decrescente,Nublado,Dupla,Não Informado,Sim,4,0,1,0,2,1,1,3,"-19,7262266","-44,15412188",SPRF-MG,DEL02-MG,UOP01-DEL02-MG
403601.0,2021-12-23,quinta-feira,12:40:00,MG,262.0,581,CAMPOS ALTOS,Chuva,Saída de leito carroçável,Com Vítimas Feridas,Pleno dia,Crescente,Chuva,Simples,Curva,Não,2,0,1,0,1,0,1,1,"-19,65688108","-46,06847896",SPRF-MG,DEL08-MG,UOP02-DEL08-MG
403604.0,2021-12-23,quinta-feira,17:00:00,MG,262.0,"29,9",REDUTO,Ingestão de álcool pelo condutor,Colisão transversal,Com Vítimas Feridas,Pleno dia,Decrescente,Nublado,Simples,Curva,Sim,2,0,0,1,1,0,1,2,"-20,247223","-41,982025",SPRF-MG,DEL06-MG,UOP04-DEL06-MG
403677.0,2021-12-23,quinta-feira,20:30:00,MG,262.0,"790,3",UBERABA,Reação tardia ou ineficiente do condutor,Colisão traseira,Com Vítimas Feridas,Plena Noite,Crescente,Céu Claro,Simples,Reta,Não,3,0,0,2,1,0,2,2,"-19,76179377","-47,84979004",SPRF-MG,DEL13-MG,UOP01-DEL13-MG
403681.0,2021-12-23,quinta-feira,16:45:00,MG,381.0,"241,5",SANTANA DO PARAISO,Ingestão de álcool ou de substâncias psicoativas pelo pedestre,Atropelamento de Pedestre,Com Vítimas Feridas,Pleno dia,Decrescente,Chuva,Simples,Curva,Não,2,0,0,1,1,0,1,1,"-19,42441326","-42,49683189",SPRF-MG,DEL06-MG,UOP01-DEL06-MG
403700.0,2021-12-23,quinta-feira,23:30:00,MG,365.0,"785,3",ITUIUTABA,Acumulo de água sobre o pavimento,Colisão frontal,Sem Vítimas,Plena Noite,Crescente,Chuva,Simples,Reta,Não,2,0,0,0,1,1,0,2,"-18,94515934","-49,76981665",SPRF-MG,DEL15-MG,UOP03-DEL15-MG