id,data_inversa,dia_semana,horario,uf,br,km,municipio,causa_acidente,tipo_acidente,classificacao_acidente,fase_dia,sentido_via,condicao_metereologica,tipo_pista,tracado_via,uso_solo,pessoas,mortos,feridos_leves,feridos_graves,ilesos,ignorados,feridos,veiculos,latitude,longitude,regional,delegacia,uop
419319.0,2021-12-11,sábado,05:50:00,MG,381.0,"482,2",BETIM,Velocidade Incompatível,Colisão traseira,Com Vítimas Feridas,Amanhecer,Decrescente,Céu Claro,Múltipla,Reta,Sim,2,0,0,1,1,0,1,2,"-19,955532","-44,097209",SPRF-MG,DEL01-MG,UOP03-DEL01-MG
419475.0,2021-08-13,sexta-feira,13:30:00,MG,381.0,"841,5",POUSO ALEGRE,Reação tardia ou ineficiente do condutor,Colisão traseira,Com Vítimas Feridas,Pleno dia,Crescente,Céu Claro,Dupla,Reta,Não,3,0,1,1,1,0,2,2,"-22,20885986","-45,86531323",SPRF-MG,DEL16-MG,UOP01-DEL16-MG
421726.0,2021-11-04,quinta-feira,23:40:00,MG,40.0,500,ESMERALDAS,Ausência de reação do condutor,Tombamento,Com Vítimas Feridas,Plena Noite,Decrescente,Céu Claro,Dupla,Desvio Temporário,Não,1,0,1,0,0,0,1,1,"-19,70073502","-44,17382703",SPRF-MG,DEL02-MG,UOP01-DEL02-MG
421906.0,2021-12-11,sábado,12:20:00,MG,381.0,"389,5",SAO GONCALO DO RIO ABAIXO,Velocidade Incompatível,Colisão traseira,Com Vítimas Feridas,Pleno dia,Decrescente,Céu Claro,Dupla,Reta,Não,2,0,0,1,1,0,1,2,"-19,82575543","-43,38513061",SPRF-MG,DEL01-MG,UOP01-DEL01-MG
422417.0,2021-12-07,terça-feira,22:40:00,MG,251.0,334,FRUTA DE LEITE,Velocidade Incompatível,Derramamento de carga,Sem Vítimas,Plena Noite,Decrescente,Ignorado,Simples,Não Informado,Não,1,0,0,0,1,0,0,1,"-16,18919078","-42,34033763",SPRF-MG,DEL12-MG,UOP01-DEL12-MG
422612.0,2021-12-20,segunda-feira,10:50:00,MG,50.0,"95,5",UBERLANDIA,Reação tardia ou ineficiente do condutor,Colisão traseira,Com Vítimas Feridas,Pleno dia,Decrescente,Céu Claro,Dupla,Reta,Não,5,0,2,1,2,0,3,3,"-19,099675","-48,181529",SPRF-MG,DEL15-MG,UOP01-DEL15-MG
423177.0,2021-12-21,terça-feira,19:00:00,MG,381.0,448,SABARA,Pedestre cruzava a pista fora da faixa,Atropelamento de Pedestre,Com Vítimas Fatais,Plena Noite,Crescente,Céu Claro,Simples,Reta,Não,2,1,0,0,1,0,0,1,"-19,82390099","-43,81884098",SPRF-MG,DEL01-MG,UOP01-DEL01-MG
423379.0,2021-08-29,domingo,09:10:00,MG,153.0,0,ARAPORA,Ausência de reação do condutor,Colisão frontal,Com Vítimas Feridas,Pleno dia,Crescente,Sol,Dupla,Ponte,Não,6,0,2,1,3,0,3,4,"-18,41758","-49,194427",SPRF-MG,DEL15-MG,UOP03-DEL15-MG
423419.0,2021-11-16,terça-feira,15:30:00,MG,50.0,70,UBERLANDIA,Condutor deixou de manter distância do veículo da frente,Engavetamento,Com Vítimas Feridas,Pleno dia,Decrescente,Céu Claro,Dupla,Reta,Sim,4,0,1,0,3,0,1,4,"-18,85140204","-48,25345932",SPRF-MG,DEL15-MG,UOP01-DEL15-MG
423462.0,2021-11-01,segunda-feira,15:30:00,MG,40.0,"462,9",SETE LAGOAS,Chuva,Colisão traseira,Com Vítimas Feridas,Pleno dia,Crescente,Chuva,Dupla,Não Informado,Não,4,0,3,0,1,0,3,2,"-19,4112429","-44,33894875",SPRF-MG,DEL02-MG,UOP01-DEL02-MG
424090.0,2021-11-14,domingo,02:30:00,MG,262.0,"94,1",ABRE CAMPO,Acessar a via sem observar a presença dos outros veículos,Colisão transversal,Com Vítimas Feridas,Pleno dia,Decrescente,Nublado,Simples,Curva,Sim,2,0,0,1,1,0,1,2,"-20,30652672","-42,46614933",SPRF-MG,DEL03-MG,UOP03-DEL03-MG
424526.0,2021-12-31,sexta-feira,16:15:00,MG,381.0,344,BELA VISTA DE MINAS,Velocidade Incompatível,Colisão frontal,Com Vítimas Feridas,Pleno dia,Crescente,Chuva,Simples,Curva,Não,4,0,2,1,1,0,3,2,"-19,85986781","-43,11280984",SPRF-MG,DEL03-MG,UOP01-DEL03-MG
424633.0,2021-12-29,quarta-feira,11:45:00,MG,40.0,"674,5",CARANDAI,Ausência de reação do condutor,Saída de leito carroçável,Com Vítimas Fatais,Pleno dia,Crescente,Nublado,Simples,Reta,Não,7,1,3,3,0,0,6,3,"-20,99665599","-43,77646198",SPRF-MG,DEL05-MG,UOP02-DEL05-MG
424870.0,2021-12-23,quinta-feira,07:50:00,MG,262.0,"431,5",NOVA SERRANA,Reação tardia ou ineficiente do condutor,Capotamento,Com Vítimas Fatais,Pleno dia,Decrescente,Céu Claro,Dupla,Curva,Não,1,1,0,0,0,0,0,1,"-19,89318467","-44,8768115",SPRF-MG,DEL08-MG,UOP03-DEL08-MG
425426.0,2021-05-13,quinta-feira,03:15:00,MG,381.0,"775,3",CAMPANHA,Condutor deixou de manter distância do veículo da frente,Colisão traseira,Com Vítimas Feridas,Plena Noite,Crescente,Nublado,Dupla,Curva,Não,4,0,2,0,2,0,2,2,"-21,79018268","-45,44665861",SPRF-MG,DEL16-MG,UOP02-DEL16-MG
443338.0,2021-09-09,quinta-feira,09:45:00,MG,153.0,82,PRATA,Condutor deixou de manter distância do veículo da frente,Colisão traseira,Com Vítimas Fatais,Pleno dia,Crescente,Céu Claro,Simples,Reta,Não,2,2,0,0,0,0,0,2,"-19,08091412","-48,9973372",SPRF-MG,DEL15-MG,UOP03-DEL15-MG
443389.0,2021-11-26,sexta-feira,10:00:00,MG,40.0,119,LAGOA GRANDE,Ausência de reação do condutor,Tombamento,Com Vítimas Feridas,Pleno dia,Decrescente,Céu Claro,Simples,Rotatória,Não,1,0,1,0,0,0,1,1,"-17,6604168","-46,37414974",SPRF-MG,DEL14-MG,UOP01-DEL14-MG
450411.0,2021-06-11,sexta-feira,20:30:00,MG,381.0,437,SABARA,Transitar na contramão,Colisão lateral sentido oposto,Com Vítimas Feridas,Plena Noite,Decrescente,Nublado,Simples,Curva,Não,3,0,2,0,1,0,2,2,"-19,80798095","-43,7668705",SPRF-MG,DEL01-MG,UOP01-DEL01-MG
450695.0,2021-12-30,quinta-feira,21:00:00,MG,40.0,"589,4",ITABIRITO,Demais falhas mecânicas ou elétricas,Atropelamento de Pedestre,Com Vítimas Feridas,Plena Noite,Decrescente,Ignorado,Simples,Desvio Temporário,Não,1,0,0,1,0,0,1,1,"-20,36452047","-43,91006291",SPRF-MG,DEL01-MG,UOP02-DEL01-MG
451705.0,2021-11-13,sábado,16:37:00,MG,381.0,"489,1",BETIM,Manobra de mudança de faixa,Colisão lateral mesmo sentido,Com Vítimas Feridas,Pleno dia,Decrescente,Céu Claro,Múltipla,Reta,Sim,2,0,1,0,1,0,1,2,"-19,95596937","-44,13198888",SPRF-MG,DEL01-MG,UOP03-DEL01-MG
452923.0,2021-01-18,segunda-feira,23:10:00,MG,381.0,"807,6",SAO GONCALO DO SAPUCAI,Velocidade Incompatível,Colisão traseira,Com Vítimas Feridas,Plena Noite,Decrescente,Nublado,Dupla,Não Informado,Não,2,0,2,0,0,0,2,2,"-21,98497","-45,6478",SPRF-MG,DEL16-MG,UOP02-DEL16-MG
457675.0,2021-10-17,domingo,11:30:00,MG,381.0,925,ITAPEVA,Velocidade Incompatível,Colisão com objeto,Com Vítimas Fatais,Pleno dia,Crescente,Céu Claro,Dupla,Não Informado,Não,1,1,0,0,0,0,0,1,"-22,777207","-46,23911301",SPRF-MG,DEL16-MG,UOP03-DEL16-MG
458321.0,2021-12-30,quinta-feira,18:50:00,MG,381.0,"553,1",ITAGUARA,Mal súbito do condutor,Colisão com objeto,Com Vítimas Fatais,Plena Noite,Decrescente,Chuva,Dupla,Não Informado,Não,1,1,0,0,0,0,0,1,"-20,322251","-44,456461",SPRF-MG,DEL04-MG,UOP03-DEL04-MG
460005.0,2021-12-08,quarta-feira,07:30:00,MG,251.0,204,CACHOEIRA DE PAJEU,Ausência de reação do condutor,Saída de leito carroçável,Com Vítimas Feridas,Pleno dia,Decrescente,Chuva,Simples,Reta,Não,1,0,1,0,0,0,1,1,"-15,86747511","-41,51345492",SPRF-MG,DEL11-MG,UOP02-DEL11-MG
460189.0,2021-05-14,sexta-feira,18:30:00,MG,40.0,510,RIBEIRAO DAS NEVES,Condutor deixou de manter distância do veículo da frente,Colisão traseira,Com Vítimas Fatais,Plena Noite,Decrescente,Céu Claro,Dupla,Reta,Não,4,1,0,1,2,0,1,3,"-19,77463885","-44,12321882",SPRF-MG,DEL01-MG,UOP02-DEL01-MG
460224.0,2021-09-23,quinta-feira,16:45:00,MG,381.0,"490,1",BETIM,Trafegar com motocicleta (ou similar) entre as faixas,Colisão lateral mesmo sentido,Com Vítimas Feridas,Pleno dia,Crescente,Céu Claro,Dupla,Reta,Sim,3,0,0,1,2,0,1,2,"-19,96502819","-44,17422195",SPRF-MG,DEL01-MG,UOP03-DEL01-MG
334431.0,2021-01-14,quinta-feira,17:00:00,MG,116.0,119,ITAOBIM,Demais falhas mecânicas ou elétricas,Incêndio,Sem Vítimas,Anoitecer,Crescente,Céu Claro,Simples,Não Informado,Não,1,0,0,0,1,0,0,1,"-16,59121217","-41,49868546",SPRF-MG,DEL11-MG,UOP02-DEL11-MG
343606.0,2021-03-01,segunda-feira,06:50:00,MG,459.0,"102,5",POUSO ALEGRE,Reação tardia ou ineficiente do condutor,Colisão traseira,Com Vítimas Feridas,Pleno dia,Decrescente,Céu Claro,Dupla,Não Informado,Sim,3,0,1,0,1,1,1,3,"-22,211775","-45,924671",SPRF-MG,DEL16-MG,UOP01-DEL16-MG
352658.0,2021-04-19,segunda-feira,00:10:00,MG,365.0,"372,5",PATOS DE MINAS,Reação tardia ou ineficiente do condutor,Saída de leito carroçável,Com Vítimas Feridas,Plena Noite,Decrescente,Garoa/Chuvisco,Simples,Curva,Não,7,0,3,1,1,2,4,2,"-18,546495","-46,207831",SPRF-MG,DEL10-MG,UOP01-DEL10-MG
355947.0,2021-01-26,terça-feira,07:45:00,MG,365.0,552,ESTRELA DO SUL,Demais falhas mecânicas ou elétricas,Incêndio,Sem Vítimas,Pleno dia,Crescente,Céu Claro,Simples,Reta,Não,1,0,0,0,1,0,0,1,"-18,93028161","-47,70423897",SPRF-MG,DEL15-MG,UOP02-DEL15-MG
392686.0,2021-10-29,sexta-feira,19:30:00,MG,40.0,"604,5",CONGONHAS,Manobra de mudança de faixa,Colisão traseira,Com Vítimas Feridas,Plena Noite,Decrescente,Nublado,Simples,Curva,Não,4,0,1,0,2,1,1,2,"-20,45222799","-43,84086796",SPRF-MG,DEL05-MG,UOP02-DEL05-MG
393399.0,2021-11-01,segunda-feira,23:55:00,MG,381.0,357,JOAO MONLEVADE,Chuva,Colisão com objeto,Sem Vítimas,Plena Noite,Decrescente,Nublado,Simples,Reta,Sim,2,0,0,0,1,1,0,2,"-19,85175308","-43,213709",SPRF-MG,DEL03-MG,UOP01-DEL03-MG
403291.0,2021-12-21,terça-feira,20:50:00,MG,381.0,852,POUSO ALEGRE,Velocidade Incompatível,Colisão traseira,Com Vítimas Feridas,Plena Noite,Decrescente,Céu Claro,Dupla,Não Informado,Sim,2,0,1,0,0,1,1,2,"-22,29622613","-45,89935251",SPRF-MG,DEL16-MG,UOP01-DEL16-MG
331708.0,2021-01-01,sexta-feira,01:00:00,MG,116.0,"79,1",MEDINA,Condutor Dormindo,Saída de leito carroçável,Sem Vítimas,Plena Noite,Decrescente,Céu Claro,Dupla,Não Informado,Não,1,0,0,0,1,0,0,1,"-16,27388596","-41,48212392",SPRF-MG,DEL11-MG,UOP02-DEL11-MG
331725.0,2021-01-01,sexta-feira,04:15:00,MG,116.0,"413,4",GOVERNADOR VALADARES,Velocidade Incompatível,Capotamento,Com Vítimas Fatais,Amanhecer,Crescente,Céu Claro,Simples,Reta,Sim,3,1,2,0,0,0,2,1,"-18,873907","-41,966366",SPRF-MG,DEL06-MG,UOP01-DEL06-MG
331731.0,2021-01-01,sexta-feira,05:50:00,MG,40.0,439,PARAOPEBA,Velocidade Incompatível,Saída de leito carroçável,Com Vítimas Feridas,Pleno dia,Crescente,Céu Claro,Dupla,Não Informado,Não,2,0,2,0,0,0,2,1,"-19,23100428","-44,43562244",SPRF-MG,DEL02-MG,UOP01-DEL02-MG
331791.0,2021-01-01,sexta-feira,03:50:00,MG,116.0,"464,6",TARUMIRIM,Demais falhas mecânicas ou elétricas,Saída de leito carroçável,Com Vítimas Feridas,Plena Noite,Crescente,Nublado,Simples,Reta,Não,1,0,1,0,0,0,1,1,"-19,26865202","-42,06569594",SPRF-MG,DEL06-MG,UOP02-DEL06-MG
331800.0,2021-01-01,sexta-feira,08:30:00,MG,381.0,913,CAMANDUCAIA,Velocidade Incompatível,Saída de leito carroçável,Com Vítimas Feridas,Pleno dia,Crescente,Chuva,Dupla,Não Informado,Não,1,0,1,0,0,0,1,1,"-22,75390001","-46,146503",SPRF-MG,DEL16-MG,UOP03-DEL16-MG
331827.0,2021-01-01,sexta-feira,13:10:00,MG,381.0,447,SANTA LUZIA,Velocidade Incompatível,Saída de leito carroçável,Com Vítimas Feridas,Pleno dia,Crescente,Céu Claro,Simples,Curva,Não,2,0,1,0,0,1,1,1,"-19,83447607","-43,85011601",SPRF-MG,DEL01-MG,UOP01-DEL01-MG
331839.0,2021-01-01,sexta-feira,15:10:00,MG,40.0,"500,7",ESMERALDAS,Velocidade Incompatível,Capotamento,Com Vítimas Feridas,Pleno dia,Crescente,Céu Claro,Dupla,Não Informado,Sim,1,0,1,0,0,0,1,1,"-19,705097","-44,169559",SPRF-MG,DEL02-MG,UOP01-DEL02-MG
331846.0,2021-01-01,sexta-feira,14:50:00,MG,116.0,"766,8",LEOPOLDINA,Acessar a via sem observar a presença dos outros veículos,Colisão transversal,Com Vítimas Feridas,Pleno dia,Crescente,Céu Claro,Simples,Reta,Não,6,0,1,2,2,1,3,2,"-21,5356551","-42,65610863",SPRF-MG,DEL07-MG,UOP01-DEL07-MG
331848.0,2021-01-01,sexta-feira,15:25:00,MG,262.0,"412,8",IGARATINGA,Velocidade Incompatível,Saída de leito carroçável,Com Vítimas Feridas,Pleno dia,Decrescente,Nublado,Dupla,Não Informado,Não,1,0,0,1,0,0,1,1,"-19,89051204","-44,64959297",SPRF-MG,DEL08-MG,UOP03-DEL08-MG
331853.0,2021-01-01,sexta-feira,16:15:00,MG,40.0,750,SANTOS DUMONT,Velocidade Incompatível,Saída de leito carroçável,Com Vítimas Feridas,Pleno dia,Decrescente,Céu Claro,Dupla,Curva,Sim,3,0,1,0,2,0,1,1,"-21,45724301","-43,55822199",SPRF-MG,DEL05-MG,UOP01-DEL05-MG
331874.0,2021-01-01,sexta-feira,17:20:00,MG,50.0,"22,1",ARAGUARI,Avarias e/ou desgaste excessivo no pneu,Saída de leito carroçável,Com Vítimas Feridas,Pleno dia,Crescente,Nublado,Dupla,Não Informado,Não,2,0,0,1,0,1,1,1,"-18,60474","-48,051437",SPRF-MG,DEL15-MG,UOP02-DEL15-MG
331906.0,2021-01-01,sexta-feira,20:15:00,MG,40.0,521,CONTAGEM,Velocidade Incompatível,Saída de leito carroçável,Com Vítimas Feridas,Plena Noite,Decrescente,Chuva,Dupla,Curva,Sim,2,0,1,0,1,0,1,1,"-19,85651501","-44,07213222",SPRF-MG,DEL01-MG,UOP02-DEL01-MG
331924.0,2021-01-01,sexta-feira,20:30:00,MG,381.0,510,SAO JOAQUIM DE BICAS,Pedestre cruzava a pista fora da faixa,Atropelamento de Pedestre,Com Vítimas Feridas,Plena Noite,Decrescente,Chuva,Múltipla,Reta,Sim,2,0,0,1,0,1,1,1,"-20,07738209","-44,30434488",SPRF-MG,DEL01-MG,UOP03-DEL01-MG
331930.0,2021-01-01,sexta-feira,19:45:00,MG,40.0,"35,5",PARACATU,Transitar na contramão,Colisão lateral sentido oposto,Com Vítimas Feridas,Plena Noite,Decrescente,Nublado,Simples,Curva,Não,6,0,5,1,0,0,6,2,"-17,193207","-46,917147",SPRF-MG,DEL14-MG,UOP01-DEL14-MG
331937.0,2021-01-01,sexta-feira,22:05:00,MG,116.0,"604,3",SAO JOAO DO MANHUACU,Ingestão de álcool ou de substâncias psicoativas pelo pedestre,Colisão lateral sentido oposto,Sem Vítimas,Plena Noite,Decrescente,Chuva,Simples,Curva,Não,2,0,0,0,0,2,0,2,"-20,36145007","-42,15035025",SPRF-MG,DEL06-MG,UOP04-DEL06-MG
331947.0,2021-01-02,sábado,02:30:00,MG,40.0,"699,2",BARBACENA,Velocidade Incompatível,Saída de leito carroçável,Com Vítimas Feridas,Plena Noite,Decrescente,Chuva,Simples,Reta,Não,1,0,1,0,0,0,1,1,"-21,16945","-43,756498",SPRF-MG,DEL05-MG,UOP02-DEL05-MG
331953.0,2021-01-02,sábado,03:00:00,MG,116.0,"317,5",ITAMBACURI,Animais na Pista,Colisão com objeto,Com Vítimas Feridas,Plena Noite,Crescente,Ignorado,Simples,Reta,Não,2,0,1,0,1,0,1,1,"-18,128808","-41,69483198",SPRF-MG,DEL11-MG,UOP01-DEL11-MG
331960.0,2021-01-02,sábado,05:20:00,MG,116.0,"382,8",MATHIAS LOBATO,Velocidade Incompatível,Saída de leito carroçável,Com Vítimas Feridas,Pleno dia,Crescente,Céu Claro,Simples,Reta,Não,2,0,2,0,0,0,2,1,"-18,6402268","-41,9537401",SPRF-MG,DEL06-MG,UOP01-DEL06-MG
332006.0,2021-01-02,sábado,12:40:00,MG,262.0,"411,9",IGARATINGA,Acessar a via sem observar a presença dos outros veículos,Colisão lateral mesmo sentido,Com Vítimas Feridas,Pleno dia,Decrescente,Sol,Dupla,Retorno Regulamentado,Sim,3,0,0,1,2,0,1,2,"-19,89913685","-44,69746828",SPRF-MG,DEL08-MG,UOP03-DEL08-MG
332017.0,2021-01-02,sábado,13:20:00,MG,262.0,"446,8",NOVA SERRANA,Acessar a via sem observar a presença dos outros veículos,Colisão transversal,Sem Vítimas,Pleno dia,Crescente,Sol,Simples,Reta,Sim,1,0,0,0,1,0,0,1,"-19,87514825","-44,95031205",SPRF-MG,DEL08-MG,UOP03-DEL08-MG
332027.0,2021-01-02,sábado,13:55:00,MG,40.0,312,TRES MARIAS,Pista Escorregadia,Saída de leito carroçável,Com Vítimas Feridas,Pleno dia,Decrescente,Garoa/Chuvisco,Simples,Reta,Não,1,0,1,0,0,0,1,1,"-18,44886082","-45,06796056",SPRF-MG,DEL14-MG,UOP02-DEL14-MG
332028.0,2021-01-02,sábado,15:00:00,MG,381.0,"630,5",OLIVEIRA,Velocidade Incompatível,Saída de leito carroçável,Com Vítimas Fatais,Pleno dia,Crescente,Chuva,Dupla,Curva,Não,5,1,4,0,0,0,4,1,"-20,84702065","-44,83281432",SPRF-MG,DEL04-MG,UOP01-DEL04-MG
332035.0,2021-01-02,sábado,14:35:00,MG,381.0,"510,3",SAO JOAQUIM DE BICAS,Avarias e/ou desgaste excessivo no pneu,Tombamento,Com Vítimas Feridas,Pleno dia,Crescente,Nublado,Múltipla,Reta,Sim,1,0,1,0,0,0,1,1,"-20,07738209","-44,30434488",SPRF-MG,DEL01-MG,UOP03-DEL01-MG
332037.0,2021-01-02,sábado,16:00:00,MG,381.0,"517,9",IGARAPE,Chuva,Colisão lateral mesmo sentido,Com Vítimas Feridas,Pleno dia,Crescente,Chuva,Dupla,Curva,Não,9,0,1,0,8,0,1,2,"-20,11382303","-44,30720801",SPRF-MG,DEL04-MG,UOP03-DEL04-MG
332048.0,2021-01-02,sábado,15:15:00,MG,381.0,636,SANTO ANTONIO DO AMPARO,Pista Escorregadia,Saída de leito carroçável,Com Vítimas Feridas,Pleno dia,Crescente,Chuva,Dupla,Curva,Não,4,0,2,0,2,0,2,1,"-20,86710217","-44,84189491",SPRF-MG,DEL04-MG,UOP01-DEL04-MG
332063.0,2021-01-02,sábado,15:55:00,MG,381.0,"671,5",PERDOES,Velocidade Incompatível,Saída de leito carroçável,Com Vítimas Feridas,Pleno dia,Crescente,Céu Claro,Dupla,Curva,Não,2,0,1,1,0,0,2,1,"-21,08945416","-45,06864195",SPRF-MG,DEL04-MG,UOP02-DEL04-MG
332064.0,2021-01-02,sábado,17:00:00,MG,40.0,"730,5",OLIVEIRA FORTES,Velocidade Incompatível,Colisão com objeto,Com Vítimas Feridas,Pleno dia,Decrescente,Chuva,Dupla,Curva,Não,2,0,1,0,1,0,1,1,"-21,33378994","-43,5866212",SPRF-MG,DEL05-MG,UOP01-DEL05-MG
332087.0,2021-01-02,sábado,19:05:00,MG,381.0,"732,4",CARMO DA CACHOEIRA,Pista Escorregadia,Saída de leito carroçável,Com Vítimas Feridas,Plena Noite,Crescente,Chuva,Dupla,Curva,Não,2,0,2,0,0,0,2,1,"-21,55413799","-45,24499427",SPRF-MG,DEL16-MG,UOP02-DEL16-MG
332089.0,2021-01-02,sábado,18:10:00,MG,262.0,"429,2",SAO GONCALO DO PARA,Acessar a via sem observar a presença dos outros veículos,Colisão lateral,Com Vítimas Feridas,Pleno dia,Crescente,Vento,Dupla,Reta,Não,2,0,0,1,1,0,1,2,"-19,88839281","-44,79613504",SPRF-MG,DEL08-MG,UOP03-DEL08-MG
332101.0,2021-01-02,sábado,19:16:00,MG,116.0,"208,3",CATUJI,Conversão proibida,Colisão transversal,Com Vítimas Feridas,Plena Noite,Crescente,Céu Claro,Simples,Reta,Sim,2,0,2,0,0,0,2,2,"-17,308365","-41,518593",SPRF-MG,DEL11-MG,UOP01-DEL11-MG
332108.0,2021-01-02,sábado,20:50:00,MG,381.0,"846,6",SAO SEBASTIAO DA BELA VISTA,Demais falhas mecânicas ou elétricas,Incêndio,Sem Vítimas,Plena Noite,Decrescente,Céu Claro,Dupla,Reta,Não,1,0,0,0,0,1,0,1,"-22,2111387","-45,86647972",SPRF-MG,DEL16-MG,UOP01-DEL16-MG
332110.0,2021-01-02,sábado,19:40:00,MG,50.0,90,UBERLANDIA,Reação tardia ou ineficiente do condutor,Saída de leito carroçável,Com Vítimas Feridas,Plena Noite,Decrescente,Chuva,Dupla,Reta,Não,2,0,1,0,1,0,1,1,"-19,04871805","-48,19677417",SPRF-MG,DEL15-MG,UOP01-DEL15-MG
332120.0,2021-01-02,sábado,22:00:00,MG,40.0,"477,5",SETE LAGOAS,Acumulo de água sobre o pavimento,Saída de leito carroçável,Sem Vítimas,Plena Noite,Decrescente,Chuva,Dupla,Não Informado,Não,1,0,0,0,1,0,0,1,"-19,52130888","-44,26525586",SPRF-MG,DEL02-MG,UOP01-DEL02-MG
332125.0,2021-01-02,sábado,21:00:00,MG,365.0,"752,9",ITUIUTABA,Ausência de reação do condutor,Colisão com objeto,Sem Vítimas,Plena Noite,Decrescente,Céu Claro,Simples,Reta,Não,1,0,0,0,0,1,0,1,"-18,947495","-49,45934",SPRF-MG,DEL15-MG,UOP03-DEL15-MG
332134.0,2021-01-02,sábado,23:10:00,MG,40.0,282,TRES MARIAS,Condutor Dormindo,Colisão transversal,Com Vítimas Feridas,Plena Noite,Decrescente,Chuva,Simples,Curva,Sim,2,0,1,0,1,0,1,2,"-18,24923582","-45,20220684",SPRF-MG,DEL14-MG,UOP02-DEL14-MG
332144.0,2021-01-03,domingo,01:45:00,MG,40.0,"618,7",CONGONHAS,Transitar na contramão,Colisão frontal,Com Vítimas Feridas,Plena Noite,Crescente,Chuva,Simples,Reta,Não,2,0,1,0,1,0,1,2,"-20,57228726","-43,81244659",SPRF-MG,DEL05-MG,UOP02-DEL05-MG
332174.0,2021-01-03,domingo,07:00:00,MG,50.0,179,UBERABA,Ingestão de álcool pelo condutor,Saída de leito carroçável,Sem Vítimas,Pleno dia,Decrescente,Céu Claro,Dupla,Não Informado,Sim,1,0,0,0,1,0,0,1,"-19,77827047","-47,93140998",SPRF-MG,DEL13-MG,UOP01-DEL13-MG
332183.0,2021-01-03,domingo,09:00:00,MG,40.0,"730,4",OLIVEIRA FORTES,Chuva,Colisão com objeto,Com Vítimas Feridas,Pleno dia,Decrescente,Chuva,Dupla,Curva,Não,1,0,1,0,0,0,1,1,"-21,33378994","-43,5866212",SPRF-MG,DEL05-MG,UOP01-DEL05-MG
332185.0,2021-01-03,domingo,10:15:00,MG,40.0,360,FELIXLANDIA,Acessar a via sem observar a presença dos outros veículos,Colisão lateral,Com Vítimas Feridas,Pleno dia,Decrescente,Sol,Simples,Reta,Não,2,0,1,0,1,0,1,2,"-18,74935288","-44,85229988",SPRF-MG,DEL02-MG,UOP01-DEL02-MG
332196.0,2021-01-03,domingo,09:50:00,MG,267.0,"21,6",ARGIRITA,Afundamento ou ondulação no pavimento,Tombamento,Com Vítimas Feridas,Pleno dia,Crescente,Céu Claro,Simples,Não Informado,Não,1,0,1,0,0,0,1,1,"-21,59274447","-42,78538272",SPRF-MG,DEL07-MG,UOP01-DEL07-MG
332200.0,2021-01-03,domingo,11:20:00,MG,381.0,907,CAMBUI,Reação tardia ou ineficiente do condutor,Queda de ocupante de veículo,Com Vítimas Feridas,Pleno dia,Decrescente,Céu Claro,Dupla,Curva,Não,2,0,2,0,0,0,2,1,"-22,71022398","-46,12178305",SPRF-MG,DEL16-MG,UOP03-DEL16-MG
332206.0,2021-01-03,domingo,07:15:00,MG,116.0,"275,9",TEOFILO OTONI,Acumulo de areia ou detritos sobre o pavimento,Tombamento,Com Vítimas Feridas,Pleno dia,Crescente,Céu Claro,Simples,Reta,Sim,1,0,1,0,0,0,1,1,"-17,84235093","-41,51410418",SPRF-MG,DEL11-MG,UOP01-DEL11-MG
332213.0,2021-01-03,domingo,10:06:00,MG,381.0,"198,7",PERIQUITO,Demais falhas mecânicas ou elétricas,Queda de ocupante de veículo,Com Vítimas Feridas,Pleno dia,Crescente,Céu Claro,Simples,Reta,Não,2,0,1,1,0,0,2,1,"-19,16031732","-42,23896076",SPRF-MG,DEL06-MG,UOP01-DEL06-MG
332223.0,2021-01-03,domingo,12:20:00,MG,381.0,762,CAMPANHA,Manobra de mudança de faixa,Colisão com objeto,Com Vítimas Feridas,Pleno dia,Crescente,Sol,Dupla,Curva,Não,5,0,2,0,3,0,2,1,"-21,74008678","-45,38580253",SPRF-MG,DEL16-MG,UOP02-DEL16-MG
332225.0,2021-01-03,domingo,14:20:00,MG,381.0,"813,5",CAREACU,Objeto estático sobre o leito carroçável,Saída de leito carroçável,Com Vítimas Feridas,Pleno dia,Crescente,Céu Claro,Dupla,Curva,Não,3,0,3,0,0,0,3,1,"-22,01961695","-45,68195271",SPRF-MG,DEL16-MG,UOP02-DEL16-MG
332232.0,2021-01-03,domingo,14:45:00,MG,381.0,"506,8",BETIM,Ausência de reação do condutor,Saída de leito carroçável,Com Vítimas Feridas,Pleno dia,Crescente,Nublado,Múltipla,Viaduto,Não,2,0,2,0,0,0,2,1,"-20,05039397","-44,27962502",SPRF-MG,DEL01-MG,UOP03-DEL01-MG
332237.0,2021-01-03,domingo,14:50:00,MG,381.0,519,IGARAPE,Velocidade Incompatível,Saída de leito carroçável,Com Vítimas Feridas,Pleno dia,Decrescente,Céu Claro,Dupla,Não Informado,Não,3,0,1,0,2,0,1,1,"-20,12251401","-44,30045843",SPRF-MG,DEL04-MG,UOP03-DEL04-MG
332242.0,2021-01-03,domingo,15:40:00,MG,40.0,"728,4",OLIVEIRA FORTES,Retorno proibido,Colisão transversal,Com Vítimas Feridas,Pleno dia,Crescente,Céu Claro,Dupla,Reta,Não,4,0,0,1,3,0,1,2,"-21,343398","-43,586869",SPRF-MG,DEL05-MG,UOP01-DEL05-MG