id,data_inversa,dia_semana,horario,uf,br,km,municipio,causa_acidente,tipo_acidente,classificacao_acidente,fase_dia,sentido_via,condicao_metereologica,tipo_pista,tracado_via,uso_solo,pessoas,mortos,feridos_leves,feridos_graves,ilesos,ignorados,feridos,veiculos,latitude,longitude,regional,delegacia,uop
332252.0,2021-01-03,domingo,15:50:00,MG,381.0,"876,5",ESTIVA,Velocidade Incompatível,Saída de leito carroçável,Com Vítimas Feridas,Pleno dia,Decrescente,Chuva,Dupla,Curva,Sim,4,0,4,0,0,0,4,1,"-22,472813","-46,01072791",SPRF-MG,DEL16-MG,UOP01-DEL16-MG
332263.0,2021-01-03,domingo,16:20:00,MG,365.0,"626,5",UBERLANDIA,Manobra de mudança de faixa,Colisão lateral,Com Vítimas Feridas,Pleno dia,Decrescente,Céu Claro,Dupla,Curva,Sim,5,0,1,0,3,1,1,2,"-18,90654025","-48,33552003",SPRF-MG,DEL15-MG,UOP01-DEL15-MG
332266.0,2021-01-03,domingo,16:55:00,MG,251.0,"505,8",FRANCISCO SA,Ultrapassagem Indevida,Colisão frontal,Com Vítimas Feridas,Pleno dia,Decrescente,Chuva,Simples,Curva,Não,10,0,4,2,4,0,6,3,"-16,61623136","-43,68084596",SPRF-MG,DEL12-MG,UOP01-DEL12-MG
332268.0,2021-01-03,domingo,16:55:00,MG,40.0,"721,2",BARBACENA,Demais falhas mecânicas ou elétricas,Colisão com objeto,Com Vítimas Feridas,Pleno dia,Decrescente,Nublado,Dupla,Reta,Não,1,0,1,0,0,0,1,1,"-21,28684598","-43,64159531",SPRF-MG,DEL05-MG,UOP01-DEL05-MG
332271.0,2021-01-03,domingo,17:15:00,MG,381.0,424,CAETE,Velocidade Incompatível,Colisão traseira,Com Vítimas Feridas,Pleno dia,Crescente,Nublado,Dupla,Reta,Não,3,0,0,1,2,0,1,3,"-19,79546909","-43,67611297",SPRF-MG,DEL01-MG,UOP01-DEL01-MG
332276.0,2021-01-03,domingo,15:55:00,MG,146.0,"511,2",POCOS DE CALDAS,Chuva,Colisão lateral sentido oposto,Com Vítimas Feridas,Pleno dia,Crescente,Chuva,Simples,Não Informado,Não,4,0,1,0,3,0,1,2,"-21,775847","-46,432493",SPRF-MG,DEL09-MG,UOP01-DEL09-MG
332280.0,2021-01-03,domingo,17:40:00,MG,267.0,"146,6",LIMA DUARTE,Ingestão de álcool pelo condutor,Colisão frontal,Com Vítimas Feridas,Anoitecer,Crescente,Garoa/Chuvisco,Simples,Curva,Não,5,0,1,0,3,1,1,2,"-21,81204905","-43,722804",SPRF-MG,DEL05-MG,UOP01-DEL05-MG
332281.0,2021-01-03,domingo,17:50:00,MG,40.0,552,NOVA LIMA,Pista Escorregadia,Saída de leito carroçável,Com Vítimas Feridas,Anoitecer,Crescente,Chuva,Dupla,Curva,Sim,2,0,2,0,0,0,2,1,"-20,06084086","-43,97716423",SPRF-MG,DEL01-MG,UOP02-DEL01-MG
332286.0,2021-01-03,domingo,18:00:00,MG,50.0,53,ARAGUARI,Reação tardia ou ineficiente do condutor,Saída de leito carroçável,Com Vítimas Feridas,Pleno dia,Crescente,Chuva,Dupla,Desvio Temporário,Não,1,0,1,0,0,0,1,1,"-18,759049","-48,24054499",SPRF-MG,DEL15-MG,UOP02-DEL15-MG
332323.0,2021-01-03,domingo,17:40:00,MG,364.0,"1,3",PLANURA,Desrespeitar a preferência no cruzamento,Colisão transversal,Com Vítimas Feridas,Pleno dia,Decrescente,Nublado,Simples,Interseção de vias,Não,4,0,1,0,3,0,1,2,"-20,13824","-48,702347",SPRF-MG,DEL13-MG,UOP02-DEL13-MG
332328.0,2021-01-03,domingo,17:00:00,MG,364.0,"10,2",FRUTAL,Demais falhas mecânicas ou elétricas,Incêndio,Sem Vítimas,Anoitecer,Crescente,Céu Claro,Simples,Reta,Não,1,0,0,0,0,1,0,1,"-20,025185","-48,94096",SPRF-MG,DEL13-MG,UOP02-DEL13-MG
332332.0,2021-01-03,domingo,21:00:00,MG,356.0,"266,3",MURIAE,Acessar a via sem observar a presença dos outros veículos,Colisão lateral,Com Vítimas Feridas,Plena Noite,Decrescente,Nublado,Simples,Interseção de vias,Sim,3,0,2,0,1,0,2,2,"-21,12823134","-42,35802453",SPRF-MG,DEL07-MG,UOP02-DEL07-MG
332341.0,2021-01-03,domingo,21:30:00,MG,381.0,502,BETIM,Chuva,Colisão com objeto,Com Vítimas Feridas,Plena Noite,Crescente,Chuva,Dupla,Reta,Não,1,0,1,0,0,0,1,1,"-20,03619694","-44,24586303",SPRF-MG,DEL01-MG,UOP03-DEL01-MG
332380.0,2021-01-04,segunda-feira,06:20:00,MG,381.0,711,CARMO DA CACHOEIRA,Condutor Dormindo,Colisão com objeto,Com Vítimas Feridas,Amanhecer,Decrescente,Céu Claro,Dupla,Curva,Não,1,0,1,0,0,0,1,1,"-21,39313978","-45,19816009",SPRF-MG,DEL04-MG,UOP02-DEL04-MG
332381.0,2021-01-03,domingo,18:30:00,MG,40.0,143,JOAO PINHEIRO,Velocidade Incompatível,Queda de ocupante de veículo,Com Vítimas Feridas,Anoitecer,Decrescente,Céu Claro,Simples,Desvio Temporário,Sim,1,0,1,0,0,0,1,1,"-17,7457975","-46,17842682",SPRF-MG,DEL14-MG,UOP01-DEL14-MG
332401.0,2021-01-04,segunda-feira,07:40:00,MG,381.0,525,BRUMADINHO,Velocidade Incompatível,Queda de ocupante de veículo,Com Vítimas Feridas,Pleno dia,Crescente,Sol,Dupla,Curva,Não,1,0,1,0,0,0,1,1,"-20,16710798","-44,33422398",SPRF-MG,DEL04-MG,UOP03-DEL04-MG
332485.0,2021-01-04,segunda-feira,18:20:00,MG,116.0,"638,5",DIVINO,Animais na Pista,Colisão traseira,Com Vítimas Feridas,Anoitecer,Crescente,Céu Claro,Simples,Reta,Não,2,0,0,1,1,0,1,2,"-20,63053512","-42,22990036",SPRF-MG,DEL07-MG,UOP03-DEL07-MG
332498.0,2021-01-04,segunda-feira,20:00:00,MG,381.0,"512,4",IGARAPE,Pedestre andava na pista,Atropelamento de Pedestre,Com Vítimas Fatais,Plena Noite,Decrescente,Nublado,Múltipla,Não Informado,Sim,3,1,1,0,0,1,1,1,"-20,071681","-44,299912",SPRF-MG,DEL01-MG,UOP03-DEL01-MG
332507.0,2021-01-04,segunda-feira,20:03:00,MG,116.0,401,GOVERNADOR VALADARES,Acesso irregular,Colisão transversal,Com Vítimas Feridas,Plena Noite,Crescente,Céu Claro,Simples,Interseção de vias,Não,4,0,3,0,1,0,3,2,"-18,7676022","-41,98503278",SPRF-MG,DEL06-MG,UOP01-DEL06-MG
332512.0,2021-01-04,segunda-feira,21:50:00,MG,40.0,"528,4",CONTAGEM,Pedestre cruzava a pista fora da faixa,Atropelamento de Pedestre,Com Vítimas Feridas,Plena Noite,Decrescente,Nublado,Dupla,Desvio Temporário,Sim,2,0,0,1,1,0,1,1,"-19,90883179","-44,04436577",SPRF-MG,DEL01-MG,UOP02-DEL01-MG
332523.0,2021-01-04,segunda-feira,17:30:00,MG,251.0,"225,9",CACHOEIRA DE PAJEU,Velocidade Incompatível,Saída de leito carroçável,Com Vítimas Feridas,Anoitecer,Crescente,Céu Claro,Simples,Reta,Não,5,0,3,2,0,0,5,1,"-15,95745824","-41,66304202",SPRF-MG,DEL11-MG,UOP02-DEL11-MG
332566.0,2021-01-05,terça-feira,09:30:00,MG,40.0,"43,5",PARACATU,Acessar a via sem observar a presença dos outros veículos,Colisão lateral,Com Vítimas Feridas,Pleno dia,Decrescente,Céu Claro,Simples,Não Informado,Sim,2,0,0,1,1,0,1,2,"-17,22598002","-46,86163701",SPRF-MG,DEL14-MG,UOP01-DEL14-MG
332601.0,2021-01-05,terça-feira,12:00:00,MG,40.0,295,TRES MARIAS,Velocidade Incompatível,Saída de leito carroçável,Com Vítimas Feridas,Pleno dia,Crescente,Céu Claro,Simples,Reta,Não,1,0,0,1,0,0,1,1,"-18,32389229","-45,1093483",SPRF-MG,DEL14-MG,UOP02-DEL14-MG
332607.0,2021-01-05,terça-feira,09:30:00,MG,381.0,"484,8",BETIM,Condutor deixou de manter distância do veículo da frente,Engavetamento,Sem Vítimas,Pleno dia,Crescente,Céu Claro,Dupla,Reta,Sim,3,0,0,0,2,1,0,3,"-19,95734208","-44,09318912",SPRF-MG,DEL01-MG,UOP03-DEL01-MG
332610.0,2021-01-05,terça-feira,15:00:00,MG,40.0,508,RIBEIRAO DAS NEVES,Condutor deixou de manter distância do veículo da frente,Colisão traseira,Com Vítimas Feridas,Pleno dia,Decrescente,Céu Claro,Dupla,Reta,Sim,3,0,1,0,2,0,1,2,"-19,76061249","-44,1347544",SPRF-MG,DEL02-MG,UOP01-DEL02-MG
332648.0,2021-01-05,terça-feira,19:00:00,MG,40.0,517,RIBEIRAO DAS NEVES,Deixar de acionar o farol da motocicleta (ou similar),Colisão transversal,Com Vítimas Feridas,Plena Noite,Crescente,Nublado,Dupla,Interseção de vias,Sim,2,0,0,1,1,0,1,2,"-19,81628624","-44,08960124",SPRF-MG,DEL01-MG,UOP02-DEL01-MG
332662.0,2021-01-05,terça-feira,20:30:00,MG,251.0,"519,6",MONTES CLAROS,Transitar no acostamento,Colisão traseira,Com Vítimas Feridas,Plena Noite,Crescente,Nublado,Simples,Reta,Não,2,0,0,2,0,0,2,2,"-16,66359617","-43,77730598",SPRF-MG,DEL12-MG,UOP01-DEL12-MG
332678.0,2021-01-05,terça-feira,20:30:00,MG,146.0,"488,1",BOTELHOS,Velocidade Incompatível,Colisão com objeto,Sem Vítimas,Plena Noite,Decrescente,Céu Claro,Simples,Não Informado,Não,1,0,0,0,0,1,0,1,"-21,60903","-46,410924",SPRF-MG,DEL09-MG,UOP01-DEL09-MG
332692.0,2021-01-06,quarta-feira,05:20:00,MG,381.0,485,BETIM,Velocidade Incompatível,Colisão com objeto,Com Vítimas Feridas,Amanhecer,Decrescente,Céu Claro,Dupla,Não Informado,Sim,2,0,2,0,0,0,2,1,"-19,95659361","-44,12622893",SPRF-MG,DEL01-MG,UOP03-DEL01-MG
332697.0,2021-01-06,quarta-feira,02:30:00,MG,262.0,392,FLORESTAL,Velocidade Incompatível,Saída de leito carroçável,Com Vítimas Feridas,Plena Noite,Decrescente,Nublado,Dupla,Reta,Não,2,0,2,0,0,0,2,1,"-19,92150767","-44,47289804",SPRF-MG,DEL01-MG,UOP03-DEL01-MG
332705.0,2021-01-06,quarta-feira,05:40:00,MG,251.0,521,MONTES CLAROS,Reação tardia ou ineficiente do condutor,Saída de leito carroçável,Com Vítimas Feridas,Amanhecer,Crescente,Céu Claro,Simples,Curva,Não,1,0,1,0,0,0,1,1,"-16,67039297","-43,79223002",SPRF-MG,DEL12-MG,UOP01-DEL12-MG
332719.0,2021-01-06,quarta-feira,09:35:00,MG,146.0,"435,2",GUAXUPE,Velocidade Incompatível,Saída de leito carroçável,Com Vítimas Feridas,Pleno dia,Crescente,Céu Claro,Dupla,Não Informado,Não,1,0,1,0,0,0,1,1,"-21,305765","-46,629408",SPRF-MG,DEL09-MG,UOP01-DEL09-MG
332725.0,2021-01-06,quarta-feira,10:10:00,MG,40.0,425,CURVELO,Demais falhas mecânicas ou elétricas,Queda de ocupante de veículo,Com Vítimas Feridas,Pleno dia,Decrescente,Sol,Dupla,Reta,Não,2,0,2,0,0,0,2,1,"-19,16224489","-44,52254591",SPRF-MG,DEL02-MG,UOP01-DEL02-MG
332742.0,2021-01-06,quarta-feira,11:10:00,MG,262.0,"547,5",LUZ,Ausência de reação do condutor,Capotamento,Com Vítimas Feridas,Pleno dia,Decrescente,Nublado,Simples,Não Informado,Não,2,0,1,0,1,0,1,1,"-19,74018668","-45,86034892",SPRF-MG,DEL08-MG,UOP02-DEL08-MG
332758.0,2021-01-06,quarta-feira,13:15:00,MG,381.0,"717,4",CARMO DA CACHOEIRA,Pista Escorregadia,Saída de leito carroçável,Com Vítimas Feridas,Pleno dia,Decrescente,Chuva,Dupla,Curva,Não,3,0,1,0,2,0,1,1,"-21,40279227","-45,21044116",SPRF-MG,DEL04-MG,UOP02-DEL04-MG
332773.0,2021-01-06,quarta-feira,13:30:00,MG,116.0,"551,9",SANTA BARBARA DO LESTE,Velocidade Incompatível,Saída de leito carroçável,Com Vítimas Feridas,Pleno dia,Crescente,Céu Claro,Simples,Reta,Sim,1,0,1,0,0,0,1,1,"-19,97728983","-42,13901923",SPRF-MG,DEL06-MG,UOP02-DEL06-MG
332774.0,2021-01-06,quarta-feira,14:10:00,MG,40.0,"528,5",CONTAGEM,Mal súbito do condutor,Colisão com objeto,Com Vítimas Feridas,Pleno dia,Decrescente,Chuva,Múltipla,Não Informado,Sim,1,0,0,1,0,0,1,1,"-19,90883179","-44,04436577",SPRF-MG,DEL01-MG,UOP02-DEL01-MG
332776.0,2021-01-06,quarta-feira,15:20:00,MG,116.0,"583,1",MANHUACU,Reação tardia ou ineficiente do condutor,Saída de leito carroçável,Com Vítimas Feridas,Pleno dia,Crescente,Céu Claro,Simples,Reta,Não,2,0,2,0,0,0,2,1,"-20,21424995","-42,18135561",SPRF-MG,DEL06-MG,UOP04-DEL06-MG
332783.0,2021-01-06,quarta-feira,15:30:00,MG,381.0,"937,5",EXTREMA,Avarias e/ou desgaste excessivo no pneu,Saída de leito carroçável,Com Vítimas Feridas,Pleno dia,Crescente,Chuva,Dupla,Curva,Não,2,0,2,0,0,0,2,1,"-22,83554657","-46,32086698",SPRF-MG,DEL16-MG,UOP03-DEL16-MG
332785.0,2021-01-06,quarta-feira,16:15:00,MG,381.0,"883,3",ESTIVA,Condutor Dormindo,Colisão com objeto,Com Vítimas Feridas,Pleno dia,Crescente,Nublado,Dupla,Reta,Não,5,0,2,1,2,0,3,2,"-22,48621118","-46,01097363",SPRF-MG,DEL16-MG,UOP03-DEL16-MG
332793.0,2021-01-06,quarta-feira,15:30:00,MG,381.0,565,ITAGUARA,Demais falhas mecânicas ou elétricas,Incêndio,Sem Vítimas,Pleno dia,Crescente,Céu Claro,Dupla,Reta,Não,1,0,0,0,1,0,0,1,"-20,40868701","-44,52561498",SPRF-MG,DEL04-MG,UOP03-DEL04-MG
332842.0,2021-01-06,quarta-feira,13:09:00,MG,50.0,6,ARAGUARI,Condutor usando celular,Saída de leito carroçável,Com Vítimas Feridas,Pleno dia,Decrescente,Céu Claro,Dupla,Curva,Não,1,0,1,0,0,0,1,1,"-18,47092796","-48,05101772",SPRF-MG,DEL15-MG,UOP02-DEL15-MG
332854.0,2021-01-07,quinta-feira,01:00:00,MG,381.0,"633,9",OLIVEIRA,Velocidade Incompatível,Saída de leito carroçável,Com Vítimas Feridas,Plena Noite,Crescente,Nublado,Dupla,Não Informado,Não,4,0,1,3,0,0,4,1,"-20,8514762","-44,8357151",SPRF-MG,DEL04-MG,UOP01-DEL04-MG
332860.0,2021-01-07,quinta-feira,03:35:00,MG,381.0,507,SAO JOAQUIM DE BICAS,Reação tardia ou ineficiente do condutor,Colisão com objeto,Com Vítimas Feridas,Plena Noite,Decrescente,Céu Claro,Dupla,Interseção de vias,Sim,2,0,1,0,1,0,1,1,"-20,05643192","-44,28663308",SPRF-MG,DEL01-MG,UOP03-DEL01-MG
332861.0,2021-01-07,quinta-feira,05:20:00,MG,381.0,"914,9",CAMANDUCAIA,Retorno proibido,Colisão transversal,Com Vítimas Feridas,Amanhecer,Crescente,Nublado,Dupla,Curva,Não,2,0,0,1,1,0,1,2,"-22,72726548","-46,13415599",SPRF-MG,DEL16-MG,UOP03-DEL16-MG
332918.0,2021-01-07,quinta-feira,12:20:00,MG,40.0,"738,6",SANTOS DUMONT,Velocidade Incompatível,Saída de leito carroçável,Com Vítimas Feridas,Pleno dia,Decrescente,Nublado,Dupla,Curva,Sim,4,0,0,2,2,0,2,1,"-21,38880304","-43,56910622",SPRF-MG,DEL05-MG,UOP01-DEL05-MG
332922.0,2021-01-07,quinta-feira,13:00:00,MG,381.0,922,CAMANDUCAIA,Chuva,Saída de leito carroçável,Com Vítimas Feridas,Pleno dia,Decrescente,Chuva,Dupla,Curva,Não,1,0,1,0,0,0,1,1,"-22,76707833","-46,21789606",SPRF-MG,DEL16-MG,UOP03-DEL16-MG
332925.0,2021-01-07,quinta-feira,13:00:00,MG,40.0,505,RIBEIRAO DAS NEVES,Avarias e/ou desgaste excessivo no pneu,Queda de ocupante de veículo,Com Vítimas Feridas,Pleno dia,Decrescente,Céu Claro,Dupla,Reta,Não,1,0,0,1,0,0,1,1,"-19,73838088","-44,14935661",SPRF-MG,DEL02-MG,UOP01-DEL02-MG
332933.0,2021-01-07,quinta-feira,11:45:00,MG,116.0,411,GOVERNADOR VALADARES,Acessar a via sem observar a presença dos outros veículos,Colisão lateral mesmo sentido,Com Vítimas Feridas,Pleno dia,Crescente,Sol,Dupla,Retorno Regulamentado,Sim,2,0,1,0,1,0,1,2,"-18,8607778","-41,97451115",SPRF-MG,DEL06-MG,UOP01-DEL06-MG
332993.0,2021-01-07,quinta-feira,16:35:00,MG,381.0,"158,9",GOVERNADOR VALADARES,Acesso irregular,Colisão transversal,Com Vítimas Feridas,Pleno dia,Crescente,Nublado,Simples,Curva,Não,3,0,1,0,2,0,1,2,"-18,91795246","-42,01337465",SPRF-MG,DEL06-MG,UOP01-DEL06-MG
333001.0,2021-01-07,quinta-feira,20:00:00,MG,40.0,522,CONTAGEM,Ausência de reação do condutor,Engavetamento,Sem Vítimas,Plena Noite,Decrescente,Chuva,Dupla,Reta,Não,3,0,0,0,3,0,0,3,"-19,8638731","-44,06749809",SPRF-MG,DEL01-MG,UOP02-DEL01-MG
333009.0,2021-01-07,quinta-feira,18:00:00,MG,50.0,"189,9",UBERABA,Velocidade Incompatível,Saída de leito carroçável,Sem Vítimas,Anoitecer,Crescente,Chuva,Dupla,Viaduto,Não,1,0,0,0,1,0,0,1,"-19,85349943","-47,87170708",SPRF-MG,DEL13-MG,UOP01-DEL13-MG
333015.0,2021-01-07,quinta-feira,22:00:00,MG,40.0,521,CONTAGEM,Chuva,Atropelamento de Pedestre,Com Vítimas Feridas,Plena Noite,Crescente,Chuva,Dupla,Reta,Não,3,0,2,1,0,0,3,2,"-19,85651501","-44,07213222",SPRF-MG,DEL01-MG,UOP02-DEL01-MG
333018.0,2021-01-07,quinta-feira,17:33:00,MG,381.0,"548,4",RIO MANSO,Velocidade Incompatível,Saída de leito carroçável,Com Vítimas Feridas,Anoitecer,Crescente,Chuva,Dupla,Não Informado,Não,2,0,2,0,0,0,2,1,"-20,286459","-44,435294",SPRF-MG,DEL04-MG,UOP03-DEL04-MG
333020.0,2021-01-07,quinta-feira,22:25:00,MG,381.0,479,CONTAGEM,Velocidade Incompatível,Tombamento,Com Vítimas Feridas,Plena Noite,Decrescente,Chuva,Múltipla,Não Informado,Sim,1,0,0,1,0,0,1,1,"-19,96423303","-44,04642105",SPRF-MG,DEL01-MG,UOP03-DEL01-MG
333022.0,2021-01-07,quinta-feira,21:45:00,MG,381.0,"479,3",CONTAGEM,Avarias e/ou desgaste excessivo no pneu,Colisão com objeto,Com Vítimas Feridas,Plena Noite,Decrescente,Chuva,Múltipla,Não Informado,Sim,2,0,2,0,0,0,2,1,"-19,95889605","-44,069202",SPRF-MG,DEL01-MG,UOP03-DEL01-MG
333033.0,2021-01-08,sexta-feira,00:20:00,MG,381.0,484,BETIM,Ingestão de álcool e/ou substâncias psicoativas pelo pedestre,Colisão traseira,Com Vítimas Feridas,Plena Noite,Decrescente,Chuva,Dupla,Reta,Sim,1,0,1,0,0,0,1,1,"-19,95531717","-44,11722196",SPRF-MG,DEL01-MG,UOP03-DEL01-MG
333035.0,2021-01-08,sexta-feira,00:45:00,MG,40.0,469,SETE LAGOAS,Acumulo de água sobre o pavimento,Saída de leito carroçável,Com Vítimas Feridas,Plena Noite,Decrescente,Chuva,Dupla,Reta,Sim,2,0,1,0,1,0,1,1,"-19,46099279","-44,30121988",SPRF-MG,DEL02-MG,UOP01-DEL02-MG
333037.0,2021-01-07,quinta-feira,23:30:00,MG,50.0,"113,9",UBERABA,Ausência de reação do condutor,Saída de leito carroçável,Com Vítimas Feridas,Plena Noite,Decrescente,Chuva,Dupla,Reta,Não,1,0,1,0,0,0,1,1,"-19,24933392","-48,13570581",SPRF-MG,DEL13-MG,UOP01-DEL13-MG
333066.0,2021-01-08,sexta-feira,08:20:00,MG,116.0,"704,5",MURIAE,Desrespeitar a preferência no cruzamento,Colisão transversal,Com Vítimas Feridas,Pleno dia,Decrescente,Sol,Simples,Interseção de vias,Sim,2,0,1,0,1,0,1,2,"-21,12476","-42,38135",SPRF-MG,DEL07-MG,UOP02-DEL07-MG
333124.0,2021-01-07,quinta-feira,15:00:00,MG,365.0,567,INDIANOPOLIS,Condutor Dormindo,Saída de leito carroçável,Com Vítimas Feridas,Plena Noite,Crescente,Céu Claro,Dupla,Reta,Não,1,0,1,0,0,0,1,1,"-18,91639564","-47,84482105",SPRF-MG,DEL15-MG,UOP02-DEL15-MG
333126.0,2021-01-08,sexta-feira,11:10:00,MG,40.0,"142,4",JOAO PINHEIRO,Acessar a via sem observar a presença dos outros veículos,Colisão transversal,Com Vítimas Feridas,Pleno dia,Crescente,Céu Claro,Simples,Reta,Não,2,0,1,0,0,1,1,1,"-17,740382","-46,185728",SPRF-MG,DEL14-MG,UOP01-DEL14-MG
333181.0,2021-01-08,sexta-feira,18:27:00,MG,146.0,"516,6",POCOS DE CALDAS,Manobra de mudança de faixa,Saída de leito carroçável,Com Vítimas Feridas,Pleno dia,Crescente,Céu Claro,Simples,Não Informado,Não,1,0,1,0,0,0,1,1,"-21,805562","-46,457223",SPRF-MG,DEL09-MG,UOP01-DEL09-MG
333217.0,2021-01-08,sexta-feira,14:20:00,MG,381.0,"594,2",CARMOPOLIS DE MINAS,Transitar no acostamento,Colisão com objeto,Sem Vítimas,Pleno dia,Crescente,Nublado,Dupla,Reta,Não,2,0,0,0,2,0,0,1,"-20,59143674","-44,70067816",SPRF-MG,DEL04-MG,UOP01-DEL04-MG
333218.0,2021-01-08,sexta-feira,23:15:00,MG,116.0,"409,8",GOVERNADOR VALADARES,Manobra de mudança de faixa,Colisão lateral,Com Vítimas Feridas,Plena Noite,Crescente,Céu Claro,Dupla,Reta,Sim,2,0,1,0,1,0,1,2,"-18,84936788","-41,97891368",SPRF-MG,DEL06-MG,UOP01-DEL06-MG
333225.0,2021-01-09,sábado,00:00:00,MG,365.0,347,VARJAO DE MINAS,Chuva,Saída de leito carroçável,Com Vítimas Feridas,Plena Noite,Decrescente,Chuva,Simples,Curva,Não,1,0,0,1,0,0,1,1,"-18,4022","-46,05656",SPRF-MG,DEL10-MG,UOP01-DEL10-MG
333247.0,2021-01-09,sábado,04:10:00,MG,381.0,484,BETIM,Velocidade Incompatível,Colisão com objeto,Com Vítimas Feridas,Amanhecer,Crescente,Nublado,Dupla,Curva,Sim,1,0,1,0,0,0,1,1,"-19,959576","-44,082291",SPRF-MG,DEL01-MG,UOP03-DEL01-MG
333250.0,2021-01-09,sábado,04:15:00,MG,459.0,87,CONGONHAL,Transitar na contramão,Colisão frontal,Com Vítimas Feridas,Amanhecer,Crescente,Céu Claro,Simples,Reta,Não,3,0,2,0,1,0,2,2,"-22,150208","-46,033627",SPRF-MG,DEL09-MG,UOP01-DEL09-MG
333256.0,2021-01-09,sábado,04:00:00,MG,381.0,"933,8",EXTREMA,Acesso irregular,Colisão transversal,Sem Vítimas,Amanhecer,Decrescente,Nublado,Dupla,Retorno Regulamentado,Não,6,0,0,0,6,0,0,2,"-22,81492017","-46,2920647",SPRF-MG,DEL16-MG,UOP03-DEL16-MG
333277.0,2021-01-09,sábado,06:40:00,MG,50.0,71,UBERLANDIA,Condutor deixou de manter distância do veículo da frente,Colisão lateral mesmo sentido,Sem Vítimas,Pleno dia,Decrescente,Céu Claro,Dupla,Reta,Sim,2,0,0,0,2,0,0,2,"-18,85140204","-48,25345932",SPRF-MG,DEL15-MG,UOP01-DEL15-MG
333280.0,2021-01-09,sábado,06:30:00,MG,381.0,389,BOM JESUS DO AMPARO,Velocidade Incompatível,Colisão traseira,Com Vítimas Feridas,Pleno dia,Decrescente,Nublado,Dupla,Reta,Não,3,0,1,0,2,0,1,2,"-19,781548","-43,436355",SPRF-MG,DEL01-MG,UOP01-DEL01-MG
333284.0,2021-01-09,sábado,09:10:00,MG,50.0,"119,2",UBERABA,Demais falhas mecânicas ou elétricas,Queda de ocupante de veículo,Com Vítimas Feridas,Pleno dia,Crescente,Céu Claro,Dupla,Reta,Não,1,0,1,0,0,0,1,1,"-19,29969201","-48,11376802",SPRF-MG,DEL13-MG,UOP01-DEL13-MG
333285.0,2021-01-09,sábado,08:55:00,MG,40.0,"473,8",SETE LAGOAS,Velocidade Incompatível,Saída de leito carroçável,Com Vítimas Feridas,Pleno dia,Crescente,Chuva,Múltipla,Não Informado,Não,1,0,1,0,0,0,1,1,"-19,493752","-44,280903",SPRF-MG,DEL02-MG,UOP01-DEL02-MG
333290.0,2021-01-09,sábado,08:55:00,MG,381.0,"619,1",OLIVEIRA,Transitar no acostamento,Colisão traseira,Com Vítimas Feridas,Pleno dia,Decrescente,Nublado,Dupla,Não Informado,Não,3,0,1,1,0,1,2,3,"-20,74757597","-44,77324605",SPRF-MG,DEL04-MG,UOP01-DEL04-MG
333302.0,2021-01-09,sábado,10:15:00,MG,40.0,588,ITABIRITO,Avarias e/ou desgaste excessivo no pneu,Colisão frontal,Com Vítimas Feridas,Pleno dia,Decrescente,Nublado,Simples,Curva,Não,3,0,2,0,1,0,2,2,"-20,35149094","-43,91313094",SPRF-MG,DEL01-MG,UOP02-DEL01-MG
333312.0,2021-01-09,sábado,11:50:00,MG,381.0,490,BETIM,Acessar a via sem observar a presença dos outros veículos,Atropelamento de Pedestre,Com Vítimas Feridas,Pleno dia,Decrescente,Nublado,Dupla,Reta,Sim,2,0,0,1,1,0,1,1,"-19,96502819","-44,17422195",SPRF-MG,DEL01-MG,UOP03-DEL01-MG
333316.0,2021-01-09,sábado,11:10:00,MG,116.0,"727,1",LARANJAL,Ausência de reação do condutor,Tombamento,Com Vítimas Feridas,Pleno dia,Decrescente,Sol,Simples,Curva,Não,1,0,1,0,0,0,1,1,"-21,28131403","-42,41701518",SPRF-MG,DEL07-MG,UOP02-DEL07-MG
333318.0,2021-01-09,sábado,13:00:00,MG,40.0,520,CONTAGEM,Acesso irregular,Colisão traseira,Com Vítimas Feridas,Pleno dia,Decrescente,Nublado,Dupla,Reta,Sim,2,0,1,0,1,0,1,2,"-19,84761911","-44,07276144",SPRF-MG,DEL01-MG,UOP02-DEL01-MG
333325.0,2021-01-09,sábado,12:50:00,MG,40.0,"42,3",PARACATU,Reação tardia ou ineficiente do condutor,Colisão com objeto,Com Vítimas Feridas,Pleno dia,Crescente,Céu Claro,Simples,Não Informado,Sim,2,0,2,0,0,0,2,1,"-17,2188441","-46,8666753",SPRF-MG,DEL14-MG,UOP01-DEL14-MG
333330.0,2021-01-09,sábado,14:35:00,MG,381.0,499,BETIM,Ausência de sinalização,Colisão traseira,Com Vítimas Feridas,Pleno dia,Crescente,Nublado,Dupla,Reta,Não,2,0,0,1,1,0,1,2,"-20,01792651","-44,2261448",SPRF-MG,DEL01-MG,UOP03-DEL01-MG
333331.0,2021-01-09,sábado,14:30:00,MG,116.0,"511,5",UBAPORANGA,Mal súbito do condutor,Saída de leito carroçável,Com Vítimas Feridas,Pleno dia,Decrescente,Céu Claro,Simples,Reta,Não,1,0,1,0,0,0,1,1,"-19,65371791","-42,11137522",SPRF-MG,DEL06-MG,UOP02-DEL06-MG