id,data_inversa,dia_semana,horario,uf,br,km,municipio,causa_acidente,tipo_acidente,classificacao_acidente,fase_dia,sentido_via,condicao_metereologica,tipo_pista,tracado_via,uso_solo,pessoas,mortos,feridos_leves,feridos_graves,ilesos,ignorados,feridos,veiculos,latitude,longitude,regional,delegacia,uop
333333.0,2021-01-09,sábado,12:30:00,MG,381.0,"635,9",SANTO ANTONIO DO AMPARO,Velocidade Incompatível,Colisão com objeto,Com Vítimas Feridas,Pleno dia,Crescente,Chuva,Dupla,Não Informado,Não,5,0,1,0,4,0,1,4,"-20,88278809","-44,85183046",SPRF-MG,DEL04-MG,UOP01-DEL04-MG
333334.0,2021-01-09,sábado,14:00:00,MG,381.0,649,SANTO ANTONIO DO AMPARO,Velocidade Incompatível,Colisão com objeto,Com Vítimas Feridas,Pleno dia,Crescente,Chuva,Dupla,Curva,Sim,1,0,1,0,0,0,1,1,"-20,95675011","-44,90392904",SPRF-MG,DEL04-MG,UOP02-DEL04-MG
333336.0,2021-01-09,sábado,14:40:00,MG,251.0,"469,2",FRANCISCO SA,Reação tardia ou ineficiente do condutor,Tombamento,Com Vítimas Feridas,Pleno dia,Crescente,Chuva,Simples,Não Informado,Não,2,0,1,1,0,0,2,1,"-16,47846186","-43,41953476",SPRF-MG,DEL12-MG,UOP01-DEL12-MG
333337.0,2021-01-09,sábado,14:30:00,MG,365.0,"39,8",CLARO DOS POCOES,Desrespeitar a preferência no cruzamento,Colisão transversal,Com Vítimas Feridas,Pleno dia,Decrescente,Sol,Simples,Reta,Não,5,0,1,3,1,0,4,2,"-16,87464604","-44,16953395",SPRF-MG,DEL12-MG,UOP01-DEL12-MG
333340.0,2021-01-09,sábado,15:05:00,MG,40.0,"446,4",CAETANOPOLIS,Velocidade Incompatível,Saída de leito carroçável,Com Vítimas Feridas,Pleno dia,Decrescente,Chuva,Dupla,Não Informado,Não,6,0,4,1,0,1,5,2,"-19,29052","-44,38802",SPRF-MG,DEL02-MG,UOP01-DEL02-MG
333349.0,2021-01-09,sábado,13:30:00,MG,262.0,"40,3",MANHUACU,Ingestão de álcool pelo condutor,Colisão traseira,Sem Vítimas,Pleno dia,Crescente,Nublado,Simples,Reta,Sim,2,0,0,0,1,1,0,2,"-20,27334219","-42,04913988",SPRF-MG,DEL06-MG,UOP04-DEL06-MG
333350.0,2021-01-09,sábado,13:45:00,MG,262.0,"38,4",MANHUACU,Conversão proibida,Colisão transversal,Com Vítimas Feridas,Pleno dia,Crescente,Nublado,Múltipla,Reta,Sim,2,0,1,0,1,0,1,2,"-20,26305859","-42,03684948",SPRF-MG,DEL06-MG,UOP04-DEL06-MG
333355.0,2021-01-09,sábado,15:30:00,MG,381.0,"728,5",CARMO DA CACHOEIRA,Velocidade Incompatível,Saída de leito carroçável,Com Vítimas Feridas,Pleno dia,Crescente,Chuva,Dupla,Não Informado,Não,1,0,1,0,0,0,1,1,"-21,52361199","-45,22481701",SPRF-MG,DEL04-MG,UOP02-DEL04-MG
333376.0,2021-01-09,sábado,16:15:00,MG,381.0,334,NOVA ERA,Velocidade Incompatível,Capotamento,Com Vítimas Feridas,Pleno dia,Crescente,Chuva,Simples,Curva,Não,4,0,4,0,0,0,4,1,"-19,81025584","-43,06303471",SPRF-MG,DEL03-MG,UOP01-DEL03-MG
333377.0,2021-01-09,sábado,16:50:00,MG,262.0,581,CAMPOS ALTOS,Velocidade Incompatível,Saída de leito carroçável,Com Vítimas Feridas,Pleno dia,Decrescente,Chuva,Simples,Curva,Não,4,0,3,0,1,0,3,1,"-19,65688108","-46,06847896",SPRF-MG,DEL08-MG,UOP02-DEL08-MG
333378.0,2021-01-09,sábado,18:00:00,MG,365.0,628,UBERLANDIA,Acessar a via sem observar a presença dos outros veículos,Tombamento,Com Vítimas Feridas,Pleno dia,Crescente,Sol,Dupla,Não Informado,Não,1,0,1,0,0,0,1,1,"-18,90175741","-48,35287106",SPRF-MG,DEL15-MG,UOP01-DEL15-MG
333382.0,2021-01-09,sábado,17:45:00,MG,40.0,"652,9",CRISTIANO OTONI,Ausência de reação do condutor,Saída de leito carroçável,Com Vítimas Feridas,Anoitecer,Decrescente,Nublado,Simples,Reta,Não,1,0,1,0,0,0,1,1,"-20,84062503","-43,79907712",SPRF-MG,DEL05-MG,UOP02-DEL05-MG
333385.0,2021-01-09,sábado,16:50:00,MG,40.0,502,ESMERALDAS,Condutor deixou de manter distância do veículo da frente,Colisão traseira,Com Vítimas Feridas,Pleno dia,Crescente,Chuva,Dupla,Não Informado,Sim,2,0,1,0,1,0,1,1,"-19,713899","-44,161566",SPRF-MG,DEL02-MG,UOP01-DEL02-MG
333394.0,2021-01-09,sábado,19:00:00,MG,381.0,"646,1",SANTO ANTONIO DO AMPARO,Velocidade Incompatível,Saída de leito carroçável,Com Vítimas Feridas,Plena Noite,Crescente,Chuva,Dupla,Curva,Não,3,0,2,0,1,0,2,1,"-20,94488761","-44,88121033",SPRF-MG,DEL04-MG,UOP02-DEL04-MG
333396.0,2021-01-09,sábado,19:00:00,MG,365.0,699,MONTE ALEGRE DE MINAS,Velocidade Incompatível,Saída de leito carroçável,Com Vítimas Feridas,Plena Noite,Decrescente,Céu Claro,Dupla,Reta,Não,1,0,1,0,0,0,1,1,"-18,87944","-48,9848",SPRF-MG,DEL15-MG,UOP03-DEL15-MG
333407.0,2021-01-09,sábado,20:13:00,MG,381.0,"451,9",SABARA,Condutor deixou de manter distância do veículo da frente,Colisão lateral mesmo sentido,Com Vítimas Feridas,Plena Noite,Decrescente,Chuva,Simples,Não Informado,Sim,2,0,1,0,1,0,1,2,"-19,832372","-43,845578",SPRF-MG,DEL01-MG,UOP01-DEL01-MG
333409.0,2021-01-09,sábado,20:50:00,MG,40.0,515,RIBEIRAO DAS NEVES,Velocidade Incompatível,Colisão traseira,Com Vítimas Feridas,Plena Noite,Decrescente,Chuva,Dupla,Reta,Sim,5,0,3,1,1,0,4,2,"-19,8090079","-44,09493479",SPRF-MG,DEL01-MG,UOP02-DEL01-MG
333413.0,2021-01-09,sábado,21:00:00,MG,50.0,180,UBERABA,Condutor deixou de manter distância do veículo da frente,Colisão traseira,Com Vítimas Feridas,Plena Noite,Crescente,Nublado,Simples,Interseção de vias,Sim,2,0,1,0,1,0,1,2,"-19,77848216","-47,92194709",SPRF-MG,DEL13-MG,UOP01-DEL13-MG
333437.0,2021-01-09,sábado,21:35:00,MG,354.0,"704,8",CAXAMBU,Ingestão de álcool pelo condutor,Colisão frontal,Com Vítimas Feridas,Plena Noite,Crescente,Chuva,Simples,Não Informado,Sim,2,0,1,1,0,0,2,2,"-21,98404081","-44,92444142",SPRF-MG,DEL17-MG,UOP01-DEL17-MG
333446.0,2021-01-09,sábado,23:00:00,MG,459.0,"15,3",CALDAS,Velocidade Incompatível,Colisão frontal,Sem Vítimas,Plena Noite,Crescente,Nublado,Simples,Curva,Não,2,0,0,0,1,1,0,2,"-21,8568206","-46,43425226",SPRF-MG,DEL09-MG,UOP01-DEL09-MG
333473.0,2021-01-10,domingo,02:00:00,MG,153.0,11,CENTRALINA,Reação tardia ou ineficiente do condutor,Saída de leito carroçável,Sem Vítimas,Plena Noite,Decrescente,Vento,Dupla,Reta,Não,1,0,0,0,1,0,0,1,"-18,51513597","-49,18936222",SPRF-MG,DEL15-MG,UOP03-DEL15-MG
333476.0,2021-01-10,domingo,04:15:00,MG,50.0,70,UBERLANDIA,Ausência de reação do condutor,Queda de ocupante de veículo,Com Vítimas Feridas,Plena Noite,Crescente,Nublado,Dupla,Reta,Sim,1,0,1,0,0,0,1,1,"-18,85140204","-48,25345932",SPRF-MG,DEL15-MG,UOP01-DEL15-MG
333490.0,2021-01-09,sábado,10:50:00,MG,262.0,"447,6",NOVA SERRANA,Manobra de mudança de faixa,Colisão lateral,Com Vítimas Feridas,Pleno dia,Crescente,Céu Claro,Simples,Reta,Não,3,0,2,0,1,0,2,2,"-19,87341662","-44,96007194",SPRF-MG,DEL08-MG,UOP03-DEL08-MG
333491.0,2021-01-10,domingo,06:00:00,MG,251.0,445,GRAO MOGOL,Velocidade Incompatível,Saída de leito carroçável,Com Vítimas Feridas,Pleno dia,Crescente,Chuva,Simples,Curva,Não,4,0,4,0,0,0,4,1,"-16,42541501","-43,26662199",SPRF-MG,DEL12-MG,UOP01-DEL12-MG
333493.0,2021-01-10,domingo,01:00:00,MG,381.0,745,TRES CORACOES,Condutor Dormindo,Saída de leito carroçável,Com Vítimas Feridas,Plena Noite,Decrescente,Chuva,Dupla,Reta,Não,1,0,1,0,0,0,1,1,"-21,637253","-45,28388",SPRF-MG,DEL16-MG,UOP02-DEL16-MG
333512.0,2021-01-06,quarta-feira,22:30:00,MG,381.0,451,SABARA,Pista em desnível,Queda de ocupante de veículo,Com Vítimas Feridas,Plena Noite,Crescente,Chuva,Simples,Reta,Sim,1,0,1,0,0,0,1,1,"-19,83832024","-43,8806931",SPRF-MG,DEL01-MG,UOP01-DEL01-MG
333516.0,2021-01-10,domingo,05:30:00,MG,40.0,132,JOAO PINHEIRO,Ingestão de álcool pelo condutor,Saída de leito carroçável,Sem Vítimas,Pleno dia,Decrescente,Céu Claro,Simples,Reta,Não,1,0,0,0,0,1,0,1,"-17,71046924","-46,26721306",SPRF-MG,DEL14-MG,UOP01-DEL14-MG
333517.0,2021-01-10,domingo,09:00:00,MG,381.0,285,JAGUARACU,Demais falhas mecânicas ou elétricas,Tombamento,Com Vítimas Feridas,Amanhecer,Crescente,Céu Claro,Simples,Reta,Não,1,0,0,1,0,0,1,1,"-19,6007948","-42,7537026",SPRF-MG,DEL03-MG,UOP02-DEL03-MG
333518.0,2021-01-09,sábado,23:00:00,MG,267.0,"183,4",OLARIA,Velocidade Incompatível,Saída de leito carroçável,Com Vítimas Feridas,Plena Noite,Crescente,Ignorado,Simples,Não Informado,Não,1,0,1,0,0,0,1,1,"-21,9104332","-43,96366399",SPRF-MG,DEL05-MG,UOP01-DEL05-MG
333523.0,2021-01-10,domingo,09:20:00,MG,262.0,"389,9",FLORESTAL,Reação tardia ou ineficiente do condutor,Queda de ocupante de veículo,Com Vítimas Feridas,Pleno dia,Crescente,Céu Claro,Dupla,Desvio Temporário,Não,1,0,1,0,0,0,1,1,"-19,93731108","-44,45266502",SPRF-MG,DEL01-MG,UOP03-DEL01-MG
333528.0,2021-01-10,domingo,10:27:00,MG,381.0,"907,5",CAMBUI,Velocidade Incompatível,Tombamento,Com Vítimas Feridas,Pleno dia,Crescente,Céu Claro,Dupla,Não Informado,Não,1,0,0,1,0,0,1,1,"-22,6743393","-46,09751587",SPRF-MG,DEL16-MG,UOP03-DEL16-MG
333534.0,2021-01-10,domingo,10:00:00,MG,354.0,743,POUSO ALTO,Velocidade Incompatível,Saída de leito carroçável,Com Vítimas Feridas,Pleno dia,Crescente,Nublado,Simples,Curva,Sim,1,0,1,0,0,0,1,1,"-22,24779318","-44,93545532",SPRF-MG,DEL17-MG,UOP01-DEL17-MG
333536.0,2021-01-10,domingo,10:30:00,MG,381.0,"907,5",CAMBUI,Velocidade Incompatível,Tombamento,Com Vítimas Fatais,Pleno dia,Crescente,Sol,Dupla,Não Informado,Não,4,1,0,0,3,0,0,2,"-22,67441177","-46,09767795",SPRF-MG,DEL16-MG,UOP03-DEL16-MG
333548.0,2021-01-10,domingo,11:39:00,MG,381.0,"532,1",ITATIAIUCU,Velocidade Incompatível,Saída de leito carroçável,Com Vítimas Feridas,Pleno dia,Crescente,Nublado,Dupla,Não Informado,Não,1,0,1,0,0,0,1,1,"-20,1904316","-44,38268793",SPRF-MG,DEL04-MG,UOP03-DEL04-MG
333551.0,2021-01-10,domingo,13:10:00,MG,381.0,"777,7",CAMPANHA,Condutor Dormindo,Saída de leito carroçável,Com Vítimas Feridas,Pleno dia,Decrescente,Sol,Dupla,Não Informado,Não,3,0,2,0,1,0,2,1,"-21,80026","-45,46731",SPRF-MG,DEL16-MG,UOP02-DEL16-MG
333565.0,2021-01-10,domingo,14:45:00,MG,381.0,654,SANTO ANTONIO DO AMPARO,Avarias e/ou desgaste excessivo no pneu,Capotamento,Com Vítimas Feridas,Pleno dia,Decrescente,Chuva,Dupla,Não Informado,Não,3,0,1,0,2,0,1,1,"-20,99437964","-44,96041633",SPRF-MG,DEL04-MG,UOP02-DEL04-MG
333566.0,2021-01-10,domingo,14:25:00,MG,116.0,"272,3",TEOFILO OTONI,Ingestão de álcool pelo condutor,Colisão lateral mesmo sentido,Com Vítimas Feridas,Pleno dia,Crescente,Sol,Simples,Reta,Não,2,0,1,0,1,0,1,2,"-17,81943899","-41,49990501",SPRF-MG,DEL11-MG,UOP01-DEL11-MG
333583.0,2021-01-10,domingo,16:30:00,MG,381.0,"908,3",CAMBUI,Velocidade Incompatível,Colisão com objeto,Com Vítimas Feridas,Pleno dia,Decrescente,Chuva,Dupla,Não Informado,Não,2,0,0,1,1,0,1,1,"-22,68035803","-46,10089431",SPRF-MG,DEL16-MG,UOP03-DEL16-MG
333591.0,2021-01-10,domingo,17:25:00,MG,381.0,493,BETIM,Chuva,Colisão traseira,Com Vítimas Feridas,Anoitecer,Decrescente,Chuva,Dupla,Reta,Sim,2,0,1,0,1,0,1,2,"-19,97670801","-44,19962698",SPRF-MG,DEL01-MG,UOP03-DEL01-MG
333595.0,2021-01-10,domingo,15:00:00,MG,40.0,759,JUIZ DE FORA,Demais falhas mecânicas ou elétricas,Saída de leito carroçável,Sem Vítimas,Pleno dia,Crescente,Nublado,Simples,Reta,Não,1,0,0,0,0,1,0,1,"-21,57539967","-43,4759903",SPRF-MG,DEL05-MG,UOP01-DEL05-MG
333612.0,2021-01-10,domingo,18:15:00,MG,381.0,491,BETIM,Manobra de mudança de faixa,Colisão com objeto,Com Vítimas Feridas,Plena Noite,Crescente,Chuva,Dupla,Reta,Sim,4,0,1,0,3,0,1,1,"-19,97018187","-44,18210416",SPRF-MG,DEL01-MG,UOP03-DEL01-MG
333615.0,2021-01-10,domingo,17:00:00,MG,381.0,"779,1",CAMPANHA,Ingestão de álcool pelo condutor,Saída de leito carroçável,Com Vítimas Feridas,Pleno dia,Crescente,Nublado,Dupla,Curva,Não,1,0,1,0,0,0,1,1,"-21,83682863","-45,50981014",SPRF-MG,DEL16-MG,UOP02-DEL16-MG
333627.0,2021-01-10,domingo,18:20:00,MG,146.0,"513,1",GUAXUPE,Ingestão de álcool pelo condutor,Colisão com objeto,Com Vítimas Feridas,Anoitecer,Crescente,Nublado,Simples,Curva,Não,2,0,1,0,1,0,1,1,"-21,27072118","-46,69451605",SPRF-MG,DEL09-MG,UOP01-DEL09-MG
333634.0,2021-01-10,domingo,13:00:00,MG,381.0,"243,3",SANTANA DO PARAISO,Demais falhas mecânicas ou elétricas,Incêndio,Sem Vítimas,Pleno dia,Crescente,Céu Claro,Simples,Curva,Não,1,0,0,0,1,0,0,1,"-19,4362998","-42,50986437",SPRF-MG,DEL06-MG,UOP01-DEL06-MG
333637.0,2021-01-10,domingo,19:00:00,MG,40.0,"594,5",OURO PRETO,Avarias e/ou desgaste excessivo no pneu,Colisão frontal,Com Vítimas Feridas,Plena Noite,Crescente,Chuva,Simples,Reta,Não,3,0,2,1,0,0,3,2,"-20,39632706","-43,90313706",SPRF-MG,DEL05-MG,UOP02-DEL05-MG
333643.0,2021-01-10,domingo,20:20:00,MG,365.0,628,UBERLANDIA,Demais falhas mecânicas ou elétricas,Saída de leito carroçável,Sem Vítimas,Plena Noite,Crescente,Céu Claro,Dupla,Reta,Não,1,0,0,0,1,0,0,1,"-18,90175741","-48,35287106",SPRF-MG,DEL15-MG,UOP01-DEL15-MG
333675.0,2021-01-10,domingo,21:00:00,MG,365.0,628,UBERLANDIA,Animais na Pista,Atropelamento de Animal,Com Vítimas Feridas,Plena Noite,Crescente,Céu Claro,Dupla,Reta,Sim,2,0,1,0,1,0,1,1,"-18,90175741","-48,35287106",SPRF-MG,DEL15-MG,UOP01-DEL15-MG
333707.0,2021-01-11,segunda-feira,00:50:00,MG,365.0,473,PATROCINIO,Ingestão de álcool pelo condutor,Saída de leito carroçável,Com Vítimas Feridas,Plena Noite,Decrescente,Céu Claro,Simples,Reta,Sim,1,0,1,0,0,0,1,1,"-18,9256516","-47,00410366",SPRF-MG,DEL10-MG,UOP01-DEL10-MG
333712.0,2021-01-11,segunda-feira,02:30:00,MG,40.0,"511,2",RIBEIRAO DAS NEVES,Pedestre cruzava a pista fora da faixa,Atropelamento de Pedestre,Com Vítimas Feridas,Plena Noite,Crescente,Nublado,Dupla,Retorno Regulamentado,Sim,4,0,1,0,3,0,1,1,"-19,78164295","-44,11733194",SPRF-MG,DEL01-MG,UOP02-DEL01-MG
333777.0,2021-01-11,segunda-feira,09:50:00,MG,40.0,"452,8",CAETANOPOLIS,Reação tardia ou ineficiente do condutor,Saída de leito carroçável,Com Vítimas Feridas,Pleno dia,Crescente,Nublado,Dupla,Retorno Regulamentado,Não,2,0,1,0,0,1,1,1,"-19,33382121","-44,36107939",SPRF-MG,DEL02-MG,UOP01-DEL02-MG
333783.0,2021-01-11,segunda-feira,10:00:00,MG,459.0,"22,1",CALDAS,Animais na Pista,Colisão traseira,Sem Vítimas,Pleno dia,Crescente,Nublado,Simples,Reta,Não,4,0,0,0,4,0,0,4,"-21,8793187","-46,3848761",SPRF-MG,DEL09-MG,UOP01-DEL09-MG
333828.0,2021-01-11,segunda-feira,13:50:00,MG,381.0,483,BETIM,Condutor deixou de manter distância do veículo da frente,Colisão traseira,Com Vítimas Feridas,Pleno dia,Decrescente,Nublado,Dupla,Curva,Sim,2,0,1,0,1,0,1,2,"-19,95915056","-44,08058167",SPRF-MG,DEL01-MG,UOP03-DEL01-MG
333863.0,2021-01-11,segunda-feira,17:15:00,MG,262.0,"477,9",BOM DESPACHO,Acessar a via sem observar a presença dos outros veículos,Colisão transversal,Com Vítimas Feridas,Pleno dia,Decrescente,Sol,Simples,Interseção de vias,Sim,3,0,3,0,0,0,3,2,"-19,78306474","-45,25944324",SPRF-MG,DEL08-MG,UOP03-DEL08-MG
333889.0,2021-01-11,segunda-feira,13:30:00,MG,116.0,"638,5",DIVINO,Desrespeitar a preferência no cruzamento,Colisão frontal,Com Vítimas Feridas,Pleno dia,Decrescente,Céu Claro,Simples,Interseção de vias,Não,5,0,1,0,4,0,1,2,"-20,63865095","-42,23648111",SPRF-MG,DEL07-MG,UOP03-DEL07-MG
333890.0,2021-01-11,segunda-feira,19:00:00,MG,262.0,812,UBERABA,Reação tardia ou ineficiente do condutor,Tombamento,Com Vítimas Feridas,Plena Noite,Decrescente,Céu Claro,Dupla,Rotatória,Sim,1,0,1,0,0,0,1,1,"-19,766778","-47,991064",SPRF-MG,DEL13-MG,UOP01-DEL13-MG
333917.0,2021-01-11,segunda-feira,05:25:00,MG,153.0,239,FRONTEIRA,Demais falhas na via,Saída de leito carroçável,Sem Vítimas,Pleno dia,Decrescente,Céu Claro,Simples,Interseção de vias,Não,1,0,0,0,1,0,0,1,"-20,29847332","-49,20614844",SPRF-MG,DEL13-MG,UOP02-DEL13-MG
333930.0,2021-01-11,segunda-feira,23:50:00,MG,262.0,"800,7",UBERABA,Ingestão de álcool pelo condutor,Colisão traseira,Com Vítimas Feridas,Plena Noite,Crescente,Céu Claro,Dupla,Reta,Sim,2,0,1,0,1,0,1,2,"-19,769021","-47,895882",SPRF-MG,DEL13-MG,UOP01-DEL13-MG
333945.0,2021-01-12,terça-feira,05:00:00,MG,381.0,893,CAMBUI,Condutor Dormindo,Saída de leito carroçável,Com Vítimas Feridas,Amanhecer,Decrescente,Nublado,Dupla,Não Informado,Sim,1,0,1,0,0,0,1,1,"-22,6103125","-46,0623465",SPRF-MG,DEL16-MG,UOP03-DEL16-MG
333994.0,2021-01-12,terça-feira,11:50:00,MG,365.0,"669,9",MONTE ALEGRE DE MINAS,Avarias e/ou desgaste excessivo no pneu,Saída de leito carroçável,Com Vítimas Feridas,Pleno dia,Crescente,Garoa/Chuvisco,Dupla,Reta,Não,3,0,2,0,0,1,2,1,"-18,88574107","-48,72615001",SPRF-MG,DEL15-MG,UOP01-DEL15-MG
334037.0,2021-01-12,terça-feira,14:30:00,MG,365.0,"364,5",VARJAO DE MINAS,Desrespeitar a preferência no cruzamento,Colisão frontal,Com Vítimas Feridas,Pleno dia,Decrescente,Nublado,Simples,Reta,Não,4,0,4,0,0,0,4,2,"-18,46158508","-46,08350681",SPRF-MG,DEL10-MG,UOP01-DEL10-MG
334038.0,2021-01-12,terça-feira,12:30:00,MG,365.0,"292,7",JOAO PINHEIRO,Chuva,Saída de leito carroçável,Com Vítimas Feridas,Pleno dia,Decrescente,Chuva,Simples,Curva,Não,5,0,4,1,0,0,5,1,"-18,10670983","-45,69720212",SPRF-MG,DEL10-MG,UOP01-DEL10-MG
334050.0,2021-01-12,terça-feira,15:30:00,MG,381.0,"709,6",CARMO DA CACHOEIRA,Curva acentuada,Queda de ocupante de veículo,Com Vítimas Feridas,Pleno dia,Decrescente,Céu Claro,Dupla,Não Informado,Não,1,0,1,0,0,0,1,1,"-21,37772086","-45,19419525",SPRF-MG,DEL04-MG,UOP02-DEL04-MG
334070.0,2021-01-12,terça-feira,14:30:00,MG,262.0,"7,3",MARTINS SOARES,Pista esburacada,Colisão com objeto,Com Vítimas Feridas,Pleno dia,Crescente,Sol,Simples,Curva,Não,3,0,1,0,2,0,1,2,"-20,25582453","-41,81690282",SPRF-MG,DEL06-MG,UOP04-DEL06-MG
334071.0,2021-01-12,terça-feira,17:10:00,MG,262.0,45,MANHUACU,Manobra de mudança de faixa,Colisão frontal,Com Vítimas Feridas,Pleno dia,Decrescente,Sol,Simples,Curva,Não,2,0,0,1,1,0,1,2,"-20,26145201","-42,09686296",SPRF-MG,DEL06-MG,UOP04-DEL06-MG
334078.0,2021-01-12,terça-feira,19:15:00,MG,116.0,"277,7",TEOFILO OTONI,Desrespeitar a preferência no cruzamento,Colisão lateral mesmo sentido,Sem Vítimas,Plena Noite,Crescente,Nublado,Dupla,Não Informado,Sim,2,0,0,0,1,1,0,2,"-17,865426","-41,516348",SPRF-MG,DEL11-MG,UOP01-DEL11-MG
334079.0,2021-01-12,terça-feira,19:30:00,MG,365.0,688,MONTE ALEGRE DE MINAS,Pedestre cruzava a pista fora da faixa,Atropelamento de Pedestre,Com Vítimas Feridas,Plena Noite,Crescente,Nublado,Dupla,Reta,Sim,2,0,0,1,1,0,1,1,"-18,87623321","-48,88400401",SPRF-MG,DEL15-MG,UOP03-DEL15-MG
334092.0,2021-01-12,terça-feira,20:48:00,MG,40.0,"100,5",LAGOA GRANDE,Condutor Dormindo,Colisão lateral,Com Vítimas Feridas,Plena Noite,Crescente,Céu Claro,Simples,Reta,Não,6,0,1,0,5,0,1,2,"-17,5617679","-46,50797791",SPRF-MG,DEL14-MG,UOP01-DEL14-MG
334111.0,2021-01-12,terça-feira,18:45:00,MG,116.0,"94,4",MEDINA,Velocidade Incompatível,Saída de leito carroçável,Com Vítimas Feridas,Plena Noite,Decrescente,Ignorado,Simples,Não Informado,Não,3,0,3,0,0,0,3,1,"-16,384692","-41,47280999",SPRF-MG,DEL11-MG,UOP02-DEL11-MG
334123.0,2021-01-13,quarta-feira,05:10:00,MG,381.0,"585,5",CARMOPOLIS DE MINAS,Condutor Dormindo,Colisão com objeto,Com Vítimas Feridas,Pleno dia,Decrescente,Nublado,Dupla,Reta,Não,2,0,1,0,1,0,1,1,"-20,538292","-44,64046",SPRF-MG,DEL04-MG,UOP01-DEL04-MG
334132.0,2021-01-13,quarta-feira,06:50:00,MG,153.0,197,FRUTAL,Condutor Dormindo,Queda de ocupante de veículo,Com Vítimas Feridas,Pleno dia,Crescente,Céu Claro,Simples,Interseção de vias,Não,1,0,1,0,0,0,1,1,"-19,97863114","-49,0111349",SPRF-MG,DEL13-MG,UOP02-DEL13-MG
334137.0,2021-01-13,quarta-feira,06:40:00,MG,40.0,510,RIBEIRAO DAS NEVES,Manobra de mudança de faixa,Colisão transversal,Com Vítimas Feridas,Pleno dia,Crescente,Céu Claro,Dupla,Reta,Não,2,0,1,0,1,0,1,2,"-19,77463885","-44,12321882",SPRF-MG,DEL01-MG,UOP02-DEL01-MG
334148.0,2021-01-13,quarta-feira,08:30:00,MG,40.0,"612,2",CONGONHAS,Ausência de reação do condutor,Colisão lateral,Com Vítimas Feridas,Pleno dia,Decrescente,Céu Claro,Simples,Reta,Não,2,0,1,0,1,0,1,2,"-20,51778098","-43,83603641",SPRF-MG,DEL05-MG,UOP02-DEL05-MG
334155.0,2021-01-13,quarta-feira,09:20:00,MG,262.0,"460,2",ARAUJOS,Transitar na contramão,Colisão frontal,Com Vítimas Feridas,Pleno dia,Crescente,Nublado,Simples,Reta,Não,3,0,1,0,2,0,1,3,"-19,82719122","-45,07371312",SPRF-MG,DEL08-MG,UOP03-DEL08-MG
334190.0,2021-01-13,quarta-feira,14:50:00,MG,381.0,"455,2",BELO HORIZONTE,Condutor deixou de manter distância do veículo da frente,Colisão lateral,Com Vítimas Feridas,Pleno dia,Crescente,Céu Claro,Simples,Reta,Sim,2,0,1,0,1,0,1,2,"-19,83964078","-43,87736142",SPRF-MG,DEL01-MG,UOP01-DEL01-MG
334195.0,2021-01-13,quarta-feira,15:00:00,MG,381.0,492,BETIM,Acumulo de óleo sobre o pavimento,Queda de ocupante de veículo,Com Vítimas Feridas,Pleno dia,Crescente,Céu Claro,Múltipla,Retorno Regulamentado,Sim,1,0,1,0,0,0,1,1,"-19,97490091","-44,19004301",SPRF-MG,DEL01-MG,UOP03-DEL01-MG
334196.0,2021-01-13,quarta-feira,13:15:00,MG,262.0,"592,3",CAMPOS ALTOS,Velocidade Incompatível,Saída de leito carroçável,Com Vítimas Feridas,Pleno dia,Decrescente,Nublado,Simples,Curva,Não,2,0,2,0,0,0,2,1,"-19,66557145","-46,15143992",SPRF-MG,DEL08-MG,UOP02-DEL08-MG
334210.0,2021-01-13,quarta-feira,16:30:00,MG,50.0,177,UBERABA,Avarias e/ou desgaste excessivo no pneu,Saída de leito carroçável,Sem Vítimas,Pleno dia,Crescente,Chuva,Dupla,Reta,Não,1,0,0,0,1,0,0,1,"-19,77914852","-47,95047701",SPRF-MG,DEL13-MG,UOP01-DEL13-MG
334211.0,2021-01-13,quarta-feira,15:00:00,MG,381.0,"543,9",ITATIAIUCU,Velocidade Incompatível,Saída de leito carroçável,Com Vítimas Feridas,Pleno dia,Decrescente,Chuva,Dupla,Curva,Não,4,0,4,0,0,0,4,1,"-20,27336801","-44,42585498",SPRF-MG,DEL04-MG,UOP03-DEL04-MG
334214.0,2021-01-13,quarta-feira,11:00:00,MG,365.0,245,JOAO PINHEIRO,Acumulo de água sobre o pavimento,Saída de leito carroçável,Com Vítimas Feridas,Pleno dia,Crescente,Céu Claro,Simples,Reta,Não,5,0,2,0,3,0,2,1,"-17,79493894","-45,42800103",SPRF-MG,DEL14-MG,UOP02-DEL14-MG
334218.0,2021-01-13,quarta-feira,17:00:00,MG,381.0,"433,7",SABARA,Acumulo de óleo sobre o pavimento,Tombamento,Com Vítimas Feridas,Pleno dia,Crescente,Céu Claro,Simples,Não Informado,Não,1,0,1,0,0,0,1,1,"-19,78673","-43,720836",SPRF-MG,DEL01-MG,UOP01-DEL01-MG
334232.0,2021-01-13,quarta-feira,18:05:00,MG,381.0,"706,3",LAVRAS,Velocidade Incompatível,Saída de leito carroçável,Com Vítimas Feridas,Anoitecer,Crescente,Chuva,Dupla,Curva,Não,2,0,1,0,1,0,1,1,"-21,356461","-45,18478",SPRF-MG,DEL04-MG,UOP02-DEL04-MG