id,data_inversa,dia_semana,horario,uf,br,km,municipio,causa_acidente,tipo_acidente,classificacao_acidente,fase_dia,sentido_via,condicao_metereologica,tipo_pista,tracado_via,uso_solo,pessoas,mortos,feridos_leves,feridos_graves,ilesos,ignorados,feridos,veiculos,latitude,longitude,regional,delegacia,uop
334288.0,2021-01-14,quinta-feira,01:42:00,MG,40.0,"469,5",SETE LAGOAS,Animais na Pista,Atropelamento de Animal,Com Vítimas Feridas,Plena Noite,Crescente,Nublado,Múltipla,Não Informado,Sim,1,0,1,0,0,0,1,1,"-19,46234","-44,29891",SPRF-MG,DEL02-MG,UOP01-DEL02-MG
334299.0,2021-01-14,quinta-feira,06:40:00,MG,381.0,"451,5",SABARA,Objeto estático sobre o leito carroçável,Colisão com objeto,Com Vítimas Feridas,Pleno dia,Crescente,Céu Claro,Simples,Reta,Sim,1,0,1,0,0,0,1,1,"-19,83832024","-43,8806931",SPRF-MG,DEL01-MG,UOP01-DEL01-MG
334322.0,2021-01-14,quinta-feira,08:35:00,MG,116.0,"703,9",MURIAE,Acessar a via sem observar a presença dos outros veículos,Colisão transversal,Com Vítimas Feridas,Pleno dia,Crescente,Sol,Simples,Reta,Sim,2,0,1,0,1,0,1,2,"-21,12682309","-42,3832189",SPRF-MG,DEL07-MG,UOP02-DEL07-MG
334370.0,2021-01-14,quinta-feira,13:40:00,MG,381.0,540,ITATIAIUCU,Velocidade Incompatível,Saída de leito carroçável,Sem Vítimas,Pleno dia,Decrescente,Sol,Dupla,Curva,Não,1,0,0,0,1,0,0,1,"-20,25145691","-44,41136239",SPRF-MG,DEL04-MG,UOP03-DEL04-MG
334371.0,2021-01-14,quinta-feira,12:20:00,MG,262.0,580,CAMPOS ALTOS,Velocidade Incompatível,Saída de leito carroçável,Com Vítimas Feridas,Pleno dia,Crescente,Chuva,Dupla,Curva,Não,2,0,1,1,0,0,2,1,"-19,64922468","-46,07016762",SPRF-MG,DEL08-MG,UOP02-DEL08-MG
334427.0,2021-01-14,quinta-feira,17:30:00,MG,116.0,"277,9",TEOFILO OTONI,Desrespeitar a preferência no cruzamento,Colisão transversal,Com Vítimas Feridas,Pleno dia,Decrescente,Céu Claro,Dupla,Reta,Sim,2,0,0,1,1,0,1,2,"-17,859945","-41,515144",SPRF-MG,DEL11-MG,UOP01-DEL11-MG
334429.0,2021-01-14,quinta-feira,18:40:00,MG,116.0,277,TEOFILO OTONI,Acessar a via sem observar a presença dos outros veículos,Colisão transversal,Com Vítimas Feridas,Plena Noite,Crescente,Nublado,Dupla,Reta,Sim,3,0,1,0,1,1,1,2,"-17,86027511","-41,51517749",SPRF-MG,DEL11-MG,UOP01-DEL11-MG
334450.0,2021-01-14,quinta-feira,18:20:00,MG,381.0,"685,3",RIBEIRAO VERMELHO,Objeto estático sobre o leito carroçável,Colisão com objeto,Sem Vítimas,Anoitecer,Decrescente,Céu Claro,Dupla,Reta,Não,2,0,0,0,2,0,0,1,"-21,16704289","-45,12618265",SPRF-MG,DEL04-MG,UOP02-DEL04-MG
334454.0,2021-01-14,quinta-feira,19:30:00,MG,40.0,"521,6",CONTAGEM,Mal súbito do condutor,Capotamento,Com Vítimas Feridas,Plena Noite,Crescente,Céu Claro,Dupla,Reta,Não,1,0,0,1,0,0,1,1,"-19,85651501","-44,07213222",SPRF-MG,DEL01-MG,UOP02-DEL01-MG
334470.0,2021-01-15,sexta-feira,06:15:00,MG,365.0,"395,9",PATOS DE MINAS,Demais falhas mecânicas ou elétricas,Colisão frontal,Com Vítimas Feridas,Pleno dia,Crescente,Céu Claro,Simples,Reta,Não,2,0,0,1,1,0,1,2,"-18,63277391","-46,37141295",SPRF-MG,DEL10-MG,UOP01-DEL10-MG
334481.0,2021-01-14,quinta-feira,22:00:00,MG,381.0,"248,6",SANTANA DO PARAISO,Ingestão de álcool pelo condutor,Colisão frontal,Com Vítimas Feridas,Plena Noite,Crescente,Céu Claro,Simples,Reta,Não,4,0,0,3,0,1,3,2,"-19,4396321","-42,5113821",SPRF-MG,DEL06-MG,UOP01-DEL06-MG
334490.0,2021-01-15,sexta-feira,08:15:00,MG,381.0,"484,9",BETIM,Velocidade Incompatível,Colisão traseira,Com Vítimas Feridas,Pleno dia,Crescente,Céu Claro,Dupla,Curva,Sim,5,0,3,0,2,0,3,2,"-19,95531717","-44,11722196",SPRF-MG,DEL01-MG,UOP03-DEL01-MG
334495.0,2021-01-15,sexta-feira,07:38:00,MG,381.0,"480,5",BETIM,Trafegar com motocicleta (ou similar) entre as faixas,Colisão lateral mesmo sentido,Com Vítimas Feridas,Pleno dia,Decrescente,Céu Claro,Dupla,Curva,Sim,2,0,1,0,1,0,1,2,"-19,95749597","-44,07899901",SPRF-MG,DEL01-MG,UOP03-DEL01-MG
334525.0,2021-01-15,sexta-feira,08:15:00,MG,40.0,"639,9",CONSELHEIRO LAFAIETE,Desrespeitar a preferência no cruzamento,Colisão transversal,Com Vítimas Feridas,Pleno dia,Decrescente,Sol,Simples,Não Informado,Não,2,0,1,0,1,0,1,2,"-20,74239976","-43,80073439",SPRF-MG,DEL05-MG,UOP02-DEL05-MG
334526.0,2021-01-15,sexta-feira,07:55:00,MG,365.0,8,MONTES CLAROS,Velocidade Incompatível,Colisão frontal,Com Vítimas Feridas,Pleno dia,Crescente,Céu Claro,Simples,Reta,Não,3,0,1,0,2,0,1,2,"-16,78382","-43,890787",SPRF-MG,DEL12-MG,UOP01-DEL12-MG
334530.0,2021-01-15,sexta-feira,08:30:00,MG,381.0,"647,2",SANTO ANTONIO DO AMPARO,Ultrapassagem Indevida,Capotamento,Com Vítimas Feridas,Pleno dia,Crescente,Nublado,Dupla,Reta,Não,2,0,1,0,1,0,1,1,"-20,95465676","-44,91211505",SPRF-MG,DEL04-MG,UOP02-DEL04-MG
334549.0,2021-01-15,sexta-feira,10:10:00,MG,146.0,"435,4",GUAXUPE,Velocidade Incompatível,Saída de leito carroçável,Com Vítimas Feridas,Pleno dia,Decrescente,Garoa/Chuvisco,Simples,Não Informado,Não,1,0,1,0,0,0,1,1,"-21,30560808","-46,62958145",SPRF-MG,DEL09-MG,UOP01-DEL09-MG
334564.0,2021-01-15,sexta-feira,10:00:00,MG,262.0,508,LUZ,Ausência de reação do condutor,Tombamento,Sem Vítimas,Pleno dia,Decrescente,Céu Claro,Simples,Reta,Não,2,0,0,0,2,0,0,1,"-19,77025936","-45,51078303",SPRF-MG,DEL08-MG,UOP03-DEL08-MG
334571.0,2021-01-15,sexta-feira,13:40:00,MG,262.0,"447,3",NOVA SERRANA,Acumulo de areia ou detritos sobre o pavimento,Colisão com objeto,Sem Vítimas,Pleno dia,Crescente,Sol,Simples,Não Informado,Não,4,0,0,0,4,0,0,1,"-19,85746689","-45,01270294",SPRF-MG,DEL08-MG,UOP03-DEL08-MG
334586.0,2021-01-15,sexta-feira,14:00:00,MG,40.0,"780,9",JUIZ DE FORA,Manobra de mudança de faixa,Colisão lateral mesmo sentido,Sem Vítimas,Pleno dia,Crescente,Céu Claro,Dupla,Reta,Sim,4,0,0,0,4,0,0,3,"-21,67939981","-43,44987329",SPRF-MG,DEL05-MG,UOP01-DEL05-MG
334587.0,2021-01-15,sexta-feira,14:02:00,MG,40.0,"780,9",JUIZ DE FORA,Velocidade Incompatível,Colisão traseira,Sem Vítimas,Pleno dia,Decrescente,Céu Claro,Dupla,Reta,Sim,2,0,0,0,2,0,0,2,"-21,67939981","-43,44987329",SPRF-MG,DEL05-MG,UOP01-DEL05-MG
334597.0,2021-01-15,sexta-feira,15:40:00,MG,262.0,372,JUATUBA,Avarias e/ou desgaste excessivo no pneu,Tombamento,Com Vítimas Feridas,Pleno dia,Crescente,Nublado,Dupla,Não Informado,Não,2,0,1,0,1,0,1,1,"-19,94011002","-44,38785553",SPRF-MG,DEL01-MG,UOP03-DEL01-MG
334603.0,2021-01-15,sexta-feira,15:40:00,MG,381.0,"697,3",LAVRAS,Chuva,Colisão com objeto,Com Vítimas Feridas,Pleno dia,Crescente,Chuva,Dupla,Curva,Não,3,0,1,0,2,0,1,1,"-21,261073","-45,13997",SPRF-MG,DEL04-MG,UOP02-DEL04-MG
334614.0,2021-01-15,sexta-feira,17:00:00,MG,40.0,"43,4",PARACATU,Mal súbito do condutor,Tombamento,Com Vítimas Feridas,Pleno dia,Crescente,Céu Claro,Simples,Reta,Sim,2,0,0,1,0,1,1,1,"-17,22598002","-46,86163701",SPRF-MG,DEL14-MG,UOP01-DEL14-MG
334628.0,2021-01-15,sexta-feira,16:00:00,MG,262.0,"437,6",NOVA SERRANA,Ausência de reação do condutor,Colisão traseira,Sem Vítimas,Pleno dia,Decrescente,Sol,Dupla,Interseção de vias,Sim,2,0,0,0,1,1,0,2,"-19,89622194","-44,86972815",SPRF-MG,DEL08-MG,UOP03-DEL08-MG
334642.0,2021-01-15,sexta-feira,18:25:00,MG,356.0,"265,9",MURIAE,Transitar na contramão,Colisão lateral sentido oposto,Com Vítimas Feridas,Anoitecer,Crescente,Céu Claro,Simples,Curva,Não,4,0,3,0,0,1,3,2,"-21,12837532","-42,3668558",SPRF-MG,DEL07-MG,UOP02-DEL07-MG
334655.0,2021-01-15,sexta-feira,17:40:00,MG,116.0,414,GOVERNADOR VALADARES,Condutor deixou de manter distância do veículo da frente,Tombamento,Com Vítimas Feridas,Pleno dia,Decrescente,Sol,Simples,Ponte,Não,1,0,0,1,0,0,1,1,"-18,88102703","-41,95910802",SPRF-MG,DEL06-MG,UOP01-DEL06-MG
334689.0,2021-01-15,sexta-feira,18:20:00,MG,116.0,"285,3",TEOFILO OTONI,Retorno proibido,Colisão transversal,Com Vítimas Feridas,Plena Noite,Decrescente,Nublado,Simples,Não Informado,Não,3,0,1,1,1,0,2,2,"-17,92737798","-41,5284009",SPRF-MG,DEL11-MG,UOP01-DEL11-MG
334692.0,2021-01-15,sexta-feira,23:10:00,MG,262.0,486,BOM DESPACHO,Avarias e/ou desgaste excessivo no pneu,Saída de leito carroçável,Sem Vítimas,Plena Noite,Decrescente,Chuva,Simples,Desvio Temporário,Não,4,0,0,0,4,0,0,1,"-19,78610881","-45,30392798",SPRF-MG,DEL08-MG,UOP03-DEL08-MG
334705.0,2021-01-15,sexta-feira,22:10:00,MG,116.0,"414,4",GOVERNADOR VALADARES,Transitar no acostamento,Colisão lateral,Com Vítimas Fatais,Plena Noite,Decrescente,Céu Claro,Simples,Reta,Sim,3,1,0,0,0,2,0,2,"-18,88212772","-41,95717335",SPRF-MG,DEL06-MG,UOP01-DEL06-MG
334709.0,2021-01-15,sexta-feira,16:30:00,MG,116.0,"206,2",CATUJI,Manobra de mudança de faixa,Colisão transversal,Com Vítimas Fatais,Pleno dia,Decrescente,Nublado,Simples,Reta,Sim,7,1,5,1,0,0,6,2,"-17,29125695","-41,51824456",SPRF-MG,DEL11-MG,UOP01-DEL11-MG
334727.0,2021-01-16,sábado,04:00:00,MG,116.0,"812,7",ALEM PARAIBA,Velocidade Incompatível,Colisão com objeto,Com Vítimas Feridas,Pleno dia,Crescente,Céu Claro,Simples,Curva,Não,4,0,4,0,0,0,4,1,"-21,8449291","-42,67297203",SPRF-MG,DEL07-MG,UOP01-DEL07-MG
334736.0,2021-01-16,sábado,05:15:00,MG,381.0,"777,6",CAMPANHA,Condutor Dormindo,Saída de leito carroçável,Com Vítimas Feridas,Amanhecer,Decrescente,Chuva,Dupla,Reta,Não,1,0,1,0,0,0,1,1,"-21,82472705","-45,49551193",SPRF-MG,DEL16-MG,UOP02-DEL16-MG
334737.0,2021-01-16,sábado,04:00:00,MG,262.0,152,SAO DOMINGOS DO PRATA,Ingestão de álcool pelo condutor,Saída de leito carroçável,Com Vítimas Feridas,Amanhecer,Crescente,Chuva,Simples,Reta,Não,2,0,1,1,0,0,2,1,"-19,99702081","-42,78390787",SPRF-MG,DEL03-MG,UOP03-DEL03-MG
334743.0,2021-01-16,sábado,05:50:00,MG,40.0,820,SIMAO PEREIRA,Velocidade Incompatível,Saída de leito carroçável,Sem Vítimas,Amanhecer,Decrescente,Ignorado,Dupla,Não Informado,Não,1,0,0,0,1,0,0,1,"-21,95428588","-43,30025733",SPRF-MG,DEL05-MG,UOP01-DEL05-MG
334753.0,2021-01-16,sábado,05:10:00,MG,40.0,"46,1",PARACATU,Pista Escorregadia,Colisão com objeto,Com Vítimas Feridas,Amanhecer,Crescente,Chuva,Simples,Reta,Não,1,0,1,0,0,0,1,1,"-17,23875763","-46,83697693",SPRF-MG,DEL14-MG,UOP01-DEL14-MG
334757.0,2021-01-15,sexta-feira,23:30:00,MG,356.0,"265,8",MURIAE,Ingestão de álcool pelo condutor,Colisão traseira,Com Vítimas Feridas,Plena Noite,Crescente,Céu Claro,Simples,Não Informado,Sim,2,0,0,1,0,1,1,2,"-21,12735244","-42,3689611",SPRF-MG,DEL07-MG,UOP02-DEL07-MG
334772.0,2021-01-16,sábado,08:00:00,MG,116.0,410,GOVERNADOR VALADARES,Conversão proibida,Colisão traseira,Com Vítimas Feridas,Pleno dia,Crescente,Céu Claro,Dupla,Reta,Sim,2,0,2,0,0,0,2,2,"-18,855625","-41,975623",SPRF-MG,DEL06-MG,UOP01-DEL06-MG
334791.0,2021-01-09,sábado,06:30:00,MG,40.0,"774,8",JUIZ DE FORA,Ausência de reação do condutor,Colisão com objeto,Com Vítimas Feridas,Pleno dia,Crescente,Nublado,Dupla,Reta,Sim,3,0,1,1,1,0,2,1,"-21,65956979","-43,43355867",SPRF-MG,DEL05-MG,UOP01-DEL05-MG
334794.0,2021-01-16,sábado,11:30:00,MG,365.0,591,INDIANOPOLIS,Condutor deixou de manter distância do veículo da frente,Colisão traseira,Sem Vítimas,Pleno dia,Decrescente,Céu Claro,Simples,Não Informado,Não,2,0,0,0,2,0,0,2,"-18,878559","-48,031471",SPRF-MG,DEL15-MG,UOP02-DEL15-MG
334801.0,2021-01-16,sábado,11:20:00,MG,365.0,"371,9",PATOS DE MINAS,Velocidade Incompatível,Colisão frontal,Com Vítimas Fatais,Pleno dia,Crescente,Chuva,Simples,Curva,Não,31,1,2,0,27,1,2,2,"-18,54065222","-46,2059055",SPRF-MG,DEL10-MG,UOP01-DEL10-MG
334821.0,2021-01-16,sábado,13:30:00,MG,262.0,"440,3",NOVA SERRANA,Velocidade Incompatível,Saída de leito carroçável,Sem Vítimas,Pleno dia,Crescente,Chuva,Dupla,Reta,Não,1,0,0,0,1,0,0,1,"-19,88607114","-44,89407411",SPRF-MG,DEL08-MG,UOP03-DEL08-MG
334825.0,2021-01-16,sábado,15:00:00,MG,381.0,"939,7",EXTREMA,Velocidade Incompatível,Capotamento,Com Vítimas Feridas,Pleno dia,Decrescente,Chuva,Dupla,Reta,Não,2,0,1,0,1,0,1,1,"-22,84701434","-46,33321175",SPRF-MG,DEL16-MG,UOP03-DEL16-MG
334827.0,2021-01-16,sábado,14:40:00,MG,50.0,"6,5",UBERLANDIA,Acumulo de água sobre o pavimento,Saída de leito carroçável,Com Vítimas Feridas,Pleno dia,Decrescente,Chuva,Dupla,Não Informado,Não,2,0,1,0,1,0,1,1,"-18,86893028","-48,2138443",SPRF-MG,DEL15-MG,UOP01-DEL15-MG
334830.0,2021-01-16,sábado,15:00:00,MG,50.0,"182,5",UBERABA,Demais falhas mecânicas ou elétricas,Queda de ocupante de veículo,Com Vítimas Feridas,Pleno dia,Decrescente,Nublado,Dupla,Reta,Sim,1,0,1,0,0,0,1,1,"-19,793806","-47,911165",SPRF-MG,DEL13-MG,UOP01-DEL13-MG
334855.0,2021-01-16,sábado,18:10:00,MG,262.0,"380,3",JUATUBA,Velocidade Incompatível,Saída de leito carroçável,Com Vítimas Feridas,Anoitecer,Crescente,Nublado,Dupla,Curva,Não,2,0,1,1,0,0,2,1,"-19,934838","-44,435147",SPRF-MG,DEL01-MG,UOP03-DEL01-MG
334862.0,2021-01-16,sábado,19:00:00,MG,262.0,"381,3",JUATUBA,Velocidade Incompatível,Saída de leito carroçável,Com Vítimas Feridas,Plena Noite,Decrescente,Nublado,Dupla,Curva,Não,2,0,1,0,1,0,1,1,"-19,940622","-44,386969",SPRF-MG,DEL01-MG,UOP03-DEL01-MG
334873.0,2021-01-16,sábado,14:30:00,MG,365.0,"638,9",UBERLANDIA,Ausência de reação do condutor,Saída de leito carroçável,Sem Vítimas,Pleno dia,Crescente,Nublado,Dupla,Reta,Não,1,0,0,0,0,1,0,1,"-18,8883267","-48,44671495",SPRF-MG,DEL15-MG,UOP01-DEL15-MG
334874.0,2021-01-16,sábado,19:40:00,MG,381.0,441,SABARA,Demais falhas mecânicas ou elétricas,Incêndio,Sem Vítimas,Plena Noite,Crescente,Nublado,Simples,Não Informado,Não,1,0,0,0,1,0,0,1,"-19,81604176","-43,80389901",SPRF-MG,DEL01-MG,UOP01-DEL01-MG
334897.0,2021-01-16,sábado,18:40:00,MG,40.0,232,SAO GONCALO DO ABAETE,Ausência de reação do condutor,Saída de leito carroçável,Com Vítimas Feridas,Plena Noite,Crescente,Chuva,Simples,Reta,Não,3,0,1,2,0,0,3,1,"-18,01562","-45,553455",SPRF-MG,DEL14-MG,UOP02-DEL14-MG
334982.0,2021-01-17,domingo,11:30:00,MG,40.0,"597,3",OURO PRETO,Reação tardia ou ineficiente do condutor,Colisão traseira,Sem Vítimas,Pleno dia,Crescente,Céu Claro,Dupla,Não Informado,Não,3,0,0,0,3,0,0,2,"-20,41730221","-43,88841571",SPRF-MG,DEL05-MG,UOP02-DEL05-MG
334986.0,2021-01-17,domingo,12:00:00,MG,381.0,"487,5",BETIM,Manobra de mudança de faixa,Colisão lateral mesmo sentido,Com Vítimas Feridas,Pleno dia,Crescente,Sol,Dupla,Reta,Sim,2,0,1,0,1,0,1,2,"-19,95586853","-44,14609501",SPRF-MG,DEL01-MG,UOP03-DEL01-MG
334994.0,2021-01-17,domingo,12:15:00,MG,381.0,567,ITAGUARA,Demais falhas mecânicas ou elétricas,Incêndio,Sem Vítimas,Pleno dia,Decrescente,Nublado,Dupla,Curva,Não,1,0,0,0,1,0,0,1,"-20,42174833","-44,53677185",SPRF-MG,DEL04-MG,UOP03-DEL04-MG
335016.0,2021-01-17,domingo,15:00:00,MG,381.0,"696,9",LAVRAS,Avarias e/ou desgaste excessivo no pneu,Saída de leito carroçável,Com Vítimas Feridas,Pleno dia,Crescente,Sol,Dupla,Reta,Não,3,0,2,0,1,0,2,1,"-21,28522379","-45,14051435",SPRF-MG,DEL04-MG,UOP02-DEL04-MG
335040.0,2021-01-17,domingo,17:30:00,MG,381.0,490,BETIM,Demais falhas mecânicas ou elétricas,Queda de ocupante de veículo,Com Vítimas Feridas,Anoitecer,Crescente,Céu Claro,Múltipla,Reta,Sim,2,0,2,0,0,0,2,1,"-19,96502819","-44,17422195",SPRF-MG,DEL01-MG,UOP03-DEL01-MG
335077.0,2021-01-17,domingo,19:05:00,MG,116.0,"564,7",MANHUACU,Velocidade Incompatível,Tombamento,Com Vítimas Feridas,Plena Noite,Decrescente,Nublado,Simples,Curva,Não,1,0,1,0,0,0,1,1,"-20,06216515","-42,17191471",SPRF-MG,DEL06-MG,UOP04-DEL06-MG
335081.0,2021-01-17,domingo,20:25:00,MG,40.0,"459,9",CAETANOPOLIS,Deixar de acionar o farol da motocicleta (ou similar),Colisão com objeto,Com Vítimas Feridas,Plena Noite,Decrescente,Céu Claro,Dupla,Reta,Não,1,0,1,0,0,0,1,1,"-19,396091","-44,334165",SPRF-MG,DEL02-MG,UOP01-DEL02-MG
335106.0,2021-01-17,domingo,23:00:00,MG,381.0,788,SAO GONCALO DO SAPUCAI,Transitar na contramão,Saída de leito carroçável,Sem Vítimas,Plena Noite,Decrescente,Céu Claro,Dupla,Reta,Não,1,0,0,0,0,1,0,1,"-21,8650106","-45,53349293",SPRF-MG,DEL16-MG,UOP02-DEL16-MG
335109.0,2021-01-17,domingo,20:15:00,MG,153.0,222,FRUTAL,Avarias e/ou desgaste excessivo no pneu,Saída de leito carroçável,Com Vítimas Feridas,Plena Noite,Crescente,Céu Claro,Simples,Reta,Não,1,0,0,1,0,0,1,1,"-20,172567","-49,11351",SPRF-MG,DEL13-MG,UOP02-DEL13-MG
335129.0,2021-01-18,segunda-feira,02:30:00,MG,381.0,504,BETIM,Velocidade Incompatível,Tombamento,Com Vítimas Feridas,Plena Noite,Decrescente,Céu Claro,Dupla,Reta,Sim,2,0,2,0,0,0,2,1,"-20,03437852","-44,24211645",SPRF-MG,DEL01-MG,UOP03-DEL01-MG
335145.0,2021-01-18,segunda-feira,06:40:00,MG,50.0,"55,3",UBERLANDIA,Ausência de reação do condutor,Saída de leito carroçável,Com Vítimas Feridas,Pleno dia,Crescente,Nublado,Dupla,Não Informado,Não,1,0,1,0,0,0,1,1,"-18,77290538","-48,24124319",SPRF-MG,DEL15-MG,UOP02-DEL15-MG
335150.0,2021-01-18,segunda-feira,05:50:00,MG,365.0,"680,5",MONTE ALEGRE DE MINAS,Estacionar ou parar em local proibido,Colisão traseira,Sem Vítimas,Pleno dia,Crescente,Céu Claro,Dupla,Reta,Não,2,0,0,0,1,1,0,2,"-18,84935555","-48,81435871",SPRF-MG,DEL15-MG,UOP01-DEL15-MG
335171.0,2021-01-18,segunda-feira,07:30:00,MG,381.0,483,BETIM,Condutor deixou de manter distância do veículo da frente,Colisão traseira,Com Vítimas Feridas,Pleno dia,Decrescente,Céu Claro,Múltipla,Reta,Sim,2,0,1,0,1,0,1,2,"-19,95594491","-44,10721699",SPRF-MG,DEL01-MG,UOP03-DEL01-MG
335172.0,2021-01-18,segunda-feira,08:15:00,MG,381.0,"485,2",BETIM,Condutor deixou de manter distância do veículo da frente,Colisão traseira,Com Vítimas Feridas,Pleno dia,Decrescente,Céu Claro,Dupla,Desvio Temporário,Sim,2,0,1,0,1,0,1,2,"-19,95584283","-44,09817696",SPRF-MG,DEL01-MG,UOP03-DEL01-MG
335240.0,2021-01-18,segunda-feira,13:30:00,MG,262.0,"186,7",SAO DOMINGOS DO PRATA,Retorno proibido,Colisão transversal,Com Vítimas Feridas,Pleno dia,Crescente,Sol,Simples,Reta,Não,9,0,3,0,6,0,3,2,"-19,8960903","-43,04050143",SPRF-MG,DEL03-MG,UOP01-DEL03-MG
335261.0,2021-01-14,quinta-feira,17:00:00,MG,365.0,680,MONTE ALEGRE DE MINAS,Velocidade Incompatível,Saída de leito carroçável,Com Vítimas Feridas,Pleno dia,Crescente,Céu Claro,Dupla,Reta,Não,1,0,1,0,0,0,1,1,"-18,84915171","-48,81914097",SPRF-MG,DEL15-MG,UOP01-DEL15-MG
335266.0,2021-01-18,segunda-feira,17:20:00,MG,116.0,"305,2",ITAMBACURI,Velocidade Incompatível,Saída de leito carroçável,Com Vítimas Feridas,Pleno dia,Crescente,Céu Claro,Simples,Não Informado,Não,1,0,0,1,0,0,1,1,"-18,03188584","-41,65290534",SPRF-MG,DEL11-MG,UOP01-DEL11-MG
335295.0,2021-01-03,domingo,16:00:00,MG,365.0,553,NOVA PONTE,Acessar a via sem observar a presença dos outros veículos,Colisão traseira,Com Vítimas Feridas,Pleno dia,Decrescente,Céu Claro,Simples,Reta,Não,6,0,3,0,3,0,3,3,"-18,93043379","-47,71371204",SPRF-MG,DEL15-MG,UOP02-DEL15-MG
335330.0,2021-01-18,segunda-feira,17:37:00,MG,40.0,"38,9",PARACATU,Condutor Dormindo,Saída de leito carroçável,Com Vítimas Feridas,Anoitecer,Decrescente,Céu Claro,Simples,Reta,Não,2,0,2,0,0,0,2,1,"-17,21050388","-46,89942099",SPRF-MG,DEL14-MG,UOP01-DEL14-MG
335332.0,2021-01-19,terça-feira,06:00:00,MG,40.0,511,RIBEIRAO DAS NEVES,Manobra de mudança de faixa,Colisão lateral,Com Vítimas Feridas,Pleno dia,Crescente,Sol,Dupla,Reta,Sim,2,0,1,0,1,0,1,2,"-19,78164295","-44,11733194",SPRF-MG,DEL01-MG,UOP02-DEL01-MG
335335.0,2021-01-19,terça-feira,06:15:00,MG,40.0,515,RIBEIRAO DAS NEVES,Trafegar com motocicleta (ou similar) entre as faixas,Colisão lateral,Com Vítimas Feridas,Pleno dia,Crescente,Céu Claro,Dupla,Reta,Não,2,0,1,0,1,0,1,2,"-19,8090079","-44,09493479",SPRF-MG,DEL01-MG,UOP02-DEL01-MG
335345.0,2021-01-19,terça-feira,07:50:00,MG,40.0,516,RIBEIRAO DAS NEVES,Trafegar com motocicleta (ou similar) entre as faixas,Atropelamento de Pedestre,Com Vítimas Feridas,Pleno dia,Crescente,Céu Claro,Dupla,Reta,Não,3,0,0,1,1,1,1,1,"-19,81628624","-44,08960124",SPRF-MG,DEL01-MG,UOP02-DEL01-MG
335346.0,2021-01-19,terça-feira,08:30:00,MG,40.0,"504,9",SETE LAGOAS,Ultrapassagem Indevida,Colisão lateral,Com Vítimas Feridas,Pleno dia,Crescente,Céu Claro,Dupla,Reta,Não,2,0,1,0,1,0,1,2,"-19,4727405","-44,2952528",SPRF-MG,DEL02-MG,UOP01-DEL02-MG
335348.0,2021-01-19,terça-feira,08:15:00,MG,40.0,509,RIBEIRAO DAS NEVES,Trafegar com motocicleta (ou similar) entre as faixas,Colisão lateral,Com Vítimas Feridas,Pleno dia,Crescente,Céu Claro,Dupla,Não Informado,Sim,2,0,1,0,1,0,1,2,"-19,76728744","-44,12855905",SPRF-MG,DEL01-MG,UOP02-DEL01-MG
335371.0,2021-01-14,quinta-feira,21:05:00,MG,251.0,"508,2",FRANCISCO SA,Afundamento ou ondulação no pavimento,Tombamento,Com Vítimas Feridas,Plena Noite,Crescente,Céu Claro,Simples,Não Informado,Não,2,0,1,1,0,0,2,2,"-16,63317695","-43,69642613",SPRF-MG,DEL12-MG,UOP01-DEL12-MG
335389.0,2021-01-19,terça-feira,08:50:00,MG,116.0,"411,9",GOVERNADOR VALADARES,Condutor deixou de manter distância do veículo da frente,Colisão traseira,Com Vítimas Feridas,Pleno dia,Decrescente,Céu Claro,Simples,Reta,Sim,2,0,1,0,1,0,1,2,"-18,86244705","-41,97405237",SPRF-MG,DEL06-MG,UOP01-DEL06-MG
335395.0,2021-01-19,terça-feira,15:00:00,MG,381.0,491,BETIM,Manobra de mudança de faixa,Colisão lateral mesmo sentido,Com Vítimas Feridas,Pleno dia,Decrescente,Sol,Simples,Interseção de vias,Sim,2,0,1,0,1,0,1,2,"-19,96132878","-44,15482521",SPRF-MG,DEL01-MG,UOP03-DEL01-MG
335401.0,2021-01-19,terça-feira,15:45:00,MG,40.0,515,RIBEIRAO DAS NEVES,Ausência de reação do condutor,Colisão com objeto,Com Vítimas Feridas,Pleno dia,Crescente,Céu Claro,Dupla,Reta,Sim,2,0,1,0,1,0,1,2,"-19,8090079","-44,09493479",SPRF-MG,DEL01-MG,UOP02-DEL01-MG
335443.0,2021-01-19,terça-feira,16:20:00,MG,50.0,150,UBERABA,Velocidade Incompatível,Saída de leito carroçável,Com Vítimas Feridas,Pleno dia,Crescente,Céu Claro,Dupla,Reta,Não,1,0,1,0,0,0,1,1,"-19,56472304","-48,03358933",SPRF-MG,DEL13-MG,UOP01-DEL13-MG
335466.0,2021-01-19,terça-feira,23:40:00,MG,381.0,"507,7",SAO JOAQUIM DE BICAS,Ingestão de álcool pelo condutor,Colisão transversal,Com Vítimas Feridas,Plena Noite,Crescente,Céu Claro,Dupla,Reta,Sim,3,0,1,0,2,0,1,2,"-20,05643192","-44,28663308",SPRF-MG,DEL01-MG,UOP03-DEL01-MG
335473.0,2021-01-19,terça-feira,14:30:00,MG,262.0,"432,5",NOVA SERRANA,Velocidade Incompatível,Saída de leito carroçável,Sem Vítimas,Pleno dia,Crescente,Sol,Dupla,Reta,Não,1,0,0,0,0,1,0,1,"-19,88670259","-44,89500225",SPRF-MG,DEL08-MG,UOP03-DEL08-MG