id,data_inversa,dia_semana,horario,uf,br,km,municipio,causa_acidente,tipo_acidente,classificacao_acidente,fase_dia,sentido_via,condicao_metereologica,tipo_pista,tracado_via,uso_solo,pessoas,mortos,feridos_leves,feridos_graves,ilesos,ignorados,feridos,veiculos,latitude,longitude,regional,delegacia,uop
335476.0,2021-01-19,terça-feira,17:40:00,MG,116.0,415,GOVERNADOR VALADARES,Condutor deixou de manter distância do veículo da frente,Colisão traseira,Com Vítimas Feridas,Pleno dia,Decrescente,Céu Claro,Simples,Reta,Sim,4,0,2,0,1,1,2,2,"-18,88425952","-41,9478929",SPRF-MG,DEL06-MG,UOP01-DEL06-MG
335492.0,2021-01-20,quarta-feira,06:40:00,MG,354.0,"745,5",POUSO ALTO,Desrespeitar a preferência no cruzamento,Colisão transversal,Com Vítimas Feridas,Amanhecer,Decrescente,Céu Claro,Simples,Não Informado,Sim,3,0,2,0,1,0,2,2,"-22,25383057","-44,92996216",SPRF-MG,DEL17-MG,UOP01-DEL17-MG
335502.0,2021-01-20,quarta-feira,07:15:00,MG,381.0,"668,9",PERDOES,Velocidade Incompatível,Colisão com objeto,Com Vítimas Feridas,Pleno dia,Crescente,Céu Claro,Dupla,Curva,Não,3,0,1,1,1,0,2,1,"-21,05515","-45,033765",SPRF-MG,DEL04-MG,UOP02-DEL04-MG
335524.0,2021-01-20,quarta-feira,10:15:00,MG,381.0,844,SAO SEBASTIAO DA BELA VISTA,Obras na pista,Queda de ocupante de veículo,Com Vítimas Feridas,Pleno dia,Crescente,Céu Claro,Dupla,Reta,Não,1,0,1,0,0,0,1,1,"-22,229838","-45,876144",SPRF-MG,DEL16-MG,UOP01-DEL16-MG
335561.0,2021-01-20,quarta-feira,14:20:00,MG,50.0,72,UBERLANDIA,Desrespeitar a preferência no cruzamento,Colisão transversal,Com Vítimas Feridas,Pleno dia,Crescente,Céu Claro,Dupla,Interseção de vias,Sim,2,0,1,0,1,0,1,2,"-18,90306891","-48,23570967",SPRF-MG,DEL15-MG,UOP01-DEL15-MG
335577.0,2021-01-20,quarta-feira,13:00:00,MG,40.0,79,PARACATU,Reação tardia ou ineficiente do condutor,Saída de leito carroçável,Com Vítimas Feridas,Pleno dia,Decrescente,Céu Claro,Simples,Reta,Não,3,0,2,0,0,1,2,1,"-17,45703003","-46,66874501",SPRF-MG,DEL14-MG,UOP01-DEL14-MG
335582.0,2021-01-16,sábado,00:30:00,MG,459.0,"99,6",POUSO ALEGRE,Ingestão de álcool pelo condutor,Colisão com objeto,Com Vítimas Feridas,Plena Noite,Crescente,Nublado,Dupla,Reta,Não,5,0,2,0,0,3,2,2,"-22,20908562","-45,92809981",SPRF-MG,DEL16-MG,UOP01-DEL16-MG
335603.0,2021-01-20,quarta-feira,15:30:00,MG,262.0,"45,3",MANHUACU,Acessar a via sem observar a presença dos outros veículos,Colisão transversal,Com Vítimas Feridas,Pleno dia,Crescente,Céu Claro,Simples,Reta,Não,3,0,2,0,1,0,2,2,"-20,26268024","-42,10647583",SPRF-MG,DEL06-MG,UOP04-DEL06-MG
335608.0,2021-01-20,quarta-feira,17:50:00,MG,381.0,888,CAMBUI,Velocidade Incompatível,Saída de leito carroçável,Com Vítimas Feridas,Pleno dia,Decrescente,Céu Claro,Dupla,Reta,Não,1,0,1,0,0,0,1,1,"-22,57036508","-46,04169076",SPRF-MG,DEL16-MG,UOP03-DEL16-MG
335632.0,2021-01-20,quarta-feira,16:00:00,MG,381.0,"642,7",SANTO ANTONIO DO AMPARO,Ausência de reação do condutor,Saída de leito carroçável,Com Vítimas Feridas,Pleno dia,Decrescente,Céu Claro,Dupla,Reta,Não,5,0,5,0,0,0,5,2,"-20,93717503","-44,87533274",SPRF-MG,DEL04-MG,UOP01-DEL04-MG
335660.0,2021-01-20,quarta-feira,22:20:00,MG,365.0,636,UBERLANDIA,Restrição de visibilidade em curvas verticais,Colisão traseira,Com Vítimas Feridas,Plena Noite,Decrescente,Céu Claro,Dupla,Não Informado,Não,2,0,1,0,1,0,1,2,"-18,89121835","-48,42797405",SPRF-MG,DEL15-MG,UOP01-DEL15-MG
335691.0,2021-01-21,quinta-feira,05:00:00,MG,262.0,"39,3",MANHUACU,Conversão proibida,Colisão frontal,Com Vítimas Feridas,Amanhecer,Decrescente,Céu Claro,Simples,Reta,Sim,2,0,0,1,1,0,1,2,"-20,27165802","-42,03950458",SPRF-MG,DEL06-MG,UOP04-DEL06-MG
335697.0,2021-01-21,quinta-feira,06:30:00,MG,381.0,481,CONTAGEM,Ausência de reação do condutor,Colisão traseira,Sem Vítimas,Amanhecer,Crescente,Céu Claro,Dupla,Reta,Sim,2,0,0,0,1,1,0,2,"-19,95931561","-44,08825597",SPRF-MG,DEL01-MG,UOP03-DEL01-MG
335707.0,2021-01-21,quinta-feira,08:15:00,MG,381.0,479,CONTAGEM,Acessar a via sem observar a presença dos outros veículos,Colisão lateral,Com Vítimas Feridas,Pleno dia,Crescente,Céu Claro,Múltipla,Curva,Sim,2,0,1,0,1,0,1,2,"-19,95889605","-44,069202",SPRF-MG,DEL01-MG,UOP03-DEL01-MG
335730.0,2021-01-21,quinta-feira,11:00:00,MG,365.0,"752,9",ITUIUTABA,Manobra de mudança de faixa,Colisão frontal,Com Vítimas Feridas,Pleno dia,Crescente,Sol,Simples,Não Informado,Não,2,0,0,1,1,0,1,2,"-18,947495","-49,45934",SPRF-MG,DEL15-MG,UOP03-DEL15-MG
335742.0,2021-01-09,sábado,10:50:00,MG,262.0,498,BETIM,Condutor deixou de manter distância do veículo da frente,Colisão traseira,Com Vítimas Feridas,Pleno dia,Crescente,Céu Claro,Dupla,Reta,Não,2,0,1,0,1,0,1,2,"-19,98314167","-44,20191173",SPRF-MG,DEL08-MG,UOP03-DEL08-MG
335743.0,2021-01-21,quinta-feira,11:20:00,MG,40.0,471,SETE LAGOAS,Reação tardia ou ineficiente do condutor,Colisão com objeto,Sem Vítimas,Pleno dia,Crescente,Céu Claro,Dupla,Não Informado,Não,1,0,0,0,1,0,0,1,"-19,47543632","-44,29066576",SPRF-MG,DEL02-MG,UOP01-DEL02-MG
335773.0,2021-01-21,quinta-feira,16:28:00,MG,40.0,514,RIBEIRAO DAS NEVES,Reação tardia ou ineficiente do condutor,Queda de ocupante de veículo,Com Vítimas Feridas,Pleno dia,Decrescente,Céu Claro,Dupla,Reta,Sim,2,0,1,0,0,1,1,1,"-19,80151928","-44,10000333",SPRF-MG,DEL01-MG,UOP02-DEL01-MG
335774.0,2021-01-21,quinta-feira,16:40:00,MG,365.0,"566,3",INDIANOPOLIS,Ultrapassagem Indevida,Colisão traseira,Com Vítimas Feridas,Pleno dia,Decrescente,Sol,Simples,Reta,Não,3,0,2,0,1,0,2,1,"-18,917345","-47,81981",SPRF-MG,DEL15-MG,UOP02-DEL15-MG
335791.0,2021-01-21,quinta-feira,14:10:00,MG,116.0,"275,9",TEOFILO OTONI,Ausência de reação do condutor,Colisão com objeto,Com Vítimas Feridas,Pleno dia,Decrescente,Céu Claro,Simples,Reta,Sim,4,0,1,0,3,0,1,2,"-17,84997","-41,515053",SPRF-MG,DEL11-MG,UOP01-DEL11-MG
335795.0,2021-01-21,quinta-feira,18:10:00,MG,40.0,"709,1",BARBACENA,Demais falhas mecânicas ou elétricas,Tombamento,Com Vítimas Feridas,Anoitecer,Crescente,Céu Claro,Dupla,Reta,Não,2,0,1,0,1,0,1,1,"-21,24249015","-43,72298753",SPRF-MG,DEL05-MG,UOP02-DEL05-MG
335824.0,2021-01-21,quinta-feira,17:20:00,MG,262.0,"37,7",MANHUACU,Acessar a via sem observar a presença dos outros veículos,Colisão lateral sentido oposto,Com Vítimas Feridas,Pleno dia,Crescente,Céu Claro,Simples,Curva,Não,2,0,1,0,1,0,1,2,"-20,25748975","-42,03048732",SPRF-MG,DEL06-MG,UOP04-DEL06-MG
335825.0,2021-01-21,quinta-feira,17:50:00,MG,262.0,32,MANHUACU,Condutor deixou de manter distância do veículo da frente,Colisão traseira,Com Vítimas Feridas,Anoitecer,Crescente,Céu Claro,Simples,Reta,Não,2,0,2,0,0,0,2,2,"-20,25556389","-41,99814902",SPRF-MG,DEL06-MG,UOP04-DEL06-MG
335829.0,2021-01-21,quinta-feira,20:10:00,MG,116.0,"279,3",TEOFILO OTONI,Reação tardia ou ineficiente do condutor,Tombamento,Com Vítimas Feridas,Plena Noite,Crescente,Céu Claro,Simples,Reta,Não,2,0,0,2,0,0,2,1,"-17,878311","-41,521808",SPRF-MG,DEL11-MG,UOP01-DEL11-MG
335861.0,2021-01-22,sexta-feira,07:00:00,MG,381.0,484,BETIM,Trafegar com motocicleta (ou similar) entre as faixas,Tombamento,Com Vítimas Feridas,Pleno dia,Decrescente,Céu Claro,Dupla,Reta,Sim,1,0,1,0,0,0,1,1,"-19,95531717","-44,11722196",SPRF-MG,DEL01-MG,UOP03-DEL01-MG
335872.0,2021-01-22,sexta-feira,06:55:00,MG,381.0,"482,1",BETIM,Estacionar ou parar em local proibido,Colisão lateral,Com Vítimas Feridas,Amanhecer,Decrescente,Céu Claro,Múltipla,Interseção de vias,Sim,3,0,2,0,1,0,2,2,"-19,955532","-44,097209",SPRF-MG,DEL01-MG,UOP03-DEL01-MG
335881.0,2021-01-22,sexta-feira,08:00:00,MG,40.0,"82,6",PARACATU,Reação tardia ou ineficiente do condutor,Saída de leito carroçável,Com Vítimas Feridas,Pleno dia,Crescente,Céu Claro,Simples,Reta,Não,4,0,0,2,2,0,2,1,"-17,46980649","-46,64389174",SPRF-MG,DEL14-MG,UOP01-DEL14-MG
335884.0,2021-01-22,sexta-feira,07:20:00,MG,50.0,72,UBERLANDIA,Condutor deixou de manter distância do veículo da frente,Engavetamento,Com Vítimas Feridas,Pleno dia,Decrescente,Céu Claro,Dupla,Reta,Sim,4,0,3,0,1,0,3,4,"-18,85140204","-48,25345932",SPRF-MG,DEL15-MG,UOP01-DEL15-MG
335890.0,2021-01-22,sexta-feira,09:30:00,MG,365.0,604,UBERLANDIA,Velocidade Incompatível,Saída de leito carroçável,Com Vítimas Fatais,Pleno dia,Crescente,Céu Claro,Simples,Curva,Sim,1,1,0,0,0,0,0,1,"-18,90390519","-48,16353682",SPRF-MG,DEL15-MG,UOP01-DEL15-MG
335895.0,2021-01-22,sexta-feira,09:50:00,MG,50.0,"67,2",UBERLANDIA,Condutor deixou de manter distância do veículo da frente,Colisão traseira,Com Vítimas Feridas,Pleno dia,Crescente,Céu Claro,Dupla,Não Informado,Sim,5,0,1,0,4,0,1,2,"-18,85140204","-48,25345932",SPRF-MG,DEL15-MG,UOP02-DEL15-MG
335909.0,2021-01-22,sexta-feira,09:40:00,MG,365.0,741,ITUIUTABA,Pista Escorregadia,Saída de leito carroçável,Com Vítimas Feridas,Pleno dia,Decrescente,Chuva,Simples,Reta,Não,2,0,1,0,1,0,1,1,"-18,91363311","-49,38245598",SPRF-MG,DEL15-MG,UOP03-DEL15-MG
335926.0,2021-01-22,sexta-feira,10:04:00,MG,116.0,216,CATUJI,Transitar na contramão,Colisão frontal,Com Vítimas Feridas,Pleno dia,Decrescente,Céu Claro,Simples,Reta,Não,3,0,0,2,1,0,2,2,"-17,3756538","-41,52881674",SPRF-MG,DEL11-MG,UOP01-DEL11-MG
335936.0,2021-01-22,sexta-feira,15:50:00,MG,381.0,"502,1",BETIM,Avarias e/ou desgaste excessivo no pneu,Tombamento,Com Vítimas Feridas,Pleno dia,Decrescente,Céu Claro,Múltipla,Reta,Sim,2,0,2,0,0,0,2,1,"-20,01956483","-44,22836065",SPRF-MG,DEL01-MG,UOP03-DEL01-MG
335968.0,2021-01-22,sexta-feira,19:50:00,MG,381.0,326,NOVA ERA,Pedestre andava na pista,Atropelamento de Pedestre,Com Vítimas Feridas,Plena Noite,Decrescente,Céu Claro,Dupla,Reta,Sim,2,0,1,0,1,0,1,1,"-19,76186464","-43,04442797",SPRF-MG,DEL03-MG,UOP02-DEL03-MG
335990.0,2021-01-22,sexta-feira,22:30:00,MG,40.0,"449,5",CAETANOPOLIS,Demais falhas mecânicas ou elétricas,Incêndio,Sem Vítimas,Plena Noite,Decrescente,Céu Claro,Dupla,Reta,Não,1,0,0,0,1,0,0,1,"-19,30931885","-44,37278577",SPRF-MG,DEL02-MG,UOP01-DEL02-MG
335994.0,2021-01-22,sexta-feira,22:30:00,MG,40.0,"716,1",BARBACENA,Transitar na contramão,Colisão frontal,Com Vítimas Feridas,Plena Noite,Decrescente,Céu Claro,Dupla,Curva,Não,3,0,3,0,0,0,3,2,"-21,25153502","-43,66402206",SPRF-MG,DEL05-MG,UOP01-DEL05-MG
336001.0,2021-01-22,sexta-feira,22:10:00,MG,116.0,277,TEOFILO OTONI,Demais falhas mecânicas ou elétricas,Incêndio,Sem Vítimas,Plena Noite,Decrescente,Céu Claro,Dupla,Reta,Sim,1,0,0,0,1,0,0,1,"-17,859945","-41,515144",SPRF-MG,DEL11-MG,UOP01-DEL11-MG
336034.0,2021-01-23,sábado,04:40:00,MG,365.0,"163,3",PIRAPORA,Ingestão de álcool pelo condutor,Colisão frontal,Com Vítimas Feridas,Plena Noite,Crescente,Céu Claro,Simples,Reta,Não,2,0,1,1,0,0,2,2,"-17,37115292","-44,94542206",SPRF-MG,DEL12-MG,UOP01-DEL12-MG
336050.0,2021-01-22,sexta-feira,22:35:00,MG,365.0,"749,4",ITUIUTABA,Reação tardia ou ineficiente do condutor,Colisão lateral,Sem Vítimas,Plena Noite,Decrescente,Céu Claro,Dupla,Curva,Não,2,0,0,0,2,0,0,2,"-18,93793339","-49,43876589",SPRF-MG,DEL15-MG,UOP03-DEL15-MG
336059.0,2021-01-23,sábado,07:00:00,MG,262.0,"498,9",MOEMA,Objeto estático sobre o leito carroçável,Colisão com objeto,Com Vítimas Feridas,Pleno dia,Decrescente,Nublado,Simples,Não Informado,Não,2,0,2,0,0,0,2,1,"-19,78434602","-45,41778",SPRF-MG,DEL08-MG,UOP03-DEL08-MG
336065.0,2021-01-23,sábado,07:15:00,MG,50.0,71,UBERLANDIA,Pista esburacada,Saída de leito carroçável,Com Vítimas Feridas,Pleno dia,Decrescente,Sol,Dupla,Viaduto,Sim,1,0,0,1,0,0,1,1,"-18,85140204","-48,25345932",SPRF-MG,DEL15-MG,UOP01-DEL15-MG
336076.0,2021-01-23,sábado,08:50:00,MG,262.0,381,JUATUBA,Ingestão de álcool pelo condutor,Saída de leito carroçável,Sem Vítimas,Pleno dia,Crescente,Céu Claro,Dupla,Reta,Não,1,0,0,0,1,0,0,1,"-19,940622","-44,386969",SPRF-MG,DEL01-MG,UOP03-DEL01-MG
336094.0,2021-01-23,sábado,10:30:00,MG,381.0,670,PERDOES,Condutor deixou de manter distância do veículo da frente,Colisão lateral mesmo sentido,Sem Vítimas,Pleno dia,Decrescente,Céu Claro,Dupla,Reta,Não,2,0,0,0,1,1,0,2,"-21,08238495","-45,06246807",SPRF-MG,DEL04-MG,UOP02-DEL04-MG
336096.0,2021-01-23,sábado,07:30:00,MG,365.0,725,MONTE ALEGRE DE MINAS,Velocidade Incompatível,Saída de leito carroçável,Sem Vítimas,Pleno dia,Crescente,Céu Claro,Simples,Reta,Não,1,0,0,0,1,0,0,1,"-18,8909884","-49,23329489",SPRF-MG,DEL15-MG,UOP03-DEL15-MG
336118.0,2021-01-23,sábado,12:30:00,MG,116.0,411,GOVERNADOR VALADARES,Ingestão de álcool pelo condutor,Colisão lateral,Com Vítimas Feridas,Pleno dia,Crescente,Sol,Dupla,Retorno Regulamentado,Sim,2,0,1,0,1,0,1,2,"-18,86076305","-41,97452372",SPRF-MG,DEL06-MG,UOP01-DEL06-MG
336154.0,2021-01-23,sábado,15:20:00,MG,116.0,"762,9",LEOPOLDINA,Ausência de reação do condutor,Colisão traseira,Com Vítimas Feridas,Pleno dia,Decrescente,Céu Claro,Simples,Não Informado,Não,2,0,1,0,1,0,1,2,"-21,52887723","-42,62360898",SPRF-MG,DEL07-MG,UOP01-DEL07-MG
336158.0,2021-01-23,sábado,14:45:00,MG,262.0,"462,8",ARAUJOS,Ultrapassagem Indevida,Saída de leito carroçável,Com Vítimas Feridas,Pleno dia,Crescente,Sol,Simples,Não Informado,Não,6,0,1,0,1,4,1,1,"-19,81682578","-45,08869985",SPRF-MG,DEL08-MG,UOP03-DEL08-MG
336161.0,2021-01-23,sábado,17:50:00,MG,40.0,639,CONSELHEIRO LAFAIETE,Ingestão de álcool pelo condutor,Tombamento,Com Vítimas Feridas,Pleno dia,Decrescente,Céu Claro,Simples,Desvio Temporário,Não,1,0,1,0,0,0,1,1,"-20,73219989","-43,79985054",SPRF-MG,DEL05-MG,UOP02-DEL05-MG
336167.0,2021-01-23,sábado,19:10:00,MG,40.0,"280,9",TRES MARIAS,Acesso irregular,Colisão transversal,Com Vítimas Fatais,Plena Noite,Decrescente,Céu Claro,Simples,Reta,Não,2,1,0,0,1,0,0,2,"-18,23500807","-45,21384008",SPRF-MG,DEL14-MG,UOP02-DEL14-MG
336184.0,2021-01-23,sábado,18:25:00,MG,40.0,"708,3",BARBACENA,Manobra de mudança de faixa,Colisão lateral,Com Vítimas Feridas,Pleno dia,Decrescente,Céu Claro,Dupla,Reta,Não,3,0,2,0,0,1,2,2,"-21,23355421","-43,72566853",SPRF-MG,DEL05-MG,UOP02-DEL05-MG
336192.0,2021-01-23,sábado,19:50:00,MG,116.0,415,GOVERNADOR VALADARES,Ingestão de álcool pelo condutor,Colisão traseira,Sem Vítimas,Plena Noite,Crescente,Céu Claro,Simples,Retorno Regulamentado,Não,3,0,0,0,3,0,0,3,"-18,88401297","-41,94924399",SPRF-MG,DEL06-MG,UOP01-DEL06-MG
336200.0,2021-01-23,sábado,21:20:00,MG,262.0,"353,8",BETIM,Estacionar ou parar em local proibido,Colisão com objeto,Com Vítimas Feridas,Plena Noite,Crescente,Céu Claro,Dupla,Não Informado,Não,2,0,1,0,0,1,1,2,"-19,95947688","-44,15416308",SPRF-MG,DEL01-MG,UOP03-DEL01-MG
336212.0,2021-01-23,sábado,23:20:00,MG,40.0,525,CONTAGEM,Ausência de reação do condutor,Queda de ocupante de veículo,Com Vítimas Feridas,Plena Noite,Decrescente,Céu Claro,Dupla,Reta,Sim,1,0,1,0,0,0,1,1,"-19,88361702","-44,05039336",SPRF-MG,DEL01-MG,UOP02-DEL01-MG
336221.0,2021-01-24,domingo,00:02:00,MG,381.0,"481,1",CONTAGEM,Velocidade Incompatível,Colisão traseira,Com Vítimas Feridas,Plena Noite,Decrescente,Céu Claro,Múltipla,Não Informado,Sim,4,0,1,0,2,1,1,4,"-19,95874718","-44,06154871",SPRF-MG,DEL01-MG,UOP03-DEL01-MG
336261.0,2021-01-24,domingo,03:30:00,MG,50.0,"23,5",ARAGUARI,Condutor Dormindo,Saída de leito carroçável,Com Vítimas Feridas,Plena Noite,Crescente,Céu Claro,Dupla,Desvio Temporário,Não,24,0,1,0,23,0,1,1,"-18,61017798","-48,05876",SPRF-MG,DEL15-MG,UOP02-DEL15-MG
336264.0,2021-01-24,domingo,03:15:00,MG,262.0,"409,3",IGARATINGA,Ingestão de álcool pelo condutor,Saída de leito carroçável,Com Vítimas Fatais,Plena Noite,Crescente,Céu Claro,Dupla,Reta,Não,1,1,0,0,0,0,0,1,"-19,8901412","-44,62313102",SPRF-MG,DEL08-MG,UOP03-DEL08-MG
336272.0,2021-01-24,domingo,04:00:00,MG,153.0,8,ARAPORA,Condutor Dormindo,Saída de leito carroçável,Sem Vítimas,Amanhecer,Decrescente,Céu Claro,Dupla,Reta,Não,2,0,0,0,2,0,0,1,"-18,469534","-49,18824998",SPRF-MG,DEL15-MG,UOP03-DEL15-MG
336292.0,2021-01-24,domingo,09:40:00,MG,365.0,627,UBERLANDIA,Manobra de mudança de faixa,Colisão traseira,Com Vítimas Feridas,Pleno dia,Decrescente,Céu Claro,Dupla,Retorno Regulamentado,Sim,2,0,1,0,1,0,1,2,"-18,90359335","-48,34361612",SPRF-MG,DEL15-MG,UOP01-DEL15-MG
336293.0,2021-01-24,domingo,09:45:00,MG,381.0,"908,2",CAMBUI,Velocidade Incompatível,Tombamento,Com Vítimas Feridas,Pleno dia,Decrescente,Céu Claro,Dupla,Curva,Não,1,0,1,0,0,0,1,1,"-22,68625119","-46,10275269",SPRF-MG,DEL16-MG,UOP03-DEL16-MG
336307.0,2021-01-24,domingo,12:00:00,MG,381.0,"573,5",ITAGUARA,Demais falhas mecânicas ou elétricas,Incêndio,Sem Vítimas,Pleno dia,Crescente,Céu Claro,Dupla,Reta,Não,1,0,0,0,1,0,0,1,"-20,46009378","-44,57276625",SPRF-MG,DEL04-MG,UOP01-DEL04-MG
336313.0,2021-01-24,domingo,01:05:00,MG,381.0,"204,2",PERIQUITO,Condutor Dormindo,Saída de leito carroçável,Com Vítimas Feridas,Plena Noite,Decrescente,Céu Claro,Simples,Curva,Não,1,0,1,0,0,0,1,1,"-19,173464","-42,253041",SPRF-MG,DEL06-MG,UOP01-DEL06-MG
336326.0,2021-01-24,domingo,13:50:00,MG,365.0,"582,7",ARAGUARI,Condutor Dormindo,Saída de leito carroçável,Sem Vítimas,Pleno dia,Crescente,Céu Claro,Simples,Não Informado,Não,2,0,0,0,2,0,0,1,"-18,86972276","-47,97409697",SPRF-MG,DEL15-MG,UOP02-DEL15-MG
336347.0,2021-01-24,domingo,16:20:00,MG,262.0,"428,8",SAO GONCALO DO PARA,Reação tardia ou ineficiente do condutor,Saída de leito carroçável,Com Vítimas Feridas,Pleno dia,Crescente,Céu Claro,Dupla,Curva,Não,1,0,1,0,0,0,1,1,"-19,88673132","-44,78673594",SPRF-MG,DEL08-MG,UOP03-DEL08-MG
336351.0,2021-01-24,domingo,17:50:00,MG,381.0,327,NOVA ERA,Desrespeitar a preferência no cruzamento,Colisão traseira,Com Vítimas Feridas,Pleno dia,Decrescente,Sol,Dupla,Reta,Não,2,0,0,1,1,0,1,2,"-19,76723696","-43,04699067",SPRF-MG,DEL03-MG,UOP02-DEL03-MG
336359.0,2021-01-24,domingo,17:30:00,MG,40.0,521,RIBEIRAO DAS NEVES,Acessar a via sem observar a presença dos outros veículos,Colisão lateral,Sem Vítimas,Pleno dia,Decrescente,Céu Claro,Dupla,Reta,Não,4,0,0,0,4,0,0,2,"-19,85651501","-44,07213222",SPRF-MG,DEL01-MG,UOP02-DEL01-MG
336372.0,2021-01-24,domingo,19:35:00,MG,381.0,"450,7",SABARA,Condutor deixou de manter distância do veículo da frente,Colisão traseira,Com Vítimas Feridas,Plena Noite,Crescente,Céu Claro,Simples,Reta,Sim,5,0,2,1,2,0,3,3,"-19,8289181","-43,8412106",SPRF-MG,DEL01-MG,UOP01-DEL01-MG
336374.0,2021-01-24,domingo,18:30:00,MG,40.0,"790,7",JUIZ DE FORA,Ingestão de álcool pelo condutor,Colisão com objeto,Sem Vítimas,Plena Noite,Decrescente,Céu Claro,Dupla,Curva,Não,1,0,0,0,1,0,0,1,"-21,77130707","-43,43618608",SPRF-MG,DEL05-MG,UOP01-DEL05-MG
336387.0,2021-01-24,domingo,16:50:00,MG,381.0,"938,6",EXTREMA,Chuva,Capotamento,Com Vítimas Feridas,Pleno dia,Crescente,Chuva,Dupla,Curva,Não,3,0,1,0,2,0,1,1,"-22,83909203","-46,32850893",SPRF-MG,DEL16-MG,UOP03-DEL16-MG
336401.0,2021-01-24,domingo,19:30:00,MG,116.0,529,CARATINGA,Afundamento ou ondulação no pavimento,Tombamento,Com Vítimas Feridas,Plena Noite,Crescente,Céu Claro,Dupla,Reta,Não,1,0,0,1,0,0,1,1,"-19,80209596","-42,13678193",SPRF-MG,DEL06-MG,UOP02-DEL06-MG
336408.0,2021-01-24,domingo,19:10:00,MG,50.0,128,UBERABA,Condutor Dormindo,Saída de leito carroçável,Sem Vítimas,Anoitecer,Decrescente,Céu Claro,Dupla,Reta,Não,1,0,0,0,1,0,0,1,"-19,37184398","-48,07827086",SPRF-MG,DEL13-MG,UOP01-DEL13-MG
336416.0,2021-01-24,domingo,21:50:00,MG,381.0,349,JOAO MONLEVADE,Condutor deixou de manter distância do veículo da frente,Colisão traseira,Com Vítimas Feridas,Plena Noite,Crescente,Céu Claro,Simples,Interseção de vias,Não,2,0,1,0,1,0,1,2,"-19,8499239","-43,14868105",SPRF-MG,DEL03-MG,UOP01-DEL03-MG
336419.0,2021-01-24,domingo,20:45:00,MG,116.0,"752,6",LEOPOLDINA,Ausência de reação do condutor,Colisão lateral sentido oposto,Com Vítimas Feridas,Plena Noite,Decrescente,Céu Claro,Simples,Reta,Não,2,0,1,0,1,0,1,2,"-21,47033213","-42,55907489",SPRF-MG,DEL07-MG,UOP01-DEL07-MG
336427.0,2021-01-24,domingo,19:20:00,MG,116.0,"526,1",CARATINGA,Ingestão de álcool pelo condutor,Colisão traseira,Sem Vítimas,Anoitecer,Crescente,Céu Claro,Simples,Reta,Sim,2,0,0,0,1,1,0,2,"-19,77654011","-42,13327989",SPRF-MG,DEL06-MG,UOP02-DEL06-MG
336437.0,2021-01-24,domingo,22:50:00,MG,262.0,"566,7",CORREGO DANTA,Ingestão de álcool pelo condutor,Colisão frontal,Com Vítimas Feridas,Plena Noite,Crescente,Nublado,Simples,Curva,Não,4,0,3,1,0,0,4,2,"-19,74959878","-45,99005005",SPRF-MG,DEL08-MG,UOP02-DEL08-MG
336448.0,2021-01-24,domingo,23:01:00,MG,459.0,"79,7",CONGONHAL,Velocidade Incompatível,Saída de leito carroçável,Com Vítimas Fatais,Plena Noite,Decrescente,Céu Claro,Simples,Reta,Não,1,1,0,0,0,0,0,1,"-22,15632674","-46,08532906",SPRF-MG,DEL09-MG,UOP01-DEL09-MG
336456.0,2021-01-24,domingo,20:18:00,MG,116.0,"629,8",ORIZANIA,Transitar na contramão,Colisão frontal,Com Vítimas Fatais,Plena Noite,Decrescente,Garoa/Chuvisco,Simples,Curva,Não,2,1,0,1,0,0,1,2,"-20,57445201","-42,20865305",SPRF-MG,DEL07-MG,UOP03-DEL07-MG
336495.0,2021-01-25,segunda-feira,09:00:00,MG,116.0,"577,3",MANHUACU,Ingestão de álcool pelo condutor,Saída de leito carroçável,Com Vítimas Feridas,Pleno dia,Crescente,Céu Claro,Simples,Reta,Não,1,0,0,1,0,0,1,1,"-20,161295","-42,189066",SPRF-MG,DEL06-MG,UOP04-DEL06-MG
336499.0,2021-01-24,domingo,11:00:00,MG,116.0,327,CAMPANARIO,Velocidade Incompatível,Capotamento,Com Vítimas Feridas,Pleno dia,Decrescente,Sol,Simples,Reta,Não,1,0,1,0,0,0,1,1,"-18,20002383","-41,6747763",SPRF-MG,DEL11-MG,UOP01-DEL11-MG
336500.0,2021-01-25,segunda-feira,10:40:00,MG,381.0,489,BETIM,Reação tardia ou ineficiente do condutor,Capotamento,Com Vítimas Feridas,Pleno dia,Crescente,Sol,Dupla,Desvio Temporário,Sim,1,0,0,1,0,0,1,1,"-19,96245618","-44,16455495",SPRF-MG,DEL01-MG,UOP03-DEL01-MG
336538.0,2021-01-25,segunda-feira,11:00:00,MG,40.0,586,ITABIRITO,Velocidade Incompatível,Saída de leito carroçável,Com Vítimas Feridas,Pleno dia,Crescente,Céu Claro,Simples,Curva,Não,1,0,1,0,0,0,1,1,"-20,34175518","-43,92038073",SPRF-MG,DEL01-MG,UOP02-DEL01-MG