id,data_inversa,dia_semana,horario,uf,br,km,municipio,causa_acidente,tipo_acidente,classificacao_acidente,fase_dia,sentido_via,condicao_metereologica,tipo_pista,tracado_via,uso_solo,pessoas,mortos,feridos_leves,feridos_graves,ilesos,ignorados,feridos,veiculos,latitude,longitude,regional,delegacia,uop
336573.0,2021-01-25,segunda-feira,16:30:00,MG,381.0,"482,9",BETIM,Demais falhas mecânicas ou elétricas,Queda de ocupante de veículo,Com Vítimas Feridas,Pleno dia,Crescente,Céu Claro,Dupla,Reta,Sim,1,0,1,0,0,0,1,1,"-19,955532","-44,097209",SPRF-MG,DEL01-MG,UOP03-DEL01-MG
336574.0,2021-01-25,segunda-feira,16:30:00,MG,381.0,"483,8",BETIM,Condutor deixou de manter distância do veículo da frente,Engavetamento,Com Vítimas Feridas,Pleno dia,Decrescente,Céu Claro,Dupla,Não Informado,Sim,6,0,3,0,3,0,3,4,"-19,95594491","-44,10721699",SPRF-MG,DEL01-MG,UOP03-DEL01-MG
336606.0,2021-01-25,segunda-feira,17:30:00,MG,40.0,280,TRES MARIAS,Afundamento ou ondulação no pavimento,Saída de leito carroçável,Com Vítimas Feridas,Pleno dia,Decrescente,Chuva,Simples,Reta,Não,1,0,1,0,0,0,1,1,"-18,23500807","-45,21384008",SPRF-MG,DEL14-MG,UOP02-DEL14-MG
336609.0,2021-01-25,segunda-feira,18:30:00,MG,381.0,501,BETIM,Demais falhas mecânicas ou elétricas,Queda de ocupante de veículo,Com Vítimas Feridas,Anoitecer,Decrescente,Céu Claro,Dupla,Reta,Sim,1,0,1,0,0,0,1,1,"-20,03146447","-44,2377893",SPRF-MG,DEL01-MG,UOP03-DEL01-MG
336630.0,2021-01-25,segunda-feira,15:00:00,MG,381.0,"203,3",NAQUE,Pista esburacada,Saída de leito carroçável,Com Vítimas Feridas,Pleno dia,Decrescente,Céu Claro,Simples,Reta,Não,1,0,1,0,0,0,1,1,"-19,19209037","-42,27541577",SPRF-MG,DEL06-MG,UOP01-DEL06-MG
336631.0,2021-01-25,segunda-feira,21:00:00,MG,40.0,"789,5",JUIZ DE FORA,Acessar a via sem observar a presença dos outros veículos,Colisão traseira,Com Vítimas Feridas,Plena Noite,Crescente,Céu Claro,Dupla,Interseção de vias,Não,2,0,1,0,1,0,1,2,"-21,75969297","-43,44077628",SPRF-MG,DEL05-MG,UOP01-DEL05-MG
336646.0,2021-01-25,segunda-feira,22:30:00,MG,262.0,"777,3",UBERABA,Ausência de reação do condutor,Saída de leito carroçável,Sem Vítimas,Plena Noite,Crescente,Céu Claro,Simples,Curva,Não,1,0,0,0,1,0,0,1,"-19,73029928","-47,73733298",SPRF-MG,DEL13-MG,UOP01-DEL13-MG
336666.0,2021-01-26,terça-feira,02:30:00,MG,40.0,"506,5",RIBEIRAO DAS NEVES,Animais na Pista,Atropelamento de Animal,Sem Vítimas,Plena Noite,Decrescente,Céu Claro,Dupla,Reta,Sim,1,0,0,0,1,0,0,1,"-19,74962","-44,14552",SPRF-MG,DEL02-MG,UOP01-DEL02-MG
336675.0,2021-01-26,terça-feira,02:15:00,MG,381.0,"710,9",CARMO DA CACHOEIRA,Reação tardia ou ineficiente do condutor,Saída de leito carroçável,Com Vítimas Feridas,Pleno dia,Crescente,Céu Claro,Dupla,Reta,Não,3,0,3,0,0,0,3,1,"-21,38614615","-45,1948603",SPRF-MG,DEL04-MG,UOP02-DEL04-MG
336705.0,2021-01-26,terça-feira,10:00:00,MG,40.0,145,JOAO PINHEIRO,Acessar a via sem observar a presença dos outros veículos,Colisão transversal,Com Vítimas Feridas,Pleno dia,Crescente,Céu Claro,Simples,Interseção de vias,Não,3,0,1,0,2,0,1,2,"-17,75566262","-46,16329585",SPRF-MG,DEL14-MG,UOP01-DEL14-MG
336723.0,2021-01-26,terça-feira,09:30:00,MG,116.0,"541,4",SANTA RITA DE MINAS,Ausência de reação do condutor,Colisão transversal,Com Vítimas Feridas,Pleno dia,Crescente,Céu Claro,Simples,Reta,Não,2,0,1,0,1,0,1,2,"-19,89438795","-42,13395072",SPRF-MG,DEL06-MG,UOP02-DEL06-MG
336778.0,2021-01-26,terça-feira,19:00:00,MG,365.0,419,PATOS DE MINAS,Animais na Pista,Atropelamento de Animal,Com Vítimas Feridas,Plena Noite,Crescente,Céu Claro,Simples,Reta,Não,1,0,1,0,0,0,1,1,"-18,69581421","-46,59448986",SPRF-MG,DEL10-MG,UOP01-DEL10-MG
336781.0,2021-01-26,terça-feira,18:35:00,MG,381.0,453,SABARA,Transitar no acostamento,Atropelamento de Pedestre,Com Vítimas Feridas,Amanhecer,Decrescente,Céu Claro,Simples,Não Informado,Sim,2,0,1,0,0,1,1,1,"-19,84339604","-43,88596993",SPRF-MG,DEL01-MG,UOP01-DEL01-MG
336787.0,2021-01-26,terça-feira,16:00:00,MG,365.0,823,SANTA VITORIA,Velocidade Incompatível,Colisão com objeto,Com Vítimas Feridas,Pleno dia,Crescente,Sol,Dupla,Interseção de vias,Não,1,0,1,0,0,0,1,1,"-18,8765869","-50,12366004",SPRF-MG,DEL15-MG,UOP03-DEL15-MG
336810.0,2021-01-26,terça-feira,20:15:00,MG,381.0,346,JOAO MONLEVADE,Velocidade Incompatível,Saída de leito carroçável,Com Vítimas Feridas,Plena Noite,Crescente,Céu Claro,Simples,Reta,Não,4,0,1,0,3,0,1,1,"-19,85740706","-43,12344309",SPRF-MG,DEL03-MG,UOP01-DEL03-MG
336820.0,2021-01-26,terça-feira,22:00:00,MG,354.0,752,ITAMONTE,Desrespeitar a preferência no cruzamento,Colisão transversal,Com Vítimas Feridas,Plena Noite,Decrescente,Céu Claro,Simples,Reta,Sim,2,0,1,0,1,0,1,2,"-22,29340799","-44,86366398",SPRF-MG,DEL17-MG,UOP01-DEL17-MG
336840.0,2021-01-27,quarta-feira,05:50:00,MG,381.0,382,SAO GONCALO DO RIO ABAIXO,Velocidade Incompatível,Colisão lateral mesmo sentido,Com Vítimas Feridas,Pleno dia,Decrescente,Céu Claro,Simples,Reta,Não,3,0,1,1,1,0,2,3,"-19,8203938","-43,39028183",SPRF-MG,DEL01-MG,UOP01-DEL01-MG
336843.0,2021-01-27,quarta-feira,06:50:00,MG,50.0,47,ARAGUARI,Velocidade Incompatível,Tombamento,Com Vítimas Feridas,Pleno dia,Crescente,Céu Claro,Dupla,Curva,Não,1,0,1,0,0,0,1,1,"-18,72799811","-48,20659169",SPRF-MG,DEL15-MG,UOP02-DEL15-MG
336847.0,2021-01-27,quarta-feira,08:10:00,MG,40.0,527,CONTAGEM,Condutor deixou de manter distância do veículo da frente,Colisão lateral mesmo sentido,Com Vítimas Feridas,Pleno dia,Crescente,Céu Claro,Dupla,Reta,Sim,2,0,0,1,1,0,1,2,"-19,90149502","-44,04938939",SPRF-MG,DEL01-MG,UOP02-DEL01-MG
336866.0,2021-01-27,quarta-feira,10:00:00,MG,381.0,717,CARMO DA CACHOEIRA,Objeto estático sobre o leito carroçável,Capotamento,Com Vítimas Feridas,Pleno dia,Crescente,Céu Claro,Dupla,Reta,Não,3,0,0,1,2,0,1,1,"-21,43704005","-45,20756491",SPRF-MG,DEL04-MG,UOP02-DEL04-MG
336881.0,2021-01-27,quarta-feira,06:30:00,MG,365.0,152,PIRAPORA,Animais na Pista,Atropelamento de Animal,Com Vítimas Feridas,Pleno dia,Decrescente,Céu Claro,Simples,Reta,Não,1,0,0,1,0,0,1,1,"-17,29807999","-44,89095301",SPRF-MG,DEL12-MG,UOP01-DEL12-MG
336913.0,2021-01-27,quarta-feira,14:50:00,MG,365.0,"60,9",JEQUITAI,Objeto estático sobre o leito carroçável,Colisão com objeto,Sem Vítimas,Pleno dia,Crescente,Céu Claro,Simples,Reta,Não,1,0,0,0,1,0,0,1,"-17,00982598","-44,29400505",SPRF-MG,DEL12-MG,UOP01-DEL12-MG
336938.0,2021-01-27,quarta-feira,18:20:00,MG,365.0,621,UBERLANDIA,Pista esburacada,Tombamento,Com Vítimas Feridas,Pleno dia,Crescente,Céu Claro,Dupla,Reta,Sim,1,0,1,0,0,0,1,1,"-18,899944","-48,274197",SPRF-MG,DEL15-MG,UOP01-DEL15-MG
336969.0,2021-01-27,quarta-feira,19:30:00,MG,116.0,"579,5",MANHUACU,Animais na Pista,Atropelamento de Animal,Com Vítimas Feridas,Plena Noite,Decrescente,Céu Claro,Simples,Curva,Não,2,0,1,0,1,0,1,1,"-20,17836097","-42,18664844",SPRF-MG,DEL06-MG,UOP04-DEL06-MG
336970.0,2021-01-27,quarta-feira,14:00:00,MG,116.0,"656,1",SAO FRANCISCO DO GLORIA,Condutor Dormindo,Saída de leito carroçável,Com Vítimas Feridas,Pleno dia,Decrescente,Sol,Simples,Curva,Não,1,0,1,0,0,0,1,1,"-20,75167035","-42,29404103",SPRF-MG,DEL07-MG,UOP03-DEL07-MG
336971.0,2021-01-27,quarta-feira,20:55:00,MG,262.0,"31,1",REDUTO,Velocidade Incompatível,Capotamento,Com Vítimas Feridas,Plena Noite,Decrescente,Céu Claro,Simples,Curva,Não,1,0,1,0,0,0,1,1,"-20,2532742","-41,992629",SPRF-MG,DEL06-MG,UOP04-DEL06-MG
336974.0,2021-01-27,quarta-feira,20:05:00,MG,116.0,"459,5",ENGENHEIRO CALDAS,Condutor deixou de manter distância do veículo da frente,Colisão lateral,Com Vítimas Feridas,Plena Noite,Crescente,Céu Claro,Simples,Reta,Não,2,0,1,0,1,0,1,2,"-19,22520501","-42,05823777",SPRF-MG,DEL06-MG,UOP02-DEL06-MG
336980.0,2021-01-27,quarta-feira,20:45:00,MG,262.0,788,UBERABA,Condutor Dormindo,Saída de leito carroçável,Com Vítimas Feridas,Plena Noite,Crescente,Nublado,Simples,Reta,Não,1,0,1,0,0,0,1,1,"-19,7588328","-47,83097803",SPRF-MG,DEL13-MG,UOP01-DEL13-MG
336998.0,2021-01-28,quinta-feira,06:40:00,MG,365.0,"651,2",UBERLANDIA,Reação tardia ou ineficiente do condutor,Saída de leito carroçável,Com Vítimas Fatais,Pleno dia,Crescente,Céu Claro,Dupla,Curva,Não,1,1,0,0,0,0,0,1,"-18,86752","-48,566768",SPRF-MG,DEL15-MG,UOP01-DEL15-MG
337013.0,2021-01-28,quinta-feira,08:35:00,MG,381.0,"875,3",ESTIVA,Ausência de reação do condutor,Colisão traseira,Sem Vítimas,Pleno dia,Crescente,Céu Claro,Dupla,Não Informado,Não,3,0,0,0,2,1,0,2,"-22,46421508","-46,00859853",SPRF-MG,DEL16-MG,UOP01-DEL16-MG
337017.0,2021-01-28,quinta-feira,08:30:00,MG,40.0,628,CONSELHEIRO LAFAIETE,Condutor deixou de manter distância do veículo da frente,Colisão traseira,Com Vítimas Feridas,Pleno dia,Crescente,Sol,Dupla,Reta,Sim,2,0,1,0,1,0,1,2,"-20,647269","-43,809808",SPRF-MG,DEL05-MG,UOP02-DEL05-MG
337023.0,2021-01-28,quinta-feira,07:30:00,MG,40.0,512,RIBEIRAO DAS NEVES,Demais falhas mecânicas ou elétricas,Queda de ocupante de veículo,Com Vítimas Feridas,Pleno dia,Crescente,Céu Claro,Dupla,Não Informado,Sim,2,0,1,1,0,0,2,1,"-19,7913783333","-44,112205",SPRF-MG,DEL01-MG,UOP02-DEL01-MG
337043.0,2021-01-28,quinta-feira,11:15:00,MG,116.0,417,GOVERNADOR VALADARES,Condutor deixou de manter distância do veículo da frente,Colisão traseira,Com Vítimas Feridas,Pleno dia,Decrescente,Céu Claro,Simples,Reta,Sim,2,0,1,0,1,0,1,2,"-18,90130308","-41,94492414",SPRF-MG,DEL06-MG,UOP01-DEL06-MG
337052.0,2021-01-28,quinta-feira,11:50:00,MG,116.0,"695,2",MURIAE,Demais falhas mecânicas ou elétricas,Tombamento,Com Vítimas Feridas,Pleno dia,Decrescente,Sol,Simples,Não Informado,Não,2,0,2,0,0,0,2,1,"-21,04833","-42,36814",SPRF-MG,DEL07-MG,UOP02-DEL07-MG
337058.0,2021-01-28,quinta-feira,12:00:00,MG,364.0,1,PLANURA,Pista esburacada,Saída de leito carroçável,Com Vítimas Feridas,Pleno dia,Decrescente,Céu Claro,Simples,Reta,Não,1,0,1,0,0,0,1,1,"-20,13824","-48,702347",SPRF-MG,DEL13-MG,UOP02-DEL13-MG
337059.0,2021-01-28,quinta-feira,14:30:00,MG,40.0,"465,4",SETE LAGOAS,Manobra de mudança de faixa,Colisão lateral mesmo sentido,Com Vítimas Feridas,Pleno dia,Crescente,Céu Claro,Dupla,Reta,Não,3,0,2,0,1,0,2,3,"-19,43835777","-44,33103681",SPRF-MG,DEL02-MG,UOP01-DEL02-MG
337073.0,2021-01-28,quinta-feira,12:40:00,MG,40.0,307,TRES MARIAS,Velocidade Incompatível,Queda de ocupante de veículo,Com Vítimas Feridas,Pleno dia,Decrescente,Sol,Simples,Reta,Não,1,0,0,1,0,0,1,1,"-18,40996889","-45,09106081",SPRF-MG,DEL14-MG,UOP02-DEL14-MG
337146.0,2021-01-28,quinta-feira,22:30:00,MG,116.0,"277,5",TEOFILO OTONI,Condutor deixou de manter distância do veículo da frente,Colisão traseira,Com Vítimas Feridas,Plena Noite,Decrescente,Céu Claro,Múltipla,Reta,Sim,3,0,1,0,1,1,1,2,"-17,86376751","-41,51512384",SPRF-MG,DEL11-MG,UOP01-DEL11-MG
337182.0,2021-01-29,sexta-feira,06:15:00,MG,381.0,483,BETIM,Manobra de mudança de faixa,Colisão com objeto,Com Vítimas Feridas,Pleno dia,Decrescente,Céu Claro,Múltipla,Curva,Sim,1,0,1,0,0,0,1,1,"-19,95818245","-44,07886505",SPRF-MG,DEL01-MG,UOP03-DEL01-MG
337195.0,2021-01-29,sexta-feira,07:20:00,MG,381.0,272,CORONEL FABRICIANO,Condutor Dormindo,Saída de leito carroçável,Sem Vítimas,Pleno dia,Decrescente,Céu Claro,Simples,Curva,Não,3,0,0,0,3,0,0,1,"-19,52686958","-42,66866684",SPRF-MG,DEL03-MG,UOP02-DEL03-MG
337290.0,2021-01-29,sexta-feira,16:30:00,MG,381.0,512,IGARAPE,Acessar a via sem observar a presença dos outros veículos,Colisão transversal,Com Vítimas Feridas,Pleno dia,Decrescente,Sol,Múltipla,Reta,Sim,2,0,1,0,1,0,1,2,"-20,09239724","-44,31458341",SPRF-MG,DEL01-MG,UOP03-DEL01-MG
337298.0,2021-01-29,sexta-feira,17:40:00,MG,381.0,498,BETIM,Condutor deixou de manter distância do veículo da frente,Colisão traseira,Com Vítimas Feridas,Pleno dia,Crescente,Sol,Dupla,Interseção de vias,Não,2,0,1,0,1,0,1,2,"-20,01172662","-44,21976041",SPRF-MG,DEL01-MG,UOP03-DEL01-MG
337332.0,2021-01-29,sexta-feira,20:10:00,MG,40.0,"466,7",SETE LAGOAS,Pedestre cruzava a pista fora da faixa,Atropelamento de Pedestre,Com Vítimas Fatais,Plena Noite,Decrescente,Céu Claro,Dupla,Reta,Sim,4,1,0,0,3,0,0,1,"-19,447469","-44,319921",SPRF-MG,DEL02-MG,UOP01-DEL02-MG
337367.0,2021-01-30,sábado,00:30:00,MG,116.0,409,GOVERNADOR VALADARES,Velocidade Incompatível,Saída de leito carroçável,Com Vítimas Feridas,Plena Noite,Decrescente,Céu Claro,Simples,Reta,Sim,2,0,0,2,0,0,2,1,"-18,84458335","-41,9813776",SPRF-MG,DEL06-MG,UOP01-DEL06-MG
337387.0,2021-01-29,sexta-feira,20:30:00,MG,116.0,"215,5",CATUJI,Acessar a via sem observar a presença dos outros veículos,Colisão lateral mesmo sentido,Com Vítimas Feridas,Plena Noite,Decrescente,Céu Claro,Simples,Não Informado,Não,2,0,0,1,0,1,1,2,"-17,370896","-41,531482",SPRF-MG,DEL11-MG,UOP01-DEL11-MG
337398.0,2021-01-30,sábado,05:20:00,MG,116.0,"275,9",TEOFILO OTONI,Ausência de reação do condutor,Saída de leito carroçável,Sem Vítimas,Amanhecer,Crescente,Céu Claro,Simples,Reta,Sim,1,0,0,0,0,1,0,1,"-17,850257","-41,515068",SPRF-MG,DEL11-MG,UOP01-DEL11-MG
337405.0,2021-01-30,sábado,06:20:00,MG,40.0,520,CONTAGEM,Trafegar com motocicleta (ou similar) entre as faixas,Colisão lateral mesmo sentido,Com Vítimas Feridas,Amanhecer,Crescente,Céu Claro,Dupla,Reta,Sim,2,0,0,1,1,0,1,2,"-19,84761911","-44,07276144",SPRF-MG,DEL01-MG,UOP02-DEL01-MG
337419.0,2021-01-30,sábado,06:55:00,MG,381.0,488,BETIM,Demais falhas mecânicas ou elétricas,Incêndio,Sem Vítimas,Amanhecer,Crescente,Céu Claro,Dupla,Interseção de vias,Sim,1,0,0,0,0,1,0,1,"-19,9598656","-44,15489715",SPRF-MG,DEL01-MG,UOP03-DEL01-MG
337455.0,2021-01-30,sábado,10:50:00,MG,40.0,"653,1",CARANDAI,Reação tardia ou ineficiente do condutor,Tombamento,Com Vítimas Feridas,Pleno dia,Crescente,Céu Claro,Simples,Curva,Não,2,0,2,0,0,0,2,1,"-20,84938602","-43,79880593",SPRF-MG,DEL05-MG,UOP02-DEL05-MG
337482.0,2021-01-30,sábado,14:00:00,MG,40.0,570,NOVA LIMA,Conversão proibida,Colisão transversal,Com Vítimas Feridas,Pleno dia,Crescente,Céu Claro,Simples,Reta,Sim,2,0,2,0,0,0,2,2,"-20,21286706","-43,97263241",SPRF-MG,DEL01-MG,UOP02-DEL01-MG
337501.0,2021-01-30,sábado,13:55:00,MG,50.0,"165,9",UBERABA,Ingestão de álcool pelo condutor,Saída de leito carroçável,Com Vítimas Feridas,Pleno dia,Decrescente,Sol,Dupla,Reta,Não,4,0,1,0,3,0,1,1,"-19,69326783","-47,98949154",SPRF-MG,DEL13-MG,UOP01-DEL13-MG
337525.0,2021-01-30,sábado,09:00:00,MG,381.0,214,NAQUE,Entrada inopinada do pedestre,Atropelamento de Pedestre,Sem Vítimas,Pleno dia,Decrescente,Céu Claro,Simples,Reta,Sim,2,0,0,0,1,1,0,1,"-19,26345825","-42,3457167",SPRF-MG,DEL06-MG,UOP01-DEL06-MG
337548.0,2021-01-30,sábado,17:00:00,MG,40.0,268,TRES MARIAS,Mal súbito do condutor,Saída de leito carroçável,Com Vítimas Feridas,Pleno dia,Crescente,Céu Claro,Simples,Curva,Não,1,0,0,1,0,0,1,1,"-18,1662113","-45,290626",SPRF-MG,DEL14-MG,UOP02-DEL14-MG
337553.0,2021-01-30,sábado,17:40:00,MG,146.0,"505,7",BANDEIRA DO SUL,Manobra de mudança de faixa,Colisão transversal,Com Vítimas Feridas,Pleno dia,Decrescente,Céu Claro,Simples,Reta,Não,2,0,1,0,1,0,1,2,"-21,74230017","-46,40691519",SPRF-MG,DEL09-MG,UOP01-DEL09-MG
337559.0,2021-01-30,sábado,19:50:00,MG,40.0,"815,5",SIMAO PEREIRA,Velocidade Incompatível,Colisão com objeto,Com Vítimas Feridas,Plena Noite,Crescente,Céu Claro,Dupla,Curva,Não,6,0,1,2,3,0,3,1,"-21,899943","-43,31155704",SPRF-MG,DEL05-MG,UOP01-DEL05-MG
337571.0,2021-01-30,sábado,19:30:00,MG,354.0,"753,7",ITAMONTE,Acessar a via sem observar a presença dos outros veículos,Colisão frontal,Com Vítimas Feridas,Plena Noite,Decrescente,Céu Claro,Simples,Reta,Sim,4,0,1,0,3,0,1,3,"-22,28389761","-44,86939967",SPRF-MG,DEL17-MG,UOP01-DEL17-MG
337621.0,2021-01-31,domingo,01:00:00,MG,146.0,"509,5",POCOS DE CALDAS,Ingestão de álcool pelo condutor,Colisão frontal,Com Vítimas Feridas,Plena Noite,Crescente,Céu Claro,Simples,Curva,Não,2,0,2,0,0,0,2,2,"-21,78700262","-46,43933954",SPRF-MG,DEL09-MG,UOP01-DEL09-MG
337626.0,2021-01-31,domingo,02:00:00,MG,40.0,500,ESMERALDAS,Animais na Pista,Atropelamento de Animal,Com Vítimas Feridas,Plena Noite,Decrescente,Céu Claro,Dupla,Reta,Não,2,0,0,1,0,1,1,1,"-19,70073502","-44,17382703",SPRF-MG,DEL02-MG,UOP01-DEL02-MG
337666.0,2021-01-30,sábado,17:20:00,MG,381.0,645,SANTO ANTONIO DO AMPARO,Condutor Dormindo,Saída de leito carroçável,Com Vítimas Feridas,Pleno dia,Crescente,Céu Claro,Dupla,Curva,Não,3,0,2,1,0,0,3,1,"-20,93585876","-44,87535815",SPRF-MG,DEL04-MG,UOP02-DEL04-MG
337668.0,2021-01-31,domingo,06:00:00,MG,381.0,"936,3",EXTREMA,Ingestão de álcool pelo condutor,Colisão com objeto,Com Vítimas Feridas,Pleno dia,Crescente,Sol,Dupla,Não Informado,Não,3,0,2,0,0,1,2,1,"-22,82914914","-46,31469547",SPRF-MG,DEL16-MG,UOP03-DEL16-MG
337672.0,2021-01-31,domingo,07:00:00,MG,262.0,45,MANHUACU,Velocidade Incompatível,Colisão frontal,Com Vítimas Feridas,Pleno dia,Crescente,Sol,Simples,Curva,Não,2,0,2,0,0,0,2,2,"-20,26145201","-42,09686296",SPRF-MG,DEL06-MG,UOP04-DEL06-MG
337676.0,2021-01-31,domingo,05:30:00,MG,116.0,"718,6",MURIAE,Condutor Dormindo,Saída de leito carroçável,Com Vítimas Fatais,Amanhecer,Crescente,Céu Claro,Simples,Curva,Não,1,1,0,0,0,0,0,1,"-21,21860498","-42,39225715",SPRF-MG,DEL07-MG,UOP02-DEL07-MG
337681.0,2021-01-31,domingo,07:00:00,MG,262.0,370,JUATUBA,Velocidade Incompatível,Saída de leito carroçável,Sem Vítimas,Pleno dia,Decrescente,Céu Claro,Dupla,Curva,Não,1,0,0,0,0,1,0,1,"-19,97222641","-44,29910985",SPRF-MG,DEL01-MG,UOP03-DEL01-MG
337709.0,2021-01-31,domingo,13:40:00,MG,381.0,485,BETIM,Acessar a via sem observar a presença dos outros veículos,Colisão lateral mesmo sentido,Com Vítimas Feridas,Pleno dia,Crescente,Sol,Múltipla,Não Informado,Sim,2,0,1,0,1,0,1,2,"-19,95659361","-44,12622893",SPRF-MG,DEL01-MG,UOP03-DEL01-MG
337710.0,2021-01-31,domingo,13:30:00,MG,381.0,"485,1",BETIM,Condutor deixou de manter distância do veículo da frente,Colisão traseira,Com Vítimas Feridas,Pleno dia,Crescente,Céu Claro,Múltipla,Reta,Sim,3,0,1,0,2,0,1,2,"-19,95592351","-44,10392761",SPRF-MG,DEL01-MG,UOP03-DEL01-MG
337715.0,2021-01-31,domingo,14:00:00,MG,262.0,"371,4",JUATUBA,Manobra de mudança de faixa,Colisão lateral mesmo sentido,Com Vítimas Feridas,Pleno dia,Decrescente,Céu Claro,Dupla,Curva,Não,4,0,1,0,3,0,1,4,"-19,97212126","-44,30817896",SPRF-MG,DEL01-MG,UOP03-DEL01-MG
337738.0,2021-01-31,domingo,16:30:00,MG,40.0,561,NOVA LIMA,Reação tardia ou ineficiente do condutor,Colisão traseira,Com Vítimas Feridas,Pleno dia,Decrescente,Nublado,Dupla,Reta,Não,6,0,3,0,3,0,3,4,"-20,13588082","-43,96237943",SPRF-MG,DEL01-MG,UOP02-DEL01-MG
337739.0,2021-01-31,domingo,16:00:00,MG,40.0,"656,9",CARANDAI,Avarias e/ou desgaste excessivo no pneu,Tombamento,Com Vítimas Feridas,Pleno dia,Crescente,Céu Claro,Simples,Não Informado,Não,2,0,1,1,0,0,2,1,"-20,88147085","-43,80379471",SPRF-MG,DEL05-MG,UOP02-DEL05-MG
337740.0,2021-01-31,domingo,14:15:00,MG,365.0,50,CLARO DOS POCOES,Pedestre cruzava a pista fora da faixa,Atropelamento de Pedestre,Com Vítimas Fatais,Pleno dia,Crescente,Sol,Simples,Reta,Não,3,1,0,0,2,0,0,1,"-16,930273","-44,228307",SPRF-MG,DEL12-MG,UOP01-DEL12-MG
337755.0,2021-01-31,domingo,17:05:00,MG,40.0,499,ESMERALDAS,Ingestão de álcool pelo condutor,Saída de leito carroçável,Sem Vítimas,Pleno dia,Crescente,Céu Claro,Dupla,Reta,Não,2,0,0,0,2,0,0,1,"-19,6931829","-44,1782999",SPRF-MG,DEL02-MG,UOP01-DEL02-MG
337764.0,2021-01-31,domingo,18:38:00,MG,50.0,36,ARAGUARI,Reação tardia ou ineficiente do condutor,Tombamento,Com Vítimas Feridas,Anoitecer,Crescente,Céu Claro,Múltipla,Retorno Regulamentado,Sim,2,0,2,0,0,0,2,1,"-18,65453092","-48,14727203",SPRF-MG,DEL15-MG,UOP02-DEL15-MG
337774.0,2021-01-31,domingo,18:00:00,MG,381.0,943,EXTREMA,Manobra de mudança de faixa,Colisão transversal,Com Vítimas Feridas,Anoitecer,Crescente,Chuva,Dupla,Reta,Sim,3,0,2,0,0,1,2,2,"-22,87018424","-46,3581479",SPRF-MG,DEL16-MG,UOP03-DEL16-MG
337797.0,2021-01-31,domingo,20:00:00,MG,262.0,836,UBERABA,Condutor Dormindo,Saída de leito carroçável,Com Vítimas Feridas,Plena Noite,Decrescente,Nublado,Simples,Reta,Não,1,0,1,0,0,0,1,1,"-19,75218091","-48,23839106",SPRF-MG,DEL13-MG,UOP01-DEL13-MG
337807.0,2021-01-31,domingo,21:25:00,MG,381.0,"438,5",SABARA,Obstrução na via,Colisão traseira,Sem Vítimas,Plena Noite,Crescente,Céu Claro,Simples,Curva,Sim,3,0,0,0,3,0,0,2,"-19,80076606","-43,75187159",SPRF-MG,DEL01-MG,UOP01-DEL01-MG
337818.0,2021-01-31,domingo,18:51:00,MG,381.0,"921,5",CAMANDUCAIA,Velocidade Incompatível,Colisão com objeto,Com Vítimas Feridas,Plena Noite,Crescente,Chuva,Dupla,Não Informado,Sim,3,0,2,0,1,0,2,1,"-22,7680939","-46,20854399",SPRF-MG,DEL16-MG,UOP03-DEL16-MG
337829.0,2021-01-31,domingo,22:45:00,MG,50.0,174,UBERABA,Condutor deixou de manter distância do veículo da frente,Colisão traseira,Com Vítimas Feridas,Plena Noite,Crescente,Nublado,Dupla,Reta,Sim,4,0,1,0,2,1,1,3,"-19,770817","-47,973434",SPRF-MG,DEL13-MG,UOP01-DEL13-MG
337861.0,2021-02-01,segunda-feira,03:35:00,MG,50.0,121,UBERABA,Velocidade Incompatível,Saída de leito carroçável,Com Vítimas Feridas,Plena Noite,Decrescente,Céu Claro,Dupla,Reta,Não,3,0,3,0,0,0,3,1,"-19,31647807","-48,10645516",SPRF-MG,DEL13-MG,UOP01-DEL13-MG
337879.0,2021-02-01,segunda-feira,06:20:00,MG,381.0,399,BOM JESUS DO AMPARO,Transitar na contramão,Colisão frontal,Com Vítimas Feridas,Pleno dia,Crescente,Céu Claro,Simples,Rotatória,Sim,2,0,1,0,1,0,1,2,"-19,73901885","-43,50727826",SPRF-MG,DEL01-MG,UOP01-DEL01-MG
337883.0,2021-02-01,segunda-feira,06:58:00,MG,381.0,"850,3",POUSO ALEGRE,Acumulo de areia ou detritos sobre o pavimento,Queda de ocupante de veículo,Com Vítimas Feridas,Pleno dia,Crescente,Chuva,Simples,Curva,Não,1,0,1,0,0,0,1,1,"-22,2786871","-45,89472262",SPRF-MG,DEL16-MG,UOP01-DEL16-MG
337884.0,2021-02-01,segunda-feira,07:40:00,MG,40.0,"506,8",RIBEIRAO DAS NEVES,Avarias e/ou desgaste excessivo no pneu,Colisão com objeto,Com Vítimas Feridas,Pleno dia,Crescente,Nublado,Dupla,Reta,Não,2,0,1,1,0,0,2,1,"-19,7517093","-44,14384961",SPRF-MG,DEL02-MG,UOP01-DEL02-MG