id,data_inversa,dia_semana,horario,uf,br,km,municipio,causa_acidente,tipo_acidente,classificacao_acidente,fase_dia,sentido_via,condicao_metereologica,tipo_pista,tracado_via,uso_solo,pessoas,mortos,feridos_leves,feridos_graves,ilesos,ignorados,feridos,veiculos,latitude,longitude,regional,delegacia,uop
337890.0,2021-02-01,segunda-feira,07:10:00,MG,116.0,278,TEOFILO OTONI,Acessar a via sem observar a presença dos outros veículos,Colisão transversal,Com Vítimas Feridas,Pleno dia,Decrescente,Céu Claro,Simples,Não Informado,Sim,2,0,1,0,1,0,1,2,"-17,86846089","-41,5171394",SPRF-MG,DEL11-MG,UOP01-DEL11-MG
337896.0,2021-02-01,segunda-feira,07:30:00,MG,262.0,442,NOVA SERRANA,Velocidade Incompatível,Colisão traseira,Com Vítimas Feridas,Pleno dia,Crescente,Nublado,Dupla,Reta,Sim,2,0,1,0,1,0,1,2,"-19,8806236","-44,91232265",SPRF-MG,DEL08-MG,UOP03-DEL08-MG
337898.0,2021-02-01,segunda-feira,08:10:00,MG,381.0,804,SAO GONCALO DO SAPUCAI,Condutor Dormindo,Colisão com objeto,Com Vítimas Feridas,Pleno dia,Crescente,Nublado,Dupla,Reta,Não,1,0,1,0,0,0,1,1,"-21,996186","-45,6744899",SPRF-MG,DEL16-MG,UOP02-DEL16-MG
337919.0,2021-01-15,sexta-feira,20:20:00,MG,116.0,"654,8",FERVEDOURO,Desrespeitar a preferência no cruzamento,Colisão transversal,Com Vítimas Feridas,Plena Noite,Crescente,Nublado,Simples,Interseção de vias,Sim,2,0,1,0,1,0,1,2,"-20,74986018","-42,29241383",SPRF-MG,DEL07-MG,UOP03-DEL07-MG
337925.0,2021-02-01,segunda-feira,11:00:00,MG,40.0,360,FELIXLANDIA,Mal súbito do condutor,Colisão com objeto,Com Vítimas Feridas,Pleno dia,Decrescente,Céu Claro,Simples,Rotatória,Não,1,0,1,0,0,0,1,1,"-18,74935288","-44,85229988",SPRF-MG,DEL02-MG,UOP01-DEL02-MG
337970.0,2021-02-01,segunda-feira,16:00:00,MG,381.0,"932,5",EXTREMA,Avarias e/ou desgaste excessivo no pneu,Colisão com objeto,Com Vítimas Feridas,Pleno dia,Decrescente,Chuva,Dupla,Curva,Não,1,0,1,0,0,0,1,1,"-22,79250629","-46,25081906",SPRF-MG,DEL16-MG,UOP03-DEL16-MG
337974.0,2021-02-01,segunda-feira,15:00:00,MG,116.0,"275,8",TEOFILO OTONI,Acessar a via sem observar a presença dos outros veículos,Colisão transversal,Com Vítimas Feridas,Pleno dia,Decrescente,Céu Claro,Simples,Reta,Sim,2,0,0,1,1,0,1,2,"-17,84235093","-41,51410418",SPRF-MG,DEL11-MG,UOP01-DEL11-MG
337981.0,2021-02-01,segunda-feira,17:30:00,MG,40.0,556,NOVA LIMA,Condutor deixou de manter distância do veículo da frente,Colisão traseira,Com Vítimas Feridas,Pleno dia,Decrescente,Nublado,Dupla,Reta,Não,4,0,1,0,3,0,1,3,"-20,09356202","-43,97554136",SPRF-MG,DEL01-MG,UOP02-DEL01-MG
337983.0,2021-02-01,segunda-feira,12:10:00,MG,153.0,48,MONTE ALEGRE DE MINAS,Ausência de reação do condutor,Saída de leito carroçável,Com Vítimas Feridas,Pleno dia,Crescente,Nublado,Dupla,Reta,Não,1,0,1,0,0,0,1,1,"-18,80471613","-49,08293767",SPRF-MG,DEL15-MG,UOP03-DEL15-MG
338007.0,2021-02-01,segunda-feira,20:30:00,MG,381.0,"449,9",SABARA,Área urbana sem a presença de local apropriado para a travessia de pedestres,Atropelamento de Pedestre,Com Vítimas Feridas,Plena Noite,Decrescente,Céu Claro,Simples,Não Informado,Sim,2,0,0,1,0,1,1,1,"-19,84164036","-43,86232683",SPRF-MG,DEL01-MG,UOP01-DEL01-MG
338020.0,2021-02-01,segunda-feira,20:35:00,MG,381.0,"924,5",ITAPEVA,Velocidade Incompatível,Colisão com objeto,Com Vítimas Feridas,Plena Noite,Crescente,Chuva,Dupla,Curva,Não,3,0,1,0,2,0,1,1,"-22,77006727","-46,19548371",SPRF-MG,DEL16-MG,UOP03-DEL16-MG
338107.0,2021-02-02,terça-feira,08:15:00,MG,381.0,939,EXTREMA,Desvio temporário,Queda de ocupante de veículo,Com Vítimas Feridas,Pleno dia,Crescente,Céu Claro,Dupla,Não Informado,Não,1,0,1,0,0,0,1,1,"-22,84701434","-46,33321175",SPRF-MG,DEL16-MG,UOP03-DEL16-MG
338149.0,2021-02-02,terça-feira,14:20:00,MG,381.0,"709,8",NEPOMUCENO,Condutor Dormindo,Saída de leito carroçável,Com Vítimas Feridas,Pleno dia,Crescente,Nublado,Dupla,Não Informado,Não,2,0,1,0,1,0,1,1,"-21,35249985","-45,18097401",SPRF-MG,DEL04-MG,UOP02-DEL04-MG
338156.0,2021-02-02,terça-feira,13:45:00,MG,381.0,478,CONTAGEM,Velocidade Incompatível,Queda de ocupante de veículo,Com Vítimas Fatais,Pleno dia,Crescente,Céu Claro,Dupla,Interseção de vias,Sim,1,1,0,0,0,0,0,1,"-19,95835389","-44,0581584",SPRF-MG,DEL01-MG,UOP03-DEL01-MG
338163.0,2021-02-02,terça-feira,15:30:00,MG,40.0,"497,2",ESMERALDAS,Acessar a via sem observar a presença dos outros veículos,Colisão traseira,Com Vítimas Feridas,Pleno dia,Decrescente,Sol,Dupla,Não Informado,Não,3,0,2,0,1,0,2,2,"-19,678997","-44,187161",SPRF-MG,DEL02-MG,UOP01-DEL02-MG
338169.0,2021-02-02,terça-feira,16:50:00,MG,381.0,"797,4",SAO GONCALO DO SAPUCAI,Reação tardia ou ineficiente do condutor,Colisão traseira,Com Vítimas Feridas,Pleno dia,Decrescente,Nublado,Dupla,Reta,Não,4,0,3,0,1,0,3,2,"-21,95493798","-45,62329389",SPRF-MG,DEL16-MG,UOP02-DEL16-MG
338189.0,2021-02-02,terça-feira,16:20:00,MG,40.0,"701,2",BARBACENA,Manobra de mudança de faixa,Tombamento,Com Vítimas Feridas,Pleno dia,Crescente,Sol,Simples,Curva,Sim,2,0,1,0,1,0,1,2,"-21,21908362","-43,74400827",SPRF-MG,DEL05-MG,UOP02-DEL05-MG
338223.0,2021-02-02,terça-feira,18:00:00,MG,116.0,"178,6",PADRE PARAISO,Área urbana sem a presença de local apropriado para a travessia de pedestres,Atropelamento de Pedestre,Com Vítimas Feridas,Anoitecer,Decrescente,Nublado,Simples,Ponte,Sim,2,0,1,0,0,1,1,1,"-17,06871893","-41,48246709",SPRF-MG,DEL11-MG,UOP02-DEL11-MG
338261.0,2021-02-03,quarta-feira,06:30:00,MG,40.0,531,BELO HORIZONTE,Condutor deixou de manter distância do veículo da frente,Colisão traseira,Com Vítimas Feridas,Pleno dia,Crescente,Nublado,Dupla,Reta,Sim,3,0,3,0,0,0,3,2,"-19,91962483","-44,02522683",SPRF-MG,DEL01-MG,UOP02-DEL01-MG
338296.0,2021-02-03,quarta-feira,08:40:00,MG,459.0,"103,3",POUSO ALEGRE,Velocidade Incompatível,Tombamento,Com Vítimas Feridas,Pleno dia,Crescente,Céu Claro,Dupla,Não Informado,Não,3,0,1,0,0,2,1,1,"-22,23135785","-45,9004283",SPRF-MG,DEL16-MG,UOP01-DEL16-MG
338299.0,2021-02-03,quarta-feira,11:15:00,MG,381.0,"747,8",TRES CORACOES,Reação tardia ou ineficiente do condutor,Colisão com objeto,Com Vítimas Feridas,Pleno dia,Crescente,Céu Claro,Dupla,Reta,Não,4,0,4,0,0,0,4,1,"-21,62636894","-45,269279",SPRF-MG,DEL16-MG,UOP02-DEL16-MG
338327.0,2021-02-03,quarta-feira,06:00:00,MG,40.0,"505,3",RIBEIRAO DAS NEVES,Reação tardia ou ineficiente do condutor,Saída de leito carroçável,Com Vítimas Feridas,Amanhecer,Crescente,Céu Claro,Dupla,Reta,Não,3,0,3,0,0,0,3,1,"-19,73838088","-44,14935661",SPRF-MG,DEL02-MG,UOP01-DEL02-MG
338328.0,2021-02-03,quarta-feira,11:57:00,MG,381.0,510,SAO JOAQUIM DE BICAS,Velocidade Incompatível,Capotamento,Sem Vítimas,Pleno dia,Decrescente,Céu Claro,Dupla,Reta,Sim,3,0,0,0,0,3,0,1,"-20,07738209","-44,30434488",SPRF-MG,DEL01-MG,UOP03-DEL01-MG
338334.0,2021-02-03,quarta-feira,09:00:00,MG,50.0,176,UBERABA,Condutor deixou de manter distância do veículo da frente,Colisão traseira,Com Vítimas Feridas,Pleno dia,Decrescente,Céu Claro,Dupla,Reta,Sim,2,0,1,0,1,0,1,2,"-19,77919981","-47,960032",SPRF-MG,DEL13-MG,UOP01-DEL13-MG
338383.0,2021-02-03,quarta-feira,19:15:00,MG,50.0,19,UBERLANDIA,Acostamento em desnível,Queda de ocupante de veículo,Com Vítimas Feridas,Plena Noite,Crescente,Céu Claro,Simples,Reta,Sim,1,0,0,1,0,0,1,1,"-18,92793854","-48,19198317",SPRF-MG,DEL15-MG,UOP01-DEL15-MG
338422.0,2021-02-03,quarta-feira,23:20:00,MG,,,SANTA LUZIA,Reação tardia ou ineficiente do condutor,Colisão lateral,Sem Vítimas,Plena Noite,Não Informado,Céu Claro,Simples,Não Informado,Sim,3,0,0,0,3,0,0,2,"-19,84164036","-43,86232683",SPRF-MG,DEL01-MG,UOP01-DEL01-MG
338429.0,2021-02-03,quarta-feira,21:30:00,MG,40.0,"646,9",CRISTIANO OTONI,Demais falhas mecânicas ou elétricas,Incêndio,Sem Vítimas,Plena Noite,Decrescente,Céu Claro,Simples,Reta,Não,1,0,0,0,0,1,0,1,"-20,79116504","-43,81052251",SPRF-MG,DEL05-MG,UOP02-DEL05-MG
338459.0,2021-02-04,quinta-feira,06:45:00,MG,354.0,"755,7",ITAMONTE,Acessar a via sem observar a presença dos outros veículos,Colisão lateral,Com Vítimas Feridas,Pleno dia,Crescente,Céu Claro,Simples,Reta,Não,2,0,1,0,1,0,1,2,"-22,30998016","-44,85245881",SPRF-MG,DEL17-MG,UOP01-DEL17-MG
338463.0,2021-02-04,quinta-feira,08:05:00,MG,40.0,"572,9",ITABIRITO,Reação tardia ou ineficiente do condutor,Queda de ocupante de veículo,Com Vítimas Feridas,Pleno dia,Crescente,Céu Claro,Simples,Reta,Não,1,0,0,1,0,0,1,1,"-20,23844212","-43,96634102",SPRF-MG,DEL01-MG,UOP02-DEL01-MG
338476.0,2021-02-04,quinta-feira,10:15:00,MG,262.0,"397,9",PARA DE MINAS,Retorno proibido,Colisão transversal,Com Vítimas Feridas,Pleno dia,Crescente,Céu Claro,Dupla,Reta,Não,6,0,5,1,0,0,6,2,"-19,90483585","-44,51518191",SPRF-MG,DEL01-MG,UOP03-DEL01-MG
338499.0,2021-02-04,quinta-feira,13:30:00,MG,146.0,509,POCOS DE CALDAS,Manobra de mudança de faixa,Colisão lateral mesmo sentido,Com Vítimas Feridas,Pleno dia,Decrescente,Nublado,Simples,Reta,Não,3,0,2,0,1,0,2,2,"-21,765601","-46,417712",SPRF-MG,DEL09-MG,UOP01-DEL09-MG
338521.0,2021-02-04,quinta-feira,15:15:00,MG,381.0,"478,5",CONTAGEM,Ausência de reação do condutor,Colisão com objeto,Com Vítimas Feridas,Pleno dia,Decrescente,Sol,Múltipla,Reta,Sim,1,0,1,0,0,0,1,1,"-19,96237754","-44,03972626",SPRF-MG,DEL01-MG,UOP03-DEL01-MG
338580.0,2021-02-04,quinta-feira,15:10:00,MG,116.0,398,GOVERNADOR VALADARES,Ultrapassagem Indevida,Saída de leito carroçável,Com Vítimas Feridas,Pleno dia,Crescente,Céu Claro,Simples,Reta,Não,2,0,1,0,1,0,1,1,"-18,75214231","-41,98521182",SPRF-MG,DEL06-MG,UOP01-DEL06-MG
338608.0,2021-02-04,quinta-feira,19:30:00,MG,267.0,"139,6",JUIZ DE FORA,Obstrução na via,Saída de leito carroçável,Com Vítimas Feridas,Plena Noite,Crescente,Garoa/Chuvisco,Simples,Ponte,Não,2,0,0,1,1,0,1,1,"-21,79755218","-43,68025194",SPRF-MG,DEL05-MG,UOP01-DEL05-MG
338623.0,2021-02-05,sexta-feira,01:20:00,MG,50.0,98,UBERLANDIA,Ausência de reação do condutor,Saída de leito carroçável,Com Vítimas Feridas,Plena Noite,Decrescente,Céu Claro,Múltipla,Reta,Não,4,0,3,0,1,0,3,1,"-19,11861301","-48,17588405",SPRF-MG,DEL15-MG,UOP01-DEL15-MG
338632.0,2021-02-05,sexta-feira,04:00:00,MG,50.0,63,UBERLANDIA,Ingestão de álcool pelo condutor,Saída de leito carroçável,Com Vítimas Feridas,Plena Noite,Crescente,Céu Claro,Múltipla,Reta,Não,1,0,0,1,0,0,1,1,"-18,83399392","-48,24950344",SPRF-MG,DEL15-MG,UOP02-DEL15-MG
338637.0,2021-02-05,sexta-feira,04:00:00,MG,354.0,"764,1",ITAMONTE,Chuva,Saída de leito carroçável,Com Vítimas Feridas,Plena Noite,Crescente,Chuva,Simples,Reta,Não,1,0,1,0,0,0,1,1,"-22,34513016","-44,8153461",SPRF-MG,DEL17-MG,UOP01-DEL17-MG
338655.0,2021-02-05,sexta-feira,08:40:00,MG,381.0,"490,7",BETIM,Avarias e/ou desgaste excessivo no pneu,Tombamento,Com Vítimas Feridas,Pleno dia,Decrescente,Chuva,Dupla,Curva,Sim,1,0,1,0,0,0,1,1,"-19,95749671","-44,14986849",SPRF-MG,DEL01-MG,UOP03-DEL01-MG
338667.0,2021-02-05,sexta-feira,09:55:00,MG,116.0,780,LEOPOLDINA,Pista esburacada,Saída de leito carroçável,Com Vítimas Feridas,Pleno dia,Decrescente,Chuva,Simples,Curva,Não,3,0,0,1,2,0,1,1,"-21,61482397","-42,69263203",SPRF-MG,DEL07-MG,UOP01-DEL07-MG
338673.0,2021-02-05,sexta-feira,10:10:00,MG,381.0,487,BETIM,Frear bruscamente,Colisão com objeto,Sem Vítimas,Pleno dia,Crescente,Chuva,Múltipla,Curva,Sim,1,0,0,0,1,0,0,1,"-19,95818245","-44,12109375",SPRF-MG,DEL01-MG,UOP03-DEL01-MG
338676.0,2021-02-05,sexta-feira,10:15:00,MG,381.0,335,BELA VISTA DE MINAS,Chuva,Colisão frontal,Com Vítimas Feridas,Pleno dia,Crescente,Chuva,Simples,Curva,Não,4,0,4,0,0,0,4,2,"-19,81700707","-43,06661887",SPRF-MG,DEL03-MG,UOP01-DEL03-MG
338677.0,2021-02-05,sexta-feira,11:00:00,MG,459.0,105,POUSO ALEGRE,Ausência de reação do condutor,Queda de ocupante de veículo,Com Vítimas Feridas,Pleno dia,Decrescente,Sol,Simples,Não Informado,Sim,1,0,1,0,0,0,1,1,"-22,227884","-45,903973",SPRF-MG,DEL16-MG,UOP01-DEL16-MG
338693.0,2021-02-05,sexta-feira,12:10:00,MG,262.0,"105,1",ABRE CAMPO,Chuva,Saída de leito carroçável,Com Vítimas Feridas,Pleno dia,Crescente,Chuva,Simples,Curva,Não,2,0,1,0,1,0,1,1,"-20,28900223","-42,55571834",SPRF-MG,DEL03-MG,UOP03-DEL03-MG
338701.0,2021-02-05,sexta-feira,13:40:00,MG,50.0,36,ARAGUARI,Acumulo de água sobre o pavimento,Colisão com objeto,Com Vítimas Feridas,Pleno dia,Decrescente,Nublado,Dupla,Reta,Sim,2,0,1,0,1,0,1,1,"-18,65453092","-48,14727203",SPRF-MG,DEL15-MG,UOP02-DEL15-MG
338719.0,2021-02-05,sexta-feira,15:10:00,MG,381.0,761,TRES CORACOES,Velocidade Incompatível,Saída de leito carroçável,Com Vítimas Feridas,Pleno dia,Decrescente,Céu Claro,Dupla,Curva,Não,1,0,1,0,0,0,1,1,"-21,73238173","-45,38248249",SPRF-MG,DEL16-MG,UOP02-DEL16-MG
338723.0,2021-02-05,sexta-feira,16:00:00,MG,40.0,"464,9",SETE LAGOAS,Pista Escorregadia,Colisão com objeto,Com Vítimas Feridas,Pleno dia,Decrescente,Chuva,Dupla,Desvio Temporário,Sim,2,0,2,0,0,0,2,1,"-19,43110896","-44,33657482",SPRF-MG,DEL02-MG,UOP01-DEL02-MG
338733.0,2021-02-05,sexta-feira,14:50:00,MG,116.0,"575,1",MANHUACU,Acesso irregular,Colisão transversal,Com Vítimas Feridas,Pleno dia,Crescente,Nublado,Simples,Reta,Não,4,0,2,0,2,0,2,2,"-20,14598091","-42,18538333",SPRF-MG,DEL06-MG,UOP04-DEL06-MG
338734.0,2021-02-05,sexta-feira,16:10:00,MG,381.0,841,SAO SEBASTIAO DA BELA VISTA,Velocidade Incompatível,Saída de leito carroçável,Sem Vítimas,Pleno dia,Crescente,Céu Claro,Dupla,Reta,Não,1,0,0,0,0,1,0,1,"-22,20885986","-45,86531323",SPRF-MG,DEL16-MG,UOP01-DEL16-MG
338746.0,2021-02-05,sexta-feira,16:30:00,MG,116.0,415,GOVERNADOR VALADARES,Condutor deixou de manter distância do veículo da frente,Colisão traseira,Com Vítimas Feridas,Pleno dia,Crescente,Céu Claro,Simples,Ponte,Sim,4,0,0,1,3,0,1,3,"-18,88401297","-41,94924399",SPRF-MG,DEL06-MG,UOP01-DEL06-MG
338749.0,2021-02-05,sexta-feira,17:00:00,MG,262.0,380,JUATUBA,Chuva,Saída de leito carroçável,Com Vítimas Feridas,Pleno dia,Decrescente,Chuva,Dupla,Reta,Não,2,0,1,1,0,0,2,1,"-19,947864","-44,381226",SPRF-MG,DEL01-MG,UOP03-DEL01-MG
338760.0,2021-02-05,sexta-feira,15:30:00,MG,40.0,638,CONSELHEIRO LAFAIETE,Animais na Pista,Atropelamento de Animal,Com Vítimas Feridas,Pleno dia,Decrescente,Sol,Simples,Reta,Não,1,0,1,0,0,0,1,1,"-20,72751","-43,800936",SPRF-MG,DEL05-MG,UOP02-DEL05-MG
338764.0,2021-02-05,sexta-feira,06:00:00,MG,381.0,"601,1",CARMOPOLIS DE MINAS,Velocidade Incompatível,Saída de leito carroçável,Com Vítimas Feridas,Pleno dia,Decrescente,Nublado,Dupla,Não Informado,Não,1,0,0,1,0,0,1,1,"-20,63243704","-44,73521221",SPRF-MG,DEL04-MG,UOP01-DEL04-MG
338768.0,2021-02-05,sexta-feira,18:00:00,MG,381.0,"522,5",BRUMADINHO,Chuva,Saída de leito carroçável,Com Vítimas Feridas,Anoitecer,Decrescente,Chuva,Dupla,Curva,Não,1,0,1,0,0,0,1,1,"-20,14551016","-44,32277183",SPRF-MG,DEL04-MG,UOP03-DEL04-MG
338835.0,2021-02-06,sábado,02:00:00,MG,381.0,913,CAMANDUCAIA,Velocidade Incompatível,Capotamento,Com Vítimas Feridas,Plena Noite,Decrescente,Chuva,Dupla,Curva,Não,1,0,0,1,0,0,1,1,"-22,75390001","-46,146503",SPRF-MG,DEL16-MG,UOP03-DEL16-MG
338851.0,2021-02-06,sábado,02:30:00,MG,381.0,482,BETIM,Ausência de reação do condutor,Capotamento,Sem Vítimas,Plena Noite,Crescente,Nublado,Múltipla,Reta,Sim,1,0,0,0,1,0,0,1,"-19,95818245","-44,07852173",SPRF-MG,DEL01-MG,UOP03-DEL01-MG
338858.0,2021-02-06,sábado,05:50:00,MG,40.0,"517,9",RIBEIRAO DAS NEVES,Ausência de reação do condutor,Queda de ocupante de veículo,Com Vítimas Feridas,Pleno dia,Crescente,Chuva,Dupla,Reta,Sim,1,0,1,0,0,0,1,1,"-19,82351202","-44,08438913",SPRF-MG,DEL01-MG,UOP02-DEL01-MG
338877.0,2021-02-05,sexta-feira,14:00:00,MG,381.0,316,NOVA ERA,Velocidade Incompatível,Saída de leito carroçável,Com Vítimas Feridas,Pleno dia,Decrescente,Chuva,Simples,Não Informado,Não,1,0,1,0,0,0,1,1,"-19,67556524","-42,97920227",SPRF-MG,DEL03-MG,UOP02-DEL03-MG
338886.0,2021-02-06,sábado,08:05:00,MG,40.0,"352,1",FELIXLANDIA,Acessar a via sem observar a presença dos outros veículos,Colisão transversal,Com Vítimas Feridas,Pleno dia,Decrescente,Céu Claro,Simples,Reta,Não,2,0,1,0,1,0,1,2,"-18,72830582","-44,92054099",SPRF-MG,DEL02-MG,UOP01-DEL02-MG
338889.0,2021-02-05,sexta-feira,20:16:00,MG,381.0,671,PERDOES,Acumulo de óleo sobre o pavimento,Tombamento,Com Vítimas Feridas,Plena Noite,Crescente,Nublado,Dupla,Reta,Não,1,0,1,0,0,0,1,1,"-21,08945416","-45,06864195",SPRF-MG,DEL04-MG,UOP02-DEL04-MG
338893.0,2021-02-06,sábado,09:45:00,MG,381.0,451,SABARA,Ausência de reação do condutor,Engavetamento,Com Vítimas Feridas,Pleno dia,Decrescente,Nublado,Simples,Não Informado,Sim,4,0,1,0,3,0,1,3,"-19,8333377","-43,84710073",SPRF-MG,DEL01-MG,UOP01-DEL01-MG
338899.0,2021-02-06,sábado,10:25:00,MG,381.0,341,JOAO MONLEVADE,Condutor Dormindo,Saída de leito carroçável,Com Vítimas Feridas,Pleno dia,Crescente,Sol,Simples,Não Informado,Não,1,0,0,1,0,0,1,1,"-19,84403064","-43,10352396",SPRF-MG,DEL03-MG,UOP01-DEL03-MG
338901.0,2021-02-06,sábado,07:30:00,MG,251.0,"444,5",GRAO MOGOL,Velocidade Incompatível,Saída de leito carroçável,Com Vítimas Feridas,Pleno dia,Crescente,Chuva,Simples,Curva,Não,3,0,2,0,1,0,2,1,"-16,4185062","-43,26071281",SPRF-MG,DEL12-MG,UOP01-DEL12-MG
338923.0,2021-02-06,sábado,12:26:00,MG,262.0,370,JUATUBA,Acessar a via sem observar a presença dos outros veículos,Atropelamento de Pedestre,Com Vítimas Fatais,Pleno dia,Decrescente,Nublado,Dupla,Reta,Sim,2,1,1,0,0,0,1,1,"-19,96116743","-44,33620691",SPRF-MG,DEL01-MG,UOP03-DEL01-MG
338933.0,2021-02-06,sábado,13:50:00,MG,40.0,"732,7",SANTOS DUMONT,Velocidade Incompatível,Saída de leito carroçável,Com Vítimas Feridas,Pleno dia,Crescente,Chuva,Dupla,Reta,Não,1,0,1,0,0,0,1,1,"-21,34762119","-43,58122534",SPRF-MG,DEL05-MG,UOP01-DEL05-MG
338938.0,2021-02-06,sábado,14:00:00,MG,381.0,346,BELA VISTA DE MINAS,Condutor deixou de manter distância do veículo da frente,Colisão traseira,Sem Vítimas,Pleno dia,Decrescente,Chuva,Dupla,Curva,Não,2,0,0,0,2,0,0,2,"-19,85740706","-43,12344309",SPRF-MG,DEL03-MG,UOP01-DEL03-MG
338940.0,2021-02-06,sábado,13:40:00,MG,381.0,518,IGARAPE,Demais falhas mecânicas ou elétricas,Incêndio,Sem Vítimas,Pleno dia,Decrescente,Nublado,Dupla,Reta,Não,1,0,0,0,1,0,0,1,"-20,12065395","-44,30242562",SPRF-MG,DEL04-MG,UOP03-DEL04-MG
338947.0,2021-02-06,sábado,12:10:00,MG,251.0,"444,5",GRAO MOGOL,Reação tardia ou ineficiente do condutor,Saída de leito carroçável,Com Vítimas Feridas,Pleno dia,Crescente,Chuva,Simples,Curva,Não,4,0,1,0,3,0,1,1,"-16,4185062","-43,26071281",SPRF-MG,DEL12-MG,UOP01-DEL12-MG
338962.0,2021-02-06,sábado,15:20:00,MG,40.0,"517,5",RIBEIRAO DAS NEVES,Reação tardia ou ineficiente do condutor,Saída de leito carroçável,Com Vítimas Feridas,Pleno dia,Decrescente,Nublado,Dupla,Reta,Sim,1,0,0,1,0,0,1,1,"-19,82351202","-44,08438913",SPRF-MG,DEL01-MG,UOP02-DEL01-MG
338983.0,2021-02-06,sábado,14:50:00,MG,116.0,"94,4",MEDINA,Ausência de reação do condutor,Saída de leito carroçável,Com Vítimas Feridas,Pleno dia,Decrescente,Chuva,Simples,Reta,Não,3,0,2,0,1,0,2,1,"-16,390494","-41,472991",SPRF-MG,DEL11-MG,UOP02-DEL11-MG
338992.0,2021-02-06,sábado,16:25:00,MG,381.0,"686,7",LAVRAS,Velocidade Incompatível,Saída de leito carroçável,Com Vítimas Feridas,Pleno dia,Crescente,Chuva,Dupla,Não Informado,Não,2,0,2,0,0,0,2,1,"-21,20030689","-45,11944438",SPRF-MG,DEL04-MG,UOP02-DEL04-MG
338995.0,2021-02-06,sábado,16:00:00,MG,262.0,389,FLORESTAL,Ausência de reação do condutor,Colisão traseira,Com Vítimas Feridas,Pleno dia,Decrescente,Chuva,Dupla,Reta,Não,3,0,1,0,2,0,1,2,"-19,93731108","-44,45266502",SPRF-MG,DEL01-MG,UOP03-DEL01-MG
339006.0,2021-02-06,sábado,13:30:00,MG,365.0,383,PATOS DE MINAS,Velocidade Incompatível,Saída de leito carroçável,Com Vítimas Feridas,Pleno dia,Crescente,Céu Claro,Simples,Reta,Não,1,0,1,0,0,0,1,1,"-18,57369416","-46,26045592",SPRF-MG,DEL10-MG,UOP01-DEL10-MG
339017.0,2021-02-06,sábado,19:30:00,MG,40.0,"606,6",CONGONHAS,Ausência de sinalização,Colisão com objeto,Com Vítimas Feridas,Plena Noite,Decrescente,Chuva,Simples,Reta,Não,2,0,2,0,0,0,2,1,"-20,46834617","-43,84095284",SPRF-MG,DEL05-MG,UOP02-DEL05-MG
339024.0,2021-02-06,sábado,19:10:00,MG,262.0,377,JUATUBA,Reação tardia ou ineficiente do condutor,Saída de leito carroçável,Com Vítimas Feridas,Plena Noite,Decrescente,Ignorado,Dupla,Rotatória,Não,1,0,1,0,0,0,1,1,"-19,95769344","-44,35590072",SPRF-MG,DEL01-MG,UOP03-DEL01-MG
339026.0,2021-01-15,sexta-feira,07:52:00,MG,381.0,485,BETIM,Manobra de mudança de faixa,Colisão lateral,Com Vítimas Feridas,Amanhecer,Crescente,Ignorado,Dupla,Reta,Sim,2,0,1,0,1,0,1,2,"-19,95969663","-44,08727914",SPRF-MG,DEL01-MG,UOP03-DEL01-MG
339038.0,2021-02-06,sábado,17:00:00,MG,262.0,353,BETIM,Demais falhas mecânicas ou elétricas,Incêndio,Sem Vítimas,Pleno dia,Decrescente,Nublado,Dupla,Reta,Sim,1,0,0,0,0,1,0,1,"-19,95947688","-44,15416308",SPRF-MG,DEL01-MG,UOP03-DEL01-MG
339048.0,2021-02-06,sábado,13:55:00,MG,50.0,172,UBERABA,Demais falhas na via,Tombamento,Com Vítimas Feridas,Pleno dia,Decrescente,Céu Claro,Dupla,Reta,Não,1,0,1,0,0,0,1,1,"-19,75402507","-47,98051917",SPRF-MG,DEL13-MG,UOP01-DEL13-MG
339049.0,2021-02-06,sábado,19:15:00,MG,50.0,46,ARAGUARI,Chuva,Saída de leito carroçável,Com Vítimas Feridas,Plena Noite,Crescente,Chuva,Dupla,Reta,Não,2,0,0,2,0,0,2,1,"-18,72016606","-48,20216392",SPRF-MG,DEL15-MG,UOP02-DEL15-MG
339051.0,2021-02-06,sábado,21:30:00,MG,381.0,"359,6",JOAO MONLEVADE,Sinalização mal posicionada,Colisão transversal,Com Vítimas Feridas,Plena Noite,Crescente,Chuva,Simples,Não Informado,Sim,2,0,1,0,1,0,1,2,"-19,8551458","-43,22402296",SPRF-MG,DEL03-MG,UOP01-DEL03-MG
339059.0,2021-02-06,sábado,21:30:00,MG,116.0,"760,9",LEOPOLDINA,Acumulo de água sobre o pavimento,Saída de leito carroçável,Com Vítimas Feridas,Plena Noite,Decrescente,Chuva,Simples,Reta,Não,1,0,1,0,0,0,1,1,"-21,51427716","-42,61283265",SPRF-MG,DEL07-MG,UOP01-DEL07-MG
339078.0,2021-02-06,sábado,23:30:00,MG,153.0,32,CANAPOLIS,Velocidade Incompatível,Saída de leito carroçável,Com Vítimas Feridas,Plena Noite,Decrescente,Nublado,Dupla,Reta,Não,1,0,1,0,0,0,1,1,"-18,69533703","-49,14697105",SPRF-MG,DEL15-MG,UOP03-DEL15-MG