id,data_inversa,dia_semana,horario,uf,br,km,municipio,causa_acidente,tipo_acidente,classificacao_acidente,fase_dia,sentido_via,condicao_metereologica,tipo_pista,tracado_via,uso_solo,pessoas,mortos,feridos_leves,feridos_graves,ilesos,ignorados,feridos,veiculos,latitude,longitude,regional,delegacia,uop
339083.0,2021-02-07,domingo,00:10:00,MG,146.0,"501,9",BANDEIRA DO SUL,Condutor Dormindo,Queda de ocupante de veículo,Com Vítimas Feridas,Plena Noite,Crescente,Nublado,Simples,Não Informado,Não,1,0,1,0,0,0,1,1,"-21,716286","-46,419693",SPRF-MG,DEL09-MG,UOP01-DEL09-MG
339084.0,2021-02-06,sábado,18:40:00,MG,40.0,"751,9",SANTOS DUMONT,Velocidade Incompatível,Saída de leito carroçável,Com Vítimas Feridas,Plena Noite,Decrescente,Chuva,Simples,Curva,Não,3,0,2,0,1,0,2,1,"-21,46537559","-43,56167779",SPRF-MG,DEL05-MG,UOP01-DEL05-MG
339128.0,2021-02-07,domingo,07:00:00,MG,116.0,"530,8",CARATINGA,Ingestão de álcool pelo condutor,Colisão frontal,Com Vítimas Feridas,Amanhecer,Decrescente,Chuva,Simples,Reta,Sim,3,0,1,1,1,0,2,2,"-19,81067298","-42,13539446",SPRF-MG,DEL06-MG,UOP02-DEL06-MG
339134.0,2021-02-06,sábado,18:40:00,MG,381.0,494,BETIM,Velocidade Incompatível,Colisão com objeto,Com Vítimas Feridas,Plena Noite,Decrescente,Chuva,Dupla,Não Informado,Sim,2,0,1,0,1,0,1,1,"-19,985563","-44,20318",SPRF-MG,DEL01-MG,UOP03-DEL01-MG
339150.0,2021-02-07,domingo,09:20:00,MG,381.0,446,SABARA,Chuva,Saída de leito carroçável,Com Vítimas Feridas,Pleno dia,Decrescente,Chuva,Simples,Curva,Não,2,0,2,0,0,0,2,1,"-19,82950465","-43,84255613",SPRF-MG,DEL01-MG,UOP01-DEL01-MG
339153.0,2021-02-07,domingo,09:30:00,MG,365.0,"105,7",JEQUITAI,Velocidade Incompatível,Saída de leito carroçável,Com Vítimas Feridas,Pleno dia,Decrescente,Chuva,Simples,Reta,Não,2,0,2,0,0,0,2,1,"-17,21113105","-44,56924102",SPRF-MG,DEL12-MG,UOP01-DEL12-MG
339166.0,2021-02-07,domingo,06:50:00,MG,262.0,878,CAMPO FLORIDO,Ausência de reação do condutor,Saída de leito carroçável,Sem Vítimas,Pleno dia,Decrescente,Céu Claro,Simples,Rotatória,Não,1,0,0,0,1,0,0,1,"-19,78526943","-48,5219719",SPRF-MG,DEL13-MG,UOP02-DEL13-MG
339167.0,2021-02-07,domingo,09:40:00,MG,381.0,"533,5",ITATIAIUCU,Velocidade Incompatível,Capotamento,Com Vítimas Feridas,Pleno dia,Decrescente,Chuva,Dupla,Curva,Não,3,0,1,0,2,0,1,1,"-20,19896036","-44,38641307",SPRF-MG,DEL04-MG,UOP03-DEL04-MG
339168.0,2021-02-07,domingo,00:30:00,MG,262.0,107,RIO CASCA,Chuva,Saída de leito carroçável,Com Vítimas Feridas,Plena Noite,Crescente,Chuva,Simples,Curva,Não,1,0,1,0,0,0,1,1,"-20,27440096","-42,56313226",SPRF-MG,DEL03-MG,UOP03-DEL03-MG
339169.0,2021-02-07,domingo,10:20:00,MG,262.0,484,BETIM,Velocidade Incompatível,Colisão com objeto,Com Vítimas Feridas,Pleno dia,Decrescente,Chuva,Dupla,Não Informado,Sim,1,0,1,0,0,0,1,1,"-19,95931746","-44,08993989",SPRF-MG,DEL08-MG,UOP03-DEL08-MG
339174.0,2021-02-07,domingo,10:30:00,MG,116.0,"557,3",SANTA BARBARA DO LESTE,Velocidade Incompatível,Saída de leito carroçável,Com Vítimas Feridas,Pleno dia,Crescente,Chuva,Simples,Curva,Não,5,0,4,1,0,0,5,1,"-20,01056359","-42,15263497",SPRF-MG,DEL06-MG,UOP04-DEL06-MG
339203.0,2021-02-07,domingo,10:30:00,MG,116.0,"59,9",MEDINA,Ultrapassagem Indevida,Saída de leito carroçável,Com Vítimas Feridas,Pleno dia,Crescente,Nublado,Simples,Não Informado,Não,2,0,1,1,0,0,2,1,"-16,12689406","-41,42462122",SPRF-MG,DEL11-MG,UOP02-DEL11-MG
339219.0,2021-02-07,domingo,08:30:00,MG,116.0,"510,4",UBAPORANGA,Reação tardia ou ineficiente do condutor,Colisão traseira,Com Vítimas Feridas,Pleno dia,Crescente,Chuva,Simples,Reta,Sim,2,0,1,0,1,0,1,2,"-19,64532085","-42,10796743",SPRF-MG,DEL06-MG,UOP02-DEL06-MG
339227.0,2021-02-07,domingo,15:50:00,MG,40.0,"511,5",RIBEIRAO DAS NEVES,Reação tardia ou ineficiente do condutor,Colisão traseira,Com Vítimas Feridas,Pleno dia,Crescente,Chuva,Dupla,Reta,Sim,3,0,1,0,1,1,1,2,"-19,78164295","-44,11733194",SPRF-MG,DEL01-MG,UOP02-DEL01-MG
339235.0,2021-02-07,domingo,17:00:00,MG,40.0,"782,6",JUIZ DE FORA,Condutor Dormindo,Saída de leito carroçável,Com Vítimas Feridas,Anoitecer,Decrescente,Chuva,Dupla,Desvio Temporário,Sim,1,0,1,0,0,0,1,1,"-21,69593719","-43,44982474",SPRF-MG,DEL05-MG,UOP01-DEL05-MG
339236.0,2021-02-07,domingo,17:15:00,MG,40.0,457,CAETANOPOLIS,Acumulo de água sobre o pavimento,Saída de leito carroçável,Com Vítimas Feridas,Pleno dia,Decrescente,Chuva,Dupla,Reta,Não,3,0,2,0,1,0,2,1,"-19,371466","-44,336132",SPRF-MG,DEL02-MG,UOP01-DEL02-MG
339265.0,2021-02-07,domingo,19:00:00,MG,262.0,113,RIO CASCA,Ausência de reação do condutor,Colisão frontal,Com Vítimas Feridas,Plena Noite,Decrescente,Chuva,Simples,Curva,Não,6,0,1,0,5,0,1,2,"-20,25079502","-42,60286704",SPRF-MG,DEL03-MG,UOP03-DEL03-MG
339272.0,2021-02-07,domingo,18:00:00,MG,262.0,382,JUATUBA,Chuva,Saída de leito carroçável,Sem Vítimas,Anoitecer,Decrescente,Chuva,Dupla,Curva,Não,1,0,0,0,1,0,0,1,"-19,933956","-44,393574",SPRF-MG,DEL01-MG,UOP03-DEL01-MG
339278.0,2021-02-07,domingo,15:50:00,MG,50.0,"1,2",ARAGUARI,Chuva,Saída de leito carroçável,Com Vítimas Feridas,Pleno dia,Decrescente,Chuva,Dupla,Desvio Temporário,Não,1,0,1,0,0,0,1,1,"-18,42982393","-48,06250588",SPRF-MG,DEL15-MG,UOP02-DEL15-MG
339297.0,2021-02-07,domingo,20:20:00,MG,381.0,"481,9",CONTAGEM,Velocidade Incompatível,Engavetamento,Com Vítimas Feridas,Plena Noite,Crescente,Chuva,Dupla,Não Informado,Sim,4,0,1,0,3,0,1,3,"-19,95915056","-44,07414436",SPRF-MG,DEL01-MG,UOP03-DEL01-MG
339298.0,2021-02-07,domingo,21:30:00,MG,381.0,482,CONTAGEM,Condutor deixou de manter distância do veículo da frente,Colisão traseira,Com Vítimas Feridas,Plena Noite,Crescente,Céu Claro,Múltipla,Reta,Sim,4,0,1,0,3,0,1,3,"-19,955532","-44,097209",SPRF-MG,DEL01-MG,UOP03-DEL01-MG
339306.0,2021-02-07,domingo,19:20:00,MG,40.0,"735,2",SANTOS DUMONT,Reação tardia ou ineficiente do condutor,Colisão transversal,Sem Vítimas,Plena Noite,Decrescente,Chuva,Simples,Reta,Não,2,0,0,0,2,0,0,2,"-21,37012696","-43,57558994",SPRF-MG,DEL05-MG,UOP01-DEL05-MG
339311.0,2021-02-07,domingo,21:20:00,MG,40.0,"647,4",CRISTIANO OTONI,Velocidade Incompatível,Colisão frontal,Com Vítimas Feridas,Plena Noite,Crescente,Garoa/Chuvisco,Simples,Não Informado,Não,6,0,5,0,1,0,5,2,"-20,80378082","-43,80884171",SPRF-MG,DEL05-MG,UOP02-DEL05-MG
339339.0,2021-02-07,domingo,23:55:00,MG,262.0,"789,5",UBERABA,Animais na Pista,Atropelamento de Animal,Com Vítimas Feridas,Plena Noite,Crescente,Céu Claro,Simples,Reta,Não,1,0,1,0,0,0,1,1,"-19,76031983","-47,84038303",SPRF-MG,DEL13-MG,UOP01-DEL13-MG
339358.0,2021-02-07,domingo,20:30:00,MG,262.0,"913,3",COMENDADOR GOMES,Ingestão de álcool pelo condutor,Saída de leito carroçável,Com Vítimas Feridas,Plena Noite,Crescente,Céu Claro,Simples,Interseção de vias,Não,1,0,1,0,0,0,1,1,"-19,629816","-48,84921",SPRF-MG,DEL13-MG,UOP02-DEL13-MG
339370.0,2021-02-08,segunda-feira,06:00:00,MG,381.0,427,CAETE,Velocidade Incompatível,Colisão traseira,Com Vítimas Feridas,Pleno dia,Crescente,Céu Claro,Simples,Não Informado,Não,2,0,0,1,1,0,1,2,"-19,78854826","-43,69815304",SPRF-MG,DEL01-MG,UOP01-DEL01-MG
339406.0,2021-02-08,segunda-feira,09:15:00,MG,40.0,"717,6",BARBACENA,Pista Escorregadia,Colisão com objeto,Com Vítimas Feridas,Pleno dia,Decrescente,Chuva,Múltipla,Não Informado,Não,3,0,1,0,2,0,1,2,"-21,26034802","-43,66189055",SPRF-MG,DEL05-MG,UOP01-DEL05-MG
339436.0,2021-02-08,segunda-feira,09:40:00,MG,381.0,635,SANTO ANTONIO DO AMPARO,Velocidade Incompatível,Colisão com objeto,Com Vítimas Feridas,Pleno dia,Crescente,Chuva,Dupla,Curva,Não,1,0,1,0,0,0,1,1,"-20,88278809","-44,85183046",SPRF-MG,DEL04-MG,UOP01-DEL04-MG
339448.0,2021-02-08,segunda-feira,11:00:00,MG,116.0,"232,3",TEOFILO OTONI,Condutor Dormindo,Saída de leito carroçável,Com Vítimas Feridas,Pleno dia,Crescente,Garoa/Chuvisco,Simples,Não Informado,Não,1,0,1,0,0,0,1,1,"-17,505103","-41,48892",SPRF-MG,DEL11-MG,UOP01-DEL11-MG
339456.0,2021-02-08,segunda-feira,15:40:00,MG,40.0,"693,5",ALFREDO VASCONCELOS,Ausência de reação do condutor,Tombamento,Com Vítimas Feridas,Pleno dia,Crescente,Chuva,Simples,Reta,Não,2,0,1,0,1,0,1,1,"-21,12471006","-43,75850056",SPRF-MG,DEL05-MG,UOP02-DEL05-MG
339458.0,2021-02-08,segunda-feira,15:30:00,MG,116.0,"606,1",SAO JOAO DO MANHUACU,Condutor deixou de manter distância do veículo da frente,Colisão traseira,Sem Vítimas,Pleno dia,Decrescente,Nublado,Simples,Não Informado,Não,2,0,0,0,2,0,0,2,"-20,378722","-42,14721389",SPRF-MG,DEL06-MG,UOP04-DEL06-MG
339462.0,2021-02-08,segunda-feira,16:00:00,MG,40.0,530,CONTAGEM,Condutor deixou de manter distância do veículo da frente,Colisão traseira,Com Vítimas Feridas,Pleno dia,Crescente,Céu Claro,Dupla,Reta,Sim,2,0,1,0,0,1,1,2,"-19,92064782","-44,0335681",SPRF-MG,DEL01-MG,UOP02-DEL01-MG
339465.0,2021-02-08,segunda-feira,13:40:00,MG,116.0,407,GOVERNADOR VALADARES,Velocidade Incompatível,Saída de leito carroçável,Com Vítimas Feridas,Pleno dia,Crescente,Chuva,Simples,Curva,Sim,2,0,1,0,1,0,1,1,"-18,8275648","-41,98826551",SPRF-MG,DEL06-MG,UOP01-DEL06-MG
339473.0,2021-02-08,segunda-feira,17:45:00,MG,381.0,499,BETIM,Condutor deixou de manter distância do veículo da frente,Colisão traseira,Sem Vítimas,Pleno dia,Decrescente,Céu Claro,Dupla,Reta,Sim,2,0,0,0,1,1,0,2,"-20,01792651","-44,2261448",SPRF-MG,DEL01-MG,UOP03-DEL01-MG
339479.0,2021-02-08,segunda-feira,18:25:00,MG,40.0,"517,7",RIBEIRAO DAS NEVES,Desrespeitar a preferência no cruzamento,Colisão transversal,Com Vítimas Feridas,Anoitecer,Crescente,Céu Claro,Dupla,Reta,Sim,2,0,1,0,1,0,1,2,"-19,82351202","-44,08438913",SPRF-MG,DEL01-MG,UOP02-DEL01-MG
339499.0,2021-02-08,segunda-feira,17:20:00,MG,381.0,"630,7",OLIVEIRA,Velocidade Incompatível,Saída de leito carroçável,Com Vítimas Feridas,Pleno dia,Decrescente,Chuva,Dupla,Curva,Não,3,0,3,0,0,0,3,1,"-20,84702065","-44,83281432",SPRF-MG,DEL04-MG,UOP01-DEL04-MG
339516.0,2021-02-08,segunda-feira,21:20:00,MG,262.0,812,UBERABA,Reação tardia ou ineficiente do condutor,Capotamento,Com Vítimas Feridas,Plena Noite,Crescente,Nublado,Dupla,Reta,Sim,1,0,1,0,0,0,1,1,"-19,76553214","-48,11855299",SPRF-MG,DEL13-MG,UOP01-DEL13-MG
339520.0,2021-02-08,segunda-feira,21:50:00,MG,50.0,21,UBERLANDIA,Ingestão de álcool pelo condutor,Colisão com objeto,Com Vítimas Feridas,Plena Noite,Decrescente,Céu Claro,Múltipla,Não Informado,Sim,1,0,1,0,0,0,1,1,"-18,9113","-48,2622",SPRF-MG,DEL15-MG,UOP01-DEL15-MG
339534.0,2021-02-09,terça-feira,05:30:00,MG,262.0,"380,2",JUATUBA,Ausência de reação do condutor,Tombamento,Com Vítimas Feridas,Amanhecer,Crescente,Nublado,Dupla,Curva,Não,1,0,1,0,0,0,1,1,"-19,93300957","-44,42390442",SPRF-MG,DEL01-MG,UOP03-DEL01-MG
339544.0,2021-02-09,terça-feira,05:55:00,MG,381.0,2,BETIM,Reação tardia ou ineficiente do condutor,Saída de leito carroçável,Com Vítimas Feridas,Amanhecer,Crescente,Céu Claro,Dupla,Curva,Sim,1,0,1,0,0,0,1,1,"-19,96825","-44,198708",SPRF-MG,DEL01-MG,UOP03-DEL01-MG
339566.0,2021-02-09,terça-feira,07:50:00,MG,40.0,510,RIBEIRAO DAS NEVES,Avarias e/ou desgaste excessivo no pneu,Queda de ocupante de veículo,Com Vítimas Feridas,Pleno dia,Crescente,Céu Claro,Dupla,Reta,Sim,1,0,1,0,0,0,1,1,"-19,77463885","-44,12321882",SPRF-MG,DEL01-MG,UOP02-DEL01-MG
339577.0,2021-02-09,terça-feira,10:35:00,MG,40.0,"526,5",CONTAGEM,Demais falhas mecânicas ou elétricas,Incêndio,Sem Vítimas,Pleno dia,Decrescente,Céu Claro,Dupla,Reta,Sim,1,0,0,0,1,0,0,1,"-19,89255399","-44,04985478",SPRF-MG,DEL01-MG,UOP02-DEL01-MG
339597.0,2021-02-09,terça-feira,12:00:00,MG,40.0,549,NOVA LIMA,Condutor deixou de manter distância do veículo da frente,Colisão traseira,Com Vítimas Feridas,Pleno dia,Crescente,Céu Claro,Dupla,Não Informado,Sim,2,0,1,0,1,0,1,2,"-20,03972326","-43,96703232",SPRF-MG,DEL01-MG,UOP02-DEL01-MG
339598.0,2021-02-09,terça-feira,11:55:00,MG,40.0,"717,6",BARBACENA,Velocidade Incompatível,Colisão com objeto,Com Vítimas Feridas,Pleno dia,Decrescente,Chuva,Dupla,Curva,Não,2,0,1,0,1,0,1,1,"-21,28380155","-43,64308996",SPRF-MG,DEL05-MG,UOP01-DEL05-MG
339615.0,2021-02-09,terça-feira,13:30:00,MG,381.0,305,ANTONIO DIAS,Reação tardia ou ineficiente do condutor,Colisão com objeto,Com Vítimas Feridas,Pleno dia,Decrescente,Nublado,Simples,Reta,Não,1,0,0,1,0,0,1,1,"-19,63172577","-42,89702307",SPRF-MG,DEL03-MG,UOP02-DEL03-MG
339632.0,2021-02-09,terça-feira,12:20:00,MG,262.0,"425,2",IGARATINGA,Condutor Dormindo,Capotamento,Com Vítimas Feridas,Pleno dia,Crescente,Sol,Simples,Reta,Não,3,0,2,1,0,0,3,1,"-19,89040018","-44,80396271",SPRF-MG,DEL08-MG,UOP03-DEL08-MG
339638.0,2021-02-09,terça-feira,12:30:00,MG,381.0,"525,5",BRUMADINHO,Chuva,Saída de leito carroçável,Sem Vítimas,Pleno dia,Crescente,Chuva,Dupla,Curva,Não,1,0,0,0,1,0,0,1,"-20,16710798","-44,33422398",SPRF-MG,DEL04-MG,UOP03-DEL04-MG
339651.0,2021-02-09,terça-feira,14:00:00,MG,116.0,"188,2",CARAI,Chuva,Saída de leito carroçável,Com Vítimas Fatais,Pleno dia,Decrescente,Chuva,Simples,Desvio Temporário,Não,7,2,1,1,0,3,2,1,"-17,14755506","-41,5022543",SPRF-MG,DEL11-MG,UOP01-DEL11-MG
339659.0,2021-02-09,terça-feira,12:44:00,MG,381.0,528,BRUMADINHO,Velocidade Incompatível,Saída de leito carroçável,Sem Vítimas,Pleno dia,Decrescente,Chuva,Dupla,Curva,Não,1,0,0,0,1,0,0,1,"-20,16368096","-44,36025002",SPRF-MG,DEL04-MG,UOP03-DEL04-MG
339676.0,2021-02-09,terça-feira,18:00:00,MG,50.0,188,UBERABA,Avarias e/ou desgaste excessivo no pneu,Queda de ocupante de veículo,Com Vítimas Feridas,Anoitecer,Decrescente,Nublado,Dupla,Não Informado,Não,2,0,2,0,0,0,2,1,"-19,84070819","-47,87993327",SPRF-MG,DEL13-MG,UOP01-DEL13-MG
339683.0,2021-02-09,terça-feira,16:35:00,MG,262.0,410,IGARATINGA,Ausência de reação do condutor,Capotamento,Com Vítimas Feridas,Pleno dia,Decrescente,Vento,Dupla,Reta,Não,3,0,3,0,0,0,3,1,"-19,88686179","-44,63193985",SPRF-MG,DEL08-MG,UOP03-DEL08-MG
339690.0,2021-02-09,terça-feira,15:30:00,MG,116.0,"563,5",MANHUACU,Acessar a via sem observar a presença dos outros veículos,Colisão transversal,Com Vítimas Feridas,Pleno dia,Crescente,Chuva,Simples,Curva,Sim,2,0,1,0,1,0,1,2,"-20,05498398","-42,17498796",SPRF-MG,DEL06-MG,UOP04-DEL06-MG
339697.0,2021-02-05,sexta-feira,14:00:00,MG,365.0,"132,8",VARZEA DA PALMA,Velocidade Incompatível,Saída de leito carroçável,Com Vítimas Feridas,Pleno dia,Crescente,Ignorado,Simples,Reta,Não,4,0,4,0,0,0,4,1,"-17,16269632","-44,78574367",SPRF-MG,DEL12-MG,UOP01-DEL12-MG
339715.0,2021-02-09,terça-feira,22:10:00,MG,40.0,"273,5",TRES MARIAS,Condutor deixou de manter distância do veículo da frente,Colisão traseira,Com Vítimas Feridas,Plena Noite,Decrescente,Chuva,Simples,Não Informado,Sim,5,0,2,0,3,0,2,2,"-18,18834859","-45,25219384",SPRF-MG,DEL14-MG,UOP02-DEL14-MG
339717.0,2021-01-28,quinta-feira,19:30:00,MG,116.0,"587,4",MANHUACU,Acessar a via sem observar a presença dos outros veículos,Colisão transversal,Com Vítimas Feridas,Plena Noite,Decrescente,Nublado,Simples,Reta,Sim,3,0,1,0,0,2,1,2,"-20,2356604","-42,16636777",SPRF-MG,DEL06-MG,UOP04-DEL06-MG
339724.0,2021-02-05,sexta-feira,12:17:00,MG,381.0,"665,8",PERDOES,Obstrução na via,Saída de leito carroçável,Com Vítimas Feridas,Pleno dia,Crescente,Nublado,Dupla,Reta,Não,1,0,1,0,0,0,1,1,"-21,05493912","-45,03103599",SPRF-MG,DEL04-MG,UOP02-DEL04-MG
339739.0,2021-02-10,quarta-feira,06:50:00,MG,40.0,523,CONTAGEM,Mal súbito do condutor,Atropelamento de Pedestre,Com Vítimas Feridas,Pleno dia,Crescente,Céu Claro,Dupla,Reta,Sim,3,0,2,0,1,0,2,1,"-19,86874894","-44,05962197",SPRF-MG,DEL01-MG,UOP02-DEL01-MG
339777.0,2021-02-10,quarta-feira,09:00:00,MG,40.0,530,CONTAGEM,Mal súbito do condutor,Colisão traseira,Com Vítimas Feridas,Pleno dia,Crescente,Céu Claro,Dupla,Curva,Sim,2,0,1,0,1,0,1,2,"-19,92064782","-44,0335681",SPRF-MG,DEL01-MG,UOP02-DEL01-MG
339796.0,2021-02-10,quarta-feira,10:30:00,MG,381.0,"886,4",ESTIVA,Reação tardia ou ineficiente do condutor,Saída de leito carroçável,Com Vítimas Feridas,Pleno dia,Crescente,Céu Claro,Dupla,Reta,Não,2,0,2,0,0,0,2,1,"-22,55262102","-46,03939916",SPRF-MG,DEL16-MG,UOP03-DEL16-MG
339837.0,2021-02-10,quarta-feira,11:00:00,MG,116.0,"705,1",MURIAE,Reação tardia ou ineficiente do condutor,Tombamento,Com Vítimas Feridas,Pleno dia,Decrescente,Céu Claro,Simples,Reta,Sim,1,0,1,0,0,0,1,1,"-21,1404896","-42,38136978",SPRF-MG,DEL07-MG,UOP02-DEL07-MG
339848.0,2021-02-10,quarta-feira,15:30:00,MG,381.0,"511,6",IGARAPE,Desrespeitar a preferência no cruzamento,Colisão lateral,Com Vítimas Feridas,Pleno dia,Decrescente,Céu Claro,Dupla,Reta,Sim,2,0,1,0,1,0,1,2,"-20,06818842","-44,29684738",SPRF-MG,DEL01-MG,UOP03-DEL01-MG
339858.0,2021-02-10,quarta-feira,15:00:00,MG,116.0,"535,6",SANTA RITA DE MINAS,Demais falhas mecânicas ou elétricas,Queda de ocupante de veículo,Com Vítimas Feridas,Pleno dia,Decrescente,Nublado,Simples,Reta,Não,2,0,0,1,1,0,1,1,"-19,85292504","-42,14058636",SPRF-MG,DEL06-MG,UOP02-DEL06-MG
339874.0,2021-02-10,quarta-feira,18:25:00,MG,381.0,491,BETIM,Trafegar com motocicleta (ou similar) entre as faixas,Tombamento,Com Vítimas Feridas,Anoitecer,Crescente,Céu Claro,Dupla,Reta,Sim,1,0,1,0,0,0,1,1,"-19,97018187","-44,18210416",SPRF-MG,DEL01-MG,UOP03-DEL01-MG
339922.0,2021-02-11,quinta-feira,01:00:00,MG,381.0,359,JOAO MONLEVADE,Reação tardia ou ineficiente do condutor,Queda de ocupante de veículo,Com Vítimas Feridas,Plena Noite,Crescente,Céu Claro,Simples,Reta,Sim,3,0,1,0,0,2,1,1,"-19,83888387","-43,18270868",SPRF-MG,DEL03-MG,UOP01-DEL03-MG
339932.0,2021-02-10,quarta-feira,18:15:00,MG,262.0,474,BOM DESPACHO,Acumulo de areia ou detritos sobre o pavimento,Queda de ocupante de veículo,Com Vítimas Feridas,Anoitecer,Crescente,Céu Claro,Simples,Reta,Não,2,0,0,2,0,0,2,1,"-19,79064386","-45,19331799",SPRF-MG,DEL08-MG,UOP03-DEL08-MG
339948.0,2021-01-12,terça-feira,19:50:00,MG,116.0,115,ITAOBIM,Retorno proibido,Colisão transversal,Com Vítimas Feridas,Plena Noite,Decrescente,Nublado,Múltipla,Reta,Sim,2,0,1,0,1,0,1,2,"-16,55656498","-41,50192905",SPRF-MG,DEL11-MG,UOP02-DEL11-MG
339983.0,2021-02-11,quinta-feira,07:00:00,MG,40.0,456,CAETANOPOLIS,Avarias e/ou desgaste excessivo no pneu,Queda de ocupante de veículo,Com Vítimas Feridas,Pleno dia,Decrescente,Nublado,Dupla,Curva,Não,1,0,0,1,0,0,1,1,"-19,36312782","-44,33978478",SPRF-MG,DEL02-MG,UOP01-DEL02-MG
339993.0,2021-02-11,quinta-feira,12:00:00,MG,40.0,"532,6",BELO HORIZONTE,Condutor deixou de manter distância do veículo da frente,Engavetamento,Com Vítimas Feridas,Pleno dia,Crescente,Céu Claro,Dupla,Reta,Sim,4,0,2,0,2,0,2,3,"-19,92372561","-44,01700789",SPRF-MG,DEL01-MG,UOP02-DEL01-MG
339999.0,2021-02-11,quinta-feira,07:33:00,MG,50.0,"145,9",UBERABA,Reação tardia ou ineficiente do condutor,Saída de leito carroçável,Sem Vítimas,Pleno dia,Decrescente,Sol,Dupla,Reta,Não,1,0,0,0,0,1,0,1,"-19,51997196","-48,03997088",SPRF-MG,DEL13-MG,UOP01-DEL13-MG
340001.0,2021-02-11,quinta-feira,08:30:00,MG,50.0,192,DELTA,Condutor deixou de manter distância do veículo da frente,Colisão traseira,Com Vítimas Feridas,Pleno dia,Crescente,Chuva,Dupla,Não Informado,Não,2,0,1,0,1,0,1,2,"-19,87187797","-47,85892196",SPRF-MG,DEL13-MG,UOP01-DEL13-MG
340004.0,2021-02-11,quinta-feira,12:10:00,MG,40.0,"666,8",CARANDAI,Acessar a via sem observar a presença dos outros veículos,Colisão transversal,Com Vítimas Feridas,Pleno dia,Crescente,Chuva,Dupla,Rotatória,Sim,3,0,2,0,1,0,2,2,"-20,94471215","-43,8086221",SPRF-MG,DEL05-MG,UOP02-DEL05-MG
340053.0,2021-02-11,quinta-feira,17:50:00,MG,262.0,"460,8",ARAUJOS,Demais falhas mecânicas ou elétricas,Tombamento,Com Vítimas Feridas,Pleno dia,Crescente,Céu Claro,Simples,Não Informado,Não,2,0,2,0,0,0,2,1,"-19,82719122","-45,07371312",SPRF-MG,DEL08-MG,UOP03-DEL08-MG
340086.0,2021-02-11,quinta-feira,20:50:00,MG,262.0,578,MANHUACU,Ingestão de álcool pelo condutor,Saída de leito carroçável,Com Vítimas Feridas,Plena Noite,Crescente,Garoa/Chuvisco,Simples,Curva,Não,3,0,3,0,0,0,3,1,"-20,16135429","-42,18921661",SPRF-MG,DEL08-MG,UOP02-DEL08-MG
340093.0,2021-01-23,sábado,18:00:00,MG,365.0,"448,2",PATROCINIO,Reação tardia ou ineficiente do condutor,Queda de ocupante de veículo,Com Vítimas Feridas,Amanhecer,Crescente,Céu Claro,Simples,Reta,Não,1,0,1,0,0,0,1,1,"-18,8271","-46,7961",SPRF-MG,DEL10-MG,UOP01-DEL10-MG
340100.0,2021-02-11,quinta-feira,22:40:00,MG,381.0,451,SABARA,Chuva,Colisão frontal,Com Vítimas Feridas,Plena Noite,Crescente,Chuva,Simples,Não Informado,Sim,4,0,3,1,0,0,4,2,"-19,83081182","-43,84455605",SPRF-MG,DEL01-MG,UOP01-DEL01-MG
340111.0,2021-02-11,quinta-feira,23:49:00,MG,381.0,"858,5",POUSO ALEGRE,Ingestão de álcool pelo condutor,Tombamento,Com Vítimas Feridas,Plena Noite,Decrescente,Chuva,Dupla,Reta,Não,2,0,1,0,0,1,1,1,"-22,31166904","-45,90320706",SPRF-MG,DEL16-MG,UOP01-DEL16-MG
340114.0,2021-02-12,sexta-feira,00:10:00,MG,116.0,413,GOVERNADOR VALADARES,Ingestão de álcool e/ou substâncias psicoativas pelo pedestre,Atropelamento de Pedestre,Com Vítimas Feridas,Plena Noite,Crescente,Céu Claro,Dupla,Viaduto,Sim,2,0,1,0,1,0,1,1,"-18,8725546","-41,96793437",SPRF-MG,DEL06-MG,UOP01-DEL06-MG
340125.0,2021-02-12,sexta-feira,01:50:00,MG,262.0,163,SAO DOMINGOS DO PRATA,Pista Escorregadia,Saída de leito carroçável,Sem Vítimas,Plena Noite,Decrescente,Chuva,Simples,Reta,Não,1,0,0,0,1,0,0,1,"-19,95885148","-42,86157307",SPRF-MG,DEL03-MG,UOP03-DEL03-MG
340136.0,2021-02-12,sexta-feira,06:10:00,MG,40.0,512,RIBEIRAO DAS NEVES,Manobra de mudança de faixa,Colisão lateral,Com Vítimas Feridas,Pleno dia,Crescente,Chuva,Dupla,Reta,Sim,2,0,0,1,1,0,1,2,"-19,78946999","-44,11290699",SPRF-MG,DEL01-MG,UOP02-DEL01-MG
340150.0,2021-02-12,sexta-feira,06:50:00,MG,40.0,509,CONTAGEM,Reação tardia ou ineficiente do condutor,Colisão traseira,Com Vítimas Feridas,Pleno dia,Decrescente,Nublado,Dupla,Reta,Sim,3,0,1,0,2,0,1,2,"-19,76728744","-44,12855905",SPRF-MG,DEL01-MG,UOP02-DEL01-MG
340159.0,2021-02-12,sexta-feira,09:30:00,MG,40.0,"637,5",CONSELHEIRO LAFAIETE,Manobra de mudança de faixa,Saída de leito carroçável,Com Vítimas Feridas,Pleno dia,Decrescente,Nublado,Simples,Reta,Não,1,0,1,0,0,0,1,1,"-20,7152208","-43,79625842",SPRF-MG,DEL05-MG,UOP02-DEL05-MG