id,data_inversa,dia_semana,horario,uf,br,km,municipio,causa_acidente,tipo_acidente,classificacao_acidente,fase_dia,sentido_via,condicao_metereologica,tipo_pista,tracado_via,uso_solo,pessoas,mortos,feridos_leves,feridos_graves,ilesos,ignorados,feridos,veiculos,latitude,longitude,regional,delegacia,uop
340164.0,2021-02-12,sexta-feira,09:00:00,MG,116.0,"776,3",LEOPOLDINA,Velocidade Incompatível,Colisão com objeto,Com Vítimas Feridas,Pleno dia,Decrescente,Nublado,Simples,Curva,Não,1,0,1,0,0,0,1,1,"-21,59023796","-42,68715187",SPRF-MG,DEL07-MG,UOP01-DEL07-MG
340174.0,2021-02-12,sexta-feira,05:15:00,MG,365.0,"476,2",PATROCINIO,Ausência de reação do condutor,Saída de leito carroçável,Com Vítimas Feridas,Amanhecer,Crescente,Ignorado,Simples,Interseção de vias,Não,1,0,1,0,0,0,1,1,"-18,92098307","-47,0254755",SPRF-MG,DEL10-MG,UOP01-DEL10-MG
340178.0,2021-02-12,sexta-feira,11:10:00,MG,262.0,359,BETIM,Velocidade Incompatível,Saída de leito carroçável,Com Vítimas Feridas,Pleno dia,Decrescente,Céu Claro,Dupla,Reta,Sim,2,0,2,0,0,0,2,1,"-19,98332234","-44,20214426",SPRF-MG,DEL01-MG,UOP03-DEL01-MG
340191.0,2021-02-12,sexta-feira,11:25:00,MG,262.0,"38,2",MANHUACU,Obras na pista,Colisão traseira,Com Vítimas Feridas,Pleno dia,Decrescente,Nublado,Simples,Não Informado,Não,2,0,0,1,1,0,1,2,"-20,26305859","-42,03684948",SPRF-MG,DEL06-MG,UOP04-DEL06-MG
340201.0,2021-02-12,sexta-feira,12:40:00,MG,381.0,"804,8",SAO GONCALO DO SAPUCAI,Velocidade Incompatível,Saída de leito carroçável,Com Vítimas Feridas,Pleno dia,Crescente,Chuva,Dupla,Curva,Não,2,0,2,0,0,0,2,1,"-21,996186","-45,6744899",SPRF-MG,DEL16-MG,UOP02-DEL16-MG
340223.0,2021-02-08,segunda-feira,10:00:00,MG,40.0,787,JUIZ DE FORA,Velocidade Incompatível,Colisão com objeto,Com Vítimas Feridas,Pleno dia,Crescente,Nublado,Dupla,Curva,Não,1,0,1,0,0,0,1,1,"-21,5995554","-43,458047",SPRF-MG,DEL05-MG,UOP01-DEL05-MG
340262.0,2021-02-12,sexta-feira,17:45:00,MG,40.0,"726,5",BARBACENA,Velocidade Incompatível,Saída de leito carroçável,Com Vítimas Feridas,Pleno dia,Crescente,Nublado,Dupla,Curva,Não,2,0,2,0,0,0,2,1,"-21,31059847","-43,60380204",SPRF-MG,DEL05-MG,UOP01-DEL05-MG
340304.0,2021-02-12,sexta-feira,19:30:00,MG,381.0,"530,5",ITATIAIUCU,Velocidade Incompatível,Saída de leito carroçável,Sem Vítimas,Plena Noite,Decrescente,Chuva,Dupla,Curva,Não,1,0,0,0,1,0,0,1,"-20,17327539","-44,37545454",SPRF-MG,DEL04-MG,UOP03-DEL04-MG
340310.0,2021-02-12,sexta-feira,16:45:00,MG,262.0,"431,4",NOVA SERRANA,Avarias e/ou desgaste excessivo no pneu,Tombamento,Com Vítimas Fatais,Pleno dia,Decrescente,Chuva,Dupla,Curva,Não,2,1,1,0,0,0,1,1,"-19,8939514","-44,87709045",SPRF-MG,DEL08-MG,UOP03-DEL08-MG
340326.0,2021-02-12,sexta-feira,23:00:00,MG,381.0,772,CAMPANHA,Condutor deixou de manter distância do veículo da frente,Colisão traseira,Com Vítimas Feridas,Plena Noite,Crescente,Céu Claro,Dupla,Reta,Não,4,0,4,0,0,0,4,2,"-21,79763003","-45,45693799",SPRF-MG,DEL16-MG,UOP02-DEL16-MG
340336.0,2021-02-12,sexta-feira,23:50:00,MG,262.0,"811,3",UBERABA,Ausência de reação do condutor,Saída de leito carroçável,Sem Vítimas,Plena Noite,Crescente,Nublado,Dupla,Reta,Sim,1,0,0,0,1,0,0,1,"-19,76527861","-48,11638905",SPRF-MG,DEL13-MG,UOP01-DEL13-MG
340368.0,2021-02-13,sábado,03:40:00,MG,262.0,"45,8",MANHUACU,Ingestão de álcool pelo condutor,Colisão lateral,Sem Vítimas,Plena Noite,Decrescente,Nublado,Simples,Reta,Não,2,0,0,0,2,0,0,2,"-20,26145201","-42,09686296",SPRF-MG,DEL06-MG,UOP04-DEL06-MG
340379.0,2021-02-13,sábado,06:30:00,MG,40.0,523,CONTAGEM,Demais falhas mecânicas ou elétricas,Queda de ocupante de veículo,Com Vítimas Feridas,Pleno dia,Crescente,Nublado,Dupla,Reta,Sim,1,0,1,0,0,0,1,1,"-19,86874894","-44,05962197",SPRF-MG,DEL01-MG,UOP02-DEL01-MG
340381.0,2021-02-13,sábado,06:30:00,MG,262.0,356,BETIM,Ausência de reação do condutor,Colisão transversal,Com Vítimas Feridas,Pleno dia,Decrescente,Nublado,Múltipla,Rotatória,Não,2,0,1,0,1,0,1,2,"-19,98016509","-44,21374798",SPRF-MG,DEL01-MG,UOP03-DEL01-MG
340405.0,2021-02-13,sábado,08:50:00,MG,381.0,908,CAMBUI,Chuva,Colisão com objeto,Com Vítimas Feridas,Pleno dia,Decrescente,Chuva,Dupla,Não Informado,Não,4,0,2,0,2,0,2,1,"-22,71744092","-46,12652111",SPRF-MG,DEL16-MG,UOP03-DEL16-MG
340417.0,2021-02-13,sábado,09:30:00,MG,381.0,"912,8",CAMANDUCAIA,Velocidade Incompatível,Colisão com objeto,Com Vítimas Feridas,Pleno dia,Decrescente,Chuva,Dupla,Curva,Não,4,0,2,0,2,0,2,1,"-22,70778918","-46,12129211",SPRF-MG,DEL16-MG,UOP03-DEL16-MG
340418.0,2021-02-13,sábado,09:40:00,MG,381.0,"628,9",OLIVEIRA,Velocidade Incompatível,Colisão com objeto,Com Vítimas Feridas,Pleno dia,Crescente,Chuva,Dupla,Não Informado,Não,4,0,1,3,0,0,4,1,"-20,83304688","-44,8250553",SPRF-MG,DEL04-MG,UOP01-DEL04-MG
340420.0,2021-02-13,sábado,09:50:00,MG,381.0,"686,6",LAVRAS,Velocidade Incompatível,Saída de leito carroçável,Com Vítimas Feridas,Pleno dia,Crescente,Chuva,Dupla,Não Informado,Não,2,0,2,0,0,0,2,1,"-21,20030689","-45,11944438",SPRF-MG,DEL04-MG,UOP02-DEL04-MG
340429.0,2021-02-13,sábado,10:05:00,MG,381.0,"732,5",TRES CORACOES,Chuva,Saída de leito carroçável,Com Vítimas Feridas,Pleno dia,Decrescente,Chuva,Dupla,Reta,Não,3,0,2,0,1,0,2,1,"-21,55413799","-45,24499427",SPRF-MG,DEL16-MG,UOP02-DEL16-MG
340445.0,2021-02-13,sábado,10:40:00,MG,365.0,"276,8",JOAO PINHEIRO,Conversão proibida,Colisão frontal,Com Vítimas Feridas,Pleno dia,Decrescente,Chuva,Simples,Reta,Sim,2,0,0,1,1,0,1,2,"-17,988169","-45,615963",SPRF-MG,DEL14-MG,UOP02-DEL14-MG
340451.0,2021-02-13,sábado,12:25:00,MG,381.0,"932,7",EXTREMA,Velocidade Incompatível,Capotamento,Com Vítimas Feridas,Pleno dia,Crescente,Chuva,Dupla,Curva,Não,1,0,1,0,0,0,1,1,"-22,79074211","-46,24488831",SPRF-MG,DEL16-MG,UOP03-DEL16-MG
340457.0,2021-02-13,sábado,12:30:00,MG,381.0,518,IGARAPE,Objeto estático sobre o leito carroçável,Colisão com objeto,Com Vítimas Feridas,Pleno dia,Decrescente,Céu Claro,Múltipla,Curva,Sim,1,0,1,0,0,0,1,1,"-20,12065395","-44,30242562",SPRF-MG,DEL04-MG,UOP03-DEL04-MG
340463.0,2021-02-13,sábado,13:40:00,MG,381.0,288,ANTONIO DIAS,Pista Escorregadia,Queda de ocupante de veículo,Com Vítimas Feridas,Pleno dia,Crescente,Nublado,Simples,Curva,Não,2,0,2,0,0,0,2,1,"-19,63905081","-42,81290207",SPRF-MG,DEL03-MG,UOP02-DEL03-MG
340465.0,2021-02-13,sábado,12:20:00,MG,381.0,"492,8",BETIM,Reação tardia ou ineficiente do condutor,Colisão traseira,Com Vítimas Feridas,Pleno dia,Decrescente,Nublado,Múltipla,Reta,Sim,2,0,1,0,1,0,1,2,"-19,96355739","-44,16801095",SPRF-MG,DEL01-MG,UOP03-DEL01-MG
340466.0,2021-02-13,sábado,11:00:00,MG,262.0,"59,2",MANHUACU,Chuva,Saída de leito carroçável,Com Vítimas Feridas,Pleno dia,Decrescente,Chuva,Simples,Reta,Não,1,0,1,0,0,0,1,1,"-20,28276197","-42,20329303",SPRF-MG,DEL06-MG,UOP04-DEL06-MG
340476.0,2021-02-13,sábado,14:50:00,MG,381.0,941,EXTREMA,Frear bruscamente,Saída de leito carroçável,Com Vítimas Feridas,Pleno dia,Crescente,Chuva,Dupla,Reta,Não,1,0,1,0,0,0,1,1,"-22,82771956","-46,31416609",SPRF-MG,DEL16-MG,UOP03-DEL16-MG
340490.0,2021-02-13,sábado,16:00:00,MG,381.0,"917,1",CAMANDUCAIA,Velocidade Incompatível,Colisão lateral,Com Vítimas Feridas,Pleno dia,Decrescente,Chuva,Dupla,Reta,Não,4,0,2,0,2,0,2,2,"-22,75528748","-46,15013123",SPRF-MG,DEL16-MG,UOP03-DEL16-MG
340491.0,2021-02-13,sábado,15:50:00,MG,262.0,819,UBERABA,Ingestão de álcool pelo condutor,Saída de leito carroçável,Sem Vítimas,Pleno dia,Crescente,Nublado,Dupla,Reta,Não,1,0,0,0,0,1,0,1,"-19,76304151","-48,1335551",SPRF-MG,DEL13-MG,UOP01-DEL13-MG
340498.0,2021-02-13,sábado,16:00:00,MG,116.0,"275,8",TEOFILO OTONI,Condutor deixou de manter distância do veículo da frente,Colisão traseira,Com Vítimas Feridas,Pleno dia,Decrescente,Nublado,Dupla,Reta,Sim,2,0,1,0,1,0,1,2,"-17,848699","-41,515203",SPRF-MG,DEL11-MG,UOP01-DEL11-MG
340519.0,2021-02-13,sábado,14:30:00,MG,116.0,"536,9",SANTA RITA DE MINAS,Velocidade Incompatível,Saída de leito carroçável,Com Vítimas Feridas,Pleno dia,Crescente,Céu Claro,Simples,Curva,Não,4,0,4,0,0,0,4,1,"-19,8582936","-42,1353868",SPRF-MG,DEL06-MG,UOP02-DEL06-MG
340532.0,2021-02-13,sábado,16:45:00,MG,381.0,"697,4",LAVRAS,Velocidade Incompatível,Saída de leito carroçável,Com Vítimas Feridas,Pleno dia,Crescente,Chuva,Dupla,Curva,Não,1,0,0,1,0,0,1,1,"-21,29043096","-45,14791909",SPRF-MG,DEL04-MG,UOP02-DEL04-MG
340533.0,2021-02-13,sábado,19:00:00,MG,365.0,529,MONTE CARMELO,Manobra de mudança de faixa,Colisão frontal,Com Vítimas Fatais,Plena Noite,Decrescente,Nublado,Simples,Reta,Não,3,1,2,0,0,0,2,2,"-18,91570544","-47,47432709",SPRF-MG,DEL10-MG,UOP01-DEL10-MG
340564.0,2021-02-13,sábado,15:00:00,MG,262.0,"635,1",IBIA,Avarias e/ou desgaste excessivo no pneu,Saída de leito carroçável,Sem Vítimas,Pleno dia,Decrescente,Nublado,Simples,Reta,Não,1,0,0,0,1,0,0,1,"-19,5885374","-46,4985892",SPRF-MG,DEL08-MG,UOP01-DEL08-MG
340578.0,2021-02-13,sábado,23:00:00,MG,40.0,661,CARANDAI,Chuva,Saída de leito carroçável,Com Vítimas Feridas,Plena Noite,Crescente,Chuva,Simples,Não Informado,Não,1,0,1,0,0,0,1,1,"-20,90511396","-43,82787922",SPRF-MG,DEL05-MG,UOP02-DEL05-MG
340581.0,2021-02-13,sábado,22:20:00,MG,116.0,"266,4",TEOFILO OTONI,Ingestão de álcool pelo condutor,Saída de leito carroçável,Sem Vítimas,Plena Noite,Crescente,Céu Claro,Simples,Reta,Não,1,0,0,0,1,0,0,1,"-17,77020321","-41,49730031",SPRF-MG,DEL11-MG,UOP01-DEL11-MG
340588.0,2021-02-13,sábado,23:00:00,MG,40.0,612,CONGONHAS,Chuva,Saída de leito carroçável,Sem Vítimas,Plena Noite,Crescente,Chuva,Simples,Ponte,Não,2,0,0,0,2,0,0,1,"-20,519291","-43,833491",SPRF-MG,DEL05-MG,UOP02-DEL05-MG
340592.0,2021-02-14,domingo,00:00:00,MG,153.0,196,FRUTAL,Ingestão de álcool pelo condutor,Saída de leito carroçável,Sem Vítimas,Plena Noite,Decrescente,Céu Claro,Simples,Reta,Não,1,0,0,0,1,0,0,1,"-19,97316232","-49,00353077",SPRF-MG,DEL13-MG,UOP02-DEL13-MG
340607.0,2021-02-14,domingo,02:10:00,MG,262.0,"160,5",SAO DOMINGOS DO PRATA,Demais falhas na via,Saída de leito carroçável,Com Vítimas Feridas,Plena Noite,Decrescente,Garoa/Chuvisco,Simples,Não Informado,Não,1,0,1,0,0,0,1,1,"-19,96282686","-42,83491942",SPRF-MG,DEL03-MG,UOP03-DEL03-MG
340646.0,2021-01-29,sexta-feira,14:00:00,MG,267.0,153,LIMA DUARTE,Condutor deixou de manter distância do veículo da frente,Colisão traseira,Com Vítimas Feridas,Pleno dia,Decrescente,Sol,Simples,Reta,Não,2,0,0,1,1,0,1,2,"-21,83584645","-43,76609802",SPRF-MG,DEL05-MG,UOP01-DEL05-MG
340648.0,2021-02-14,domingo,10:55:00,MG,50.0,"17,1",ARAGUARI,Velocidade Incompatível,Tombamento,Com Vítimas Fatais,Pleno dia,Crescente,Nublado,Dupla,Não Informado,Não,1,1,0,0,0,0,0,1,"-18,56358502","-48,05639606",SPRF-MG,DEL15-MG,UOP02-DEL15-MG
340663.0,2021-02-14,domingo,11:15:00,MG,381.0,"624,8",OLIVEIRA,Objeto estático sobre o leito carroçável,Queda de ocupante de veículo,Com Vítimas Feridas,Pleno dia,Decrescente,Nublado,Dupla,Não Informado,Não,1,0,1,0,0,0,1,1,"-20,817322","-44,795982",SPRF-MG,DEL04-MG,UOP01-DEL04-MG
340666.0,2021-02-14,domingo,12:00:00,MG,40.0,"427,6",PARAOPEBA,Avarias e/ou desgaste excessivo no pneu,Saída de leito carroçável,Sem Vítimas,Pleno dia,Decrescente,Nublado,Dupla,Reta,Não,1,0,0,0,1,0,0,1,"-19,17394823","-44,50827418",SPRF-MG,DEL02-MG,UOP01-DEL02-MG
340669.0,2021-02-14,domingo,13:00:00,MG,40.0,"443,5",PARAOPEBA,Velocidade Incompatível,Tombamento,Com Vítimas Feridas,Pleno dia,Crescente,Chuva,Dupla,Não Informado,Sim,1,0,1,0,0,0,1,1,"-19,287382","-44,414063",SPRF-MG,DEL02-MG,UOP01-DEL02-MG
340670.0,2021-02-14,domingo,12:55:00,MG,40.0,"734,9",SANTOS DUMONT,Velocidade Incompatível,Capotamento,Com Vítimas Feridas,Pleno dia,Crescente,Sol,Simples,Curva,Não,4,0,2,0,2,0,2,1,"-21,36247924","-43,57519146",SPRF-MG,DEL05-MG,UOP01-DEL05-MG
340674.0,2021-02-14,domingo,13:40:00,MG,40.0,"493,5",ESMERALDAS,Velocidade Incompatível,Saída de leito carroçável,Com Vítimas Feridas,Pleno dia,Decrescente,Chuva,Dupla,Curva,Não,1,0,1,0,0,0,1,1,"-19,64620694","-44,20301977",SPRF-MG,DEL02-MG,UOP01-DEL02-MG
340684.0,2021-02-14,domingo,15:00:00,MG,40.0,766,JUIZ DE FORA,Condutor deixou de manter distância do veículo da frente,Colisão traseira,Sem Vítimas,Pleno dia,Crescente,Céu Claro,Simples,Reta,Não,4,0,0,0,4,0,0,2,"-21,5688431","-43,47868311",SPRF-MG,DEL05-MG,UOP01-DEL05-MG
340686.0,2021-02-14,domingo,15:20:00,MG,381.0,"808,9",CAREACU,Velocidade Incompatível,Tombamento,Com Vítimas Feridas,Pleno dia,Crescente,Chuva,Dupla,Curva,Não,2,0,2,0,0,0,2,1,"-21,98721166","-45,65967845",SPRF-MG,DEL16-MG,UOP02-DEL16-MG
340729.0,2021-02-14,domingo,16:50:00,MG,381.0,492,BETIM,Velocidade Incompatível,Colisão com objeto,Com Vítimas Feridas,Pleno dia,Decrescente,Nublado,Dupla,Reta,Sim,2,0,1,0,1,0,1,1,"-19,97490091","-44,19004301",SPRF-MG,DEL01-MG,UOP03-DEL01-MG
340763.0,2021-02-14,domingo,20:10:00,MG,40.0,"763,1",JUIZ DE FORA,Transitar na contramão,Colisão frontal,Com Vítimas Fatais,Plena Noite,Decrescente,Céu Claro,Simples,Curva,Não,3,1,0,1,0,1,1,2,"-21,577154","-43,475861",SPRF-MG,DEL05-MG,UOP01-DEL05-MG
340765.0,2021-02-14,domingo,19:15:00,MG,116.0,"414,1",GOVERNADOR VALADARES,Ausência de reação do condutor,Tombamento,Com Vítimas Feridas,Plena Noite,Decrescente,Ignorado,Simples,Reta,Sim,2,0,0,2,0,0,2,1,"-18,873907","-41,966366",SPRF-MG,DEL06-MG,UOP01-DEL06-MG
340820.0,2021-02-15,segunda-feira,02:10:00,MG,116.0,"565,9",MANHUACU,Velocidade Incompatível,Colisão frontal,Com Vítimas Fatais,Plena Noite,Crescente,Nublado,Simples,Curva,Não,6,2,3,1,0,0,4,2,"-20,06874641","-42,17752394",SPRF-MG,DEL06-MG,UOP04-DEL06-MG
340825.0,2021-02-14,domingo,23:30:00,MG,40.0,"74,9",PARACATU,Pedestre andava na pista,Atropelamento de Pedestre,Com Vítimas Fatais,Plena Noite,Decrescente,Nublado,Simples,Reta,Não,4,1,1,0,2,0,1,1,"-17,42909083","-46,70441983",SPRF-MG,DEL14-MG,UOP01-DEL14-MG
340840.0,2021-02-14,domingo,23:00:00,MG,381.0,"852,1",POUSO ALEGRE,Velocidade Incompatível,Saída de leito carroçável,Com Vítimas Feridas,Plena Noite,Decrescente,Chuva,Dupla,Reta,Não,1,0,1,0,0,0,1,1,"-22,25879285","-45,88905734",SPRF-MG,DEL16-MG,UOP01-DEL16-MG
340842.0,2021-02-14,domingo,21:30:00,MG,50.0,"126,8",UBERABA,Ingestão de álcool e/ou substâncias psicoativas pelo pedestre,Saída de leito carroçável,Sem Vítimas,Pleno dia,Crescente,Chuva,Dupla,Desvio Temporário,Não,1,0,0,0,1,0,0,1,"-19,35661694","-48,08567397",SPRF-MG,DEL13-MG,UOP01-DEL13-MG
340876.0,2021-02-15,segunda-feira,08:00:00,MG,50.0,"179,2",UBERABA,Velocidade Incompatível,Saída de leito carroçável,Com Vítimas Feridas,Pleno dia,Crescente,Nublado,Dupla,Túnel,Sim,1,0,1,0,0,0,1,1,"-19,77827047","-47,93140998",SPRF-MG,DEL13-MG,UOP01-DEL13-MG
340890.0,2021-02-15,segunda-feira,12:30:00,MG,262.0,354,BETIM,Avarias e/ou desgaste excessivo no pneu,Tombamento,Com Vítimas Feridas,Pleno dia,Crescente,Céu Claro,Dupla,Curva,Não,2,0,2,0,0,0,2,1,"-19,96216513","-44,16346396",SPRF-MG,DEL01-MG,UOP03-DEL01-MG
340900.0,2021-02-15,segunda-feira,14:05:00,MG,381.0,"705,7",LAVRAS,Pista Escorregadia,Saída de leito carroçável,Com Vítimas Feridas,Pleno dia,Crescente,Chuva,Dupla,Não Informado,Não,2,0,1,0,1,0,1,1,"-21,32125305","-45,1655407",SPRF-MG,DEL04-MG,UOP02-DEL04-MG
340916.0,2021-02-15,segunda-feira,13:30:00,MG,262.0,"22,9",REDUTO,Chuva,Colisão frontal,Com Vítimas Feridas,Pleno dia,Decrescente,Chuva,Simples,Curva,Não,2,0,2,0,0,0,2,2,"-20,24575292","-41,92502101",SPRF-MG,DEL06-MG,UOP04-DEL06-MG
340935.0,2021-02-15,segunda-feira,12:30:00,MG,153.0,119,PRATA,Chuva,Colisão frontal,Com Vítimas Feridas,Pleno dia,Crescente,Chuva,Simples,Reta,Não,2,0,0,1,1,0,1,2,"-19,39390101","-48,89661712",SPRF-MG,DEL15-MG,UOP03-DEL15-MG
340953.0,2021-02-15,segunda-feira,18:40:00,MG,40.0,"522,9",CONTAGEM,Manobra de mudança de faixa,Colisão lateral mesmo sentido,Com Vítimas Feridas,Plena Noite,Crescente,Nublado,Dupla,Reta,Sim,1,0,1,0,0,0,1,1,"-19,8638731","-44,06749809",SPRF-MG,DEL01-MG,UOP02-DEL01-MG
340954.0,2021-02-15,segunda-feira,18:20:00,MG,40.0,643,CONSELHEIRO LAFAIETE,Velocidade Incompatível,Saída de leito carroçável,Com Vítimas Feridas,Anoitecer,Decrescente,Chuva,Simples,Curva,Não,1,0,1,0,0,0,1,1,"-20,77107137","-43,80623917",SPRF-MG,DEL05-MG,UOP02-DEL05-MG
340968.0,2021-02-15,segunda-feira,20:00:00,MG,381.0,500,BETIM,Avarias e/ou desgaste excessivo no pneu,Tombamento,Com Vítimas Feridas,Plena Noite,Decrescente,Céu Claro,Dupla,Reta,Sim,2,0,2,0,0,0,2,1,"-20,02513493","-44,23112709",SPRF-MG,DEL01-MG,UOP03-DEL01-MG
340978.0,2021-02-15,segunda-feira,19:30:00,MG,262.0,430,SAO GONCALO DO PARA,Velocidade Incompatível,Capotamento,Com Vítimas Feridas,Plena Noite,Crescente,Céu Claro,Dupla,Não Informado,Não,1,0,0,1,0,0,1,1,"-19,89011218","-44,80551997",SPRF-MG,DEL08-MG,UOP03-DEL08-MG
340989.0,2021-02-15,segunda-feira,17:43:00,MG,40.0,142,JOAO PINHEIRO,Acessar a via sem observar a presença dos outros veículos,Colisão transversal,Com Vítimas Feridas,Pleno dia,Decrescente,Nublado,Simples,Reta,Sim,2,0,0,1,1,0,1,2,"-17,740382","-46,185728",SPRF-MG,DEL14-MG,UOP01-DEL14-MG
340996.0,2021-02-15,segunda-feira,22:45:00,MG,153.0,45,CANAPOLIS,Pista Escorregadia,Saída de leito carroçável,Sem Vítimas,Plena Noite,Crescente,Chuva,Dupla,Desvio Temporário,Não,1,0,0,0,1,0,0,1,"-18,78035791","-49,07866011",SPRF-MG,DEL15-MG,UOP03-DEL15-MG
341034.0,2021-02-16,terça-feira,06:50:00,MG,365.0,"99,5",JEQUITAI,Acumulo de água sobre o pavimento,Saída de leito carroçável,Com Vítimas Fatais,Pleno dia,Crescente,Chuva,Simples,Reta,Não,2,1,0,1,0,0,1,1,"-17,22649424","-44,5163489",SPRF-MG,DEL12-MG,UOP01-DEL12-MG
341035.0,2021-02-16,terça-feira,07:30:00,MG,381.0,332,NOVA ERA,Velocidade Incompatível,Saída de leito carroçável,Com Vítimas Feridas,Pleno dia,Crescente,Céu Claro,Dupla,Reta,Não,2,0,2,0,0,0,2,1,"-19,79994695","-43,05451587",SPRF-MG,DEL03-MG,UOP01-DEL03-MG
341042.0,2021-02-16,terça-feira,09:00:00,MG,116.0,638,DIVINO,Afundamento ou ondulação no pavimento,Saída de leito carroçável,Com Vítimas Feridas,Pleno dia,Crescente,Céu Claro,Simples,Reta,Não,2,0,1,0,1,0,1,1,"-20,63760369","-42,23590851",SPRF-MG,DEL07-MG,UOP03-DEL07-MG
341043.0,2021-02-16,terça-feira,09:45:00,MG,381.0,"484,1",BETIM,Demais falhas na via,Tombamento,Com Vítimas Feridas,Pleno dia,Decrescente,Nublado,Dupla,Não Informado,Sim,1,0,1,0,0,0,1,1,"-19,95531717","-44,11722196",SPRF-MG,DEL01-MG,UOP03-DEL01-MG
341049.0,2021-02-16,terça-feira,09:30:00,MG,40.0,515,RIBEIRAO DAS NEVES,Avarias e/ou desgaste excessivo no pneu,Saída de leito carroçável,Sem Vítimas,Pleno dia,Decrescente,Nublado,Dupla,Não Informado,Sim,1,0,0,0,0,1,0,1,"-19,8090079","-44,09493479",SPRF-MG,DEL01-MG,UOP02-DEL01-MG
341073.0,2021-02-16,terça-feira,12:10:00,MG,153.0,150,COMENDADOR GOMES,Avarias e/ou desgaste excessivo no pneu,Saída de leito carroçável,Com Vítimas Feridas,Pleno dia,Crescente,Nublado,Simples,Curva,Não,1,0,1,0,0,0,1,1,"-19,6373804","-48,87226618",SPRF-MG,DEL13-MG,UOP02-DEL13-MG
341082.0,2021-02-16,terça-feira,15:20:00,MG,381.0,480,CONTAGEM,Ausência de reação do condutor,Tombamento,Com Vítimas Feridas,Pleno dia,Decrescente,Céu Claro,Dupla,Reta,Sim,1,0,1,0,0,0,1,1,"-19,95749597","-44,07899901",SPRF-MG,DEL01-MG,UOP03-DEL01-MG
341126.0,2021-02-16,terça-feira,18:00:00,MG,267.0,"28,5",ARGIRITA,Falta de acostamento,Saída de leito carroçável,Com Vítimas Feridas,Anoitecer,Crescente,Nublado,Simples,Curva,Não,1,0,1,0,0,0,1,1,"-21,62799078","-42,83040926",SPRF-MG,DEL07-MG,UOP01-DEL07-MG
341128.0,2021-02-16,terça-feira,20:10:00,MG,381.0,485,BETIM,Avarias e/ou desgaste excessivo no pneu,Queda de ocupante de veículo,Com Vítimas Feridas,Plena Noite,Crescente,Céu Claro,Dupla,Reta,Sim,2,0,1,0,1,0,1,1,"-19,95659361","-44,12622893",SPRF-MG,DEL01-MG,UOP03-DEL01-MG
341162.0,2021-02-16,terça-feira,23:03:00,MG,50.0,198,DELTA,Reação tardia ou ineficiente do condutor,Atropelamento de Pedestre,Com Vítimas Feridas,Plena Noite,Crescente,Céu Claro,Dupla,Reta,Não,2,0,1,0,0,1,1,1,"-19,915821","-47,829349",SPRF-MG,DEL13-MG,UOP01-DEL13-MG
341178.0,2021-02-17,quarta-feira,02:50:00,MG,116.0,"479,6",DOM CAVATI,Ingestão de álcool pelo condutor,Saída de leito carroçável,Sem Vítimas,Plena Noite,Decrescente,Nublado,Simples,Reta,Sim,1,0,0,0,1,0,0,1,"-19,385223","-42,1121509",SPRF-MG,DEL06-MG,UOP02-DEL06-MG
341189.0,2021-02-17,quarta-feira,00:30:00,MG,381.0,"189,8",PERIQUITO,Condutor Dormindo,Saída de leito carroçável,Com Vítimas Feridas,Plena Noite,Decrescente,Nublado,Simples,Curva,Não,3,0,1,0,2,0,1,1,"-19,0758273","-42,17960358",SPRF-MG,DEL06-MG,UOP01-DEL06-MG
341191.0,2021-02-17,quarta-feira,06:15:00,MG,381.0,486,BETIM,Velocidade Incompatível,Tombamento,Com Vítimas Feridas,Pleno dia,Crescente,Nublado,Simples,Curva,Não,1,0,1,0,0,0,1,1,"-19,95515708","-44,10993576",SPRF-MG,DEL01-MG,UOP03-DEL01-MG
341192.0,2021-02-17,quarta-feira,06:50:00,MG,40.0,523,CONTAGEM,Trafegar com motocicleta (ou similar) entre as faixas,Colisão lateral,Com Vítimas Feridas,Pleno dia,Crescente,Chuva,Dupla,Reta,Sim,2,0,1,0,1,0,1,2,"-19,86874894","-44,05962197",SPRF-MG,DEL01-MG,UOP02-DEL01-MG
341193.0,2021-02-17,quarta-feira,06:35:00,MG,40.0,523,CONTAGEM,Condutor deixou de manter distância do veículo da frente,Colisão traseira,Com Vítimas Feridas,Pleno dia,Crescente,Chuva,Dupla,Reta,Sim,2,0,2,0,0,0,2,2,"-19,86874894","-44,05962197",SPRF-MG,DEL01-MG,UOP02-DEL01-MG
341221.0,2021-02-17,quarta-feira,09:46:00,MG,116.0,"413,5",GOVERNADOR VALADARES,Desrespeitar a preferência no cruzamento,Colisão transversal,Com Vítimas Feridas,Pleno dia,Decrescente,Céu Claro,Simples,Retorno Regulamentado,Sim,2,0,1,0,1,0,1,2,"-18,873907","-41,966366",SPRF-MG,DEL06-MG,UOP01-DEL06-MG
341224.0,2021-02-17,quarta-feira,10:55:00,MG,354.0,745,POUSO ALTO,Ausência de reação do condutor,Colisão com objeto,Sem Vítimas,Pleno dia,Crescente,Céu Claro,Simples,Ponte,Sim,1,0,0,0,1,0,0,1,"-22,25480842","-44,92814626",SPRF-MG,DEL17-MG,UOP01-DEL17-MG
341233.0,2021-02-17,quarta-feira,11:50:00,MG,40.0,42,PARACATU,Desrespeitar a preferência no cruzamento,Colisão transversal,Com Vítimas Feridas,Pleno dia,Crescente,Céu Claro,Simples,Reta,Sim,1,0,1,0,0,0,1,1,"-17,2188441","-46,8666753",SPRF-MG,DEL14-MG,UOP01-DEL14-MG