id,data_inversa,dia_semana,horario,uf,br,km,municipio,causa_acidente,tipo_acidente,classificacao_acidente,fase_dia,sentido_via,condicao_metereologica,tipo_pista,tracado_via,uso_solo,pessoas,mortos,feridos_leves,feridos_graves,ilesos,ignorados,feridos,veiculos,latitude,longitude,regional,delegacia,uop
341244.0,2021-02-17,quarta-feira,13:30:00,MG,381.0,933,EXTREMA,Velocidade Incompatível,Colisão com objeto,Com Vítimas Feridas,Pleno dia,Crescente,Chuva,Dupla,Curva,Não,2,0,2,0,0,0,2,1,"-22,81492017","-46,2920647",SPRF-MG,DEL16-MG,UOP03-DEL16-MG
341248.0,2021-02-17,quarta-feira,14:30:00,MG,354.0,"754,1",ITAMONTE,Acessar a via sem observar a presença dos outros veículos,Colisão transversal,Com Vítimas Feridas,Pleno dia,Crescente,Nublado,Simples,Reta,Sim,2,0,1,0,1,0,1,2,"-22,30480233","-44,85575196",SPRF-MG,DEL17-MG,UOP01-DEL17-MG
341258.0,2021-02-17,quarta-feira,15:30:00,MG,50.0,86,UBERLANDIA,Velocidade Incompatível,Saída de leito carroçável,Com Vítimas Feridas,Pleno dia,Decrescente,Chuva,Dupla,Reta,Não,2,0,2,0,0,0,2,1,"-19,01591679","-48,2066828",SPRF-MG,DEL15-MG,UOP01-DEL15-MG
341311.0,2021-02-17,quarta-feira,21:00:00,MG,381.0,"478,5",CONTAGEM,Reação tardia ou ineficiente do condutor,Colisão com objeto,Com Vítimas Feridas,Plena Noite,Crescente,Nublado,Dupla,Não Informado,Sim,2,0,1,0,1,0,1,2,"-19,95826094","-44,05921101",SPRF-MG,DEL01-MG,UOP03-DEL01-MG
341338.0,2021-02-18,quinta-feira,06:20:00,MG,262.0,360,BETIM,Velocidade Incompatível,Colisão com objeto,Com Vítimas Feridas,Pleno dia,Crescente,Chuva,Múltipla,Curva,Sim,1,0,1,0,0,0,1,1,"-19,98141539","-44,21310425",SPRF-MG,DEL01-MG,UOP03-DEL01-MG
341357.0,2021-02-18,quinta-feira,06:30:00,MG,50.0,180,UBERABA,Manobra de mudança de faixa,Colisão lateral,Sem Vítimas,Pleno dia,Crescente,Céu Claro,Dupla,Não Informado,Não,2,0,0,0,1,1,0,2,"-19,77848216","-47,92194709",SPRF-MG,DEL13-MG,UOP01-DEL13-MG
341359.0,2021-02-18,quinta-feira,07:30:00,MG,40.0,"43,9",PARACATU,Condutor deixou de manter distância do veículo da frente,Colisão lateral mesmo sentido,Com Vítimas Feridas,Pleno dia,Crescente,Céu Claro,Simples,Reta,Sim,2,0,1,0,1,0,1,2,"-17,22598002","-46,86163701",SPRF-MG,DEL14-MG,UOP01-DEL14-MG
341375.0,2021-02-18,quinta-feira,08:30:00,MG,381.0,930,EXTREMA,Demais falhas na via,Queda de ocupante de veículo,Com Vítimas Feridas,Pleno dia,Crescente,Céu Claro,Dupla,Curva,Não,1,0,1,0,0,0,1,1,"-22,80188832","-46,26962063",SPRF-MG,DEL16-MG,UOP03-DEL16-MG
341379.0,2021-02-18,quinta-feira,06:59:00,MG,381.0,339,BELA VISTA DE MINAS,Chuva,Colisão frontal,Com Vítimas Feridas,Pleno dia,Crescente,Nublado,Simples,Curva,Não,3,0,2,0,1,0,2,2,"-19,833665","-43,09613103",SPRF-MG,DEL03-MG,UOP01-DEL03-MG
341394.0,2021-02-18,quinta-feira,09:00:00,MG,356.0,"270,4",MURIAE,Acessar a via sem observar a presença dos outros veículos,Colisão lateral,Com Vítimas Feridas,Pleno dia,Decrescente,Céu Claro,Simples,Interseção de vias,Não,2,0,1,0,1,0,1,2,"-21,12839937","-42,32458406",SPRF-MG,DEL07-MG,UOP02-DEL07-MG
341412.0,2021-02-18,quinta-feira,11:10:00,MG,116.0,303,ITAMBACURI,Reação tardia ou ineficiente do condutor,Saída de leito carroçável,Com Vítimas Feridas,Pleno dia,Crescente,Sol,Simples,Desvio Temporário,Não,1,0,0,1,0,0,1,1,"-18,017686","-41,644608",SPRF-MG,DEL11-MG,UOP01-DEL11-MG
341416.0,2021-02-14,domingo,20:15:00,MG,40.0,"140,3",JOAO PINHEIRO,Animais na Pista,Colisão com objeto,Com Vítimas Feridas,Plena Noite,Decrescente,Nublado,Simples,Desvio Temporário,Não,3,0,2,0,1,0,2,1,"-17,738873","-46,200024",SPRF-MG,DEL14-MG,UOP01-DEL14-MG
341421.0,2021-02-18,quinta-feira,09:20:00,MG,356.0,"265,3",MURIAE,Reação tardia ou ineficiente do condutor,Colisão traseira,Com Vítimas Feridas,Pleno dia,Decrescente,Sol,Simples,Curva,Não,3,0,1,0,1,1,1,2,"-21,12838898","-42,366803",SPRF-MG,DEL07-MG,UOP02-DEL07-MG
341436.0,2021-02-18,quinta-feira,14:00:00,MG,116.0,"554,2",SANTA BARBARA DO LESTE,Desrespeitar a preferência no cruzamento,Colisão transversal,Com Vítimas Feridas,Pleno dia,Decrescente,Nublado,Simples,Reta,Não,2,0,0,1,1,0,1,2,"-20,00117809","-42,14034158",SPRF-MG,DEL06-MG,UOP02-DEL06-MG
341450.0,2021-02-18,quinta-feira,15:00:00,MG,381.0,489,BETIM,Velocidade Incompatível,Tombamento,Com Vítimas Feridas,Pleno dia,Crescente,Céu Claro,Dupla,Reta,Sim,1,0,1,0,0,0,1,1,"-19,95586847","-44,14414767",SPRF-MG,DEL01-MG,UOP03-DEL01-MG
341515.0,2021-02-18,quinta-feira,23:00:00,MG,381.0,491,BETIM,Condutor deixou de manter distância do veículo da frente,Colisão traseira,Com Vítimas Feridas,Plena Noite,Crescente,Nublado,Dupla,Reta,Sim,2,0,1,0,1,0,1,2,"-19,97018187","-44,18210416",SPRF-MG,DEL01-MG,UOP03-DEL01-MG
341538.0,2021-02-18,quinta-feira,19:30:00,MG,381.0,"543,5",ITATIAIUCU,Velocidade Incompatível,Queda de ocupante de veículo,Com Vítimas Feridas,Plena Noite,Crescente,Ignorado,Dupla,Curva,Não,1,0,1,0,0,0,1,1,"-20,27336801","-44,42585498",SPRF-MG,DEL04-MG,UOP03-DEL04-MG
341593.0,2021-02-19,sexta-feira,09:30:00,MG,40.0,"749,7",SANTOS DUMONT,Mal súbito do condutor,Colisão com objeto,Com Vítimas Feridas,Pleno dia,Decrescente,Nublado,Simples,Curva,Sim,1,0,0,1,0,0,1,1,"-21,447874","-43,55738803",SPRF-MG,DEL05-MG,UOP01-DEL05-MG
341622.0,2021-02-19,sexta-feira,11:50:00,MG,381.0,344,BELA VISTA DE MINAS,Velocidade Incompatível,Saída de leito carroçável,Com Vítimas Feridas,Pleno dia,Crescente,Chuva,Simples,Reta,Não,3,0,1,2,0,0,3,1,"-19,85986781","-43,11280984",SPRF-MG,DEL03-MG,UOP01-DEL03-MG
341624.0,2021-02-19,sexta-feira,12:20:00,MG,50.0,119,UBERABA,Velocidade Incompatível,Saída de leito carroçável,Com Vítimas Feridas,Pleno dia,Decrescente,Céu Claro,Dupla,Reta,Não,1,0,1,0,0,0,1,1,"-19,29969201","-48,11376802",SPRF-MG,DEL13-MG,UOP01-DEL13-MG
341678.0,2021-02-19,sexta-feira,16:00:00,MG,381.0,490,BETIM,Trafegar com motocicleta (ou similar) entre as faixas,Colisão transversal,Com Vítimas Feridas,Pleno dia,Decrescente,Céu Claro,Dupla,Reta,Sim,3,0,1,0,2,0,1,2,"-19,96502819","-44,17422195",SPRF-MG,DEL01-MG,UOP03-DEL01-MG
341723.0,2021-02-19,sexta-feira,14:30:00,MG,40.0,19,PARACATU,Reação tardia ou ineficiente do condutor,Saída de leito carroçável,Com Vítimas Feridas,Pleno dia,Crescente,Chuva,Simples,Curva,Não,2,0,2,0,0,0,2,1,"-17,10842562","-47,0178787",SPRF-MG,DEL14-MG,UOP01-DEL14-MG
341727.0,2021-02-19,sexta-feira,15:30:00,MG,153.0,1,ARAPORA,Demais falhas mecânicas ou elétricas,Incêndio,Sem Vítimas,Pleno dia,Decrescente,Céu Claro,Dupla,Reta,Sim,1,0,0,0,1,0,0,1,"-18,42608911","-49,19359032",SPRF-MG,DEL15-MG,UOP03-DEL15-MG
341728.0,2021-02-19,sexta-feira,19:30:00,MG,262.0,877,CAMPO FLORIDO,Desrespeitar a preferência no cruzamento,Colisão frontal,Com Vítimas Feridas,Plena Noite,Crescente,Céu Claro,Simples,Reta,Sim,3,0,0,1,2,0,1,2,"-19,7835568","-48,51504105",SPRF-MG,DEL13-MG,UOP01-DEL13-MG
341729.0,2021-02-19,sexta-feira,15:50:00,MG,40.0,44,PARACATU,Acessar a via sem observar a presença dos outros veículos,Colisão transversal,Com Vítimas Feridas,Pleno dia,Crescente,Chuva,Simples,Reta,Sim,3,0,1,0,2,0,1,2,"-17,23154203","-46,85337424",SPRF-MG,DEL14-MG,UOP01-DEL14-MG
341731.0,2021-02-19,sexta-feira,20:15:00,MG,40.0,"632,5",CONSELHEIRO LAFAIETE,Objeto estático sobre o leito carroçável,Colisão com objeto,Com Vítimas Feridas,Plena Noite,Decrescente,Nublado,Simples,Não Informado,Não,3,0,1,0,1,1,1,2,"-20,67912491","-43,79407883",SPRF-MG,DEL05-MG,UOP02-DEL05-MG
341740.0,2021-02-19,sexta-feira,21:43:00,MG,381.0,511,SAO JOAQUIM DE BICAS,Reação tardia ou ineficiente do condutor,Colisão frontal,Com Vítimas Feridas,Pleno dia,Crescente,Céu Claro,Múltipla,Reta,Sim,2,0,1,0,1,0,1,2,"-20,08463223","-44,3099407",SPRF-MG,DEL01-MG,UOP03-DEL01-MG
341821.0,2021-02-20,sábado,05:00:00,MG,40.0,186,JOAO PINHEIRO,Demais falhas mecânicas ou elétricas,Saída de leito carroçável,Com Vítimas Feridas,Amanhecer,Decrescente,Chuva,Simples,Reta,Não,2,0,1,0,1,0,1,1,"-17,99179584","-45,93440797",SPRF-MG,DEL14-MG,UOP02-DEL14-MG
341830.0,2021-02-20,sábado,09:45:00,MG,116.0,"415,6",GOVERNADOR VALADARES,Condutor deixou de manter distância do veículo da frente,Colisão traseira,Com Vítimas Feridas,Pleno dia,Crescente,Sol,Simples,Não Informado,Sim,2,0,1,0,1,0,1,2,"-18,88401297","-41,94924399",SPRF-MG,DEL06-MG,UOP01-DEL06-MG
341855.0,2021-02-20,sábado,12:20:00,MG,40.0,297,TRES MARIAS,Velocidade Incompatível,Saída de leito carroçável,Com Vítimas Feridas,Pleno dia,Crescente,Chuva,Simples,Curva,Não,1,0,1,0,0,0,1,1,"-18,32760097","-45,10834689",SPRF-MG,DEL14-MG,UOP02-DEL14-MG
341858.0,2021-02-20,sábado,13:00:00,MG,40.0,256,SAO GONCALO DO ABAETE,Avarias e/ou desgaste excessivo no pneu,Saída de leito carroçável,Com Vítimas Feridas,Pleno dia,Decrescente,Chuva,Simples,Não Informado,Não,1,0,1,0,0,0,1,1,"-18,13457305","-45,39156601",SPRF-MG,DEL14-MG,UOP02-DEL14-MG
341875.0,2021-02-20,sábado,14:50:00,MG,381.0,506,SAO JOAQUIM DE BICAS,Condutor deixou de manter distância do veículo da frente,Colisão traseira,Com Vítimas Feridas,Pleno dia,Crescente,Céu Claro,Dupla,Reta,Sim,2,0,1,0,1,0,1,2,"-20,05039397","-44,27962502",SPRF-MG,DEL01-MG,UOP03-DEL01-MG
341877.0,2021-02-20,sábado,15:45:00,MG,365.0,691,MONTE ALEGRE DE MINAS,Demais falhas na via,Saída de leito carroçável,Com Vítimas Feridas,Pleno dia,Decrescente,Sol,Dupla,Reta,Não,1,0,1,0,0,0,1,1,"-18,87690265","-48,91252701",SPRF-MG,DEL15-MG,UOP03-DEL15-MG
341883.0,2021-02-20,sábado,16:00:00,MG,262.0,385,MATEUS LEME,Velocidade Incompatível,Saída de leito carroçável,Com Vítimas Feridas,Pleno dia,Crescente,Nublado,Dupla,Curva,Não,2,0,1,0,1,0,1,1,"-19,91929189","-44,48922157",SPRF-MG,DEL01-MG,UOP03-DEL01-MG
341884.0,2021-02-20,sábado,16:10:00,MG,262.0,385,MATEUS LEME,Ausência de reação do condutor,Saída de leito carroçável,Com Vítimas Feridas,Pleno dia,Crescente,Nublado,Dupla,Curva,Não,3,0,3,0,0,0,3,1,"-19,93325094","-44,42077402",SPRF-MG,DEL01-MG,UOP03-DEL01-MG
341885.0,2021-02-20,sábado,15:50:00,MG,381.0,"850,1",POUSO ALEGRE,Demais falhas mecânicas ou elétricas,Queda de ocupante de veículo,Com Vítimas Feridas,Pleno dia,Crescente,Sol,Simples,Curva,Não,1,0,1,0,0,0,1,1,"-22,2786871","-45,89472262",SPRF-MG,DEL16-MG,UOP01-DEL16-MG
341892.0,2021-02-20,sábado,16:50:00,MG,381.0,"503,5",BETIM,Ausência de reação do condutor,Atropelamento de Pedestre,Com Vítimas Feridas,Pleno dia,Crescente,Nublado,Simples,Reta,Não,2,0,1,0,1,0,1,1,"-20,03855134","-44,25495493",SPRF-MG,DEL01-MG,UOP03-DEL01-MG
341898.0,2021-02-20,sábado,16:40:00,MG,356.0,"270,9",MURIAE,Demais falhas mecânicas ou elétricas,Colisão traseira,Com Vítimas Feridas,Pleno dia,Crescente,Chuva,Simples,Não Informado,Não,2,0,1,0,1,0,1,2,"-21,12696064","-42,32689641",SPRF-MG,DEL07-MG,UOP02-DEL07-MG
341899.0,2021-02-20,sábado,17:00:00,MG,381.0,509,SAO JOAQUIM DE BICAS,Chuva,Colisão transversal,Com Vítimas Feridas,Anoitecer,Decrescente,Chuva,Dupla,Reta,Não,2,0,1,0,1,0,1,2,"-20,07008","-44,298819",SPRF-MG,DEL01-MG,UOP03-DEL01-MG
341926.0,2021-02-20,sábado,17:30:00,MG,116.0,"402,3",GOVERNADOR VALADARES,Velocidade Incompatível,Capotamento,Com Vítimas Feridas,Anoitecer,Crescente,Nublado,Simples,Curva,Não,1,0,1,0,0,0,1,1,"-18,7960839","-41,98926144",SPRF-MG,DEL06-MG,UOP01-DEL06-MG
341954.0,2021-02-20,sábado,21:00:00,MG,50.0,9,UBERLANDIA,Ingestão de álcool pelo condutor,Saída de leito carroçável,Sem Vítimas,Plena Noite,Crescente,Céu Claro,Dupla,Curva,Não,1,0,0,0,1,0,0,1,"-18,88387377","-48,20423126",SPRF-MG,DEL15-MG,UOP01-DEL15-MG
341971.0,2021-02-20,sábado,23:00:00,MG,116.0,"415,3",GOVERNADOR VALADARES,Ingestão de álcool pelo condutor,Saída de leito carroçável,Com Vítimas Feridas,Plena Noite,Decrescente,Chuva,Simples,Reta,Sim,1,0,1,0,0,0,1,1,"-18,88401297","-41,94924399",SPRF-MG,DEL06-MG,UOP01-DEL06-MG
342000.0,2021-02-20,sábado,23:45:00,MG,262.0,"7,8",MARTINS SOARES,Demais falhas na via,Tombamento,Com Vítimas Feridas,Plena Noite,Decrescente,Chuva,Simples,Reta,Não,1,0,1,0,0,0,1,1,"-20,25582453","-41,81690282",SPRF-MG,DEL06-MG,UOP04-DEL06-MG
342009.0,2021-02-21,domingo,03:30:00,MG,40.0,510,RIBEIRAO DAS NEVES,Animais na Pista,Atropelamento de Animal,Com Vítimas Feridas,Plena Noite,Decrescente,Nublado,Dupla,Reta,Sim,4,0,3,0,1,0,3,2,"-19,77463885","-44,12321882",SPRF-MG,DEL01-MG,UOP02-DEL01-MG
342020.0,2021-02-21,domingo,04:45:00,MG,365.0,"476,8",PATROCINIO,Reação tardia ou ineficiente do condutor,Queda de ocupante de veículo,Com Vítimas Feridas,Amanhecer,Decrescente,Céu Claro,Simples,Rotatória,Não,2,0,2,0,0,0,2,1,"-18,91384369","-47,04103759",SPRF-MG,DEL10-MG,UOP01-DEL10-MG
342027.0,2021-02-21,domingo,06:40:00,MG,381.0,817,CAREACU,Velocidade Incompatível,Saída de leito carroçável,Com Vítimas Feridas,Pleno dia,Decrescente,Sol,Dupla,Não Informado,Não,2,0,1,0,1,0,1,1,"-22,09779644","-45,71786074",SPRF-MG,DEL16-MG,UOP02-DEL16-MG
342054.0,2021-02-21,domingo,09:10:00,MG,116.0,"726,6",LARANJAL,Acessar a via sem observar a presença dos outros veículos,Colisão transversal,Com Vítimas Feridas,Pleno dia,Crescente,Sol,Simples,Não Informado,Não,2,0,0,1,0,1,1,2,"-21,27973724","-42,41607785",SPRF-MG,DEL07-MG,UOP02-DEL07-MG
342120.0,2021-02-21,domingo,18:10:00,MG,50.0,197,DELTA,Reação tardia ou ineficiente do condutor,Colisão traseira,Sem Vítimas,Anoitecer,Decrescente,Nublado,Múltipla,Reta,Não,3,0,0,0,3,0,0,2,"-19,91076436","-47,83254654",SPRF-MG,DEL13-MG,UOP01-DEL13-MG
342122.0,2021-02-21,domingo,15:20:00,MG,40.0,"764,2",JUIZ DE FORA,Velocidade Incompatível,Saída de leito carroçável,Com Vítimas Feridas,Pleno dia,Decrescente,Chuva,Simples,Curva,Sim,2,0,2,0,0,0,2,1,"-21,5606587","-43,49865196",SPRF-MG,DEL05-MG,UOP01-DEL05-MG
342123.0,2021-02-21,domingo,19:00:00,MG,40.0,716,BARBACENA,Chuva,Saída de leito carroçável,Com Vítimas Feridas,Plena Noite,Decrescente,Chuva,Dupla,Curva,Não,3,0,3,0,0,0,3,1,"-21,25153502","-43,66402206",SPRF-MG,DEL05-MG,UOP01-DEL05-MG
342146.0,2021-02-21,domingo,17:15:00,MG,262.0,"620,5",IBIA,Demais falhas mecânicas ou elétricas,Saída de leito carroçável,Com Vítimas Feridas,Pleno dia,Crescente,Céu Claro,Simples,Reta,Não,2,0,1,1,0,0,2,1,"-19,58805771","-46,369539",SPRF-MG,DEL08-MG,UOP02-DEL08-MG
342178.0,2021-02-21,domingo,23:15:00,MG,364.0,44,FRUTAL,Demais falhas na via,Tombamento,Com Vítimas Feridas,Plena Noite,Decrescente,Céu Claro,Simples,Reta,Não,1,0,1,0,0,0,1,1,"-19,96327251","-48,96163076",SPRF-MG,DEL13-MG,UOP02-DEL13-MG
342184.0,2021-02-09,terça-feira,18:22:00,MG,262.0,"814,4",UBERABA,Condutor deixou de manter distância do veículo da frente,Colisão lateral,Com Vítimas Feridas,Plena Noite,Decrescente,Chuva,Dupla,Reta,Sim,2,0,0,1,1,0,1,2,"-19,76506609","-48,12286402",SPRF-MG,DEL13-MG,UOP01-DEL13-MG
342185.0,2021-02-22,segunda-feira,00:05:00,MG,381.0,"928,1",ITAPEVA,Ingestão de álcool e/ou substâncias psicoativas pelo pedestre,Colisão lateral,Com Vítimas Feridas,Plena Noite,Crescente,Céu Claro,Dupla,Reta,Sim,4,0,2,0,2,0,2,2,"-22,79586565","-46,25414729",SPRF-MG,DEL16-MG,UOP03-DEL16-MG
342208.0,2021-02-22,segunda-feira,05:40:00,MG,381.0,343,BELA VISTA DE MINAS,Chuva,Saída de leito carroçável,Com Vítimas Feridas,Amanhecer,Decrescente,Chuva,Simples,Não Informado,Não,1,0,1,0,0,0,1,1,"-19,85663904","-43,10916603",SPRF-MG,DEL03-MG,UOP01-DEL03-MG
342268.0,2021-01-23,sábado,17:30:00,MG,40.0,513,RIBEIRAO DAS NEVES,Condutor deixou de manter distância do veículo da frente,Colisão traseira,Com Vítimas Feridas,Pleno dia,Crescente,Céu Claro,Dupla,Não Informado,Sim,2,0,1,0,1,0,1,2,"-19,7970544","-44,1080512",SPRF-MG,DEL01-MG,UOP02-DEL01-MG
342280.0,2021-02-22,segunda-feira,12:50:00,MG,40.0,"699,1",BARBACENA,Reação tardia ou ineficiente do condutor,Tombamento,Com Vítimas Feridas,Pleno dia,Decrescente,Nublado,Simples,Interseção de vias,Não,2,0,1,0,0,1,1,1,"-21,19776112","-43,74857475",SPRF-MG,DEL05-MG,UOP02-DEL05-MG
342286.0,2021-01-09,sábado,19:30:00,MG,116.0,"207,9",CATUJI,Acessar a via sem observar a presença dos outros veículos,Colisão transversal,Com Vítimas Feridas,Plena Noite,Crescente,Nublado,Simples,Reta,Sim,2,0,0,1,1,0,1,2,"-17,30002412","-41,51688834",SPRF-MG,DEL11-MG,UOP01-DEL11-MG
342289.0,2021-01-17,domingo,12:40:00,MG,267.0,"35,3",ARGIRITA,Ultrapassagem Indevida,Colisão frontal,Com Vítimas Feridas,Pleno dia,Crescente,Céu Claro,Simples,Reta,Não,2,0,0,1,1,0,1,2,"-21,65647711","-42,8702409",SPRF-MG,DEL07-MG,UOP01-DEL07-MG
342296.0,2021-02-22,segunda-feira,15:00:00,MG,267.0,287,BAEPENDI,Chuva,Saída de leito carroçável,Com Vítimas Feridas,Pleno dia,Crescente,Chuva,Simples,Curva,Não,4,0,4,0,0,0,4,1,"-21,92806706","-44,78614808",SPRF-MG,DEL17-MG,UOP01-DEL17-MG
342297.0,2021-02-22,segunda-feira,15:00:00,MG,381.0,"888,7",CAMBUI,Velocidade Incompatível,Colisão com objeto,Com Vítimas Feridas,Pleno dia,Decrescente,Céu Claro,Dupla,Curva,Não,3,0,2,1,0,0,3,1,"-22,57036508","-46,04169076",SPRF-MG,DEL16-MG,UOP03-DEL16-MG
342312.0,2021-02-22,segunda-feira,16:10:00,MG,40.0,"750,8",SANTOS DUMONT,Chuva,Colisão lateral,Com Vítimas Feridas,Pleno dia,Decrescente,Chuva,Dupla,Curva,Não,1,0,0,1,0,0,1,1,"-21,45724301","-43,55822199",SPRF-MG,DEL05-MG,UOP01-DEL05-MG
342387.0,2021-02-23,terça-feira,03:56:00,MG,381.0,"698,5",LAVRAS,Condutor Dormindo,Colisão com objeto,Com Vítimas Feridas,Plena Noite,Decrescente,Nublado,Dupla,Curva,Não,1,0,1,0,0,0,1,1,"-21,29905212","-45,15077778",SPRF-MG,DEL04-MG,UOP02-DEL04-MG
342426.0,2021-02-23,terça-feira,10:09:00,MG,381.0,904,CAMBUI,Avarias e/ou desgaste excessivo no pneu,Tombamento,Com Vítimas Feridas,Pleno dia,Crescente,Sol,Dupla,Curva,Não,2,0,2,0,0,0,2,1,"-22,68841562","-46,10648041",SPRF-MG,DEL16-MG,UOP03-DEL16-MG
342432.0,2021-02-23,terça-feira,10:30:00,MG,40.0,"467,6",SETE LAGOAS,Velocidade Incompatível,Saída de leito carroçável,Com Vítimas Feridas,Pleno dia,Crescente,Nublado,Dupla,Desvio Temporário,Não,1,0,0,1,0,0,1,1,"-19,45038924","-44,3166822",SPRF-MG,DEL02-MG,UOP01-DEL02-MG
342449.0,2021-02-23,terça-feira,13:40:00,MG,40.0,"607,4",CONGONHAS,Manobra de mudança de faixa,Colisão lateral mesmo sentido,Com Vítimas Feridas,Pleno dia,Decrescente,Céu Claro,Simples,Reta,Sim,2,0,1,0,1,0,1,2,"-20,47579776","-43,84269847",SPRF-MG,DEL05-MG,UOP02-DEL05-MG
342469.0,2021-02-23,terça-feira,15:00:00,MG,381.0,521,BRUMADINHO,Falta de acostamento,Saída de leito carroçável,Com Vítimas Feridas,Pleno dia,Decrescente,Sol,Dupla,Curva,Não,2,0,1,0,1,0,1,1,"-20,13846621","-44,31715274",SPRF-MG,DEL04-MG,UOP03-DEL04-MG
342470.0,2021-02-23,terça-feira,15:10:00,MG,40.0,"310,5",TRES MARIAS,Conversão proibida,Colisão transversal,Com Vítimas Feridas,Pleno dia,Decrescente,Céu Claro,Simples,Curva,Não,3,0,0,2,1,0,2,2,"-18,43298573","-45,07651058",SPRF-MG,DEL14-MG,UOP02-DEL14-MG
342491.0,2021-02-23,terça-feira,16:20:00,MG,381.0,4,BETIM,Ausência de reação do condutor,Queda de ocupante de veículo,Sem Vítimas,Pleno dia,Crescente,Céu Claro,Dupla,Reta,Não,1,0,0,0,1,0,0,1,"-19,96825","-44,198708",SPRF-MG,DEL01-MG,UOP03-DEL01-MG
342494.0,2021-01-25,segunda-feira,14:50:00,MG,262.0,811,UBERABA,Reação tardia ou ineficiente do condutor,Colisão traseira,Com Vítimas Feridas,Pleno dia,Decrescente,Céu Claro,Dupla,Interseção de vias,Sim,3,0,1,0,1,1,1,2,"-19,76895052","-47,98329771",SPRF-MG,DEL13-MG,UOP01-DEL13-MG
342536.0,2021-02-23,terça-feira,19:00:00,MG,381.0,231,BELO ORIENTE,Animais na Pista,Queda de ocupante de veículo,Com Vítimas Feridas,Plena Noite,Crescente,Nublado,Simples,Reta,Não,1,0,1,0,0,0,1,1,"-19,36330004","-42,44979858",SPRF-MG,DEL06-MG,UOP01-DEL06-MG
342547.0,2021-02-23,terça-feira,22:39:00,MG,381.0,791,SAO GONCALO DO SAPUCAI,Manobra de mudança de faixa,Colisão lateral,Sem Vítimas,Plena Noite,Crescente,Céu Claro,Dupla,Reta,Não,3,0,0,0,3,0,0,2,"-21,91694596","-45,58909701",SPRF-MG,DEL16-MG,UOP02-DEL16-MG
342557.0,2021-02-24,quarta-feira,04:00:00,MG,50.0,"60,7",UBERLANDIA,Ausência de reação do condutor,Saída de leito carroçável,Sem Vítimas,Plena Noite,Crescente,Céu Claro,Dupla,Reta,Não,1,0,0,0,1,0,0,1,"-18,80909682","-48,24439716",SPRF-MG,DEL15-MG,UOP02-DEL15-MG
342577.0,2021-02-24,quarta-feira,07:00:00,MG,50.0,"179,1",UBERABA,Reação tardia ou ineficiente do condutor,Colisão com objeto,Com Vítimas Feridas,Pleno dia,Decrescente,Céu Claro,Dupla,Desvio Temporário,Sim,1,0,1,0,0,0,1,1,"-19,77827047","-47,93140998",SPRF-MG,DEL13-MG,UOP01-DEL13-MG
342587.0,2021-01-14,quinta-feira,07:00:00,MG,40.0,515,RIBEIRAO DAS NEVES,Ausência de reação do condutor,Colisão traseira,Com Vítimas Feridas,Pleno dia,Crescente,Céu Claro,Dupla,Reta,Não,2,0,1,0,1,0,1,2,"-19,8090079","-44,09493479",SPRF-MG,DEL01-MG,UOP02-DEL01-MG
342588.0,2021-02-12,sexta-feira,18:30:00,MG,356.0,"264,5",MURIAE,Conversão proibida,Colisão transversal,Com Vítimas Feridas,Anoitecer,Crescente,Céu Claro,Simples,Não Informado,Sim,2,0,1,0,1,0,1,2,"-21,12471476","-42,37997624",SPRF-MG,DEL07-MG,UOP02-DEL07-MG
342596.0,2021-02-24,quarta-feira,08:45:00,MG,365.0,622,UBERLANDIA,Condutor deixou de manter distância do veículo da frente,Colisão lateral mesmo sentido,Com Vítimas Feridas,Pleno dia,Decrescente,Céu Claro,Múltipla,Reta,Sim,2,0,1,0,1,0,1,2,"-18,90751667","-48,29937209",SPRF-MG,DEL15-MG,UOP01-DEL15-MG
342608.0,2021-02-08,segunda-feira,13:45:00,MG,381.0,631,OLIVEIRA,Avarias e/ou desgaste excessivo no pneu,Saída de leito carroçável,Com Vítimas Feridas,Pleno dia,Crescente,Chuva,Dupla,Curva,Não,2,0,2,0,0,0,2,1,"-20,85469891","-44,83709639",SPRF-MG,DEL04-MG,UOP01-DEL04-MG
342626.0,2021-01-03,domingo,10:35:00,MG,365.0,659,MONTE ALEGRE DE MINAS,Condutor Dormindo,Saída de leito carroçável,Com Vítimas Feridas,Pleno dia,Decrescente,Nublado,Dupla,Reta,Não,1,0,0,1,0,0,1,1,"-18,889744","-48,6300304",SPRF-MG,DEL15-MG,UOP01-DEL15-MG
342643.0,2021-01-27,quarta-feira,20:40:00,MG,267.0,"50,7",GUARARA,Velocidade Incompatível,Colisão frontal,Com Vítimas Feridas,Plena Noite,Crescente,Céu Claro,Simples,Curva,Não,2,0,0,1,1,0,1,2,"-21,72918674","-43,05110693",SPRF-MG,DEL07-MG,UOP01-DEL07-MG