id,data_inversa,dia_semana,horario,uf,br,km,municipio,causa_acidente,tipo_acidente,classificacao_acidente,fase_dia,sentido_via,condicao_metereologica,tipo_pista,tracado_via,uso_solo,pessoas,mortos,feridos_leves,feridos_graves,ilesos,ignorados,feridos,veiculos,latitude,longitude,regional,delegacia,uop
342662.0,2021-02-24,quarta-feira,16:00:00,MG,40.0,"447,5",CAETANOPOLIS,Entrada inopinada do pedestre,Saída de leito carroçável,Com Vítimas Fatais,Pleno dia,Decrescente,Nublado,Dupla,Reta,Não,4,1,0,0,3,0,0,2,"-19,29359592","-44,38358492",SPRF-MG,DEL02-MG,UOP01-DEL02-MG
342673.0,2021-02-24,quarta-feira,17:05:00,MG,381.0,"508,5",SAO JOAQUIM DE BICAS,Ausência de reação do condutor,Colisão traseira,Com Vítimas Feridas,Pleno dia,Crescente,Céu Claro,Dupla,Reta,Não,2,0,1,0,1,0,1,2,"-20,0452883","-44,27376509",SPRF-MG,DEL01-MG,UOP03-DEL01-MG
342749.0,2021-02-25,quinta-feira,06:45:00,MG,381.0,"500,2",BETIM,Manobra de mudança de faixa,Colisão lateral mesmo sentido,Com Vítimas Feridas,Pleno dia,Decrescente,Céu Claro,Dupla,Reta,Sim,2,0,1,0,1,0,1,2,"-20,02513493","-44,23112709",SPRF-MG,DEL01-MG,UOP03-DEL01-MG
342766.0,2021-02-25,quinta-feira,08:05:00,MG,381.0,"943,5",EXTREMA,Condutor Dormindo,Saída de leito carroçável,Com Vítimas Feridas,Pleno dia,Crescente,Chuva,Dupla,Desvio Temporário,Sim,2,0,2,0,0,0,2,1,"-22,87018424","-46,3581479",SPRF-MG,DEL16-MG,UOP03-DEL16-MG
342799.0,2021-02-17,quarta-feira,16:15:00,MG,153.0,"37,9",CANAPOLIS,Ausência de reação do condutor,Colisão com objeto,Com Vítimas Feridas,Pleno dia,Decrescente,Chuva,Dupla,Reta,Não,4,0,3,0,1,0,3,1,"-18,7259254","-49,11781311",SPRF-MG,DEL15-MG,UOP03-DEL15-MG
342808.0,2021-02-25,quinta-feira,10:20:00,MG,381.0,908,CAMBUI,Velocidade Incompatível,Saída de leito carroçável,Com Vítimas Feridas,Pleno dia,Decrescente,Chuva,Dupla,Curva,Não,1,0,1,0,0,0,1,1,"-22,71744092","-46,12652111",SPRF-MG,DEL16-MG,UOP03-DEL16-MG
342830.0,2021-02-25,quinta-feira,13:25:00,MG,262.0,169,SAO DOMINGOS DO PRATA,Acessar a via sem observar a presença dos outros veículos,Colisão transversal,Com Vítimas Feridas,Pleno dia,Decrescente,Sol,Simples,Reta,Não,2,0,1,0,1,0,1,2,"-19,96205411","-42,91466698",SPRF-MG,DEL03-MG,UOP01-DEL03-MG
342875.0,2021-02-25,quinta-feira,16:15:00,MG,262.0,"419,5",PARA DE MINAS,Demais falhas mecânicas ou elétricas,Tombamento,Com Vítimas Feridas,Pleno dia,Decrescente,Sol,Dupla,Reta,Não,2,0,0,2,0,0,2,1,"-19,88394321","-44,76688385",SPRF-MG,DEL08-MG,UOP03-DEL08-MG
342893.0,2021-02-01,segunda-feira,07:00:00,MG,262.0,"398,2",PARA DE MINAS,Conversão proibida,Colisão transversal,Com Vítimas Feridas,Pleno dia,Crescente,Nublado,Dupla,Reta,Sim,2,0,0,1,1,0,1,2,"-19,890131","-44,586275",SPRF-MG,DEL01-MG,UOP03-DEL01-MG
342901.0,2021-02-25,quinta-feira,16:20:00,MG,40.0,209,JOAO PINHEIRO,Chuva,Saída de leito carroçável,Com Vítimas Feridas,Pleno dia,Crescente,Chuva,Simples,Reta,Não,5,0,1,0,4,0,1,1,"-17,98499357","-45,7381991",SPRF-MG,DEL14-MG,UOP02-DEL14-MG
342915.0,2021-01-06,quarta-feira,14:30:00,MG,381.0,442,SABARA,Condutor deixou de manter distância do veículo da frente,Engavetamento,Com Vítimas Feridas,Pleno dia,Decrescente,Nublado,Dupla,Reta,Não,3,0,1,0,2,0,1,3,"-19,80942691","-43,77596855",SPRF-MG,DEL01-MG,UOP01-DEL01-MG
342916.0,2021-02-25,quinta-feira,20:40:00,MG,356.0,"265,7",MURIAE,Acessar a via sem observar a presença dos outros veículos,Colisão transversal,Com Vítimas Feridas,Plena Noite,Decrescente,Nublado,Simples,Interseção de vias,Sim,2,0,1,0,1,0,1,2,"-21,12725446","-42,36905521",SPRF-MG,DEL07-MG,UOP02-DEL07-MG
342919.0,2021-02-25,quinta-feira,17:55:00,MG,153.0,"15,5",CENTRALINA,Reação tardia ou ineficiente do condutor,Colisão traseira,Com Vítimas Feridas,Pleno dia,Decrescente,Nublado,Dupla,Reta,Não,3,0,2,0,1,0,2,2,"-18,551305","-49,19396",SPRF-MG,DEL15-MG,UOP03-DEL15-MG
342941.0,2021-02-26,sexta-feira,02:50:00,MG,116.0,"757,8",LEOPOLDINA,Reação tardia ou ineficiente do condutor,Queda de ocupante de veículo,Com Vítimas Fatais,Plena Noite,Decrescente,Céu Claro,Simples,Reta,Não,3,1,0,1,0,1,1,1,"-21,49867034","-42,59199078",SPRF-MG,DEL07-MG,UOP01-DEL07-MG
342991.0,2021-02-26,sexta-feira,09:25:00,MG,381.0,287,JAGUARACU,Demais falhas na via,Tombamento,Com Vítimas Feridas,Pleno dia,Decrescente,Nublado,Simples,Reta,Não,1,0,1,0,0,0,1,1,"-19,634349","-42,80726132",SPRF-MG,DEL03-MG,UOP02-DEL03-MG
343010.0,2021-02-26,sexta-feira,11:10:00,MG,116.0,"706,8",MURIAE,Transitar no acostamento,Colisão lateral mesmo sentido,Com Vítimas Feridas,Pleno dia,Crescente,Nublado,Simples,Reta,Sim,2,0,1,0,1,0,1,2,"-21,147048","-42,381522",SPRF-MG,DEL07-MG,UOP02-DEL07-MG
343016.0,2021-02-05,sexta-feira,06:15:00,MG,381.0,"628,8",OLIVEIRA,Velocidade Incompatível,Colisão com objeto,Com Vítimas Feridas,Amanhecer,Crescente,Nublado,Dupla,Curva,Não,1,0,1,0,0,0,1,1,"-20,83304688","-44,8250553",SPRF-MG,DEL04-MG,UOP01-DEL04-MG
343038.0,2021-02-26,sexta-feira,13:40:00,MG,365.0,"405,7",PATOS DE MINAS,Desrespeitar a preferência no cruzamento,Colisão transversal,Com Vítimas Feridas,Pleno dia,Decrescente,Céu Claro,Múltipla,Curva,Sim,3,0,1,0,2,0,1,2,"-18,63548589","-46,48266962",SPRF-MG,DEL10-MG,UOP01-DEL10-MG
343039.0,2021-02-26,sexta-feira,14:20:00,MG,40.0,750,SANTOS DUMONT,Chuva,Saída de leito carroçável,Com Vítimas Feridas,Pleno dia,Decrescente,Chuva,Simples,Curva,Não,1,0,1,0,0,0,1,1,"-21,45724301","-43,55822199",SPRF-MG,DEL05-MG,UOP01-DEL05-MG
343054.0,2021-02-26,sexta-feira,15:30:00,MG,50.0,"67,5",UBERLANDIA,Ausência de reação do condutor,Colisão traseira,Com Vítimas Feridas,Pleno dia,Crescente,Nublado,Dupla,Reta,Sim,2,0,1,0,1,0,1,2,"-18,85140204","-48,25345932",SPRF-MG,DEL15-MG,UOP02-DEL15-MG
343055.0,2021-02-26,sexta-feira,16:00:00,MG,381.0,"418,6",CAETE,Pedestre andava na pista,Atropelamento de Pedestre,Com Vítimas Fatais,Pleno dia,Crescente,Nublado,Dupla,Curva,Não,2,1,0,0,1,0,0,1,"-19,74841839","-43,6250031",SPRF-MG,DEL01-MG,UOP01-DEL01-MG
343084.0,2021-02-26,sexta-feira,15:15:00,MG,116.0,276,TEOFILO OTONI,Reação tardia ou ineficiente do condutor,Colisão lateral mesmo sentido,Com Vítimas Feridas,Pleno dia,Decrescente,Nublado,Simples,Reta,Sim,3,0,1,1,0,1,2,2,"-17,85105696","-41,51454492",SPRF-MG,DEL11-MG,UOP01-DEL11-MG
343086.0,2021-02-26,sexta-feira,17:30:00,MG,40.0,"466,5",SETE LAGOAS,Avarias e/ou desgaste excessivo no pneu,Engavetamento,Com Vítimas Feridas,Pleno dia,Decrescente,Chuva,Múltipla,Não Informado,Não,5,0,3,0,2,0,3,4,"-19,44436025","-44,32384821",SPRF-MG,DEL02-MG,UOP01-DEL02-MG
343105.0,2021-02-26,sexta-feira,17:00:00,MG,40.0,510,RIBEIRAO DAS NEVES,Manobra de mudança de faixa,Colisão traseira,Com Vítimas Feridas,Plena Noite,Decrescente,Chuva,Dupla,Reta,Sim,2,0,1,0,1,0,1,2,"-19,77463885","-44,12321882",SPRF-MG,DEL01-MG,UOP02-DEL01-MG
343120.0,2021-02-26,sexta-feira,19:40:00,MG,40.0,"679,9",RESSAQUINHA,Velocidade Incompatível,Colisão com objeto,Com Vítimas Feridas,Plena Noite,Crescente,Chuva,Dupla,Curva,Não,1,0,1,0,0,0,1,1,"-21,03303867","-43,7767048",SPRF-MG,DEL05-MG,UOP02-DEL05-MG
343137.0,2021-02-12,sexta-feira,05:30:00,MG,262.0,"456,3",NOVA SERRANA,Velocidade Incompatível,Engavetamento,Com Vítimas Feridas,Amanhecer,Crescente,Chuva,Simples,Reta,Não,3,0,1,0,2,0,1,3,"-19,84401343","-45,04068778",SPRF-MG,DEL08-MG,UOP03-DEL08-MG
343140.0,2021-02-26,sexta-feira,22:00:00,MG,40.0,747,SANTOS DUMONT,Problema com o freio,Colisão frontal,Com Vítimas Feridas,Plena Noite,Crescente,Céu Claro,Dupla,Curva,Sim,1,0,1,0,0,0,1,1,"-21,4328731","-43,55221915",SPRF-MG,DEL05-MG,UOP01-DEL05-MG
343151.0,2021-02-26,sexta-feira,22:20:00,MG,40.0,"466,4",SETE LAGOAS,Avarias e/ou desgaste excessivo no pneu,Saída de leito carroçável,Sem Vítimas,Plena Noite,Decrescente,Chuva,Dupla,Não Informado,Sim,1,0,0,0,1,0,0,1,"-19,446893","-44,32052",SPRF-MG,DEL02-MG,UOP01-DEL02-MG
343163.0,2021-02-27,sábado,02:10:00,MG,40.0,553,NOVA LIMA,Condutor Dormindo,Saída de leito carroçável,Com Vítimas Feridas,Plena Noite,Decrescente,Nublado,Dupla,Curva,Sim,4,0,4,0,0,0,4,1,"-20,07546416","-43,98332934",SPRF-MG,DEL01-MG,UOP02-DEL01-MG
343175.0,2021-02-27,sábado,03:40:00,MG,381.0,"743,1",TRES CORACOES,Ausência de reação do condutor,Saída de leito carroçável,Com Vítimas Fatais,Plena Noite,Decrescente,Chuva,Dupla,Reta,Não,5,2,2,0,1,0,2,1,"-21,62606989","-45,26880608",SPRF-MG,DEL16-MG,UOP02-DEL16-MG
343176.0,2021-02-27,sábado,04:00:00,MG,40.0,"749,3",SANTOS DUMONT,Velocidade Incompatível,Capotamento,Sem Vítimas,Plena Noite,Crescente,Chuva,Simples,Curva,Não,1,0,0,0,0,1,0,1,"-21,447874","-43,55738803",SPRF-MG,DEL05-MG,UOP01-DEL05-MG
343198.0,2021-02-26,sexta-feira,18:30:00,MG,381.0,584,CARMOPOLIS DE MINAS,Velocidade Incompatível,Capotamento,Com Vítimas Feridas,Plena Noite,Decrescente,Nublado,Dupla,Curva,Não,1,0,1,0,0,0,1,1,"-20,52949002","-44,63874994",SPRF-MG,DEL04-MG,UOP01-DEL04-MG
343212.0,2021-02-27,sábado,07:30:00,MG,381.0,512,IGARAPE,Demais falhas mecânicas ou elétricas,Colisão com objeto,Sem Vítimas,Amanhecer,Decrescente,Nublado,Dupla,Reta,Sim,1,0,0,0,1,0,0,1,"-20,09239724","-44,31458341",SPRF-MG,DEL01-MG,UOP03-DEL01-MG
343213.0,2021-02-27,sábado,07:30:00,MG,40.0,"122,5",JOAO PINHEIRO,Chuva,Saída de leito carroçável,Com Vítimas Feridas,Pleno dia,Decrescente,Nublado,Simples,Reta,Não,2,0,1,0,1,0,1,1,"-17,66604196","-46,34649298",SPRF-MG,DEL14-MG,UOP01-DEL14-MG
343224.0,2021-02-27,sábado,07:55:00,MG,40.0,"572,7",ITABIRITO,Conversão proibida,Colisão transversal,Com Vítimas Feridas,Pleno dia,Crescente,Nublado,Simples,Não Informado,Sim,6,0,4,2,0,0,6,2,"-20,23058501","-43,96905104",SPRF-MG,DEL01-MG,UOP02-DEL01-MG
343233.0,2021-02-27,sábado,11:30:00,MG,40.0,"413,5",CURVELO,Acessar a via sem observar a presença dos outros veículos,Colisão transversal,Com Vítimas Feridas,Pleno dia,Crescente,Céu Claro,Simples,Interseção de vias,Não,5,0,2,0,3,0,2,2,"-19,137384","-44,61582184",SPRF-MG,DEL02-MG,UOP01-DEL02-MG
343257.0,2021-02-27,sábado,13:50:00,MG,459.0,"33,5",CALDAS,Velocidade Incompatível,Saída de leito carroçável,Com Vítimas Fatais,Pleno dia,Decrescente,Nublado,Simples,Reta,Não,1,1,0,0,0,0,0,1,"-21,95260963","-46,34141564",SPRF-MG,DEL09-MG,UOP01-DEL09-MG
343267.0,2021-02-27,sábado,13:30:00,MG,116.0,769,LEOPOLDINA,Manobra de mudança de faixa,Colisão lateral mesmo sentido,Com Vítimas Feridas,Pleno dia,Crescente,Céu Claro,Simples,Curva,Não,2,0,1,0,1,0,1,2,"-21,54856423","-42,66481498",SPRF-MG,DEL07-MG,UOP01-DEL07-MG
343297.0,2021-02-27,sábado,14:30:00,MG,459.0,102,POUSO ALEGRE,Ingestão de álcool pelo condutor,Colisão com objeto,Com Vítimas Feridas,Pleno dia,Crescente,Nublado,Dupla,Curva,Sim,4,0,3,1,0,0,4,1,"-22,22601657","-45,91163742",SPRF-MG,DEL16-MG,UOP01-DEL16-MG
343299.0,2021-02-27,sábado,16:15:00,MG,262.0,"907,3",CAMPO FLORIDO,Reação tardia ou ineficiente do condutor,Saída de leito carroçável,Com Vítimas Feridas,Pleno dia,Crescente,Céu Claro,Dupla,Reta,Não,2,0,1,1,0,0,2,1,"-19,629816","-48,84921",SPRF-MG,DEL13-MG,UOP02-DEL13-MG
343318.0,2021-02-27,sábado,19:10:00,MG,365.0,"1,3",MONTES CLAROS,Ingestão de álcool pelo condutor,Colisão frontal,Com Vítimas Feridas,Plena Noite,Decrescente,Céu Claro,Simples,Reta,Não,6,0,2,1,3,0,3,2,"-16,716154","-43,863327",SPRF-MG,DEL12-MG,UOP01-DEL12-MG
343338.0,2021-02-27,sábado,19:50:00,MG,116.0,763,LEOPOLDINA,Reação tardia ou ineficiente do condutor,Colisão transversal,Com Vítimas Feridas,Plena Noite,Decrescente,Céu Claro,Simples,Retorno Regulamentado,Sim,2,0,0,1,1,0,1,2,"-21,52635545","-42,63256914",SPRF-MG,DEL07-MG,UOP01-DEL07-MG
343357.0,2021-02-27,sábado,20:20:00,MG,153.0,20,CENTRALINA,Condutor deixou de manter distância do veículo da frente,Colisão traseira,Com Vítimas Feridas,Plena Noite,Decrescente,Céu Claro,Dupla,Reta,Sim,2,0,1,0,1,0,1,2,"-18,596883","-49,19243",SPRF-MG,DEL15-MG,UOP03-DEL15-MG
343397.0,2021-02-28,domingo,04:00:00,MG,40.0,"688,6",ALFREDO VASCONCELOS,Velocidade Incompatível,Saída de leito carroçável,Com Vítimas Feridas,Amanhecer,Decrescente,Garoa/Chuvisco,Simples,Curva,Não,1,0,1,0,0,0,1,1,"-21,08759993","-43,77189218",SPRF-MG,DEL05-MG,UOP02-DEL05-MG
343403.0,2021-02-28,domingo,02:00:00,MG,365.0,682,MONTE ALEGRE DE MINAS,Condutor Dormindo,Colisão com objeto,Sem Vítimas,Plena Noite,Decrescente,Nublado,Dupla,Reta,Não,1,0,0,0,1,0,0,1,"-18,85061244","-48,83796296",SPRF-MG,DEL15-MG,UOP01-DEL15-MG
343416.0,2021-02-28,domingo,06:30:00,MG,381.0,"154,5",GOVERNADOR VALADARES,Animais na Pista,Atropelamento de Animal,Com Vítimas Feridas,Pleno dia,Crescente,Nublado,Simples,Reta,Não,2,0,2,0,0,0,2,1,"-18,88666107","-42,00230199",SPRF-MG,DEL06-MG,UOP01-DEL06-MG
343421.0,2021-02-28,domingo,00:15:00,MG,381.0,300,ANTONIO DIAS,Chuva,Colisão com objeto,Com Vítimas Feridas,Plena Noite,Crescente,Chuva,Dupla,Reta,Não,3,0,0,1,2,0,1,1,"-19,636885","-42,89911294",SPRF-MG,DEL03-MG,UOP02-DEL03-MG
343422.0,2021-02-28,domingo,07:40:00,MG,262.0,385,MATEUS LEME,Velocidade Incompatível,Saída de leito carroçável,Com Vítimas Feridas,Pleno dia,Crescente,Nublado,Dupla,Curva,Não,4,0,4,0,0,0,4,1,"-19,93407809","-44,42855871",SPRF-MG,DEL01-MG,UOP03-DEL01-MG
343423.0,2021-02-28,domingo,07:20:00,MG,381.0,"502,3",BETIM,Velocidade Incompatível,Saída de leito carroçável,Sem Vítimas,Pleno dia,Decrescente,Nublado,Dupla,Curva,Sim,1,0,0,0,0,1,0,1,"-20,03619694","-44,24586303",SPRF-MG,DEL01-MG,UOP03-DEL01-MG
343424.0,2021-02-28,domingo,05:45:00,MG,116.0,"539,2",SANTA RITA DE MINAS,Ingestão de álcool pelo condutor,Colisão com objeto,Com Vítimas Feridas,Amanhecer,Decrescente,Céu Claro,Simples,Reta,Sim,3,0,2,0,1,0,2,1,"-19,88240027","-42,13242591",SPRF-MG,DEL06-MG,UOP02-DEL06-MG
343428.0,2021-02-27,sábado,22:50:00,MG,116.0,581,MANHUACU,Ingestão de álcool pelo condutor,Colisão frontal,Com Vítimas Feridas,Plena Noite,Decrescente,Garoa/Chuvisco,Simples,Curva,Não,8,0,3,0,5,0,3,2,"-20,19603401","-42,18344405",SPRF-MG,DEL06-MG,UOP04-DEL06-MG
343439.0,2021-02-28,domingo,10:50:00,MG,262.0,"386,7",MATEUS LEME,Velocidade Incompatível,Saída de leito carroçável,Com Vítimas Feridas,Pleno dia,Decrescente,Céu Claro,Dupla,Reta,Não,1,0,1,0,0,0,1,1,"-19,91818541","-44,48067713",SPRF-MG,DEL01-MG,UOP03-DEL01-MG
343442.0,2021-01-25,segunda-feira,14:55:00,MG,50.0,"172,2",UBERABA,Reação tardia ou ineficiente do condutor,Capotamento,Com Vítimas Feridas,Pleno dia,Decrescente,Céu Claro,Dupla,Reta,Sim,1,0,1,0,0,0,1,1,"-19,75402507","-47,98051917",SPRF-MG,DEL13-MG,UOP01-DEL13-MG
343460.0,2021-02-28,domingo,02:00:00,MG,146.0,493,BOTELHOS,Demais falhas mecânicas ou elétricas,Capotamento,Com Vítimas Feridas,Plena Noite,Crescente,Nublado,Simples,Curva,Não,1,0,1,0,0,0,1,1,"-21,6405821","-46,40449405",SPRF-MG,DEL09-MG,UOP01-DEL09-MG
343470.0,2021-02-28,domingo,09:35:00,MG,459.0,"43,9",SANTA RITA DE CALDAS,Acessar a via sem observar a presença dos outros veículos,Colisão traseira,Com Vítimas Feridas,Pleno dia,Decrescente,Nublado,Simples,Reta,Não,3,0,2,1,0,0,3,2,"-22,024902","-46,305658",SPRF-MG,DEL09-MG,UOP01-DEL09-MG
343476.0,2021-02-28,domingo,05:00:00,MG,365.0,"167,3",BURITIZEIRO,Reação tardia ou ineficiente do condutor,Colisão com objeto,Com Vítimas Feridas,Plena Noite,Crescente,Nublado,Simples,Curva,Não,3,0,3,0,0,0,3,2,"-17,38264066","-44,97965606",SPRF-MG,DEL12-MG,UOP01-DEL12-MG
343477.0,2021-02-28,domingo,15:30:00,MG,381.0,490,BETIM,Ausência de reação do condutor,Colisão traseira,Com Vítimas Feridas,Pleno dia,Decrescente,Céu Claro,Dupla,Reta,Sim,2,0,0,1,1,0,1,2,"-19,96502819","-44,17422195",SPRF-MG,DEL01-MG,UOP03-DEL01-MG
343482.0,2021-02-28,domingo,15:30:00,MG,50.0,145,UBERABA,Ausência de reação do condutor,Saída de leito carroçável,Com Vítimas Feridas,Pleno dia,Crescente,Garoa/Chuvisco,Dupla,Reta,Não,1,0,1,0,0,0,1,1,"-19,51997196","-48,03997088",SPRF-MG,DEL13-MG,UOP01-DEL13-MG
343501.0,2021-02-28,domingo,17:50:00,MG,40.0,"522,9",CONTAGEM,Demais falhas mecânicas ou elétricas,Colisão lateral mesmo sentido,Com Vítimas Feridas,Pleno dia,Crescente,Céu Claro,Dupla,Reta,Não,2,0,0,1,1,0,1,2,"-19,8638731","-44,06749809",SPRF-MG,DEL01-MG,UOP02-DEL01-MG
343525.0,2021-02-28,domingo,19:50:00,MG,262.0,801,UBERABA,Transitar na contramão,Colisão frontal,Com Vítimas Fatais,Plena Noite,Crescente,Nublado,Dupla,Reta,Sim,4,1,0,0,2,1,0,2,"-19,77920263","-47,955319",SPRF-MG,DEL13-MG,UOP01-DEL13-MG
343553.0,2021-02-28,domingo,22:20:00,MG,116.0,209,CATUJI,Transitar na contramão,Colisão frontal,Com Vítimas Feridas,Plena Noite,Decrescente,Garoa/Chuvisco,Simples,Desvio Temporário,Sim,3,0,1,1,1,0,2,2,"-17,31584103","-41,52356589",SPRF-MG,DEL11-MG,UOP01-DEL11-MG
343578.0,2021-03-01,segunda-feira,00:20:00,MG,40.0,523,CONTAGEM,Ingestão de álcool pelo condutor,Saída de leito carroçável,Com Vítimas Feridas,Plena Noite,Crescente,Nublado,Dupla,Reta,Sim,1,0,1,0,0,0,1,1,"-19,97552698","-43,97464833",SPRF-MG,DEL01-MG,UOP02-DEL01-MG
343581.0,2021-02-28,domingo,23:20:00,MG,116.0,"481,9",DOM CAVATI,Velocidade Incompatível,Colisão traseira,Com Vítimas Feridas,Pleno dia,Crescente,Nublado,Simples,Reta,Sim,4,0,4,0,0,0,4,2,"-19,40270706","-42,11572072",SPRF-MG,DEL06-MG,UOP02-DEL06-MG
343586.0,2021-03-01,segunda-feira,04:10:00,MG,381.0,"518,4",BRUMADINHO,Velocidade Incompatível,Tombamento,Com Vítimas Feridas,Plena Noite,Decrescente,Nublado,Dupla,Não Informado,Sim,1,0,1,0,0,0,1,1,"-20,12065395","-44,30242562",SPRF-MG,DEL04-MG,UOP03-DEL04-MG
343595.0,2021-03-01,segunda-feira,06:11:00,MG,381.0,453,SABARA,Velocidade Incompatível,Saída de leito carroçável,Com Vítimas Feridas,Pleno dia,Crescente,Nublado,Simples,Ponte,Sim,1,0,1,0,0,0,1,1,"-19,85197588","-43,88851019",SPRF-MG,DEL01-MG,UOP01-DEL01-MG
343617.0,2021-01-16,sábado,13:10:00,MG,262.0,394,PARA DE MINAS,Condutor deixou de manter distância do veículo da frente,Colisão traseira,Com Vítimas Feridas,Pleno dia,Crescente,Céu Claro,Múltipla,Reta,Não,3,0,2,0,1,0,2,2,"-19,90137643","-44,55265045",SPRF-MG,DEL01-MG,UOP03-DEL01-MG
343626.0,2021-03-01,segunda-feira,07:30:00,MG,262.0,"427,9",IGARATINGA,Restrição de visibilidade em curvas verticais,Colisão transversal,Com Vítimas Feridas,Pleno dia,Crescente,Céu Claro,Dupla,Desvio Temporário,Não,2,0,0,1,1,0,1,2,"-19,8850241","-44,77734698",SPRF-MG,DEL08-MG,UOP03-DEL08-MG
343629.0,2021-03-01,segunda-feira,06:40:00,MG,40.0,"746,5",SANTOS DUMONT,Animais na Pista,Colisão traseira,Com Vítimas Feridas,Amanhecer,Crescente,Nevoeiro/Neblina,Simples,Curva,Sim,2,0,1,0,1,0,1,2,"-21,43028197","-43,55615283",SPRF-MG,DEL05-MG,UOP01-DEL05-MG
343685.0,2021-01-10,domingo,15:00:00,MG,116.0,"755,8",LEOPOLDINA,Pista esburacada,Colisão lateral,Com Vítimas Feridas,Pleno dia,Decrescente,Nublado,Simples,Reta,Não,3,0,2,0,1,0,2,2,"-21,48725603","-42,57777783",SPRF-MG,DEL07-MG,UOP01-DEL07-MG
343700.0,2021-03-01,segunda-feira,16:45:00,MG,50.0,185,UBERABA,Reação tardia ou ineficiente do condutor,Atropelamento de Pedestre,Com Vítimas Feridas,Pleno dia,Crescente,Céu Claro,Dupla,Não Informado,Não,2,0,1,0,1,0,1,1,"-19,8172798","-47,89559069",SPRF-MG,DEL13-MG,UOP01-DEL13-MG
343714.0,2021-03-01,segunda-feira,18:15:00,MG,116.0,"768,9",LEOPOLDINA,Transitar no acostamento,Colisão traseira,Com Vítimas Feridas,Anoitecer,Decrescente,Céu Claro,Simples,Reta,Sim,4,0,2,0,2,0,2,3,"-21,54856423","-42,66481498",SPRF-MG,DEL07-MG,UOP01-DEL07-MG
343727.0,2021-03-01,segunda-feira,19:15:00,MG,40.0,"669,8",CARANDAI,Conversão proibida,Colisão transversal,Com Vítimas Feridas,Plena Noite,Crescente,Céu Claro,Simples,Reta,Não,3,0,1,1,1,0,2,2,"-20,970996","-43,784882",SPRF-MG,DEL05-MG,UOP02-DEL05-MG
343733.0,2021-02-01,segunda-feira,07:10:00,MG,381.0,479,CONTAGEM,Manobra de mudança de faixa,Colisão lateral,Com Vítimas Feridas,Pleno dia,Decrescente,Céu Claro,Múltipla,Reta,Sim,3,0,1,1,1,0,2,2,"-19,95889605","-44,069202",SPRF-MG,DEL01-MG,UOP03-DEL01-MG
343755.0,2021-03-01,segunda-feira,23:00:00,MG,50.0,179,UBERABA,Ausência de reação do condutor,Saída de leito carroçável,Sem Vítimas,Plena Noite,Decrescente,Nublado,Dupla,Túnel,Sim,5,0,0,0,5,0,0,1,"-19,77827047","-47,93140998",SPRF-MG,DEL13-MG,UOP01-DEL13-MG
343758.0,2021-03-01,segunda-feira,23:00:00,MG,251.0,"444,5",GRAO MOGOL,Acumulo de óleo sobre o pavimento,Saída de leito carroçável,Com Vítimas Feridas,Plena Noite,Crescente,Céu Claro,Simples,Curva,Não,5,0,3,1,1,0,4,1,"-16,4185062","-43,26071281",SPRF-MG,DEL12-MG,UOP01-DEL12-MG
343777.0,2021-03-02,terça-feira,06:15:00,MG,381.0,477,CONTAGEM,Pedestre cruzava a pista fora da faixa,Atropelamento de Pedestre,Com Vítimas Feridas,Pleno dia,Crescente,Céu Claro,Dupla,Não Informado,Sim,2,0,1,0,1,0,1,1,"-19,96179268","-44,05041676",SPRF-MG,DEL01-MG,UOP03-DEL01-MG
343779.0,2021-03-02,terça-feira,06:45:00,MG,116.0,"665,6",SAO FRANCISCO DO GLORIA,Reação tardia ou ineficiente do condutor,Tombamento,Com Vítimas Feridas,Pleno dia,Decrescente,Nublado,Simples,Reta,Não,2,0,2,0,0,0,2,1,"-20,82713698","-42,32223579",SPRF-MG,DEL07-MG,UOP03-DEL07-MG
343780.0,2021-03-02,terça-feira,06:15:00,MG,40.0,"706,5",BARBACENA,Curva acentuada,Colisão com objeto,Sem Vítimas,Amanhecer,Decrescente,Céu Claro,Dupla,Curva,Não,1,0,0,0,1,0,0,1,"-21,244929","-43,72011",SPRF-MG,DEL05-MG,UOP02-DEL05-MG
343794.0,2021-03-02,terça-feira,07:30:00,MG,40.0,527,CONTAGEM,Manobra de mudança de faixa,Colisão lateral mesmo sentido,Com Vítimas Feridas,Pleno dia,Crescente,Céu Claro,Dupla,Reta,Sim,2,0,0,1,1,0,1,2,"-19,90149502","-44,04938939",SPRF-MG,DEL01-MG,UOP02-DEL01-MG
343806.0,2021-01-17,domingo,09:50:00,MG,40.0,523,CONTAGEM,Acessar a via sem observar a presença dos outros veículos,Colisão lateral,Sem Vítimas,Pleno dia,Crescente,Céu Claro,Dupla,Não Informado,Sim,2,0,0,0,1,1,0,2,"-19,86874894","-44,05962197",SPRF-MG,DEL01-MG,UOP02-DEL01-MG
343809.0,2021-01-17,domingo,10:45:00,MG,153.0,"25,7",CANAPOLIS,Ausência de reação do condutor,Colisão com objeto,Com Vítimas Feridas,Pleno dia,Crescente,Chuva,Dupla,Reta,Não,7,0,3,2,2,0,5,3,"-18,78383","-49,08164",SPRF-MG,DEL15-MG,UOP03-DEL15-MG
343823.0,2021-01-25,segunda-feira,15:45:00,MG,50.0,140,UBERABA,Manobra de mudança de faixa,Saída de leito carroçável,Com Vítimas Feridas,Pleno dia,Crescente,Céu Claro,Dupla,Reta,Não,2,0,1,0,1,0,1,1,"-19,47657604","-48,05332612",SPRF-MG,DEL13-MG,UOP01-DEL13-MG