id,data_inversa,dia_semana,horario,uf,br,km,municipio,causa_acidente,tipo_acidente,classificacao_acidente,fase_dia,sentido_via,condicao_metereologica,tipo_pista,tracado_via,uso_solo,pessoas,mortos,feridos_leves,feridos_graves,ilesos,ignorados,feridos,veiculos,latitude,longitude,regional,delegacia,uop
343832.0,2021-03-02,terça-feira,12:20:00,MG,365.0,"670,4",MONTE ALEGRE DE MINAS,Velocidade Incompatível,Tombamento,Com Vítimas Feridas,Pleno dia,Crescente,Céu Claro,Dupla,Curva,Não,2,0,1,0,1,0,1,1,"-18,88405862","-48,73542988",SPRF-MG,DEL15-MG,UOP01-DEL15-MG
343833.0,2021-03-02,terça-feira,11:55:00,MG,50.0,167,UBERABA,Acessar a via sem observar a presença dos outros veículos,Colisão lateral mesmo sentido,Com Vítimas Feridas,Pleno dia,Crescente,Céu Claro,Dupla,Viaduto,Sim,1,0,1,0,0,0,1,1,"-19,7102529","-47,98304473",SPRF-MG,DEL13-MG,UOP01-DEL13-MG
343861.0,2021-03-02,terça-feira,16:30:00,MG,40.0,576,ITABIRITO,Manobra de mudança de faixa,Colisão com objeto,Com Vítimas Feridas,Pleno dia,Crescente,Céu Claro,Múltipla,Reta,Não,1,0,0,1,0,0,1,1,"-20,26485707","-43,9573481",SPRF-MG,DEL01-MG,UOP02-DEL01-MG
343880.0,2021-03-02,terça-feira,16:00:00,MG,116.0,277,TEOFILO OTONI,Acessar a via sem observar a presença dos outros veículos,Tombamento,Com Vítimas Feridas,Pleno dia,Decrescente,Nublado,Simples,Interseção de vias,Sim,2,0,1,0,0,1,1,2,"-17,859945","-41,515144",SPRF-MG,DEL11-MG,UOP01-DEL11-MG
343907.0,2021-03-02,terça-feira,14:50:00,MG,116.0,283,TEOFILO OTONI,Ausência de reação do condutor,Colisão traseira,Sem Vítimas,Pleno dia,Crescente,Céu Claro,Simples,Desvio Temporário,Não,2,0,0,0,2,0,0,2,"-17,91016695","-41,52564104",SPRF-MG,DEL11-MG,UOP01-DEL11-MG
343913.0,2021-03-02,terça-feira,19:53:00,MG,50.0,176,UBERABA,Estacionar ou parar em local proibido,Colisão traseira,Sem Vítimas,Plena Noite,Decrescente,Céu Claro,Dupla,Reta,Sim,2,0,0,0,1,1,0,2,"-19,77919981","-47,960032",SPRF-MG,DEL13-MG,UOP01-DEL13-MG
343915.0,2021-03-02,terça-feira,21:40:00,MG,40.0,"110,9",LAGOA GRANDE,Animais na Pista,Atropelamento de Animal,Sem Vítimas,Plena Noite,Decrescente,Céu Claro,Simples,Reta,Não,1,0,0,0,1,0,0,1,"-17,6346567","-46,45403382",SPRF-MG,DEL14-MG,UOP01-DEL14-MG
343919.0,2021-01-29,sexta-feira,19:53:00,MG,365.0,3,MONTES CLAROS,Acessar a via sem observar a presença dos outros veículos,Colisão transversal,Com Vítimas Feridas,Plena Noite,Crescente,Céu Claro,Simples,Reta,Não,3,0,1,1,0,1,2,2,"-16,74574399","-43,88392402",SPRF-MG,DEL12-MG,UOP01-DEL12-MG
343958.0,2021-03-03,quarta-feira,06:20:00,MG,116.0,"587,5",MANHUACU,Pedestre cruzava a pista fora da faixa,Atropelamento de Pedestre,Com Vítimas Feridas,Amanhecer,Decrescente,Nublado,Simples,Reta,Sim,2,0,1,0,1,0,1,1,"-20,24173903","-42,15868042",SPRF-MG,DEL06-MG,UOP04-DEL06-MG
343970.0,2021-03-03,quarta-feira,07:00:00,MG,40.0,"436,9",PARAOPEBA,Conversão proibida,Colisão transversal,Com Vítimas Fatais,Pleno dia,Crescente,Céu Claro,Dupla,Não Informado,Não,3,1,1,0,1,0,1,2,"-19,231307","-44,436383",SPRF-MG,DEL02-MG,UOP01-DEL02-MG
344007.0,2021-03-03,quarta-feira,13:25:00,MG,381.0,334,NOVA ERA,Conversão proibida,Colisão transversal,Com Vítimas Feridas,Pleno dia,Crescente,Sol,Simples,Curva,Não,2,0,1,0,1,0,1,2,"-19,81025584","-43,06303471",SPRF-MG,DEL03-MG,UOP01-DEL03-MG
344016.0,2021-03-03,quarta-feira,13:45:00,MG,40.0,"511,6",RIBEIRAO DAS NEVES,Transitar no acostamento,Colisão traseira,Com Vítimas Feridas,Pleno dia,Decrescente,Céu Claro,Dupla,Não Informado,Sim,3,0,0,1,1,1,1,2,"-19,78164295","-44,11733194",SPRF-MG,DEL01-MG,UOP02-DEL01-MG
344018.0,2021-02-13,sábado,11:50:00,MG,153.0,"19,2",CENTRALINA,Ausência de reação do condutor,Capotamento,Com Vítimas Feridas,Pleno dia,Crescente,Nublado,Dupla,Reta,Sim,2,0,0,2,0,0,2,1,"-18,587774","-49,1929339",SPRF-MG,DEL15-MG,UOP03-DEL15-MG
344019.0,2021-03-03,quarta-feira,14:00:00,MG,381.0,429,CAETE,Reação tardia ou ineficiente do condutor,Queda de ocupante de veículo,Com Vítimas Feridas,Pleno dia,Decrescente,Céu Claro,Simples,Não Informado,Não,3,0,0,2,1,0,2,3,"-19,78663743","-43,71433695",SPRF-MG,DEL01-MG,UOP01-DEL01-MG
344029.0,2021-03-03,quarta-feira,14:40:00,MG,40.0,"522,1",CONTAGEM,Manobra de mudança de faixa,Tombamento,Com Vítimas Feridas,Pleno dia,Crescente,Sol,Dupla,Reta,Sim,2,0,0,1,0,1,1,1,"-19,8638731","-44,06749809",SPRF-MG,DEL01-MG,UOP02-DEL01-MG
344033.0,2021-03-02,terça-feira,15:39:00,MG,116.0,378,MATHIAS LOBATO,Ultrapassagem Indevida,Colisão transversal,Com Vítimas Feridas,Pleno dia,Decrescente,Céu Claro,Simples,Reta,Sim,3,0,2,0,1,0,2,2,"-18,6073651","-41,92702761",SPRF-MG,DEL06-MG,UOP01-DEL06-MG
344035.0,2021-01-29,sexta-feira,19:30:00,MG,40.0,"705,5",BARBACENA,Animais na Pista,Atropelamento de Animal,Com Vítimas Feridas,Plena Noite,Crescente,Céu Claro,Dupla,Reta,Não,1,0,1,0,0,0,1,1,"-21,2165929","-43,7462589",SPRF-MG,DEL05-MG,UOP02-DEL05-MG
344039.0,2021-03-03,quarta-feira,16:30:00,MG,153.0,231,FRONTEIRA,Chuva,Saída de leito carroçável,Sem Vítimas,Pleno dia,Decrescente,Chuva,Simples,Reta,Não,2,0,0,0,2,0,0,1,"-20,23980467","-49,16101941",SPRF-MG,DEL13-MG,UOP02-DEL13-MG
344040.0,2021-03-03,quarta-feira,17:25:00,MG,40.0,316,TRES MARIAS,Ultrapassagem Indevida,Colisão lateral mesmo sentido,Com Vítimas Feridas,Pleno dia,Crescente,Céu Claro,Simples,Reta,Não,3,0,1,0,2,0,1,3,"-18,48024596","-45,06576905",SPRF-MG,DEL14-MG,UOP02-DEL14-MG
344041.0,2021-03-03,quarta-feira,15:55:00,MG,381.0,359,SAO GONCALO DO RIO ABAIXO,Desrespeitar a preferência no cruzamento,Colisão frontal,Com Vítimas Feridas,Pleno dia,Crescente,Céu Claro,Simples,Reta,Sim,4,0,1,2,1,0,3,2,"-19,8551458","-43,22402296",SPRF-MG,DEL03-MG,UOP01-DEL03-MG
344060.0,2021-03-03,quarta-feira,18:30:00,MG,354.0,"754,3",ITAMONTE,Desrespeitar a preferência no cruzamento,Colisão frontal,Com Vítimas Feridas,Plena Noite,Crescente,Céu Claro,Simples,Reta,Sim,2,0,1,0,1,0,1,2,"-22,28760568","-44,86871302",SPRF-MG,DEL17-MG,UOP01-DEL17-MG
344078.0,2021-03-03,quarta-feira,19:15:00,MG,381.0,483,BETIM,Objeto estático sobre o leito carroçável,Colisão com objeto,Com Vítimas Feridas,Plena Noite,Decrescente,Céu Claro,Dupla,Reta,Sim,2,0,0,2,0,0,2,1,"-19,95594491","-44,10721699",SPRF-MG,DEL01-MG,UOP03-DEL01-MG
344103.0,2021-03-04,quinta-feira,01:50:00,MG,116.0,"583,4",MANHUACU,Velocidade Incompatível,Saída de leito carroçável,Com Vítimas Fatais,Plena Noite,Decrescente,Céu Claro,Simples,Reta,Não,1,1,0,0,0,0,0,1,"-20,2056844","-42,1823548",SPRF-MG,DEL06-MG,UOP04-DEL06-MG
344107.0,2021-03-03,quarta-feira,19:15:00,MG,40.0,141,JOAO PINHEIRO,Pedestre cruzava a pista fora da faixa,Atropelamento de Pedestre,Com Vítimas Feridas,Anoitecer,Crescente,Céu Claro,Simples,Reta,Sim,2,0,1,0,0,1,1,1,"-17,73618679","-46,19334804",SPRF-MG,DEL14-MG,UOP01-DEL14-MG
344127.0,2021-03-04,quinta-feira,08:30:00,MG,381.0,"482,2",BETIM,Manobra de mudança de faixa,Colisão lateral mesmo sentido,Com Vítimas Feridas,Pleno dia,Decrescente,Céu Claro,Dupla,Reta,Sim,3,0,1,0,2,0,1,2,"-19,955532","-44,097209",SPRF-MG,DEL01-MG,UOP03-DEL01-MG
344133.0,2021-03-04,quinta-feira,06:35:00,MG,40.0,282,TRES MARIAS,Acessar a via sem observar a presença dos outros veículos,Colisão transversal,Com Vítimas Feridas,Amanhecer,Crescente,Céu Claro,Simples,Reta,Sim,3,0,1,0,2,0,1,2,"-18,24923582","-45,20220684",SPRF-MG,DEL14-MG,UOP02-DEL14-MG
344136.0,2021-03-04,quinta-feira,09:20:00,MG,146.0,"470,3",CABO VERDE,Mal súbito do condutor,Colisão frontal,Com Vítimas Feridas,Pleno dia,Crescente,Céu Claro,Simples,Reta,Não,2,0,1,1,0,0,2,2,"-21,4653497","-46,4042222",SPRF-MG,DEL09-MG,UOP01-DEL09-MG
344139.0,2021-03-04,quinta-feira,09:20:00,MG,262.0,96,ABRE CAMPO,Ultrapassagem Indevida,Colisão frontal,Com Vítimas Feridas,Pleno dia,Decrescente,Céu Claro,Simples,Reta,Sim,3,0,3,0,0,0,3,2,"-20,295544","-42,48012",SPRF-MG,DEL03-MG,UOP03-DEL03-MG
344189.0,2021-03-04,quinta-feira,14:20:00,MG,381.0,3,BETIM,Obstrução na via,Colisão traseira,Com Vítimas Feridas,Pleno dia,Crescente,Sol,Dupla,Reta,Sim,2,0,1,0,1,0,1,2,"-19,98173805","-44,16332245",SPRF-MG,DEL01-MG,UOP03-DEL01-MG
344198.0,2021-03-04,quinta-feira,12:20:00,MG,365.0,"408,8",PATOS DE MINAS,Retorno proibido,Colisão transversal,Com Vítimas Feridas,Pleno dia,Crescente,Nublado,Simples,Reta,Não,4,0,0,2,2,0,2,2,"-18,645124","-46,500528",SPRF-MG,DEL10-MG,UOP01-DEL10-MG
344199.0,2021-03-04,quinta-feira,14:00:00,MG,381.0,454,SABARA,Conversão proibida,Colisão transversal,Com Vítimas Feridas,Pleno dia,Decrescente,Céu Claro,Simples,Reta,Não,2,0,0,1,1,0,1,2,"-19,84140135","-43,87033939",SPRF-MG,DEL01-MG,UOP01-DEL01-MG
344210.0,2021-03-04,quinta-feira,15:35:00,MG,40.0,"475,7",SETE LAGOAS,Condutor Dormindo,Saída de leito carroçável,Com Vítimas Feridas,Pleno dia,Decrescente,Céu Claro,Dupla,Não Informado,Não,1,0,1,0,0,0,1,1,"-19,50551591","-44,27423377",SPRF-MG,DEL02-MG,UOP01-DEL02-MG
344214.0,2021-03-04,quinta-feira,15:00:00,MG,40.0,"623,3",CONSELHEIRO LAFAIETE,Objeto estático sobre o leito carroçável,Colisão com objeto,Com Vítimas Feridas,Pleno dia,Crescente,Céu Claro,Simples,Curva,Não,1,0,1,0,0,0,1,1,"-20,60932289","-43,80700892",SPRF-MG,DEL05-MG,UOP02-DEL05-MG
344222.0,2021-02-19,sexta-feira,21:00:00,MG,116.0,496,INHAPIM,Ultrapassagem Indevida,Colisão lateral sentido oposto,Com Vítimas Feridas,Plena Noite,Decrescente,Nublado,Simples,Reta,Não,4,0,1,2,0,1,3,2,"-19,52772702","-42,12719586",SPRF-MG,DEL06-MG,UOP02-DEL06-MG
344286.0,2021-03-04,quinta-feira,21:35:00,MG,262.0,"803,3",UBERABA,Pista esburacada,Tombamento,Com Vítimas Feridas,Plena Noite,Decrescente,Céu Claro,Dupla,Reta,Sim,2,0,2,0,0,0,2,1,"-19,775319","-47,918826",SPRF-MG,DEL13-MG,UOP01-DEL13-MG
344292.0,2021-03-04,quinta-feira,21:20:00,MG,116.0,"280,6",TEOFILO OTONI,Iluminação deficiente,Atropelamento de Pedestre,Com Vítimas Feridas,Plena Noite,Decrescente,Céu Claro,Simples,Reta,Não,3,0,1,1,1,0,2,1,"-17,88475805","-41,52257715",SPRF-MG,DEL11-MG,UOP01-DEL11-MG
344298.0,2021-03-04,quinta-feira,21:00:00,MG,153.0,143,PRATA,Ausência de reação do condutor,Saída de leito carroçável,Sem Vítimas,Plena Noite,Crescente,Chuva,Simples,Reta,Não,1,0,0,0,1,0,0,1,"-19,59131213","-48,83018771",SPRF-MG,DEL15-MG,UOP03-DEL15-MG
344300.0,2021-03-04,quinta-feira,23:15:00,MG,40.0,"621,3",CONSELHEIRO LAFAIETE,Velocidade Incompatível,Colisão com objeto,Com Vítimas Feridas,Plena Noite,Crescente,Céu Claro,Simples,Não Informado,Sim,1,0,1,0,0,0,1,1,"-20,59226249","-43,80435261",SPRF-MG,DEL05-MG,UOP02-DEL05-MG
344312.0,2021-03-04,quinta-feira,23:30:00,MG,262.0,"398,6",PARA DE MINAS,Velocidade Incompatível,Colisão com objeto,Com Vítimas Feridas,Plena Noite,Decrescente,Nublado,Dupla,Reta,Sim,2,0,1,0,1,0,1,1,"-19,90299685","-44,524329",SPRF-MG,DEL01-MG,UOP03-DEL01-MG
344323.0,2021-03-05,sexta-feira,01:21:00,MG,262.0,121,RIO CASCA,Mal súbito do condutor,Atropelamento de Animal,Sem Vítimas,Plena Noite,Crescente,Céu Claro,Simples,Reta,Sim,1,0,0,0,1,0,0,1,"-20,21312389","-42,65721909",SPRF-MG,DEL03-MG,UOP03-DEL03-MG
344341.0,2021-03-04,quinta-feira,21:25:00,MG,262.0,"34,1",MANHUACU,Acessar a via sem observar a presença dos outros veículos,Colisão transversal,Com Vítimas Feridas,Plena Noite,Crescente,Nublado,Simples,Rotatória,Não,3,0,1,0,1,1,1,2,"-20,25692664","-42,01099203",SPRF-MG,DEL06-MG,UOP04-DEL06-MG
344354.0,2021-03-05,sexta-feira,07:00:00,MG,116.0,"411,5",GOVERNADOR VALADARES,Velocidade Incompatível,Colisão transversal,Com Vítimas Feridas,Pleno dia,Decrescente,Céu Claro,Múltipla,Não Informado,Sim,3,0,2,0,1,0,2,2,"-18,86244705","-41,97405237",SPRF-MG,DEL06-MG,UOP01-DEL06-MG
344369.0,2021-03-05,sexta-feira,09:30:00,MG,381.0,"720,2",CARMO DA CACHOEIRA,Ausência de reação do condutor,Saída de leito carroçável,Com Vítimas Feridas,Pleno dia,Decrescente,Céu Claro,Dupla,Não Informado,Não,2,0,2,0,0,0,2,1,"-21,46061202","-45,20743901",SPRF-MG,DEL04-MG,UOP02-DEL04-MG
344384.0,2021-03-05,sexta-feira,10:20:00,MG,381.0,913,CAMANDUCAIA,Chuva,Colisão com objeto,Com Vítimas Feridas,Pleno dia,Decrescente,Chuva,Dupla,Não Informado,Não,1,0,1,0,0,0,1,1,"-22,75390001","-46,146503",SPRF-MG,DEL16-MG,UOP03-DEL16-MG
344416.0,2021-03-05,sexta-feira,14:40:00,MG,40.0,506,RIBEIRAO DAS NEVES,Condutor deixou de manter distância do veículo da frente,Colisão traseira,Com Vítimas Feridas,Pleno dia,Decrescente,Céu Claro,Dupla,Reta,Não,3,0,1,0,2,0,1,3,"-19,74716686","-44,14731173",SPRF-MG,DEL02-MG,UOP01-DEL02-MG
344419.0,2021-03-05,sexta-feira,14:50:00,MG,267.0,"286,9",BAEPENDI,Velocidade Incompatível,Saída de leito carroçável,Com Vítimas Feridas,Pleno dia,Crescente,Nublado,Simples,Curva,Não,1,0,1,0,0,0,1,1,"-21,92460612","-44,77877599",SPRF-MG,DEL17-MG,UOP01-DEL17-MG
344433.0,2021-03-05,sexta-feira,16:30:00,MG,262.0,"437,2",NOVA SERRANA,Acessar a via sem observar a presença dos outros veículos,Colisão transversal,Com Vítimas Feridas,Pleno dia,Crescente,Céu Claro,Dupla,Reta,Não,3,0,2,1,0,0,3,2,"-19,89622194","-44,86972815",SPRF-MG,DEL08-MG,UOP03-DEL08-MG
344435.0,2021-03-05,sexta-feira,16:41:00,MG,262.0,812,UBERABA,Avarias e/ou desgaste excessivo no pneu,Queda de ocupante de veículo,Com Vítimas Feridas,Pleno dia,Decrescente,Nublado,Dupla,Reta,Sim,2,0,1,0,1,0,1,1,"-19,76553214","-48,11855299",SPRF-MG,DEL13-MG,UOP01-DEL13-MG
344449.0,2021-03-05,sexta-feira,17:45:00,MG,381.0,501,BETIM,Velocidade Incompatível,Colisão traseira,Com Vítimas Feridas,Pleno dia,Crescente,Céu Claro,Dupla,Reta,Sim,2,0,1,0,1,0,1,2,"-20,03146447","-44,2377893",SPRF-MG,DEL01-MG,UOP03-DEL01-MG
344455.0,2021-03-05,sexta-feira,16:45:00,MG,381.0,920,CAMANDUCAIA,Velocidade Incompatível,Colisão com objeto,Com Vítimas Feridas,Pleno dia,Crescente,Chuva,Dupla,Curva,Não,1,0,1,0,0,0,1,1,"-22,7704869","-46,20021296",SPRF-MG,DEL16-MG,UOP03-DEL16-MG
344456.0,2021-03-05,sexta-feira,17:17:00,MG,267.0,67,BICAS,Acesso irregular,Colisão lateral mesmo sentido,Com Vítimas Feridas,Anoitecer,Crescente,Céu Claro,Simples,Reta,Sim,2,0,1,0,1,0,1,2,"-21,74168329","-43,10661899",SPRF-MG,DEL05-MG,UOP01-DEL05-MG
344457.0,2021-03-05,sexta-feira,17:05:00,MG,40.0,"824,7",SIMAO PEREIRA,Velocidade Incompatível,Saída de leito carroçável,Com Vítimas Feridas,Pleno dia,Decrescente,Nublado,Dupla,Curva,Não,1,0,1,0,0,0,1,1,"-21,96689732","-43,29126511",SPRF-MG,DEL05-MG,UOP01-DEL05-MG
344487.0,2021-03-05,sexta-feira,16:15:00,MG,262.0,603,CAMPOS ALTOS,Condutor Dormindo,Saída de leito carroçável,Com Vítimas Feridas,Pleno dia,Decrescente,Nublado,Simples,Reta,Não,1,0,1,0,0,0,1,1,"-19,6468942","-46,24077508",SPRF-MG,DEL08-MG,UOP02-DEL08-MG
344508.0,2021-03-05,sexta-feira,19:30:00,MG,262.0,"453,8",NOVA SERRANA,Desrespeitar a preferência no cruzamento,Colisão traseira,Com Vítimas Feridas,Plena Noite,Crescente,Nublado,Simples,Interseção de vias,Não,2,0,1,0,1,0,1,2,"-19,85207302","-45,05767822",SPRF-MG,DEL08-MG,UOP03-DEL08-MG
344513.0,2021-03-05,sexta-feira,20:10:00,MG,40.0,"262,3",SAO GONCALO DO ABAETE,Ultrapassagem Indevida,Colisão frontal,Com Vítimas Feridas,Plena Noite,Crescente,Céu Claro,Simples,Desvio Temporário,Não,5,0,2,3,0,0,5,2,"-18,14060046","-45,33524905",SPRF-MG,DEL14-MG,UOP02-DEL14-MG
344514.0,2021-03-05,sexta-feira,19:20:00,MG,365.0,626,UBERLANDIA,Pista Escorregadia,Saída de leito carroçável,Sem Vítimas,Plena Noite,Crescente,Chuva,Dupla,Reta,Sim,1,0,0,0,1,0,0,1,"-18,9062053","-48,32986593",SPRF-MG,DEL15-MG,UOP01-DEL15-MG
344550.0,2021-01-17,domingo,00:30:00,MG,262.0,800,UBERABA,Ingestão de álcool pelo condutor,Colisão com objeto,Com Vítimas Feridas,Plena Noite,Crescente,Nublado,Simples,Viaduto,Sim,1,0,1,0,0,0,1,1,"-19,779129","-47,945794",SPRF-MG,DEL13-MG,UOP01-DEL13-MG
344558.0,2021-03-06,sábado,07:30:00,MG,381.0,"691,3",LAVRAS,Reação tardia ou ineficiente do condutor,Capotamento,Com Vítimas Feridas,Pleno dia,Decrescente,Nublado,Dupla,Não Informado,Não,6,0,5,1,0,0,6,1,"-21,24242696","-45,13576519",SPRF-MG,DEL04-MG,UOP02-DEL04-MG
344567.0,2021-01-30,sábado,02:00:00,MG,365.0,612,UBERLANDIA,Reação tardia ou ineficiente do condutor,Saída de leito carroçável,Com Vítimas Feridas,Plena Noite,Decrescente,Céu Claro,Simples,Reta,Sim,1,0,0,1,0,0,1,1,"-18,918566","-48,209353",SPRF-MG,DEL15-MG,UOP01-DEL15-MG
344573.0,2021-01-21,quinta-feira,06:20:00,MG,365.0,626,UBERLANDIA,Pista esburacada,Tombamento,Com Vítimas Feridas,Pleno dia,Decrescente,Céu Claro,Dupla,Reta,Sim,1,0,0,1,0,0,1,1,"-18,90967657","-48,3080864",SPRF-MG,DEL15-MG,UOP01-DEL15-MG
344619.0,2021-03-06,sábado,14:00:00,MG,459.0,"10,4",CALDAS,Velocidade Incompatível,Saída de leito carroçável,Sem Vítimas,Pleno dia,Crescente,Nublado,Simples,Reta,Não,1,0,0,0,1,0,0,1,"-21,821666","-46,457206",SPRF-MG,DEL09-MG,UOP01-DEL09-MG
344641.0,2021-03-06,sábado,14:10:00,MG,40.0,215,JOAO PINHEIRO,Acostamento em desnível,Saída de leito carroçável,Com Vítimas Feridas,Pleno dia,Crescente,Nublado,Simples,Reta,Não,1,0,1,0,0,0,1,1,"-17,96152036","-45,69552697",SPRF-MG,DEL14-MG,UOP02-DEL14-MG
344663.0,2021-03-06,sábado,16:04:00,MG,381.0,"697,5",LAVRAS,Velocidade Incompatível,Saída de leito carroçável,Com Vítimas Feridas,Pleno dia,Crescente,Chuva,Dupla,Curva,Não,2,0,1,0,1,0,1,1,"-21,29043096","-45,14791909",SPRF-MG,DEL04-MG,UOP02-DEL04-MG
344684.0,2021-03-06,sábado,18:10:00,MG,50.0,"17,3",ARAGUARI,Ausência de reação do condutor,Capotamento,Com Vítimas Feridas,Anoitecer,Crescente,Chuva,Dupla,Curva,Não,2,0,2,0,0,0,2,1,"-18,56358502","-48,05639606",SPRF-MG,DEL15-MG,UOP02-DEL15-MG
344686.0,2021-03-06,sábado,20:00:00,MG,40.0,517,RIBEIRAO DAS NEVES,Ingestão de álcool pelo condutor,Colisão frontal,Com Vítimas Feridas,Plena Noite,Crescente,Chuva,Dupla,Reta,Sim,4,0,1,0,3,0,1,3,"-19,82954384","-44,08341777",SPRF-MG,DEL01-MG,UOP02-DEL01-MG
344712.0,2021-03-06,sábado,17:45:00,MG,381.0,569,ITAGUARA,Velocidade Incompatível,Capotamento,Com Vítimas Feridas,Anoitecer,Crescente,Chuva,Dupla,Curva,Não,2,0,1,0,1,0,1,1,"-20,43178144","-44,55193736",SPRF-MG,DEL04-MG,UOP03-DEL04-MG
344751.0,2021-03-07,domingo,00:00:00,MG,40.0,"797,2",JUIZ DE FORA,Velocidade Incompatível,Saída de leito carroçável,Com Vítimas Feridas,Plena Noite,Crescente,Céu Claro,Dupla,Curva,Não,3,0,3,0,0,0,3,1,"-21,81520106","-43,38621008",SPRF-MG,DEL05-MG,UOP01-DEL05-MG
344757.0,2021-03-06,sábado,22:50:00,MG,354.0,"770,5",ITAMONTE,Reação tardia ou ineficiente do condutor,Saída de leito carroçável,Com Vítimas Feridas,Plena Noite,Decrescente,Chuva,Simples,Curva,Não,2,0,2,0,0,0,2,1,"-22,36143805","-44,77808302",SPRF-MG,DEL17-MG,UOP01-DEL17-MG
344767.0,2021-03-07,domingo,02:15:00,MG,40.0,"503,7",ESMERALDAS,Ingestão de álcool pelo condutor,Saída de leito carroçável,Sem Vítimas,Plena Noite,Decrescente,Garoa/Chuvisco,Dupla,Não Informado,Sim,1,0,0,0,1,0,0,1,"-19,727","-44,15369",SPRF-MG,DEL02-MG,UOP01-DEL02-MG
344768.0,2021-03-07,domingo,02:55:00,MG,381.0,440,SABARA,Animais na Pista,Atropelamento de Animal,Com Vítimas Fatais,Plena Noite,Decrescente,Nevoeiro/Neblina,Simples,Reta,Sim,1,1,0,0,0,0,0,1,"-19,81160206","-43,79604396",SPRF-MG,DEL01-MG,UOP01-DEL01-MG
344773.0,2021-03-07,domingo,02:55:00,MG,40.0,464,SETE LAGOAS,Velocidade Incompatível,Colisão com objeto,Com Vítimas Feridas,Plena Noite,Decrescente,Nublado,Dupla,Não Informado,Não,2,0,0,2,0,0,2,1,"-19,43114353","-44,33635712",SPRF-MG,DEL02-MG,UOP01-DEL02-MG
344779.0,2021-03-07,domingo,00:30:00,MG,40.0,"787,2",JUIZ DE FORA,Pedestre cruzava a pista fora da faixa,Atropelamento de Pedestre,Com Vítimas Feridas,Plena Noite,Decrescente,Chuva,Dupla,Reta,Não,2,0,1,0,0,1,1,1,"-21,73607735","-43,44262787",SPRF-MG,DEL05-MG,UOP01-DEL05-MG
344783.0,2021-03-07,domingo,05:00:00,MG,116.0,"406,7",GOVERNADOR VALADARES,Ingestão de álcool pelo condutor,Saída de leito carroçável,Com Vítimas Feridas,Amanhecer,Decrescente,Nublado,Simples,Interseção de vias,Não,1,0,0,1,0,0,1,1,"-18,82669347","-41,98753335",SPRF-MG,DEL06-MG,UOP01-DEL06-MG
344784.0,2021-02-22,segunda-feira,13:30:00,MG,267.0,239,SERITINGA,Reação tardia ou ineficiente do condutor,Saída de leito carroçável,Com Vítimas Feridas,Pleno dia,Decrescente,Ignorado,Simples,Curva,Não,1,0,1,0,0,0,1,1,"-21,92455614","-44,39391397",SPRF-MG,DEL17-MG,UOP01-DEL17-MG
344786.0,2021-03-07,domingo,05:00:00,MG,40.0,524,CONTAGEM,Pedestre andava na pista,Atropelamento de Pedestre,Com Vítimas Fatais,Amanhecer,Decrescente,Nublado,Dupla,Reta,Sim,2,1,0,0,1,0,0,1,"-19,8754469","-44,05345586",SPRF-MG,DEL01-MG,UOP02-DEL01-MG
344789.0,2021-03-07,domingo,04:40:00,MG,381.0,"681,4",PERDOES,Condutor Dormindo,Saída de leito carroçável,Com Vítimas Feridas,Plena Noite,Decrescente,Ignorado,Dupla,Curva,Não,3,0,3,0,0,0,3,1,"-21,16168571","-45,12045619",SPRF-MG,DEL04-MG,UOP02-DEL04-MG
344795.0,2021-03-07,domingo,06:17:00,MG,381.0,"862,9",POUSO ALEGRE,Chuva,Saída de leito carroçável,Sem Vítimas,Pleno dia,Crescente,Chuva,Dupla,Reta,Não,1,0,0,0,0,1,0,1,"-22,37453071","-45,93949727",SPRF-MG,DEL16-MG,UOP01-DEL16-MG
344797.0,2021-03-06,sábado,19:40:00,MG,262.0,"606,7",CAMPOS ALTOS,Velocidade Incompatível,Colisão com objeto,Com Vítimas Feridas,Plena Noite,Decrescente,Chuva,Simples,Curva,Não,3,0,3,0,0,0,3,1,"-19,63074085","-46,26259386",SPRF-MG,DEL08-MG,UOP02-DEL08-MG
344806.0,2021-01-21,quinta-feira,19:50:00,MG,365.0,611,UBERLANDIA,Transitar na contramão,Colisão frontal,Com Vítimas Feridas,Plena Noite,Decrescente,Céu Claro,Dupla,Reta,Sim,2,0,0,1,1,0,1,2,"-18,92662589","-48,19588423",SPRF-MG,DEL15-MG,UOP01-DEL15-MG
344817.0,2021-03-07,domingo,09:30:00,MG,116.0,"172,9",PADRE PARAISO,Transitar na contramão,Colisão frontal,Com Vítimas Feridas,Pleno dia,Crescente,Céu Claro,Simples,Não Informado,Não,2,0,2,0,0,0,2,2,"-17,0349218","-41,44693542",SPRF-MG,DEL11-MG,UOP02-DEL11-MG
344824.0,2021-03-07,domingo,10:30:00,MG,365.0,791,ITUIUTABA,Condutor deixou de manter distância do veículo da frente,Colisão traseira,Com Vítimas Feridas,Pleno dia,Crescente,Nublado,Simples,Interseção de vias,Não,3,0,1,1,1,0,2,2,"-18,93649021","-49,82368469",SPRF-MG,DEL15-MG,UOP03-DEL15-MG