id,data_inversa,dia_semana,horario,uf,br,km,municipio,causa_acidente,tipo_acidente,classificacao_acidente,fase_dia,sentido_via,condicao_metereologica,tipo_pista,tracado_via,uso_solo,pessoas,mortos,feridos_leves,feridos_graves,ilesos,ignorados,feridos,veiculos,latitude,longitude,regional,delegacia,uop
344830.0,2021-03-07,domingo,11:29:00,MG,381.0,250,SANTANA DO PARAISO,Condutor deixou de manter distância do veículo da frente,Colisão traseira,Com Vítimas Feridas,Pleno dia,Crescente,Céu Claro,Simples,Interseção de vias,Sim,3,0,2,0,1,0,2,2,"-19,45477879","-42,52238989",SPRF-MG,DEL06-MG,UOP01-DEL06-MG
344861.0,2021-03-07,domingo,14:46:00,MG,381.0,597,CARMOPOLIS DE MINAS,Chuva,Colisão com objeto,Com Vítimas Feridas,Pleno dia,Decrescente,Chuva,Dupla,Não Informado,Não,4,0,3,0,1,0,3,2,"-20,60569501","-44,72419499",SPRF-MG,DEL04-MG,UOP01-DEL04-MG
344862.0,2021-03-07,domingo,15:40:00,MG,262.0,380,JUATUBA,Velocidade Incompatível,Saída de leito carroçável,Com Vítimas Feridas,Pleno dia,Decrescente,Chuva,Dupla,Curva,Não,1,0,1,0,0,0,1,1,"-19,947864","-44,381226",SPRF-MG,DEL01-MG,UOP03-DEL01-MG
344866.0,2021-03-07,domingo,15:30:00,MG,381.0,484,BETIM,Chuva,Colisão com objeto,Com Vítimas Feridas,Pleno dia,Decrescente,Chuva,Dupla,Não Informado,Sim,4,0,2,0,2,0,2,3,"-19,95531717","-44,11722196",SPRF-MG,DEL01-MG,UOP03-DEL01-MG
344874.0,2021-03-07,domingo,14:30:00,MG,262.0,"68,5",MATIPO,Transitar na contramão,Colisão lateral sentido oposto,Com Vítimas Feridas,Pleno dia,Crescente,Céu Claro,Simples,Curva,Não,3,0,3,0,0,0,3,2,"-20,3067314","-42,27702013",SPRF-MG,DEL06-MG,UOP04-DEL06-MG
344878.0,2021-03-07,domingo,16:50:00,MG,40.0,"639,5",CONSELHEIRO LAFAIETE,Velocidade Incompatível,Saída de leito carroçável,Com Vítimas Feridas,Pleno dia,Decrescente,Chuva,Simples,Não Informado,Não,3,0,2,0,0,1,2,1,"-20,73315776","-43,7994647",SPRF-MG,DEL05-MG,UOP02-DEL05-MG
344879.0,2021-03-07,domingo,16:40:00,MG,365.0,624,UBERLANDIA,Reação tardia ou ineficiente do condutor,Colisão traseira,Com Vítimas Feridas,Pleno dia,Decrescente,Céu Claro,Dupla,Reta,Sim,2,0,1,0,1,0,1,2,"-18,90754763","-48,3160669",SPRF-MG,DEL15-MG,UOP01-DEL15-MG
344892.0,2021-03-07,domingo,13:00:00,MG,40.0,810,MATIAS BARBOSA,Ausência de sinalização,Colisão transversal,Com Vítimas Feridas,Pleno dia,Crescente,Céu Claro,Dupla,Curva,Sim,2,0,1,0,1,0,1,2,"-21,8817106","-43,32932711",SPRF-MG,DEL05-MG,UOP01-DEL05-MG
344899.0,2021-03-07,domingo,16:45:00,MG,40.0,532,BELO HORIZONTE,Manobra de mudança de faixa,Colisão lateral mesmo sentido,Sem Vítimas,Pleno dia,Crescente,Nublado,Dupla,Não Informado,Sim,2,0,0,0,2,0,0,2,"-19,92372561","-44,01700789",SPRF-MG,DEL01-MG,UOP02-DEL01-MG
344904.0,2021-03-07,domingo,18:25:00,MG,381.0,348,JOAO MONLEVADE,Transitar na contramão,Colisão frontal,Com Vítimas Feridas,Plena Noite,Crescente,Céu Claro,Simples,Curva,Não,3,0,0,1,2,0,1,2,"-19,85243846","-43,14084419",SPRF-MG,DEL03-MG,UOP01-DEL03-MG
344930.0,2021-03-07,domingo,16:00:00,MG,116.0,"176,1",PADRE PARAISO,Ingestão de álcool pelo condutor,Capotamento,Sem Vítimas,Pleno dia,Decrescente,Nublado,Simples,Curva,Não,1,0,0,0,0,1,0,1,"-17,06126897","-41,46810305",SPRF-MG,DEL11-MG,UOP02-DEL11-MG
344931.0,2021-03-07,domingo,21:15:00,MG,365.0,"863,3",SANTA VITORIA,Transitar na contramão,Colisão frontal,Com Vítimas Fatais,Plena Noite,Crescente,Céu Claro,Simples,Reta,Não,3,1,0,2,0,0,2,2,"-19,04329336","-50,43842397",SPRF-MG,DEL15-MG,UOP03-DEL15-MG
344948.0,2021-03-07,domingo,11:40:00,MG,262.0,141,RIO CASCA,Afundamento ou ondulação no pavimento,Saída de leito carroçável,Com Vítimas Feridas,Pleno dia,Decrescente,Céu Claro,Simples,Curva,Não,2,0,2,0,0,0,2,1,"-20,06617491","-42,71832256",SPRF-MG,DEL03-MG,UOP03-DEL03-MG
344951.0,2021-03-07,domingo,22:00:00,MG,50.0,36,ARAGUARI,Ingestão de álcool pelo condutor,Saída de leito carroçável,Sem Vítimas,Plena Noite,Decrescente,Chuva,Dupla,Retorno Regulamentado,Sim,1,0,0,0,1,0,0,1,"-18,65453092","-48,14727203",SPRF-MG,DEL15-MG,UOP02-DEL15-MG
344996.0,2021-03-08,segunda-feira,07:45:00,MG,381.0,"877,8",ESTIVA,Ausência de reação do condutor,Tombamento,Com Vítimas Feridas,Pleno dia,Decrescente,Nublado,Simples,Reta,Não,1,0,0,1,0,0,1,1,"-22,48184","-46,010895",SPRF-MG,DEL16-MG,UOP01-DEL16-MG
345004.0,2021-03-08,segunda-feira,06:00:00,MG,262.0,547,LUZ,Reação tardia ou ineficiente do condutor,Saída de leito carroçável,Sem Vítimas,Amanhecer,Decrescente,Nublado,Simples,Curva,Não,1,0,0,0,1,0,0,1,"-19,74018668","-45,86034892",SPRF-MG,DEL08-MG,UOP02-DEL08-MG
345012.0,2021-01-28,quinta-feira,06:40:00,MG,354.0,"705,3",CAXAMBU,Desrespeitar a preferência no cruzamento,Colisão transversal,Com Vítimas Feridas,Pleno dia,Crescente,Céu Claro,Simples,Rotatória,Não,2,0,0,1,1,0,1,2,"-21,99205276","-44,9251702",SPRF-MG,DEL17-MG,UOP01-DEL17-MG
345022.0,2021-02-28,domingo,14:30:00,MG,381.0,332,NOVA ERA,Reação tardia ou ineficiente do condutor,Colisão lateral mesmo sentido,Com Vítimas Feridas,Pleno dia,Crescente,Céu Claro,Simples,Curva,Sim,3,0,3,0,0,0,3,2,"-19,79994695","-43,05451587",SPRF-MG,DEL03-MG,UOP01-DEL03-MG
345035.0,2021-01-03,domingo,05:00:00,MG,267.0,"50,8",MARIPA DE MINAS,Velocidade Incompatível,Saída de leito carroçável,Com Vítimas Fatais,Amanhecer,Crescente,Garoa/Chuvisco,Simples,Curva,Não,5,1,4,0,0,0,4,1,"-21,69577022","-42,98279189",SPRF-MG,DEL07-MG,UOP01-DEL07-MG
345044.0,2021-03-08,segunda-feira,12:05:00,MG,381.0,"937,7",EXTREMA,Velocidade Incompatível,Saída de leito carroçável,Com Vítimas Feridas,Pleno dia,Crescente,Nublado,Dupla,Curva,Sim,1,0,1,0,0,0,1,1,"-22,83554657","-46,32086698",SPRF-MG,DEL16-MG,UOP03-DEL16-MG
345062.0,2021-03-08,segunda-feira,13:20:00,MG,116.0,"716,8",MURIAE,Demais falhas mecânicas ou elétricas,Tombamento,Com Vítimas Feridas,Pleno dia,Decrescente,Garoa/Chuvisco,Simples,Não Informado,Não,2,0,2,0,0,0,2,1,"-21,18890887","-42,36752098",SPRF-MG,DEL07-MG,UOP02-DEL07-MG
345081.0,2021-03-08,segunda-feira,16:50:00,MG,40.0,"743,2",SANTOS DUMONT,Pista Escorregadia,Saída de leito carroçável,Com Vítimas Feridas,Pleno dia,Decrescente,Chuva,Simples,Reta,Não,6,0,0,5,1,0,5,1,"-21,41562494","-43,56352376",SPRF-MG,DEL05-MG,UOP01-DEL05-MG
345091.0,2021-03-08,segunda-feira,17:15:00,MG,365.0,"408,7",PATOS DE MINAS,Chuva,Capotamento,Com Vítimas Feridas,Anoitecer,Crescente,Chuva,Simples,Reta,Não,3,0,3,0,0,0,3,1,"-18,64784618","-46,50720896",SPRF-MG,DEL10-MG,UOP01-DEL10-MG
345111.0,2021-03-08,segunda-feira,19:40:00,MG,354.0,747,POUSO ALTO,Curva acentuada,Saída de leito carroçável,Com Vítimas Feridas,Plena Noite,Crescente,Céu Claro,Simples,Curva,Não,1,0,1,0,0,0,1,1,"-22,26578926","-44,9042579",SPRF-MG,DEL17-MG,UOP01-DEL17-MG
345120.0,2021-03-08,segunda-feira,18:56:00,MG,40.0,"628,1",CONSELHEIRO LAFAIETE,Pedestre cruzava a pista fora da faixa,Atropelamento de Pedestre,Com Vítimas Feridas,Anoitecer,Decrescente,Garoa/Chuvisco,Dupla,Reta,Sim,2,0,1,0,1,0,1,1,"-20,64923671","-43,80942871",SPRF-MG,DEL05-MG,UOP02-DEL05-MG
345123.0,2021-03-08,segunda-feira,20:00:00,MG,40.0,577,ITABIRITO,Chuva,Saída de leito carroçável,Com Vítimas Feridas,Plena Noite,Decrescente,Chuva,Simples,Não Informado,Não,2,0,1,1,0,0,2,1,"-20,27233504","-43,95198504",SPRF-MG,DEL01-MG,UOP02-DEL01-MG
345198.0,2021-03-09,terça-feira,08:50:00,MG,365.0,"703,6",MONTE ALEGRE DE MINAS,Condutor Dormindo,Colisão com objeto,Com Vítimas Feridas,Pleno dia,Crescente,Céu Claro,Dupla,Curva,Não,1,0,1,0,0,0,1,1,"-18,88248302","-49,02947187",SPRF-MG,DEL15-MG,UOP03-DEL15-MG
345221.0,2021-03-09,terça-feira,08:38:00,MG,40.0,278,TRES MARIAS,Ausência de reação do condutor,Tombamento,Com Vítimas Feridas,Pleno dia,Decrescente,Nublado,Simples,Não Informado,Sim,1,0,1,0,0,0,1,1,"-18,220313","-45,220762",SPRF-MG,DEL14-MG,UOP02-DEL14-MG
345296.0,2021-03-09,terça-feira,17:50:00,MG,40.0,"737,8",SANTOS DUMONT,Chuva,Colisão com objeto,Com Vítimas Feridas,Anoitecer,Crescente,Chuva,Simples,Curva,Não,1,0,1,0,0,0,1,1,"-21,38296999","-43,57033542",SPRF-MG,DEL05-MG,UOP01-DEL05-MG
345357.0,2021-03-10,quarta-feira,03:15:00,MG,40.0,521,CONTAGEM,Animais na Pista,Atropelamento de Animal,Com Vítimas Feridas,Plena Noite,Crescente,Céu Claro,Dupla,Reta,Não,2,0,2,0,0,0,2,1,"-19,85651501","-44,07213222",SPRF-MG,DEL01-MG,UOP02-DEL01-MG
345367.0,2021-03-10,quarta-feira,06:20:00,MG,40.0,468,SETE LAGOAS,Demais falhas mecânicas ou elétricas,Tombamento,Com Vítimas Feridas,Pleno dia,Decrescente,Céu Claro,Dupla,Reta,Sim,2,0,2,0,0,0,2,1,"-19,45630182","-44,30941888",SPRF-MG,DEL02-MG,UOP01-DEL02-MG
345401.0,2021-01-25,segunda-feira,19:40:00,MG,381.0,752,TRES CORACOES,Transitar na contramão,Colisão frontal,Com Vítimas Feridas,Plena Noite,Crescente,Céu Claro,Dupla,Retorno Regulamentado,Sim,2,0,1,0,1,0,1,2,"-21,67246754","-45,33430028",SPRF-MG,DEL16-MG,UOP02-DEL16-MG
345430.0,2021-03-10,quarta-feira,10:00:00,MG,381.0,"848,2",POUSO ALEGRE,Reação tardia ou ineficiente do condutor,Saída de leito carroçável,Com Vítimas Feridas,Pleno dia,Crescente,Sol,Dupla,Reta,Não,1,0,1,0,0,0,1,1,"-22,26114406","-45,89010176",SPRF-MG,DEL16-MG,UOP01-DEL16-MG
345439.0,2021-03-10,quarta-feira,12:00:00,MG,116.0,413,GOVERNADOR VALADARES,Transitar na contramão,Colisão transversal,Com Vítimas Feridas,Pleno dia,Crescente,Céu Claro,Dupla,Interseção de vias,Sim,2,0,2,0,0,0,2,2,"-18,873907","-41,966366",SPRF-MG,DEL06-MG,UOP01-DEL06-MG
345466.0,2021-03-10,quarta-feira,06:50:00,MG,116.0,416,GOVERNADOR VALADARES,Frear bruscamente,Colisão lateral mesmo sentido,Com Vítimas Feridas,Amanhecer,Decrescente,Nublado,Simples,Reta,Sim,2,0,1,1,0,0,2,2,"-18,89215187","-41,94699543",SPRF-MG,DEL06-MG,UOP01-DEL06-MG
345486.0,2021-03-10,quarta-feira,15:30:00,MG,381.0,172,GOVERNADOR VALADARES,Acessar a via sem observar a presença dos outros veículos,Colisão frontal,Com Vítimas Feridas,Pleno dia,Crescente,Céu Claro,Simples,Reta,Não,3,0,1,0,2,0,1,2,"-18,98622096","-42,10906603",SPRF-MG,DEL06-MG,UOP01-DEL06-MG
345492.0,2021-01-22,sexta-feira,07:30:00,MG,40.0,531,BELO HORIZONTE,Transitar no acostamento,Atropelamento de Pedestre,Com Vítimas Feridas,Pleno dia,Crescente,Ignorado,Dupla,Reta,Sim,2,0,1,0,1,0,1,1,"-19,9210984","-44,02377248",SPRF-MG,DEL01-MG,UOP02-DEL01-MG
345519.0,2021-03-10,quarta-feira,19:45:00,MG,262.0,"423,9",IGARATINGA,Velocidade Incompatível,Queda de ocupante de veículo,Com Vítimas Feridas,Pleno dia,Crescente,Céu Claro,Dupla,Reta,Não,1,0,1,0,0,0,1,1,"-19,88411644","-44,73943306",SPRF-MG,DEL08-MG,UOP03-DEL08-MG
345549.0,2021-03-11,quinta-feira,01:00:00,MG,365.0,"632,8",UBERLANDIA,Condutor Dormindo,Colisão com objeto,Com Vítimas Feridas,Pleno dia,Crescente,Céu Claro,Dupla,Reta,Não,2,0,1,0,1,0,1,1,"-18,895773","-48,395867",SPRF-MG,DEL15-MG,UOP01-DEL15-MG
345568.0,2021-03-11,quinta-feira,07:20:00,MG,40.0,524,CONTAGEM,Trafegar com motocicleta (ou similar) entre as faixas,Colisão lateral mesmo sentido,Sem Vítimas,Pleno dia,Crescente,Céu Claro,Dupla,Não Informado,Sim,2,0,0,0,1,1,0,2,"-19,8754469","-44,05345586",SPRF-MG,DEL01-MG,UOP02-DEL01-MG
345571.0,2021-03-11,quinta-feira,07:40:00,MG,40.0,531,BELO HORIZONTE,Manobra de mudança de faixa,Colisão lateral mesmo sentido,Com Vítimas Feridas,Pleno dia,Crescente,Nublado,Dupla,Reta,Sim,2,0,1,0,1,0,1,2,"-19,91962483","-44,02522683",SPRF-MG,DEL01-MG,UOP02-DEL01-MG
345579.0,2021-03-11,quinta-feira,07:30:00,MG,50.0,"15,3",UBERLANDIA,Reação tardia ou ineficiente do condutor,Tombamento,Com Vítimas Feridas,Pleno dia,Decrescente,Céu Claro,Dupla,Viaduto,Sim,1,0,0,1,0,0,1,1,"-18,91251849","-48,17227006",SPRF-MG,DEL15-MG,UOP02-DEL15-MG
345596.0,2021-03-11,quinta-feira,08:25:00,MG,50.0,70,UBERLANDIA,Pista esburacada,Tombamento,Com Vítimas Feridas,Pleno dia,Decrescente,Céu Claro,Dupla,Reta,Não,1,0,1,0,0,0,1,1,"-18,85140204","-48,25345932",SPRF-MG,DEL15-MG,UOP01-DEL15-MG
345620.0,2021-03-11,quinta-feira,14:02:00,MG,40.0,"562,2",NOVA LIMA,Ausência de reação do condutor,Colisão traseira,Com Vítimas Fatais,Pleno dia,Decrescente,Sol,Dupla,Curva,Sim,3,1,0,1,1,0,1,2,"-20,14451602","-43,95966007",SPRF-MG,DEL01-MG,UOP02-DEL01-MG
345639.0,2021-03-11,quinta-feira,15:10:00,MG,40.0,"633,9",CONSELHEIRO LAFAIETE,Demais falhas mecânicas ou elétricas,Tombamento,Com Vítimas Feridas,Pleno dia,Decrescente,Céu Claro,Simples,Reta,Não,2,0,0,1,1,0,1,1,"-20,68168197","-43,79419779",SPRF-MG,DEL05-MG,UOP02-DEL05-MG
345643.0,2021-03-11,quinta-feira,13:30:00,MG,50.0,81,UBERLANDIA,Acumulo de óleo sobre o pavimento,Tombamento,Com Vítimas Feridas,Pleno dia,Decrescente,Céu Claro,Dupla,Retorno Regulamentado,Não,1,0,1,0,0,0,1,1,"-18,986906","-48,211853",SPRF-MG,DEL15-MG,UOP01-DEL15-MG
345674.0,2021-03-11,quinta-feira,19:10:00,MG,40.0,469,SETE LAGOAS,Transitar na contramão,Colisão frontal,Com Vítimas Feridas,Plena Noite,Crescente,Céu Claro,Dupla,Reta,Não,3,0,1,2,0,0,3,2,"-19,46099279","-44,30121988",SPRF-MG,DEL02-MG,UOP01-DEL02-MG
345677.0,2021-03-07,domingo,14:50:00,MG,262.0,400,PARA DE MINAS,Transitar na contramão,Colisão frontal,Com Vítimas Feridas,Pleno dia,Decrescente,Nublado,Simples,Viaduto,Sim,2,0,1,1,0,0,2,2,"-19,90293517","-44,54364505",SPRF-MG,DEL01-MG,UOP03-DEL01-MG
345695.0,2021-03-11,quinta-feira,18:50:00,MG,381.0,333,NOVA ERA,Pedestre andava na pista,Atropelamento de Pedestre,Com Vítimas Feridas,Plena Noite,Decrescente,Nublado,Simples,Reta,Não,2,0,0,1,0,1,1,1,"-19,80306599","-43,06083702",SPRF-MG,DEL03-MG,UOP01-DEL03-MG
345719.0,2021-03-11,quinta-feira,21:15:00,MG,40.0,"681,8",RESSAQUINHA,Acessar a via sem observar a presença dos outros veículos,Colisão transversal,Com Vítimas Feridas,Plena Noite,Crescente,Céu Claro,Simples,Reta,Sim,2,0,1,0,1,0,1,2,"-21,06220038","-43,76224821",SPRF-MG,DEL05-MG,UOP02-DEL05-MG
345745.0,2021-03-12,sexta-feira,06:20:00,MG,50.0,"110,9",UBERABA,Demais falhas mecânicas ou elétricas,Saída de leito carroçável,Com Vítimas Feridas,Pleno dia,Crescente,Sol,Dupla,Não Informado,Não,3,0,2,0,1,0,2,1,"-19,22352202","-48,14475808",SPRF-MG,DEL13-MG,UOP01-DEL13-MG
345788.0,2021-03-12,sexta-feira,08:00:00,MG,116.0,"352,1",JAMPRUCA,Manobra de mudança de faixa,Saída de leito carroçável,Com Vítimas Feridas,Pleno dia,Crescente,Céu Claro,Simples,Desvio Temporário,Não,2,0,1,0,1,0,1,2,"-18,40172396","-41,81890321",SPRF-MG,DEL11-MG,UOP01-DEL11-MG
345804.0,2021-03-12,sexta-feira,09:50:00,MG,153.0,226,FRONTEIRA,Velocidade Incompatível,Colisão frontal,Com Vítimas Feridas,Pleno dia,Decrescente,Sol,Simples,Reta,Não,2,0,1,0,1,0,1,2,"-20,2035647","-49,13188037",SPRF-MG,DEL13-MG,UOP02-DEL13-MG
345814.0,2021-03-12,sexta-feira,12:40:00,MG,40.0,"145,5",JOAO PINHEIRO,Acessar a via sem observar a presença dos outros veículos,Colisão transversal,Sem Vítimas,Pleno dia,Decrescente,Céu Claro,Simples,Interseção de vias,Não,3,0,0,0,3,0,0,2,"-17,75566262","-46,16329585",SPRF-MG,DEL14-MG,UOP02-DEL14-MG
345833.0,2021-03-12,sexta-feira,14:48:00,MG,40.0,"544,9",NOVA LIMA,Pedestre andava na pista,Atropelamento de Pedestre,Com Vítimas Fatais,Pleno dia,Crescente,Nublado,Dupla,Curva,Sim,2,1,0,0,1,0,0,1,"-19,99848032","-43,96256558",SPRF-MG,DEL01-MG,UOP02-DEL01-MG
345861.0,2021-03-12,sexta-feira,16:06:00,MG,365.0,"625,7",UBERLANDIA,Condutor deixou de manter distância do veículo da frente,Colisão traseira,Com Vítimas Feridas,Pleno dia,Crescente,Nublado,Dupla,Não Informado,Sim,4,0,1,0,2,1,1,2,"-18,90585472","-48,32526001",SPRF-MG,DEL15-MG,UOP01-DEL15-MG
345868.0,2021-03-12,sexta-feira,16:15:00,MG,40.0,"544,3",NOVA LIMA,Trafegar com motocicleta (ou similar) entre as faixas,Queda de ocupante de veículo,Com Vítimas Feridas,Pleno dia,Decrescente,Chuva,Dupla,Reta,Sim,1,0,1,0,0,0,1,1,"-19,99848032","-43,96256558",SPRF-MG,DEL01-MG,UOP02-DEL01-MG
345902.0,2021-03-12,sexta-feira,19:00:00,MG,116.0,"418,3",GOVERNADOR VALADARES,Transitar no acostamento,Colisão lateral mesmo sentido,Com Vítimas Feridas,Plena Noite,Crescente,Céu Claro,Simples,Reta,Sim,2,0,1,0,1,0,1,2,"-18,91059296","-41,94156567",SPRF-MG,DEL06-MG,UOP01-DEL06-MG
345903.0,2021-01-26,terça-feira,18:30:00,MG,381.0,191,PERIQUITO,Demais falhas mecânicas ou elétricas,Tombamento,Com Vítimas Feridas,Anoitecer,Crescente,Céu Claro,Simples,Reta,Não,2,0,2,0,0,0,2,1,"-19,11040001","-42,20303535",SPRF-MG,DEL06-MG,UOP01-DEL06-MG
345905.0,2021-03-12,sexta-feira,13:15:00,MG,50.0,49,ARAGUARI,Acumulo de areia ou detritos sobre o pavimento,Saída de leito carroçável,Com Vítimas Feridas,Pleno dia,Crescente,Sol,Dupla,Curva,Não,3,0,2,0,1,0,2,1,"-18,73001552","-48,22061517",SPRF-MG,DEL15-MG,UOP02-DEL15-MG
345914.0,2021-03-12,sexta-feira,18:00:00,MG,40.0,"729,7",OLIVEIRA FORTES,Velocidade Incompatível,Saída de leito carroçável,Sem Vítimas,Plena Noite,Decrescente,Garoa/Chuvisco,Dupla,Não Informado,Não,3,0,0,0,3,0,0,1,"-21,32603098","-43,58445806",SPRF-MG,DEL05-MG,UOP01-DEL05-MG
345929.0,2021-01-04,segunda-feira,09:10:00,MG,381.0,433,SABARA,Transitar na contramão,Colisão frontal,Com Vítimas Feridas,Pleno dia,Decrescente,Nublado,Simples,Curva,Não,7,0,1,0,6,0,1,3,"-19,79269213","-43,74585386",SPRF-MG,DEL01-MG,UOP01-DEL01-MG
345932.0,2021-03-12,sexta-feira,22:00:00,MG,262.0,"531,8",LUZ,Ingestão de álcool pelo condutor,Capotamento,Com Vítimas Feridas,Plena Noite,Crescente,Chuva,Simples,Não Informado,Não,1,0,0,1,0,0,1,1,"-19,78291077","-45,72383994",SPRF-MG,DEL08-MG,UOP02-DEL08-MG
345947.0,2021-03-12,sexta-feira,22:30:00,MG,40.0,527,CONTAGEM,Ingestão de álcool pelo condutor,Colisão traseira,Com Vítimas Feridas,Plena Noite,Crescente,Céu Claro,Dupla,Não Informado,Não,4,0,1,0,3,0,1,4,"-19,90149502","-44,04938939",SPRF-MG,DEL01-MG,UOP02-DEL01-MG
345954.0,2021-03-12,sexta-feira,23:20:00,MG,116.0,532,CARATINGA,Conversão proibida,Colisão frontal,Com Vítimas Feridas,Plena Noite,Crescente,Céu Claro,Simples,Reta,Não,2,0,0,2,0,0,2,2,"-19,82505159","-42,13866234",SPRF-MG,DEL06-MG,UOP02-DEL06-MG
345961.0,2021-03-13,sábado,03:30:00,MG,356.0,"282,1",EUGENOPOLIS,Ultrapassagem Indevida,Colisão lateral mesmo sentido,Com Vítimas Feridas,Plena Noite,Crescente,Céu Claro,Simples,Não Informado,Não,2,0,1,0,1,0,1,2,"-21,12316354","-42,22728881",SPRF-MG,DEL07-MG,UOP02-DEL07-MG
346005.0,2021-03-13,sábado,09:00:00,MG,381.0,"654,7",SANTO ANTONIO DO AMPARO,Condutor Dormindo,Saída de leito carroçável,Com Vítimas Feridas,Pleno dia,Decrescente,Céu Claro,Dupla,Não Informado,Não,2,0,1,0,0,1,1,1,"-20,97925201","-44,94220376",SPRF-MG,DEL04-MG,UOP02-DEL04-MG
346017.0,2021-03-13,sábado,11:02:00,MG,40.0,564,NOVA LIMA,Retorno proibido,Colisão lateral mesmo sentido,Com Vítimas Feridas,Pleno dia,Crescente,Céu Claro,Dupla,Reta,Não,4,0,4,0,0,0,4,2,"-20,16086012","-43,96464349",SPRF-MG,DEL01-MG,UOP02-DEL01-MG
346019.0,2021-01-21,quinta-feira,18:30:00,MG,381.0,"445,6",SANTA LUZIA,Transitar no acostamento,Colisão transversal,Com Vítimas Feridas,Anoitecer,Crescente,Céu Claro,Simples,Reta,Não,2,0,1,0,1,0,1,2,"-19,82543027","-43,83409786",SPRF-MG,DEL01-MG,UOP01-DEL01-MG
346027.0,2021-03-13,sábado,13:00:00,MG,40.0,512,RIBEIRAO DAS NEVES,Condutor deixou de manter distância do veículo da frente,Colisão traseira,Com Vítimas Feridas,Pleno dia,Decrescente,Sol,Dupla,Reta,Sim,2,0,0,1,1,0,1,2,"-19,78946999","-44,11290699",SPRF-MG,DEL01-MG,UOP02-DEL01-MG
346043.0,2021-03-13,sábado,16:09:00,MG,381.0,442,SABARA,Transitar no acostamento,Colisão frontal,Com Vítimas Fatais,Pleno dia,Decrescente,Nublado,Simples,Curva,Não,5,2,0,1,0,2,1,2,"-19,809561","-43,772619",SPRF-MG,DEL01-MG,UOP01-DEL01-MG
346067.0,2021-03-13,sábado,14:15:00,MG,262.0,420,IGARATINGA,Avarias e/ou desgaste excessivo no pneu,Capotamento,Com Vítimas Feridas,Pleno dia,Crescente,Chuva,Dupla,Reta,Não,2,0,2,0,0,0,2,1,"-19,88426607","-44,77375031",SPRF-MG,DEL08-MG,UOP03-DEL08-MG
346079.0,2021-03-13,sábado,18:35:00,MG,381.0,"673,4",PERDOES,Ultrapassagem Indevida,Saída de leito carroçável,Com Vítimas Feridas,Plena Noite,Crescente,Nublado,Dupla,Não Informado,Não,1,0,1,0,0,0,1,1,"-21,0808926","-45,06146575",SPRF-MG,DEL04-MG,UOP02-DEL04-MG
346080.0,2021-02-02,terça-feira,13:30:00,MG,365.0,654,UBERLANDIA,Reação tardia ou ineficiente do condutor,Colisão traseira,Com Vítimas Feridas,Pleno dia,Decrescente,Céu Claro,Dupla,Curva,Não,3,0,1,1,1,0,2,2,"-18,86451398","-48,58720779",SPRF-MG,DEL15-MG,UOP01-DEL15-MG
346114.0,2021-03-13,sábado,18:15:00,MG,116.0,"662,6",SAO FRANCISCO DO GLORIA,Manobra de mudança de faixa,Colisão lateral sentido oposto,Com Vítimas Feridas,Anoitecer,Decrescente,Céu Claro,Simples,Curva,Não,5,0,0,2,3,0,2,2,"-20,7971914","-42,30709434",SPRF-MG,DEL07-MG,UOP03-DEL07-MG
346116.0,2021-03-13,sábado,21:00:00,MG,40.0,"511,2",RIBEIRAO DAS NEVES,Acessar a via sem observar a presença dos outros veículos,Colisão transversal,Com Vítimas Feridas,Plena Noite,Decrescente,Céu Claro,Dupla,Interseção de vias,Sim,3,0,1,0,2,0,1,2,"-19,78164295","-44,11733194",SPRF-MG,DEL01-MG,UOP02-DEL01-MG
346117.0,2021-03-13,sábado,21:05:00,MG,116.0,"408,7",GOVERNADOR VALADARES,Velocidade Incompatível,Colisão lateral mesmo sentido,Com Vítimas Feridas,Plena Noite,Decrescente,Céu Claro,Dupla,Não Informado,Sim,4,0,1,3,0,0,4,2,"-18,84221919","-41,98289416",SPRF-MG,DEL06-MG,UOP01-DEL06-MG
346149.0,2021-03-14,domingo,03:10:00,MG,116.0,"106,7",ITAOBIM,Ingestão de álcool pelo condutor,Saída de leito carroçável,Com Vítimas Feridas,Plena Noite,Decrescente,Nublado,Simples,Reta,Não,1,0,0,1,0,0,1,1,"-16,479493","-41,507347",SPRF-MG,DEL11-MG,UOP02-DEL11-MG
346168.0,2021-03-14,domingo,07:40:00,MG,40.0,513,RIBEIRAO DAS NEVES,Reação tardia ou ineficiente do condutor,Colisão lateral mesmo sentido,Com Vítimas Feridas,Pleno dia,Decrescente,Céu Claro,Dupla,Curva,Não,3,0,2,0,1,0,2,2,"-19,7970544","-44,1080512",SPRF-MG,DEL01-MG,UOP02-DEL01-MG
346183.0,2021-03-14,domingo,11:50:00,MG,40.0,"455,4",CAETANOPOLIS,Condutor deixou de manter distância do veículo da frente,Tombamento,Com Vítimas Feridas,Pleno dia,Crescente,Céu Claro,Dupla,Não Informado,Não,2,0,1,0,0,1,1,1,"-19,35767518","-44,34735515",SPRF-MG,DEL02-MG,UOP01-DEL02-MG
346195.0,2021-03-14,domingo,09:20:00,MG,116.0,222,CATUJI,Reação tardia ou ineficiente do condutor,Colisão traseira,Com Vítimas Feridas,Pleno dia,Decrescente,Céu Claro,Simples,Curva,Não,2,0,1,0,1,0,1,2,"-17,42343294","-41,51418802",SPRF-MG,DEL11-MG,UOP01-DEL11-MG