id,data_inversa,dia_semana,horario,uf,br,km,municipio,causa_acidente,tipo_acidente,classificacao_acidente,fase_dia,sentido_via,condicao_metereologica,tipo_pista,tracado_via,uso_solo,pessoas,mortos,feridos_leves,feridos_graves,ilesos,ignorados,feridos,veiculos,latitude,longitude,regional,delegacia,uop
348851.0,2021-03-29,segunda-feira,17:40:00,MG,40.0,473,SETE LAGOAS,Demais falhas mecânicas ou elétricas,Colisão com objeto,Com Vítimas Feridas,Pleno dia,Crescente,Céu Claro,Dupla,Curva,Sim,4,0,3,0,1,0,3,1,"-19,496351","-44,27992",SPRF-MG,DEL02-MG,UOP01-DEL02-MG
348868.0,2021-03-29,segunda-feira,18:15:00,MG,40.0,511,RIBEIRAO DAS NEVES,Reação tardia ou ineficiente do condutor,Colisão traseira,Com Vítimas Feridas,Plena Noite,Decrescente,Nublado,Dupla,Reta,Sim,2,0,1,0,1,0,1,2,"-19,78164295","-44,11733194",SPRF-MG,DEL01-MG,UOP02-DEL01-MG
348881.0,2021-03-29,segunda-feira,20:40:00,MG,40.0,"785,5",JUIZ DE FORA,Chuva,Saída de leito carroçável,Com Vítimas Feridas,Plena Noite,Decrescente,Chuva,Dupla,Curva,Não,2,0,1,0,1,0,1,1,"-21,71976086","-43,44303569",SPRF-MG,DEL05-MG,UOP01-DEL05-MG
348890.0,2021-03-29,segunda-feira,20:30:00,MG,40.0,448,CAETANOPOLIS,Reação tardia ou ineficiente do condutor,Saída de leito carroçável,Com Vítimas Feridas,Plena Noite,Decrescente,Céu Claro,Simples,Rotatória,Não,1,0,1,0,0,0,1,1,"-19,301","-44,37697",SPRF-MG,DEL02-MG,UOP01-DEL02-MG
348932.0,2021-03-30,terça-feira,07:00:00,MG,356.0,"264,6",MURIAE,Transitar na contramão,Colisão frontal,Com Vítimas Feridas,Pleno dia,Crescente,Céu Claro,Simples,Reta,Não,2,0,2,0,0,0,2,2,"-21,12552649","-42,37547729",SPRF-MG,DEL07-MG,UOP02-DEL07-MG
348952.0,2021-03-19,sexta-feira,05:20:00,MG,365.0,824,SANTA VITORIA,Ausência de reação do condutor,Saída de leito carroçável,Com Vítimas Feridas,Amanhecer,Decrescente,Céu Claro,Simples,Reta,Não,1,0,1,0,0,0,1,1,"-18,879095","-50,130741",SPRF-MG,DEL15-MG,UOP03-DEL15-MG
348984.0,2021-03-30,terça-feira,11:35:00,MG,116.0,"414,5",GOVERNADOR VALADARES,Acesso irregular,Colisão transversal,Com Vítimas Feridas,Pleno dia,Crescente,Céu Claro,Simples,Reta,Sim,2,0,2,0,0,0,2,2,"-18,88102703","-41,95910802",SPRF-MG,DEL06-MG,UOP01-DEL06-MG
349006.0,2021-01-28,quinta-feira,17:50:00,MG,50.0,69,UBERLANDIA,Pedestre cruzava a pista fora da faixa,Atropelamento de Pedestre,Com Vítimas Feridas,Pleno dia,Decrescente,Céu Claro,Dupla,Viaduto,Sim,2,0,0,2,0,0,2,1,"-18,88512238","-48,26548219",SPRF-MG,DEL15-MG,UOP01-DEL15-MG
349009.0,2021-03-30,terça-feira,14:31:00,MG,381.0,"778,5",CAMPANHA,Velocidade Incompatível,Saída de leito carroçável,Com Vítimas Feridas,Pleno dia,Decrescente,Chuva,Dupla,Curva,Não,1,0,1,0,0,0,1,1,"-21,83280868","-45,50064606",SPRF-MG,DEL16-MG,UOP02-DEL16-MG
349030.0,2021-03-30,terça-feira,16:12:00,MG,381.0,"665,8",PERDOES,Velocidade Incompatível,Saída de leito carroçável,Com Vítimas Feridas,Pleno dia,Crescente,Chuva,Dupla,Curva,Não,1,0,1,0,0,0,1,1,"-21,05493912","-45,03103599",SPRF-MG,DEL04-MG,UOP02-DEL04-MG
349063.0,2021-03-30,terça-feira,18:20:00,MG,50.0,"178,2",UBERABA,Reação tardia ou ineficiente do condutor,Colisão lateral mesmo sentido,Com Vítimas Feridas,Anoitecer,Crescente,Céu Claro,Dupla,Reta,Sim,2,0,1,0,1,0,1,2,"-19,77896821","-47,94093599",SPRF-MG,DEL13-MG,UOP01-DEL13-MG
349067.0,2021-03-30,terça-feira,19:00:00,MG,381.0,488,BETIM,Demais falhas mecânicas ou elétricas,Tombamento,Com Vítimas Feridas,Plena Noite,Crescente,Chuva,Dupla,Reta,Sim,1,0,1,0,0,0,1,1,"-19,9598656","-44,15489715",SPRF-MG,DEL01-MG,UOP03-DEL01-MG
349100.0,2021-03-30,terça-feira,23:15:00,MG,262.0,371,JUATUBA,Velocidade Incompatível,Colisão com objeto,Com Vítimas Feridas,Plena Noite,Crescente,Céu Claro,Dupla,Reta,Não,1,0,1,0,0,0,1,1,"-19,97212126","-44,30817896",SPRF-MG,DEL01-MG,UOP03-DEL01-MG
349111.0,2021-03-31,quarta-feira,05:30:00,MG,40.0,523,RIBEIRAO DAS NEVES,Acesso irregular,Atropelamento de Pedestre,Com Vítimas Feridas,Amanhecer,Crescente,Céu Claro,Dupla,Reta,Sim,2,0,1,0,0,1,1,1,"-19,86874894","-44,05962197",SPRF-MG,DEL01-MG,UOP02-DEL01-MG
349114.0,2021-03-31,quarta-feira,06:15:00,MG,50.0,"83,2",UBERLANDIA,Ausência de reação do condutor,Colisão traseira,Com Vítimas Feridas,Pleno dia,Crescente,Céu Claro,Dupla,Não Informado,Não,2,0,2,0,0,0,2,2,"-18,986906","-48,211853",SPRF-MG,DEL15-MG,UOP01-DEL15-MG
349126.0,2021-03-31,quarta-feira,07:25:00,MG,116.0,415,GOVERNADOR VALADARES,Acessar a via sem observar a presença dos outros veículos,Colisão transversal,Com Vítimas Feridas,Pleno dia,Decrescente,Céu Claro,Simples,Interseção de vias,Sim,3,0,1,0,2,0,1,2,"-18,88401297","-41,94924399",SPRF-MG,DEL06-MG,UOP01-DEL06-MG
349147.0,2021-03-31,quarta-feira,09:50:00,MG,40.0,"556,5",NOVA LIMA,Manobra de mudança de faixa,Colisão lateral mesmo sentido,Com Vítimas Feridas,Pleno dia,Crescente,Sol,Dupla,Reta,Sim,2,0,1,0,1,0,1,2,"-20,09356202","-43,97554136",SPRF-MG,DEL01-MG,UOP02-DEL01-MG
349150.0,2021-03-31,quarta-feira,07:15:00,MG,116.0,"277,1",TEOFILO OTONI,Mal súbito do condutor,Eventos atípicos,Com Vítimas Feridas,Pleno dia,Crescente,Céu Claro,Simples,Reta,Sim,2,0,1,0,1,0,1,1,"-17,859945","-41,515144",SPRF-MG,DEL11-MG,UOP01-DEL11-MG
349176.0,2021-03-31,quarta-feira,12:05:00,MG,50.0,158,UBERABA,Ausência de reação do condutor,Saída de leito carroçável,Com Vítimas Feridas,Pleno dia,Decrescente,Céu Claro,Dupla,Desvio Temporário,Não,1,0,0,1,0,0,1,1,"-19,63378122","-48,01229957",SPRF-MG,DEL13-MG,UOP01-DEL13-MG
349199.0,2021-03-31,quarta-feira,16:15:00,MG,40.0,"548,5",NOVA LIMA,Velocidade Incompatível,Tombamento,Com Vítimas Feridas,Pleno dia,Decrescente,Nublado,Dupla,Não Informado,Não,1,0,0,1,0,0,1,1,"-20,03136499","-43,96967792",SPRF-MG,DEL01-MG,UOP02-DEL01-MG
349204.0,2021-03-31,quarta-feira,17:00:00,MG,251.0,"431,6",GRAO MOGOL,Avarias e/ou desgaste excessivo no pneu,Tombamento,Com Vítimas Feridas,Pleno dia,Crescente,Sol,Simples,Reta,Não,2,0,2,0,0,0,2,1,"-16,3602658","-43,16619819",SPRF-MG,DEL12-MG,UOP01-DEL12-MG
349216.0,2021-03-31,quarta-feira,17:30:00,MG,381.0,"486,5",BETIM,Objeto estático sobre o leito carroçável,Queda de ocupante de veículo,Com Vítimas Feridas,Anoitecer,Crescente,Céu Claro,Dupla,Reta,Sim,1,0,0,1,0,0,1,1,"-19,95644414","-44,13611598",SPRF-MG,DEL01-MG,UOP03-DEL01-MG
349222.0,2021-03-31,quarta-feira,19:09:00,MG,381.0,482,BETIM,Entrada inopinada do pedestre,Atropelamento de Pedestre,Com Vítimas Feridas,Anoitecer,Decrescente,Céu Claro,Dupla,Reta,Não,2,0,0,1,1,0,1,1,"-19,955532","-44,097209",SPRF-MG,DEL01-MG,UOP03-DEL01-MG
349237.0,2021-03-31,quarta-feira,18:30:00,MG,40.0,"620,3",CONSELHEIRO LAFAIETE,Demais falhas mecânicas ou elétricas,Incêndio,Sem Vítimas,Anoitecer,Crescente,Céu Claro,Simples,Reta,Não,2,0,0,0,1,1,0,1,"-20,59617346","-43,80468629",SPRF-MG,DEL05-MG,UOP02-DEL05-MG
349239.0,2021-03-31,quarta-feira,18:00:00,MG,116.0,"717,8",MURIAE,Velocidade Incompatível,Colisão frontal,Com Vítimas Feridas,Plena Noite,Decrescente,Chuva,Simples,Curva,Não,2,0,1,0,1,0,1,2,"-21,22052105","-42,39401174",SPRF-MG,DEL07-MG,UOP02-DEL07-MG
349244.0,2021-03-31,quarta-feira,20:40:00,MG,40.0,141,JOAO PINHEIRO,Acessar a via sem observar a presença dos outros veículos,Colisão transversal,Com Vítimas Feridas,Plena Noite,Crescente,Céu Claro,Simples,Reta,Sim,2,0,0,1,1,0,1,2,"-17,73618679","-46,19334804",SPRF-MG,DEL14-MG,UOP01-DEL14-MG
349274.0,2021-03-31,quarta-feira,23:30:00,MG,381.0,"484,5",BETIM,Condutor Dormindo,Capotamento,Com Vítimas Feridas,Plena Noite,Crescente,Céu Claro,Dupla,Reta,Sim,1,0,0,1,0,0,1,1,"-19,95531717","-44,11722196",SPRF-MG,DEL01-MG,UOP03-DEL01-MG
349276.0,2021-03-31,quarta-feira,17:40:00,MG,116.0,"115,9",ITAOBIM,Conversão proibida,Colisão transversal,Com Vítimas Feridas,Pleno dia,Crescente,Céu Claro,Múltipla,Não Informado,Sim,2,0,1,0,1,0,1,2,"-16,56732112","-41,50510496",SPRF-MG,DEL11-MG,UOP02-DEL11-MG
349286.0,2021-04-01,quinta-feira,04:00:00,MG,381.0,491,BETIM,Condutor Dormindo,Capotamento,Com Vítimas Feridas,Plena Noite,Crescente,Céu Claro,Dupla,Reta,Não,3,0,2,0,1,0,2,1,"-19,97018187","-44,18210416",SPRF-MG,DEL01-MG,UOP03-DEL01-MG
349312.0,2021-04-01,quinta-feira,08:45:00,MG,365.0,627,UBERLANDIA,Manobra de mudança de faixa,Tombamento,Com Vítimas Feridas,Pleno dia,Decrescente,Céu Claro,Múltipla,Desvio Temporário,Sim,1,0,1,0,0,0,1,1,"-18,90359335","-48,34361612",SPRF-MG,DEL15-MG,UOP01-DEL15-MG
349360.0,2021-04-01,quinta-feira,13:00:00,MG,40.0,"470,9",SETE LAGOAS,Transitar no acostamento,Colisão com objeto,Sem Vítimas,Pleno dia,Crescente,Céu Claro,Dupla,Reta,Sim,2,0,0,0,2,0,0,1,"-19,46787403","-44,29555707",SPRF-MG,DEL02-MG,UOP01-DEL02-MG
349363.0,2021-04-01,quinta-feira,13:55:00,MG,116.0,"277,4",TEOFILO OTONI,Ingestão de álcool e/ou substâncias psicoativas pelo pedestre,Atropelamento de Pedestre,Com Vítimas Feridas,Pleno dia,Decrescente,Sol,Simples,Reta,Sim,2,0,1,0,1,0,1,1,"-17,859945","-41,515144",SPRF-MG,DEL11-MG,UOP01-DEL11-MG
349368.0,2021-04-01,quinta-feira,10:40:00,MG,116.0,413,GOVERNADOR VALADARES,Acessar a via sem observar a presença dos outros veículos,Colisão transversal,Com Vítimas Feridas,Pleno dia,Crescente,Sol,Simples,Reta,Sim,2,0,1,1,0,0,2,2,"-18,87487941","-41,96555257",SPRF-MG,DEL06-MG,UOP01-DEL06-MG
349372.0,2021-04-01,quinta-feira,15:00:00,MG,40.0,"815,2",SIMAO PEREIRA,Velocidade Incompatível,Colisão com objeto,Com Vítimas Feridas,Pleno dia,Decrescente,Sol,Dupla,Curva,Não,1,0,1,0,0,0,1,1,"-21,899943","-43,31155704",SPRF-MG,DEL05-MG,UOP01-DEL05-MG
349373.0,2021-04-01,quinta-feira,15:25:00,MG,40.0,"632,6",CONSELHEIRO LAFAIETE,Conversão proibida,Colisão traseira,Com Vítimas Feridas,Pleno dia,Decrescente,Céu Claro,Simples,Curva,Sim,3,0,2,0,1,0,2,2,"-20,68146365","-43,79422513",SPRF-MG,DEL05-MG,UOP02-DEL05-MG
349379.0,2021-04-01,quinta-feira,15:30:00,MG,146.0,"517,9",POCOS DE CALDAS,Conversão proibida,Colisão lateral mesmo sentido,Com Vítimas Feridas,Pleno dia,Decrescente,Nublado,Simples,Reta,Não,3,0,1,0,2,0,1,2,"-21,807792","-46,474026",SPRF-MG,DEL09-MG,UOP01-DEL09-MG
349402.0,2021-04-01,quinta-feira,16:40:00,MG,40.0,"2,6",PARACATU,Mal súbito do condutor,Saída de leito carroçável,Com Vítimas Feridas,Pleno dia,Decrescente,Céu Claro,Simples,Reta,Não,2,0,2,0,0,0,2,1,"-17,04379505","-47,14265103",SPRF-MG,DEL14-MG,UOP01-DEL14-MG
349434.0,2021-04-01,quinta-feira,18:15:00,MG,365.0,163,PIRAPORA,Pedestre cruzava a pista fora da faixa,Atropelamento de Pedestre,Com Vítimas Feridas,Anoitecer,Crescente,Céu Claro,Simples,Reta,Sim,2,0,1,0,1,0,1,1,"-17,37115292","-44,94542206",SPRF-MG,DEL12-MG,UOP01-DEL12-MG
349453.0,2021-04-01,quinta-feira,18:30:00,MG,381.0,"675,7",PERDOES,Área urbana sem a presença de local apropriado para a travessia de pedestres,Atropelamento de Pedestre,Com Vítimas Feridas,Plena Noite,Crescente,Céu Claro,Simples,Reta,Sim,2,0,1,0,1,0,1,1,"-21,11551592","-45,09411331",SPRF-MG,DEL04-MG,UOP02-DEL04-MG
349466.0,2021-04-01,quinta-feira,15:45:00,MG,116.0,808,ALEM PARAIBA,Pedestre andava na pista,Atropelamento de Pedestre,Com Vítimas Feridas,Pleno dia,Decrescente,Céu Claro,Simples,Reta,Não,2,0,2,0,0,0,2,1,"-21,81917799","-42,68924498",SPRF-MG,DEL07-MG,UOP01-DEL07-MG
349481.0,2021-04-01,quinta-feira,21:00:00,MG,354.0,"752,3",ITAMONTE,Acessar a via sem observar a presença dos outros veículos,Colisão transversal,Com Vítimas Feridas,Plena Noite,Crescente,Céu Claro,Simples,Reta,Sim,3,0,1,0,2,0,1,2,"-22,29340799","-44,86366398",SPRF-MG,DEL17-MG,UOP01-DEL17-MG
349490.0,2021-04-01,quinta-feira,22:50:00,MG,40.0,"461,9",SETE LAGOAS,Reação tardia ou ineficiente do condutor,Saída de leito carroçável,Com Vítimas Feridas,Plena Noite,Decrescente,Céu Claro,Dupla,Curva,Não,1,0,1,0,0,0,1,1,"-19,4065509","-44,33367766",SPRF-MG,DEL02-MG,UOP01-DEL02-MG
349501.0,2021-04-01,quinta-feira,23:30:00,MG,40.0,299,TRES MARIAS,Avarias e/ou desgaste excessivo no pneu,Saída de leito carroçável,Com Vítimas Feridas,Plena Noite,Decrescente,Céu Claro,Simples,Curva,Não,1,0,1,0,0,0,1,1,"-18,3429839","-45,09908688",SPRF-MG,DEL14-MG,UOP02-DEL14-MG
349522.0,2021-04-02,sexta-feira,06:15:00,MG,262.0,"390,5",FLORESTAL,Velocidade Incompatível,Saída de leito carroçável,Com Vítimas Feridas,Pleno dia,Decrescente,Céu Claro,Dupla,Reta,Não,1,0,1,0,0,0,1,1,"-19,93170721","-44,45941636",SPRF-MG,DEL01-MG,UOP03-DEL01-MG
349524.0,2021-04-02,sexta-feira,07:00:00,MG,146.0,"511,1",POCOS DE CALDAS,Condutor usando celular,Saída de leito carroçável,Com Vítimas Feridas,Pleno dia,Decrescente,Céu Claro,Simples,Não Informado,Não,1,0,1,0,0,0,1,1,"-21,775339","-46,431882",SPRF-MG,DEL09-MG,UOP01-DEL09-MG
349527.0,2021-04-02,sexta-feira,04:30:00,MG,50.0,"125,7",UBERABA,Condutor Dormindo,Saída de leito carroçável,Com Vítimas Feridas,Amanhecer,Decrescente,Céu Claro,Dupla,Reta,Não,3,0,2,1,0,0,3,1,"-19,35661694","-48,08567397",SPRF-MG,DEL13-MG,UOP01-DEL13-MG
349541.0,2021-04-02,sexta-feira,09:45:00,MG,356.0,"268,6",MURIAE,Conversão proibida,Colisão transversal,Com Vítimas Feridas,Pleno dia,Crescente,Céu Claro,Simples,Curva,Não,2,0,0,1,1,0,1,2,"-21,12690881","-42,34244401",SPRF-MG,DEL07-MG,UOP02-DEL07-MG
349544.0,2021-04-02,sexta-feira,09:30:00,MG,40.0,"675,8",CARANDAI,Manobra de mudança de faixa,Colisão lateral mesmo sentido,Com Vítimas Feridas,Pleno dia,Decrescente,Céu Claro,Simples,Reta,Não,3,0,1,0,2,0,1,2,"-21,0206933","-43,7829811",SPRF-MG,DEL05-MG,UOP02-DEL05-MG
349546.0,2021-04-02,sexta-feira,00:00:00,MG,365.0,829,SANTA VITORIA,Condutor Dormindo,Saída de leito carroçável,Sem Vítimas,Plena Noite,Decrescente,Céu Claro,Simples,Reta,Não,1,0,0,0,1,0,0,1,"-18,89561374","-50,17694709",SPRF-MG,DEL15-MG,UOP03-DEL15-MG
349551.0,2021-04-02,sexta-feira,11:00:00,MG,40.0,478,SETE LAGOAS,Demais falhas mecânicas ou elétricas,Saída de leito carroçável,Com Vítimas Feridas,Pleno dia,Decrescente,Céu Claro,Múltipla,Reta,Sim,4,0,3,0,1,0,3,1,"-19,52848686","-44,25950083",SPRF-MG,DEL02-MG,UOP01-DEL02-MG
349552.0,2021-04-02,sexta-feira,11:05:00,MG,381.0,"480,3",CONTAGEM,Ausência de reação do condutor,Colisão traseira,Com Vítimas Feridas,Pleno dia,Decrescente,Céu Claro,Dupla,Reta,Sim,3,0,1,0,2,0,1,3,"-19,95749597","-44,07899901",SPRF-MG,DEL01-MG,UOP03-DEL01-MG
349554.0,2021-04-02,sexta-feira,09:00:00,MG,365.0,"795,8",GURINHATA,Demais falhas mecânicas ou elétricas,Incêndio,Sem Vítimas,Pleno dia,Crescente,Céu Claro,Simples,Não Informado,Não,1,0,0,0,1,0,0,1,"-18,9221326","-49,86351686",SPRF-MG,DEL15-MG,UOP03-DEL15-MG
349564.0,2021-04-02,sexta-feira,11:00:00,MG,459.0,96,POUSO ALEGRE,Acessar a via sem observar a presença dos outros veículos,Colisão transversal,Com Vítimas Feridas,Pleno dia,Crescente,Céu Claro,Simples,Reta,Não,6,0,5,0,1,0,5,2,"-22,196163","-45,978573",SPRF-MG,DEL09-MG,UOP01-DEL09-MG
349595.0,2021-04-02,sexta-feira,17:20:00,MG,40.0,"524,8",CONTAGEM,Pedestre andava na pista,Atropelamento de Pedestre,Com Vítimas Feridas,Pleno dia,Decrescente,Céu Claro,Dupla,Reta,Sim,2,0,0,1,0,1,1,1,"-19,88293429","-44,05039072",SPRF-MG,DEL01-MG,UOP02-DEL01-MG
349600.0,2021-04-02,sexta-feira,17:30:00,MG,262.0,"368,7",JUATUBA,Acumulo de areia ou detritos sobre o pavimento,Tombamento,Com Vítimas Feridas,Pleno dia,Crescente,Céu Claro,Múltipla,Interseção de vias,Sim,1,0,1,0,0,0,1,1,"-19,96011866","-44,3391037",SPRF-MG,DEL01-MG,UOP03-DEL01-MG
349605.0,2021-04-02,sexta-feira,18:30:00,MG,40.0,"524,6",CONTAGEM,Demais falhas mecânicas ou elétricas,Incêndio,Sem Vítimas,Plena Noite,Crescente,Céu Claro,Dupla,Curva,Sim,1,0,0,0,1,0,0,1,"-19,8754469","-44,05345586",SPRF-MG,DEL01-MG,UOP02-DEL01-MG
349610.0,2021-04-02,sexta-feira,17:40:00,MG,50.0,"175,7",UBERABA,Ingestão de álcool pelo condutor,Colisão lateral mesmo sentido,Com Vítimas Feridas,Pleno dia,Crescente,Céu Claro,Dupla,Reta,Sim,2,0,2,0,0,0,2,2,"-19,77880359","-47,9695118",SPRF-MG,DEL13-MG,UOP01-DEL13-MG
349638.0,2021-04-02,sexta-feira,18:40:00,MG,365.0,8,MONTES CLAROS,Ausência de reação do condutor,Colisão lateral mesmo sentido,Com Vítimas Fatais,Plena Noite,Crescente,Nublado,Simples,Não Informado,Não,2,1,0,0,1,0,0,2,"-16,78382","-43,890787",SPRF-MG,DEL12-MG,UOP01-DEL12-MG
349659.0,2021-04-03,sábado,01:00:00,MG,381.0,"560,6",ITAGUARA,Velocidade Incompatível,Saída de leito carroçável,Com Vítimas Feridas,Plena Noite,Crescente,Céu Claro,Dupla,Curva,Não,1,0,1,0,0,0,1,1,"-20,38551554","-44,48916608",SPRF-MG,DEL04-MG,UOP03-DEL04-MG
349662.0,2021-04-03,sábado,07:00:00,MG,40.0,470,SETE LAGOAS,Demais falhas mecânicas ou elétricas,Queda de ocupante de veículo,Com Vítimas Feridas,Pleno dia,Decrescente,Céu Claro,Dupla,Desvio Temporário,Não,1,0,1,0,0,0,1,1,"-19,46787403","-44,29555707",SPRF-MG,DEL02-MG,UOP01-DEL02-MG
349685.0,2021-04-03,sábado,10:15:00,MG,381.0,"163,9",GOVERNADOR VALADARES,Velocidade Incompatível,Saída de leito carroçável,Com Vítimas Feridas,Pleno dia,Decrescente,Céu Claro,Simples,Curva,Não,1,0,0,1,0,0,1,1,"-18,92425296","-42,018492",SPRF-MG,DEL06-MG,UOP01-DEL06-MG
349686.0,2021-04-03,sábado,12:00:00,MG,365.0,"667,8",MONTE ALEGRE DE MINAS,Ausência de reação do condutor,Saída de leito carroçável,Com Vítimas Feridas,Pleno dia,Crescente,Sol,Dupla,Reta,Não,1,0,1,0,0,0,1,1,"-18,888095","-48,711841",SPRF-MG,DEL15-MG,UOP01-DEL15-MG
349696.0,2021-04-03,sábado,12:50:00,MG,40.0,"615,9",CONGONHAS,Velocidade Incompatível,Colisão com objeto,Com Vítimas Feridas,Pleno dia,Decrescente,Sol,Simples,Não Informado,Não,1,0,1,0,0,0,1,1,"-20,54899742","-43,8162679",SPRF-MG,DEL05-MG,UOP02-DEL05-MG
349703.0,2021-04-03,sábado,14:00:00,MG,262.0,353,BETIM,Reação tardia ou ineficiente do condutor,Saída de leito carroçável,Com Vítimas Feridas,Pleno dia,Decrescente,Céu Claro,Dupla,Reta,Sim,4,0,3,0,1,0,3,1,"-19,95947688","-44,15416308",SPRF-MG,DEL01-MG,UOP03-DEL01-MG
349714.0,2021-04-03,sábado,12:00:00,MG,262.0,561,CORREGO DANTA,Velocidade Incompatível,Capotamento,Com Vítimas Feridas,Pleno dia,Crescente,Sol,Simples,Curva,Não,2,0,1,0,1,0,1,1,"-19,74235817","-45,94580685",SPRF-MG,DEL08-MG,UOP02-DEL08-MG
349718.0,2021-04-03,sábado,15:50:00,MG,381.0,"943,5",EXTREMA,Condutor Dormindo,Saída de leito carroçável,Com Vítimas Feridas,Pleno dia,Crescente,Céu Claro,Dupla,Reta,Não,1,0,1,0,0,0,1,1,"-22,87018424","-46,3581479",SPRF-MG,DEL16-MG,UOP03-DEL16-MG
349720.0,2021-04-03,sábado,14:20:00,MG,381.0,375,SAO GONCALO DO RIO ABAIXO,Velocidade Incompatível,Colisão com objeto,Com Vítimas Feridas,Pleno dia,Crescente,Céu Claro,Simples,Não Informado,Não,1,0,1,0,0,0,1,1,"-19,846803","-43,30673",SPRF-MG,DEL01-MG,UOP01-DEL01-MG
349737.0,2021-04-03,sábado,16:50:00,MG,381.0,481,CONTAGEM,Sinalização mal posicionada,Colisão traseira,Com Vítimas Feridas,Pleno dia,Decrescente,Céu Claro,Dupla,Reta,Sim,2,0,1,0,1,0,1,2,"-19,95931561","-44,08825597",SPRF-MG,DEL01-MG,UOP03-DEL01-MG
349774.0,2021-04-03,sábado,20:30:00,MG,116.0,"481,9",DOM CAVATI,Ausência de reação do condutor,Colisão traseira,Com Vítimas Feridas,Plena Noite,Crescente,Chuva,Simples,Reta,Sim,2,0,2,0,0,0,2,2,"-19,40270706","-42,11572072",SPRF-MG,DEL06-MG,UOP02-DEL06-MG
349777.0,2021-04-03,sábado,16:50:00,MG,381.0,231,BELO ORIENTE,Velocidade Incompatível,Colisão com objeto,Com Vítimas Feridas,Anoitecer,Crescente,Céu Claro,Simples,Curva,Não,3,0,0,3,0,0,3,1,"-19,36049304","-42,44673398",SPRF-MG,DEL06-MG,UOP01-DEL06-MG
349787.0,2021-04-03,sábado,21:40:00,MG,50.0,71,UBERLANDIA,Ausência de reação do condutor,Colisão com objeto,Sem Vítimas,Plena Noite,Crescente,Céu Claro,Dupla,Reta,Sim,2,0,0,0,0,2,0,2,"-18,85140204","-48,25345932",SPRF-MG,DEL15-MG,UOP01-DEL15-MG
349835.0,2021-04-04,domingo,09:00:00,MG,381.0,"514,5",IGARAPE,Manobra de mudança de faixa,Colisão traseira,Com Vítimas Feridas,Pleno dia,Crescente,Sol,Múltipla,Reta,Sim,2,0,1,1,0,0,2,2,"-20,08463141","-44,31026459",SPRF-MG,DEL01-MG,UOP03-DEL01-MG
349843.0,2021-04-04,domingo,08:00:00,MG,365.0,628,UBERLANDIA,Ingestão de álcool pelo condutor,Saída de leito carroçável,Com Vítimas Feridas,Pleno dia,Crescente,Céu Claro,Dupla,Reta,Sim,1,0,1,0,0,0,1,1,"-18,90175741","-48,35287106",SPRF-MG,DEL15-MG,UOP01-DEL15-MG
349867.0,2021-04-04,domingo,13:45:00,MG,116.0,"528,8",CARATINGA,Acessar a via sem observar a presença dos outros veículos,Colisão lateral mesmo sentido,Sem Vítimas,Pleno dia,Decrescente,Nublado,Simples,Não Informado,Sim,2,0,0,0,2,0,0,2,"-19,794033","-42,13731414",SPRF-MG,DEL06-MG,UOP02-DEL06-MG
349887.0,2021-04-04,domingo,14:00:00,MG,40.0,"509,9",RIBEIRAO DAS NEVES,Avarias e/ou desgaste excessivo no pneu,Colisão lateral mesmo sentido,Com Vítimas Feridas,Pleno dia,Crescente,Céu Claro,Dupla,Não Informado,Não,3,0,2,0,1,0,2,2,"-19,76728744","-44,12855905",SPRF-MG,DEL01-MG,UOP02-DEL01-MG
349895.0,2021-04-04,domingo,16:30:00,MG,40.0,"527,5",CONTAGEM,Acumulo de água sobre o pavimento,Colisão lateral mesmo sentido,Sem Vítimas,Pleno dia,Crescente,Nublado,Dupla,Não Informado,Sim,2,0,0,0,2,0,0,2,"-19,90149502","-44,04938939",SPRF-MG,DEL01-MG,UOP02-DEL01-MG
349899.0,2021-04-04,domingo,16:20:00,MG,116.0,"719,2",MURIAE,Pista Escorregadia,Tombamento,Com Vítimas Feridas,Pleno dia,Crescente,Céu Claro,Simples,Curva,Não,1,0,1,0,0,0,1,1,"-21,22205675","-42,39406412",SPRF-MG,DEL07-MG,UOP02-DEL07-MG
349928.0,2021-04-04,domingo,18:50:00,MG,50.0,"155,3",UBERABA,Demais falhas mecânicas ou elétricas,Saída de leito carroçável,Sem Vítimas,Plena Noite,Decrescente,Nublado,Dupla,Reta,Não,2,0,0,0,2,0,0,1,"-19,60825703","-48,02198508",SPRF-MG,DEL13-MG,UOP01-DEL13-MG
349929.0,2021-04-04,domingo,19:20:00,MG,262.0,"438,3",NOVA SERRANA,Ingestão de álcool pelo condutor,Saída de leito carroçável,Com Vítimas Feridas,Plena Noite,Crescente,Céu Claro,Dupla,Reta,Não,1,0,1,0,0,0,1,1,"-19,88004356","-44,93465991",SPRF-MG,DEL08-MG,UOP03-DEL08-MG
349951.0,2021-03-11,quinta-feira,12:20:00,MG,116.0,"407,5",GOVERNADOR VALADARES,Acessar a via sem observar a presença dos outros veículos,Colisão transversal,Com Vítimas Feridas,Pleno dia,Decrescente,Céu Claro,Múltipla,Interseção de vias,Sim,3,0,2,1,0,0,3,2,"-18,83245933","-41,98944569",SPRF-MG,DEL06-MG,UOP01-DEL06-MG