id,data_inversa,dia_semana,horario,uf,br,km,municipio,causa_acidente,tipo_acidente,classificacao_acidente,fase_dia,sentido_via,condicao_metereologica,tipo_pista,tracado_via,uso_solo,pessoas,mortos,feridos_leves,feridos_graves,ilesos,ignorados,feridos,veiculos,latitude,longitude,regional,delegacia,uop
349952.0,2021-04-04,domingo,20:10:00,MG,381.0,439,SABARA,Problema na suspensão,Saída de leito carroçável,Com Vítimas Feridas,Plena Noite,Decrescente,Céu Claro,Simples,Curva,Não,1,0,1,0,0,0,1,1,"-19,80927691","-43,78706001",SPRF-MG,DEL01-MG,UOP01-DEL01-MG
349975.0,2021-04-04,domingo,21:30:00,MG,40.0,508,RIBEIRAO DAS NEVES,Condutor deixou de manter distância do veículo da frente,Colisão traseira,Com Vítimas Feridas,Plena Noite,Crescente,Céu Claro,Dupla,Reta,Não,3,0,2,0,1,0,2,2,"-19,76061249","-44,1347544",SPRF-MG,DEL02-MG,UOP01-DEL02-MG
349995.0,2021-04-04,domingo,17:30:00,MG,116.0,"18,5",CACHOEIRA DE PAJEU,Acessar a via sem observar a presença dos outros veículos,Colisão transversal,Com Vítimas Feridas,Anoitecer,Crescente,Nublado,Simples,Curva,Não,2,0,0,1,1,0,1,2,"-15,830886","-41,391328",SPRF-BA,DEL08-BA,UOP03-DEL08-BA
350010.0,2021-04-05,segunda-feira,06:30:00,MG,116.0,269,TEOFILO OTONI,Pista esburacada,Tombamento,Com Vítimas Feridas,Pleno dia,Decrescente,Céu Claro,Simples,Curva,Não,2,0,1,0,0,1,1,1,"-17,79508603","-41,50201207",SPRF-MG,DEL11-MG,UOP01-DEL11-MG
350045.0,2021-04-05,segunda-feira,06:50:00,MG,40.0,529,CONTAGEM,Demais falhas mecânicas ou elétricas,Queda de ocupante de veículo,Com Vítimas Feridas,Pleno dia,Decrescente,Céu Claro,Dupla,Curva,Sim,2,0,1,1,0,0,2,1,"-19,91635592","-44,03966566",SPRF-MG,DEL01-MG,UOP02-DEL01-MG
350074.0,2021-04-05,segunda-feira,09:00:00,MG,365.0,254,JOAO PINHEIRO,Velocidade Incompatível,Colisão com objeto,Com Vítimas Feridas,Pleno dia,Crescente,Sol,Simples,Curva,Não,4,0,2,1,1,0,3,1,"-17,85528013","-45,47095902",SPRF-MG,DEL14-MG,UOP02-DEL14-MG
350105.0,2021-04-05,segunda-feira,16:00:00,MG,365.0,663,MONTE ALEGRE DE MINAS,Condutor Dormindo,Capotamento,Com Vítimas Feridas,Pleno dia,Crescente,Céu Claro,Múltipla,Reta,Não,1,0,1,0,0,0,1,1,"-18,89100473","-48,67040895",SPRF-MG,DEL15-MG,UOP01-DEL15-MG
350127.0,2021-04-05,segunda-feira,17:20:00,MG,146.0,"517,9",POCOS DE CALDAS,Acessar a via sem observar a presença dos outros veículos,Colisão lateral sentido oposto,Sem Vítimas,Pleno dia,Crescente,Céu Claro,Simples,Reta,Não,4,0,0,0,4,0,0,2,"-21,80763956","-46,47325158",SPRF-MG,DEL09-MG,UOP01-DEL09-MG
350138.0,2021-04-05,segunda-feira,19:30:00,MG,40.0,"604,4",CONGONHAS,Objeto estático sobre o leito carroçável,Colisão com objeto,Com Vítimas Feridas,Plena Noite,Crescente,Céu Claro,Simples,Não Informado,Não,1,0,1,0,0,0,1,1,"-20,45222799","-43,84086796",SPRF-MG,DEL05-MG,UOP02-DEL05-MG
350143.0,2021-04-05,segunda-feira,16:50:00,MG,116.0,"553,9",SANTA BARBARA DO LESTE,Ausência de reação do condutor,Saída de leito carroçável,Com Vítimas Feridas,Pleno dia,Decrescente,Céu Claro,Simples,Reta,Não,1,0,1,0,0,0,1,1,"-19,99361802","-42,14392077",SPRF-MG,DEL06-MG,UOP02-DEL06-MG
350152.0,2021-04-05,segunda-feira,17:00:00,MG,251.0,"379,4",GRAO MOGOL,Velocidade Incompatível,Colisão com objeto,Com Vítimas Fatais,Pleno dia,Crescente,Céu Claro,Simples,Reta,Não,1,1,0,0,0,0,0,1,"-16,298547","-42,74137",SPRF-MG,DEL12-MG,UOP01-DEL12-MG
350178.0,2021-04-06,terça-feira,06:00:00,MG,381.0,"485,3",BETIM,Condutor deixou de manter distância do veículo da frente,Engavetamento,Com Vítimas Feridas,Pleno dia,Decrescente,Céu Claro,Múltipla,Não Informado,Sim,5,0,1,0,4,0,1,4,"-19,955776","-44,098012",SPRF-MG,DEL01-MG,UOP03-DEL01-MG
350216.0,2021-04-06,terça-feira,07:40:00,MG,381.0,"942,7",EXTREMA,Pista esburacada,Tombamento,Com Vítimas Feridas,Pleno dia,Decrescente,Chuva,Dupla,Curva,Não,1,0,0,1,0,0,1,1,"-22,86605937","-46,34940386",SPRF-MG,DEL16-MG,UOP03-DEL16-MG
350234.0,2021-03-03,quarta-feira,07:40:00,MG,381.0,"483,4",BETIM,Reação tardia ou ineficiente do condutor,Colisão traseira,Sem Vítimas,Pleno dia,Crescente,Céu Claro,Múltipla,Reta,Sim,3,0,0,0,2,1,0,3,"-19,96044136","-44,0871048",SPRF-MG,DEL01-MG,UOP03-DEL01-MG
350265.0,2021-04-06,terça-feira,15:50:00,MG,262.0,362,JUATUBA,Ausência de reação do condutor,Colisão traseira,Com Vítimas Feridas,Pleno dia,Crescente,Céu Claro,Simples,Curva,Sim,3,0,2,0,1,0,2,2,"-19,97078289","-44,28668328",SPRF-MG,DEL01-MG,UOP03-DEL01-MG
350266.0,2021-04-06,terça-feira,15:55:00,MG,116.0,414,GOVERNADOR VALADARES,Condutor deixou de manter distância do veículo da frente,Colisão lateral mesmo sentido,Com Vítimas Feridas,Pleno dia,Crescente,Céu Claro,Simples,Curva,Sim,2,0,1,0,1,0,1,2,"-18,88102703","-41,95910802",SPRF-MG,DEL06-MG,UOP01-DEL06-MG
350331.0,2021-04-06,terça-feira,20:20:00,MG,381.0,"482,9",BETIM,Velocidade Incompatível,Colisão com objeto,Com Vítimas Feridas,Plena Noite,Decrescente,Chuva,Dupla,Não Informado,Sim,1,0,0,1,0,0,1,1,"-19,9575975","-44,0791739",SPRF-MG,DEL01-MG,UOP03-DEL01-MG
350335.0,2021-04-06,terça-feira,20:00:00,MG,40.0,446,PARAOPEBA,Condutor Dormindo,Saída de leito carroçável,Com Vítimas Feridas,Plena Noite,Decrescente,Céu Claro,Dupla,Curva,Não,2,0,1,0,1,0,1,1,"-19,28815","-44,392",SPRF-MG,DEL02-MG,UOP01-DEL02-MG
350362.0,2021-04-07,quarta-feira,04:45:00,MG,50.0,181,UBERABA,Animais na Pista,Atropelamento de Animal,Com Vítimas Feridas,Plena Noite,Crescente,Céu Claro,Dupla,Reta,Não,1,0,0,1,0,0,1,1,"-19,785967","-47,916336",SPRF-MG,DEL13-MG,UOP01-DEL13-MG
350370.0,2021-04-07,quarta-feira,06:25:00,MG,365.0,"668,5",MONTE ALEGRE DE MINAS,Condutor Dormindo,Saída de leito carroçável,Com Vítimas Feridas,Pleno dia,Decrescente,Céu Claro,Dupla,Reta,Não,1,0,1,0,0,0,1,1,"-18,88667383","-48,72102238",SPRF-MG,DEL15-MG,UOP01-DEL15-MG
350380.0,2021-04-07,quarta-feira,08:35:00,MG,50.0,"76,3",UBERLANDIA,Velocidade Incompatível,Colisão com objeto,Com Vítimas Feridas,Pleno dia,Decrescente,Nublado,Dupla,Reta,Sim,2,0,0,1,1,0,1,2,"-18,986906","-48,211853",SPRF-MG,DEL15-MG,UOP01-DEL15-MG
350392.0,2021-04-07,quarta-feira,09:20:00,MG,116.0,"722,2",MURIAE,Chuva,Colisão com objeto,Sem Vítimas,Pleno dia,Crescente,Chuva,Simples,Reta,Não,1,0,0,0,1,0,0,1,"-21,26038315","-42,40248274",SPRF-MG,DEL07-MG,UOP02-DEL07-MG
350417.0,2021-04-07,quarta-feira,13:00:00,MG,153.0,239,FRONTEIRA,Condutor Dormindo,Saída de leito carroçável,Com Vítimas Feridas,Pleno dia,Crescente,Céu Claro,Simples,Reta,Não,2,0,2,0,0,0,2,1,"-20,29847332","-49,20614844",SPRF-MG,DEL13-MG,UOP02-DEL13-MG
350418.0,2021-04-07,quarta-feira,12:20:00,MG,381.0,620,OLIVEIRA,Velocidade Incompatível,Saída de leito carroçável,Com Vítimas Feridas,Pleno dia,Decrescente,Garoa/Chuvisco,Dupla,Não Informado,Não,1,0,1,0,0,0,1,1,"-20,7544284","-44,77443695",SPRF-MG,DEL04-MG,UOP01-DEL04-MG
350427.0,2021-04-07,quarta-feira,13:35:00,MG,40.0,"458,2",CAETANOPOLIS,Demais falhas mecânicas ou elétricas,Incêndio,Sem Vítimas,Pleno dia,Decrescente,Céu Claro,Dupla,Não Informado,Não,1,0,0,0,1,0,0,1,"-19,380294","-44,33825395",SPRF-MG,DEL02-MG,UOP01-DEL02-MG
350496.0,2021-04-07,quarta-feira,14:15:00,MG,381.0,943,EXTREMA,Condutor deixou de manter distância do veículo da frente,Colisão traseira,Sem Vítimas,Pleno dia,Crescente,Céu Claro,Dupla,Reta,Não,3,0,0,0,1,2,0,2,"-22,87018424","-46,3581479",SPRF-MG,DEL16-MG,UOP03-DEL16-MG
350513.0,2021-04-07,quarta-feira,22:10:00,MG,40.0,568,ITABIRITO,Reação tardia ou ineficiente do condutor,Atropelamento de Pedestre,Com Vítimas Feridas,Plena Noite,Crescente,Céu Claro,Simples,Reta,Sim,3,0,0,1,0,2,1,1,"-20,19509609","-43,97360482",SPRF-MG,DEL01-MG,UOP02-DEL01-MG
350525.0,2021-04-08,quinta-feira,02:30:00,MG,50.0,"3,7",ARAGUARI,Condutor Dormindo,Saída de leito carroçável,Com Vítimas Feridas,Plena Noite,Crescente,Céu Claro,Dupla,Retorno Regulamentado,Não,1,0,0,1,0,0,1,1,"-18,43761931","-48,05684924",SPRF-MG,DEL15-MG,UOP02-DEL15-MG
350529.0,2021-02-09,terça-feira,18:18:00,MG,153.0,2,ARAPORA,Acessar a via sem observar a presença dos outros veículos,Colisão traseira,Com Vítimas Feridas,Anoitecer,Crescente,Nublado,Dupla,Retorno Regulamentado,Sim,4,0,0,1,1,2,1,2,"-18,4343521","-49,19082831",SPRF-MG,DEL15-MG,UOP03-DEL15-MG
350576.0,2021-04-08,quinta-feira,10:20:00,MG,381.0,"580,3",CARMOPOLIS DE MINAS,Condutor Dormindo,Saída de leito carroçável,Com Vítimas Feridas,Pleno dia,Crescente,Céu Claro,Dupla,Curva,Não,2,0,1,0,1,0,1,1,"-20,50796117","-44,61144676",SPRF-MG,DEL04-MG,UOP01-DEL04-MG
350609.0,2021-03-19,sexta-feira,08:15:00,MG,40.0,"501,9",ESMERALDAS,Demais falhas mecânicas ou elétricas,Colisão traseira,Com Vítimas Feridas,Pleno dia,Crescente,Sol,Dupla,Reta,Não,3,0,0,1,2,0,1,3,"-19,70735708","-44,16736508",SPRF-MG,DEL02-MG,UOP01-DEL02-MG
350620.0,2021-04-08,quinta-feira,17:10:00,MG,381.0,158,GOVERNADOR VALADARES,Acesso irregular,Colisão frontal,Com Vítimas Feridas,Pleno dia,Crescente,Céu Claro,Simples,Interseção de vias,Não,3,0,3,0,0,0,3,2,"-18,91795246","-42,01337465",SPRF-MG,DEL06-MG,UOP01-DEL06-MG
350634.0,2021-04-08,quinta-feira,17:20:00,MG,40.0,"530,8",BELO HORIZONTE,Reação tardia ou ineficiente do condutor,Colisão traseira,Com Vítimas Feridas,Pleno dia,Crescente,Céu Claro,Dupla,Retorno Regulamentado,Não,2,0,1,0,1,0,1,2,"-19,92064782","-44,0335681",SPRF-MG,DEL01-MG,UOP02-DEL01-MG
350645.0,2021-04-08,quinta-feira,16:53:00,MG,381.0,511,IGARAPE,Velocidade Incompatível,Colisão traseira,Com Vítimas Feridas,Pleno dia,Crescente,Céu Claro,Múltipla,Não Informado,Sim,6,0,4,0,2,0,4,2,"-20,06056718","-44,29141402",SPRF-MG,DEL01-MG,UOP03-DEL01-MG
350646.0,2021-04-08,quinta-feira,17:05:00,MG,40.0,"556,5",NOVA LIMA,Velocidade Incompatível,Colisão com objeto,Com Vítimas Feridas,Pleno dia,Decrescente,Sol,Múltipla,Reta,Sim,1,0,1,0,0,0,1,1,"-20,09356202","-43,97554136",SPRF-MG,DEL01-MG,UOP02-DEL01-MG
350647.0,2021-04-08,quinta-feira,18:10:00,MG,262.0,"413,1",IGARATINGA,Velocidade Incompatível,Colisão lateral mesmo sentido,Com Vítimas Feridas,Anoitecer,Crescente,Céu Claro,Dupla,Não Informado,Não,3,0,2,0,1,0,2,2,"-19,89668113","-44,65663188",SPRF-MG,DEL08-MG,UOP03-DEL08-MG
350655.0,2021-04-08,quinta-feira,18:40:00,MG,381.0,504,SAO JOAQUIM DE BICAS,Condutor deixou de manter distância do veículo da frente,Colisão traseira,Com Vítimas Feridas,Anoitecer,Decrescente,Céu Claro,Dupla,Reta,Sim,2,0,1,0,1,0,1,2,"-20,04164508","-44,26386697",SPRF-MG,DEL01-MG,UOP03-DEL01-MG
350659.0,2021-04-08,quinta-feira,19:55:00,MG,459.0,"105,8",POUSO ALEGRE,Velocidade Incompatível,Saída de leito carroçável,Com Vítimas Feridas,Plena Noite,Decrescente,Céu Claro,Simples,Não Informado,Não,1,0,1,0,0,0,1,1,"-22,24108025","-45,88130951",SPRF-MG,DEL16-MG,UOP01-DEL16-MG
350693.0,2021-04-09,sexta-feira,01:40:00,MG,381.0,"937,2",EXTREMA,Velocidade Incompatível,Queda de ocupante de veículo,Com Vítimas Feridas,Plena Noite,Crescente,Céu Claro,Dupla,Curva,Não,2,0,2,0,0,0,2,1,"-22,83554657","-46,32086698",SPRF-MG,DEL16-MG,UOP03-DEL16-MG
350704.0,2021-04-09,sexta-feira,06:40:00,MG,40.0,"706,9",BARBACENA,Ingestão de álcool pelo condutor,Saída de leito carroçável,Com Vítimas Feridas,Pleno dia,Crescente,Nublado,Dupla,Curva,Não,1,0,1,0,0,0,1,1,"-21,24204791","-43,71214455",SPRF-MG,DEL05-MG,UOP02-DEL05-MG
350705.0,2021-04-08,quinta-feira,18:40:00,MG,262.0,"33,5",MANHUACU,Animais na Pista,Atropelamento de Animal,Com Vítimas Feridas,Plena Noite,Crescente,Nublado,Simples,Curva,Não,2,0,2,0,0,0,2,1,"-20,26048797","-42,02176832",SPRF-MG,DEL06-MG,UOP04-DEL06-MG
350735.0,2021-04-09,sexta-feira,08:35:00,MG,40.0,"475,8",SETE LAGOAS,Acumulo de areia ou detritos sobre o pavimento,Eventos atípicos,Sem Vítimas,Pleno dia,Crescente,Céu Claro,Dupla,Reta,Não,1,0,0,0,1,0,0,1,"-19,50551591","-44,27423377",SPRF-MG,DEL02-MG,UOP01-DEL02-MG
350758.0,2021-04-09,sexta-feira,11:10:00,MG,116.0,521,CARATINGA,Acessar a via sem observar a presença dos outros veículos,Colisão transversal,Com Vítimas Feridas,Pleno dia,Decrescente,Céu Claro,Simples,Reta,Não,2,0,2,0,0,0,2,2,"-19,793195","-42,13874817",SPRF-MG,DEL06-MG,UOP02-DEL06-MG
350824.0,2021-04-09,sexta-feira,19:00:00,MG,365.0,687,MONTE ALEGRE DE MINAS,Pedestre cruzava a pista fora da faixa,Atropelamento de Pedestre,Com Vítimas Feridas,Plena Noite,Decrescente,Céu Claro,Dupla,Reta,Sim,3,0,0,1,1,1,1,1,"-18,87548498","-48,87468901",SPRF-MG,DEL15-MG,UOP03-DEL15-MG
350833.0,2021-03-04,quinta-feira,06:00:00,MG,116.0,464,TARUMIRIM,Carga excessiva e/ou mal acondicionada,Derramamento de carga,Com Vítimas Feridas,Amanhecer,Decrescente,Céu Claro,Simples,Reta,Não,2,0,0,1,1,0,1,2,"-19,26865202","-42,06569594",SPRF-MG,DEL06-MG,UOP02-DEL06-MG
350892.0,2021-04-10,sábado,01:20:00,MG,146.0,"495,5",BOTELHOS,Ingestão de álcool pelo condutor,Colisão com objeto,Com Vítimas Feridas,Plena Noite,Crescente,Céu Claro,Simples,Curva,Não,4,0,1,1,2,0,2,1,"-21,67133","-46,414467",SPRF-MG,DEL09-MG,UOP01-DEL09-MG
350899.0,2021-04-10,sábado,01:00:00,MG,40.0,522,CONTAGEM,Ausência de reação do condutor,Saída de leito carroçável,Com Vítimas Feridas,Plena Noite,Decrescente,Céu Claro,Dupla,Curva,Não,3,0,3,0,0,0,3,1,"-19,8638731","-44,06749809",SPRF-MG,DEL01-MG,UOP02-DEL01-MG
350920.0,2021-04-10,sábado,05:30:00,MG,262.0,"467,6",ARAUJOS,Ingestão de álcool pelo condutor,Saída de leito carroçável,Com Vítimas Feridas,Amanhecer,Crescente,Céu Claro,Simples,Reta,Não,2,0,2,0,0,0,2,1,"-19,78628988","-45,17552376",SPRF-MG,DEL08-MG,UOP03-DEL08-MG
350932.0,2021-04-10,sábado,07:00:00,MG,116.0,764,LEOPOLDINA,Velocidade Incompatível,Saída de leito carroçável,Com Vítimas Feridas,Pleno dia,Crescente,Céu Claro,Simples,Reta,Não,1,0,0,1,0,0,1,1,"-21,52171912","-42,64030314",SPRF-MG,DEL07-MG,UOP01-DEL07-MG
350935.0,2021-04-10,sábado,05:20:00,MG,116.0,405,GOVERNADOR VALADARES,Ingestão de álcool pelo condutor,Saída de leito carroçável,Com Vítimas Feridas,Amanhecer,Crescente,Céu Claro,Simples,Reta,Não,1,0,1,0,0,0,1,1,"-18,80758916","-41,98483229",SPRF-MG,DEL06-MG,UOP01-DEL06-MG
350959.0,2021-04-10,sábado,09:50:00,MG,251.0,487,FRANCISCO SA,Velocidade Incompatível,Colisão traseira,Com Vítimas Feridas,Pleno dia,Crescente,Sol,Simples,Não Informado,Não,3,0,2,1,0,0,3,1,"-16,51784211","-43,55947992",SPRF-MG,DEL12-MG,UOP01-DEL12-MG
350962.0,2021-04-10,sábado,10:20:00,MG,40.0,520,RIBEIRAO DAS NEVES,Condutor deixou de manter distância do veículo da frente,Colisão traseira,Com Vítimas Feridas,Pleno dia,Decrescente,Céu Claro,Dupla,Reta,Não,3,0,1,0,2,0,1,3,"-19,84761911","-44,07276144",SPRF-MG,DEL01-MG,UOP02-DEL01-MG
351004.0,2021-04-10,sábado,16:00:00,MG,262.0,380,JUATUBA,Ausência de reação do condutor,Colisão com objeto,Com Vítimas Feridas,Pleno dia,Decrescente,Sol,Múltipla,Curva,Não,1,0,1,0,0,0,1,1,"-19,93333233","-44,42390442",SPRF-MG,DEL01-MG,UOP03-DEL01-MG
351023.0,2021-04-10,sábado,13:40:00,MG,40.0,513,RIBEIRAO DAS NEVES,Reação tardia ou ineficiente do condutor,Saída de leito carroçável,Com Vítimas Feridas,Pleno dia,Crescente,Céu Claro,Dupla,Curva,Sim,1,0,1,0,0,0,1,1,"-19,7970544","-44,1080512",SPRF-MG,DEL01-MG,UOP02-DEL01-MG
351031.0,2021-04-10,sábado,18:30:00,MG,50.0,"34,8",ARAGUARI,Ingestão de álcool pelo condutor,Saída de leito carroçável,Sem Vítimas,Anoitecer,Crescente,Céu Claro,Dupla,Reta,Não,2,0,0,0,1,1,0,1,"-18,6485629","-48,13354969",SPRF-MG,DEL15-MG,UOP02-DEL15-MG
351039.0,2021-04-10,sábado,19:20:00,MG,40.0,"423,2",CURVELO,Pedestre cruzava a pista fora da faixa,Atropelamento de Pedestre,Com Vítimas Fatais,Plena Noite,Decrescente,Céu Claro,Dupla,Curva,Sim,2,1,0,0,1,0,0,1,"-19,15337404","-44,538155",SPRF-MG,DEL02-MG,UOP01-DEL02-MG
351046.0,2021-04-10,sábado,19:00:00,MG,40.0,"507,4",RIBEIRAO DAS NEVES,Pedestre andava na pista,Atropelamento de Pedestre,Com Vítimas Feridas,Plena Noite,Decrescente,Céu Claro,Dupla,Reta,Sim,3,0,0,2,1,0,2,1,"-19,75431705","-44,14152606",SPRF-MG,DEL02-MG,UOP01-DEL02-MG
351059.0,2021-04-10,sábado,18:30:00,MG,354.0,"747,8",ITANHANDU,Trafegar com motocicleta (ou similar) entre as faixas,Colisão frontal,Com Vítimas Fatais,Plena Noite,Decrescente,Céu Claro,Simples,Reta,Não,4,1,0,0,3,0,0,2,"-22,26578926","-44,9042579",SPRF-MG,DEL17-MG,UOP01-DEL17-MG
351064.0,2021-04-10,sábado,19:00:00,MG,50.0,"116,7",UBERABA,Acumulo de óleo sobre o pavimento,Queda de ocupante de veículo,Com Vítimas Feridas,Plena Noite,Crescente,Ignorado,Dupla,Reta,Não,1,0,1,0,0,0,1,1,"-19,27451393","-48,12473983",SPRF-MG,DEL13-MG,UOP01-DEL13-MG
351120.0,2021-04-11,domingo,04:30:00,MG,40.0,"790,9",JUIZ DE FORA,Animais na Pista,Colisão com objeto,Com Vítimas Feridas,Plena Noite,Decrescente,Céu Claro,Dupla,Curva,Não,2,0,1,0,1,0,1,1,"-21,77847067","-43,42822552",SPRF-MG,DEL05-MG,UOP01-DEL05-MG
351125.0,2021-04-11,domingo,06:20:00,MG,40.0,511,RIBEIRAO DAS NEVES,Manobra de mudança de faixa,Colisão transversal,Com Vítimas Feridas,Pleno dia,Crescente,Céu Claro,Dupla,Reta,Não,1,0,1,0,0,0,1,1,"-19,78164295","-44,11733194",SPRF-MG,DEL01-MG,UOP02-DEL01-MG
351128.0,2021-04-11,domingo,04:10:00,MG,116.0,426,ALPERCATA,Transitar na contramão,Colisão frontal,Com Vítimas Feridas,Amanhecer,Crescente,Nublado,Simples,Reta,Não,2,0,1,1,0,0,2,2,"-18,97008195","-41,97635605",SPRF-MG,DEL06-MG,UOP01-DEL06-MG
351141.0,2021-04-11,domingo,08:40:00,MG,40.0,"88,9",PARACATU,Reação tardia ou ineficiente do condutor,Saída de leito carroçável,Com Vítimas Feridas,Pleno dia,Crescente,Céu Claro,Simples,Desvio Temporário,Não,2,0,1,0,0,1,1,1,"-17,49446791","-46,59377666",SPRF-MG,DEL14-MG,UOP01-DEL14-MG
351159.0,2021-04-11,domingo,11:10:00,MG,50.0,60,UBERLANDIA,Velocidade Incompatível,Tombamento,Com Vítimas Feridas,Pleno dia,Decrescente,Céu Claro,Dupla,Curva,Não,1,0,1,0,0,0,1,1,"-18,80909682","-48,24439716",SPRF-MG,DEL15-MG,UOP02-DEL15-MG
351163.0,2021-04-11,domingo,10:30:00,MG,459.0,"11,6",CALDAS,Pedestre andava na pista,Atropelamento de Pedestre,Com Vítimas Feridas,Pleno dia,Crescente,Céu Claro,Simples,Reta,Sim,2,0,2,0,0,0,2,1,"-21,82812345","-46,44999683",SPRF-MG,DEL09-MG,UOP01-DEL09-MG
351165.0,2021-04-11,domingo,12:18:00,MG,116.0,"814,5",ALEM PARAIBA,Velocidade Incompatível,Colisão com objeto,Com Vítimas Feridas,Pleno dia,Decrescente,Céu Claro,Simples,Curva,Não,2,0,0,2,0,0,2,1,"-21,85629","-42,66083",SPRF-MG,DEL07-MG,UOP01-DEL07-MG
351190.0,2021-04-11,domingo,15:00:00,MG,40.0,520,RIBEIRAO DAS NEVES,Reação tardia ou ineficiente do condutor,Saída de leito carroçável,Com Vítimas Feridas,Pleno dia,Crescente,Céu Claro,Dupla,Curva,Não,7,0,4,3,0,0,7,1,"-19,84761911","-44,07276144",SPRF-MG,DEL01-MG,UOP02-DEL01-MG
351194.0,2021-04-11,domingo,08:40:00,MG,116.0,"123,8",ITAOBIM,Ausência de reação do condutor,Tombamento,Com Vítimas Feridas,Pleno dia,Decrescente,Céu Claro,Simples,Curva,Não,2,0,0,1,0,1,1,1,"-16,637178","-41,501506",SPRF-MG,DEL11-MG,UOP02-DEL11-MG
351207.0,2021-03-02,terça-feira,03:55:00,MG,381.0,629,OLIVEIRA,Velocidade Incompatível,Saída de leito carroçável,Com Vítimas Feridas,Plena Noite,Decrescente,Nublado,Dupla,Curva,Não,3,0,3,0,0,0,3,1,"-20,84106606","-44,82613492",SPRF-MG,DEL04-MG,UOP01-DEL04-MG
351219.0,2021-04-11,domingo,15:54:00,MG,262.0,354,BETIM,Manobra de mudança de faixa,Colisão lateral mesmo sentido,Com Vítimas Feridas,Pleno dia,Crescente,Sol,Dupla,Reta,Não,3,0,2,0,1,0,2,2,"-19,96216513","-44,16346396",SPRF-MG,DEL01-MG,UOP03-DEL01-MG
351235.0,2021-04-11,domingo,14:25:00,MG,116.0,508,UBAPORANGA,Acessar a via sem observar a presença dos outros veículos,Colisão lateral mesmo sentido,Com Vítimas Feridas,Pleno dia,Crescente,Sol,Simples,Não Informado,Não,2,0,1,0,1,0,1,2,"-19,62776197","-42,10624519",SPRF-MG,DEL06-MG,UOP02-DEL06-MG
351249.0,2021-04-11,domingo,20:05:00,MG,50.0,"171,9",UBERABA,Ingestão de álcool pelo condutor,Colisão traseira,Com Vítimas Feridas,Plena Noite,Decrescente,Céu Claro,Dupla,Reta,Sim,2,0,1,0,1,0,1,2,"-19,74554892","-47,98382166",SPRF-MG,DEL13-MG,UOP01-DEL13-MG
351257.0,2021-04-11,domingo,20:00:00,MG,40.0,"702,5",BARBACENA,Acessar a via sem observar a presença dos outros veículos,Colisão transversal,Com Vítimas Feridas,Plena Noite,Crescente,Céu Claro,Simples,Reta,Sim,3,0,2,0,1,0,2,2,"-21,19178602","-43,75167711",SPRF-MG,DEL05-MG,UOP02-DEL05-MG
351274.0,2021-04-11,domingo,21:30:00,MG,365.0,"17,8",MONTES CLAROS,Transitar na contramão,Colisão frontal,Com Vítimas Fatais,Plena Noite,Decrescente,Céu Claro,Múltipla,Curva,Não,4,2,0,2,0,0,2,2,"-16,87724015","-43,993381",SPRF-MG,DEL12-MG,UOP01-DEL12-MG
351275.0,2021-02-05,sexta-feira,13:34:00,MG,365.0,12,MONTES CLAROS,Acumulo de água sobre o pavimento,Queda de ocupante de veículo,Com Vítimas Feridas,Pleno dia,Decrescente,Ignorado,Simples,Reta,Não,1,0,0,1,0,0,1,1,"-16,84685885","-43,96558127",SPRF-MG,DEL12-MG,UOP01-DEL12-MG
351293.0,2021-04-11,domingo,21:30:00,MG,356.0,"265,4",MURIAE,Condutor deixou de manter distância do veículo da frente,Colisão traseira,Com Vítimas Feridas,Plena Noite,Crescente,Céu Claro,Simples,Reta,Sim,3,0,2,0,1,0,2,2,"-21,12680412","-42,37164086",SPRF-MG,DEL07-MG,UOP02-DEL07-MG
351336.0,2021-04-12,segunda-feira,03:00:00,MG,381.0,"538,9",ITATIAIUCU,Pedestre andava na pista,Atropelamento de Pedestre,Com Vítimas Fatais,Plena Noite,Crescente,Nublado,Dupla,Curva,Não,2,1,0,0,0,1,0,1,"-20,23654769","-44,40777735",SPRF-MG,DEL04-MG,UOP03-DEL04-MG
351351.0,2021-04-12,segunda-feira,07:10:00,MG,381.0,498,BETIM,Velocidade Incompatível,Queda de ocupante de veículo,Com Vítimas Feridas,Pleno dia,Crescente,Céu Claro,Dupla,Reta,Sim,1,0,1,0,0,0,1,1,"-20,01172662","-44,21976041",SPRF-MG,DEL01-MG,UOP03-DEL01-MG
351384.0,2021-04-12,segunda-feira,08:45:00,MG,116.0,"710,7",MURIAE,Condutor Dormindo,Colisão frontal,Com Vítimas Feridas,Pleno dia,Crescente,Sol,Simples,Reta,Não,3,0,1,1,0,1,2,2,"-21,17559299","-42,37196176",SPRF-MG,DEL07-MG,UOP02-DEL07-MG
351385.0,2021-04-12,segunda-feira,11:00:00,MG,40.0,"736,2",SANTOS DUMONT,Velocidade Incompatível,Colisão com objeto,Com Vítimas Feridas,Pleno dia,Crescente,Céu Claro,Simples,Reta,Não,2,0,1,1,0,0,2,1,"-21,37609516","-43,56993701",SPRF-MG,DEL05-MG,UOP01-DEL05-MG