id,data_inversa,dia_semana,horario,uf,br,km,municipio,causa_acidente,tipo_acidente,classificacao_acidente,fase_dia,sentido_via,condicao_metereologica,tipo_pista,tracado_via,uso_solo,pessoas,mortos,feridos_leves,feridos_graves,ilesos,ignorados,feridos,veiculos,latitude,longitude,regional,delegacia,uop
351405.0,2021-04-12,segunda-feira,09:40:00,MG,262.0,"441,3",NOVA SERRANA,Ausência de reação do condutor,Saída de leito carroçável,Com Vítimas Fatais,Pleno dia,Decrescente,Sol,Dupla,Não Informado,Sim,1,1,0,0,0,0,0,1,"-19,88296154","-44,90293014",SPRF-MG,DEL08-MG,UOP03-DEL08-MG
351406.0,2021-04-12,segunda-feira,09:20:00,MG,153.0,"11,5",ARAPORA,Ausência de reação do condutor,Saída de leito carroçável,Com Vítimas Feridas,Pleno dia,Decrescente,Céu Claro,Dupla,Reta,Não,2,0,0,1,0,1,1,1,"-18,51513597","-49,18936222",SPRF-MG,DEL15-MG,UOP03-DEL15-MG
351412.0,2021-04-12,segunda-feira,12:00:00,MG,381.0,340,BELA VISTA DE MINAS,Conversão proibida,Colisão frontal,Com Vítimas Feridas,Pleno dia,Crescente,Céu Claro,Simples,Desvio Temporário,Sim,3,0,1,2,0,0,3,2,"-19,84087497","-43,09635354",SPRF-MG,DEL03-MG,UOP01-DEL03-MG
351421.0,2021-04-12,segunda-feira,08:05:00,MG,50.0,"205,6",DELTA,Animais na Pista,Saída de leito carroçável,Com Vítimas Feridas,Pleno dia,Crescente,Céu Claro,Dupla,Curva,Não,1,0,1,0,0,0,1,1,"-19,97320305","-47,79022157",SPRF-MG,DEL13-MG,UOP01-DEL13-MG
351425.0,2021-04-12,segunda-feira,09:20:00,MG,116.0,"416,1",GOVERNADOR VALADARES,Condutor deixou de manter distância do veículo da frente,Colisão traseira,Com Vítimas Feridas,Pleno dia,Decrescente,Céu Claro,Múltipla,Reta,Sim,2,0,1,0,1,0,1,2,"-18,89215187","-41,94699543",SPRF-MG,DEL06-MG,UOP01-DEL06-MG
351453.0,2021-04-12,segunda-feira,17:25:00,MG,262.0,"439,2",NOVA SERRANA,Avarias e/ou desgaste excessivo no pneu,Tombamento,Com Vítimas Feridas,Anoitecer,Decrescente,Céu Claro,Dupla,Reta,Não,2,0,2,0,0,0,2,1,"-19,89197285","-44,88685183",SPRF-MG,DEL08-MG,UOP03-DEL08-MG
351465.0,2021-04-12,segunda-feira,17:30:00,MG,50.0,179,UBERABA,Condutor deixou de manter distância do veículo da frente,Colisão traseira,Com Vítimas Feridas,Pleno dia,Crescente,Céu Claro,Dupla,Reta,Sim,3,0,2,0,1,0,2,2,"-19,77827047","-47,93140998",SPRF-MG,DEL13-MG,UOP01-DEL13-MG
351467.0,2021-04-12,segunda-feira,17:40:00,MG,365.0,604,UBERLANDIA,Ausência de reação do condutor,Saída de leito carroçável,Com Vítimas Feridas,Anoitecer,Crescente,Nublado,Simples,Reta,Não,1,0,1,0,0,0,1,1,"-18,90390519","-48,16353682",SPRF-MG,DEL15-MG,UOP01-DEL15-MG
351472.0,2021-03-18,quinta-feira,07:50:00,MG,40.0,275,TRES MARIAS,Acessar a via sem observar a presença dos outros veículos,Colisão transversal,Com Vítimas Feridas,Pleno dia,Decrescente,Céu Claro,Simples,Não Informado,Sim,2,0,0,1,1,0,1,2,"-18,2008771","-45,23615241",SPRF-MG,DEL14-MG,UOP02-DEL14-MG
351516.0,2021-04-13,terça-feira,05:45:00,MG,459.0,"100,1",POUSO ALEGRE,Animais na Pista,Atropelamento de Animal,Com Vítimas Feridas,Amanhecer,Decrescente,Céu Claro,Dupla,Reta,Sim,2,0,2,0,0,0,2,1,"-22,21355081","-45,92301798",SPRF-MG,DEL16-MG,UOP01-DEL16-MG
351517.0,2021-03-23,terça-feira,17:00:00,MG,381.0,"477,5",CONTAGEM,Manobra de mudança de faixa,Queda de ocupante de veículo,Com Vítimas Feridas,Pleno dia,Decrescente,Céu Claro,Múltipla,Reta,Sim,3,0,1,0,0,2,1,2,"-19,96389206","-44,04322386",SPRF-MG,DEL01-MG,UOP03-DEL01-MG
351532.0,2021-04-12,segunda-feira,16:50:00,MG,116.0,458,ENGENHEIRO CALDAS,Retorno proibido,Colisão transversal,Com Vítimas Feridas,Pleno dia,Crescente,Céu Claro,Simples,Reta,Não,2,0,0,1,1,0,1,2,"-19,21626114","-42,0573808",SPRF-MG,DEL06-MG,UOP02-DEL06-MG
351554.0,2021-04-13,terça-feira,10:00:00,MG,40.0,"781,4",JUIZ DE FORA,Avarias e/ou desgaste excessivo no pneu,Queda de ocupante de veículo,Com Vítimas Feridas,Pleno dia,Crescente,Nublado,Múltipla,Curva,Não,1,0,1,0,0,0,1,1,"-21,68759907","-43,45049615",SPRF-MG,DEL05-MG,UOP01-DEL05-MG
351559.0,2021-04-13,terça-feira,10:00:00,MG,40.0,750,SANTOS DUMONT,Acumulo de água sobre o pavimento,Saída de leito carroçável,Com Vítimas Feridas,Pleno dia,Decrescente,Chuva,Simples,Curva,Não,1,0,1,0,0,0,1,1,"-21,447874","-43,55738803",SPRF-MG,DEL05-MG,UOP01-DEL05-MG
351561.0,2021-04-13,terça-feira,10:40:00,MG,267.0,27,ARGIRITA,Velocidade Incompatível,Colisão com objeto,Com Vítimas Feridas,Pleno dia,Crescente,Chuva,Simples,Curva,Não,2,0,2,0,0,0,2,1,"-21,62218533","-42,82361977",SPRF-MG,DEL07-MG,UOP01-DEL07-MG
351564.0,2021-04-13,terça-feira,11:10:00,MG,40.0,"731,6",OLIVEIRA FORTES,Avarias e/ou desgaste excessivo no pneu,Saída de leito carroçável,Com Vítimas Feridas,Pleno dia,Crescente,Garoa/Chuvisco,Dupla,Não Informado,Não,1,0,0,1,0,0,1,1,"-21,36247924","-43,57519146",SPRF-MG,DEL05-MG,UOP01-DEL05-MG
351565.0,2021-04-13,terça-feira,11:10:00,MG,381.0,"490,3",BETIM,Ausência de reação do condutor,Tombamento,Com Vítimas Feridas,Pleno dia,Decrescente,Céu Claro,Dupla,Não Informado,Sim,1,0,1,0,0,0,1,1,"-19,956248","-44,143794",SPRF-MG,DEL01-MG,UOP03-DEL01-MG
351578.0,2021-04-13,terça-feira,07:45:00,MG,262.0,446,NOVA SERRANA,Desrespeitar a preferência no cruzamento,Colisão transversal,Com Vítimas Feridas,Pleno dia,Crescente,Sol,Dupla,Interseção de vias,Sim,2,0,1,0,1,0,1,2,"-19,87514825","-44,95031205",SPRF-MG,DEL08-MG,UOP03-DEL08-MG
351583.0,2021-04-13,terça-feira,11:42:00,MG,365.0,852,SANTA VITORIA,Ausência de reação do condutor,Saída de leito carroçável,Com Vítimas Feridas,Pleno dia,Decrescente,Céu Claro,Simples,Não Informado,Não,4,0,2,2,0,0,4,1,"-19,02087248","-50,33640186",SPRF-MG,DEL15-MG,UOP03-DEL15-MG
351590.0,2021-04-13,terça-feira,13:05:00,MG,40.0,"631,5",CONSELHEIRO LAFAIETE,Manobra de mudança de faixa,Colisão lateral mesmo sentido,Com Vítimas Feridas,Pleno dia,Decrescente,Céu Claro,Simples,Reta,Sim,3,0,2,0,1,0,2,2,"-20,67354846","-43,79684297",SPRF-MG,DEL05-MG,UOP02-DEL05-MG
351598.0,2021-04-13,terça-feira,12:30:00,MG,40.0,"794,1",JUIZ DE FORA,Ausência de reação do condutor,Saída de leito carroçável,Com Vítimas Feridas,Pleno dia,Crescente,Garoa/Chuvisco,Dupla,Curva,Não,1,0,1,0,0,0,1,1,"-21,79926451","-43,40729012",SPRF-MG,DEL05-MG,UOP01-DEL05-MG
351609.0,2021-04-13,terça-feira,11:30:00,MG,50.0,16,UBERLANDIA,Condutor deixou de manter distância do veículo da frente,Colisão traseira,Sem Vítimas,Pleno dia,Crescente,Céu Claro,Dupla,Reta,Não,2,0,0,0,2,0,0,2,"-18,91611142","-48,17625046",SPRF-MG,DEL15-MG,UOP01-DEL15-MG
351681.0,2021-04-14,quarta-feira,00:15:00,MG,459.0,11,CALDAS,Manobra de mudança de faixa,Colisão com objeto,Com Vítimas Feridas,Plena Noite,Crescente,Céu Claro,Simples,Não Informado,Não,2,0,2,0,0,0,2,1,"-21,814434","-46,467499",SPRF-MG,DEL09-MG,UOP01-DEL09-MG
351684.0,2021-04-13,terça-feira,22:52:00,MG,365.0,757,ITUIUTABA,Velocidade Incompatível,Saída de leito carroçável,Sem Vítimas,Plena Noite,Crescente,Céu Claro,Simples,Rotatória,Não,1,0,0,0,0,1,0,1,"-18,96554192","-49,50560689",SPRF-MG,DEL15-MG,UOP03-DEL15-MG
351685.0,2021-04-14,quarta-feira,01:20:00,MG,40.0,"731,4",OLIVEIRA FORTES,Avarias e/ou desgaste excessivo no pneu,Colisão com objeto,Com Vítimas Feridas,Plena Noite,Decrescente,Garoa/Chuvisco,Dupla,Curva,Não,3,0,2,0,1,0,2,1,"-21,35763585","-43,58127236",SPRF-MG,DEL05-MG,UOP01-DEL05-MG
351703.0,2021-04-14,quarta-feira,06:20:00,MG,381.0,"570,2",ITAGUARA,Velocidade Incompatível,Saída de leito carroçável,Com Vítimas Feridas,Pleno dia,Crescente,Céu Claro,Dupla,Reta,Não,3,0,1,0,2,0,1,1,"-20,43702178","-44,55965749",SPRF-MG,DEL04-MG,UOP03-DEL04-MG
351727.0,2021-04-14,quarta-feira,07:00:00,MG,267.0,"41,3",MARIPA DE MINAS,Condutor Dormindo,Saída de leito carroçável,Sem Vítimas,Amanhecer,Crescente,Céu Claro,Simples,Reta,Não,1,0,0,0,0,1,0,1,"-21,68128685","-42,91226426",SPRF-MG,DEL07-MG,UOP01-DEL07-MG
351742.0,2021-04-14,quarta-feira,11:30:00,MG,40.0,521,CONTAGEM,Avarias e/ou desgaste excessivo no pneu,Tombamento,Com Vítimas Feridas,Pleno dia,Crescente,Céu Claro,Dupla,Curva,Não,2,0,2,0,0,0,2,1,"-19,85651501","-44,07213222",SPRF-MG,DEL01-MG,UOP02-DEL01-MG
351780.0,2021-04-14,quarta-feira,17:10:00,MG,50.0,"70,3",UBERLANDIA,Pista esburacada,Queda de ocupante de veículo,Com Vítimas Feridas,Pleno dia,Decrescente,Céu Claro,Dupla,Não Informado,Sim,2,0,1,1,0,0,2,2,"-18,85140204","-48,25345932",SPRF-MG,DEL15-MG,UOP01-DEL15-MG
351789.0,2021-04-14,quarta-feira,16:30:00,MG,50.0,67,UBERLANDIA,Acessar a via sem observar a presença dos outros veículos,Colisão traseira,Com Vítimas Feridas,Pleno dia,Decrescente,Céu Claro,Simples,Curva,Sim,3,0,1,0,1,1,1,2,"-18,87397589","-48,25829387",SPRF-MG,DEL15-MG,UOP02-DEL15-MG
351846.0,2021-04-14,quarta-feira,16:30:00,MG,153.0,"105,2",PRATA,Manobra de mudança de faixa,Capotamento,Com Vítimas Feridas,Pleno dia,Crescente,Céu Claro,Simples,Reta,Não,2,0,1,0,1,0,1,1,"-19,27184081","-48,91909359",SPRF-MG,DEL15-MG,UOP03-DEL15-MG
351858.0,2021-04-15,quinta-feira,06:30:00,MG,381.0,"744,2",TRES CORACOES,Velocidade Incompatível,Capotamento,Com Vítimas Feridas,Amanhecer,Decrescente,Céu Claro,Dupla,Curva,Não,3,0,3,0,0,0,3,1,"-21,63153073","-45,27650319",SPRF-MG,DEL16-MG,UOP02-DEL16-MG
351861.0,2021-04-15,quinta-feira,02:00:00,MG,262.0,"443,5",NOVA SERRANA,Ausência de reação do condutor,Colisão com objeto,Com Vítimas Feridas,Plena Noite,Crescente,Vento,Dupla,Curva,Sim,2,0,1,0,0,1,1,1,"-19,88065393","-44,92197102",SPRF-MG,DEL08-MG,UOP03-DEL08-MG
351862.0,2021-04-15,quinta-feira,07:25:00,MG,381.0,505,BETIM,Pedestre andava na pista,Atropelamento de Pedestre,Com Vítimas Fatais,Pleno dia,Crescente,Céu Claro,Dupla,Não Informado,Sim,2,1,0,0,1,0,0,1,"-20,04478441","-44,27276484",SPRF-MG,DEL01-MG,UOP03-DEL01-MG
351897.0,2021-04-14,quarta-feira,21:30:00,MG,40.0,"453,6",CAETANOPOLIS,Avarias e/ou desgaste excessivo no pneu,Eventos atípicos,Com Vítimas Feridas,Plena Noite,Decrescente,Céu Claro,Dupla,Reta,Não,1,0,1,0,0,0,1,1,"-19,34692","-44,3538",SPRF-MG,DEL02-MG,UOP01-DEL02-MG
351911.0,2021-04-15,quinta-feira,11:00:00,MG,40.0,527,CONTAGEM,Ausência de reação do condutor,Colisão com objeto,Sem Vítimas,Pleno dia,Decrescente,Céu Claro,Simples,Reta,Sim,1,0,0,0,1,0,0,1,"-19,90149502","-44,04938939",SPRF-MG,DEL01-MG,UOP02-DEL01-MG
351930.0,2021-04-15,quinta-feira,13:10:00,MG,381.0,348,JOAO MONLEVADE,Mal súbito do condutor,Saída de leito carroçável,Com Vítimas Feridas,Pleno dia,Decrescente,Céu Claro,Simples,Não Informado,Não,1,0,1,0,0,0,1,1,"-19,85243846","-43,14084419",SPRF-MG,DEL03-MG,UOP01-DEL03-MG
351936.0,2021-04-15,quinta-feira,15:30:00,MG,146.0,"444,9",MUZAMBINHO,Velocidade Incompatível,Saída de leito carroçável,Com Vítimas Feridas,Pleno dia,Decrescente,Céu Claro,Simples,Curva,Não,1,0,0,1,0,0,1,1,"-21,33697273","-46,5612676",SPRF-MG,DEL09-MG,UOP01-DEL09-MG
351954.0,2021-04-15,quinta-feira,12:30:00,MG,381.0,246,SANTANA DO PARAISO,Condutor deixou de manter distância do veículo da frente,Colisão traseira,Com Vítimas Fatais,Pleno dia,Decrescente,Céu Claro,Simples,Interseção de vias,Não,2,1,1,0,0,0,1,2,"-19,45740746","-42,52499719",SPRF-MG,DEL06-MG,UOP01-DEL06-MG
351957.0,2021-04-15,quinta-feira,17:15:00,MG,262.0,443,NOVA SERRANA,Acessar a via sem observar a presença dos outros veículos,Colisão transversal,Com Vítimas Feridas,Pleno dia,Decrescente,Céu Claro,Dupla,Reta,Sim,3,0,2,0,1,0,2,2,"-19,88065393","-44,92197102",SPRF-MG,DEL08-MG,UOP03-DEL08-MG
351976.0,2021-04-15,quinta-feira,18:25:00,MG,50.0,69,UBERLANDIA,Manobra de mudança de faixa,Tombamento,Com Vítimas Feridas,Plena Noite,Crescente,Céu Claro,Dupla,Reta,Sim,1,0,1,0,0,0,1,1,"-18,85140204","-48,25345932",SPRF-MG,DEL15-MG,UOP01-DEL15-MG
351997.0,2021-04-15,quinta-feira,20:15:00,MG,381.0,"505,6",BETIM,Pedestre andava na pista,Atropelamento de Pedestre,Com Vítimas Feridas,Plena Noite,Decrescente,Céu Claro,Dupla,Curva,Sim,2,0,1,0,0,1,1,1,"-20,04478441","-44,27276484",SPRF-MG,DEL01-MG,UOP03-DEL01-MG
352005.0,2021-04-15,quinta-feira,21:00:00,MG,365.0,"687,5",MONTE ALEGRE DE MINAS,Pedestre andava na pista,Atropelamento de Pedestre,Com Vítimas Fatais,Plena Noite,Crescente,Céu Claro,Múltipla,Reta,Sim,3,1,0,0,1,1,0,1,"-18,87591","-48,87553",SPRF-MG,DEL15-MG,UOP03-DEL15-MG
352013.0,2021-04-15,quinta-feira,22:11:00,MG,40.0,552,NOVA LIMA,Animais na Pista,Colisão com objeto,Com Vítimas Feridas,Plena Noite,Crescente,Céu Claro,Simples,Reta,Sim,1,0,1,0,0,0,1,1,"-20,06084086","-43,97716423",SPRF-MG,DEL01-MG,UOP02-DEL01-MG
352014.0,2021-04-15,quinta-feira,22:00:00,MG,381.0,448,SANTA LUZIA,Área urbana sem a presença de local apropriado para a travessia de pedestres,Atropelamento de Pedestre,Com Vítimas Fatais,Plena Noite,Decrescente,Céu Claro,Simples,Reta,Sim,2,1,0,0,0,1,0,1,"-19,82178144","-43,81193161",SPRF-MG,DEL01-MG,UOP01-DEL01-MG
352015.0,2021-04-15,quinta-feira,22:00:00,MG,262.0,"34,5",MANHUACU,Conversão proibida,Colisão transversal,Com Vítimas Feridas,Plena Noite,Crescente,Céu Claro,Simples,Curva,Não,2,0,1,0,0,1,1,2,"-20,25692664","-42,01099203",SPRF-MG,DEL06-MG,UOP04-DEL06-MG
352020.0,2021-01-17,domingo,14:20:00,MG,116.0,"635,1",DIVINO,Acessar a via sem observar a presença dos outros veículos,Colisão lateral sentido oposto,Com Vítimas Feridas,Pleno dia,Crescente,Céu Claro,Simples,Curva,Não,3,0,2,0,0,1,2,2,"-20,6269077","-42,22298361",SPRF-MG,DEL07-MG,UOP03-DEL07-MG
352037.0,2021-04-16,sexta-feira,03:00:00,MG,365.0,751,ITUIUTABA,Ausência de reação do condutor,Tombamento,Com Vítimas Feridas,Plena Noite,Crescente,Céu Claro,Dupla,Reta,Não,1,0,1,0,0,0,1,1,"-18,94555","-49,45521",SPRF-MG,DEL15-MG,UOP03-DEL15-MG
352057.0,2021-04-16,sexta-feira,04:40:00,MG,40.0,589,ITABIRITO,Demais falhas mecânicas ou elétricas,Incêndio,Sem Vítimas,Plena Noite,Crescente,Nublado,Simples,Curva,Sim,1,0,0,0,0,1,0,1,"-20,36807799","-43,90982881",SPRF-MG,DEL01-MG,UOP02-DEL01-MG
352059.0,2021-04-16,sexta-feira,07:35:00,MG,116.0,328,CAMPANARIO,Condutor Dormindo,Saída de leito carroçável,Sem Vítimas,Pleno dia,Crescente,Céu Claro,Simples,Reta,Não,2,0,0,0,1,1,0,1,"-18,22394402","-41,71822293",SPRF-MG,DEL11-MG,UOP01-DEL11-MG
352064.0,2021-02-18,quinta-feira,07:35:00,MG,381.0,486,BETIM,Trafegar com motocicleta (ou similar) entre as faixas,Queda de ocupante de veículo,Com Vítimas Feridas,Pleno dia,Decrescente,Garoa/Chuvisco,Dupla,Reta,Sim,1,0,0,1,0,0,1,1,"-19,95644414","-44,13611598",SPRF-MG,DEL01-MG,UOP03-DEL01-MG
352072.0,2021-04-16,sexta-feira,08:20:00,MG,116.0,"636,7",DIVINO,Velocidade Incompatível,Capotamento,Com Vítimas Feridas,Pleno dia,Decrescente,Céu Claro,Simples,Curva,Não,4,0,3,0,1,0,3,1,"-20,61653758","-42,22436428",SPRF-MG,DEL07-MG,UOP03-DEL07-MG
352085.0,2021-04-16,sexta-feira,09:40:00,MG,381.0,521,BRUMADINHO,Velocidade Incompatível,Queda de ocupante de veículo,Com Vítimas Feridas,Pleno dia,Crescente,Céu Claro,Dupla,Curva,Não,1,0,1,0,0,0,1,1,"-20,13846621","-44,31715274",SPRF-MG,DEL04-MG,UOP03-DEL04-MG
352096.0,2021-04-16,sexta-feira,10:35:00,MG,40.0,"545,5",BELO HORIZONTE,Avarias e/ou desgaste excessivo no pneu,Queda de ocupante de veículo,Com Vítimas Feridas,Pleno dia,Decrescente,Céu Claro,Dupla,Reta,Não,2,0,2,0,0,0,2,1,"-20,00670404","-43,96418668",SPRF-MG,DEL01-MG,UOP02-DEL01-MG
352113.0,2021-02-11,quinta-feira,10:45:00,MG,381.0,"768,7",CAMPANHA,Velocidade Incompatível,Saída de leito carroçável,Com Vítimas Feridas,Pleno dia,Crescente,Garoa/Chuvisco,Dupla,Reta,Não,4,0,2,0,2,0,2,1,"-21,77370307","-45,42761992",SPRF-MG,DEL16-MG,UOP02-DEL16-MG
352125.0,2021-02-15,segunda-feira,10:15:00,MG,40.0,39,PARACATU,Reação tardia ou ineficiente do condutor,Colisão com objeto,Com Vítimas Feridas,Pleno dia,Decrescente,Nublado,Simples,Interseção de vias,Sim,1,0,1,0,0,0,1,1,"-17,21128483","-46,89011999",SPRF-MG,DEL14-MG,UOP01-DEL14-MG
352129.0,2021-03-07,domingo,03:00:00,MG,381.0,"343,6",BELA VISTA DE MINAS,Curva acentuada,Saída de leito carroçável,Com Vítimas Feridas,Plena Noite,Decrescente,Nevoeiro/Neblina,Simples,Curva,Não,2,0,1,0,1,0,1,1,"-19,83457906","-43,09644699",SPRF-MG,DEL03-MG,UOP01-DEL03-MG
352131.0,2021-04-16,sexta-feira,14:15:00,MG,262.0,875,CAMPO FLORIDO,Pedestre cruzava a pista fora da faixa,Atropelamento de Pedestre,Com Vítimas Feridas,Pleno dia,Crescente,Céu Claro,Simples,Reta,Sim,2,0,1,0,0,1,1,1,"-19,76783437","-48,57909679",SPRF-MG,DEL13-MG,UOP01-DEL13-MG
352141.0,2021-02-19,sexta-feira,13:55:00,MG,116.0,"161,4",PONTO DOS VOLANTES,Velocidade Incompatível,Colisão com objeto,Com Vítimas Feridas,Pleno dia,Decrescente,Nublado,Simples,Ponte,Não,1,0,0,1,0,0,1,1,"-16,94236685","-41,45959948",SPRF-MG,DEL11-MG,UOP02-DEL11-MG
352142.0,2021-04-04,domingo,11:25:00,MG,116.0,276,TEOFILO OTONI,Ingestão de álcool pelo condutor,Saída de leito carroçável,Sem Vítimas,Plena Noite,Decrescente,Céu Claro,Simples,Interseção de vias,Sim,1,0,0,0,1,0,0,1,"-17,85105696","-41,51454492",SPRF-MG,DEL11-MG,UOP01-DEL11-MG
352153.0,2021-04-16,sexta-feira,17:30:00,MG,251.0,"506,4",FRANCISCO SA,Velocidade Incompatível,Saída de leito carroçável,Com Vítimas Feridas,Anoitecer,Crescente,Nublado,Simples,Não Informado,Não,2,0,1,0,0,1,1,1,"-16,61894941","-43,6887828",SPRF-MG,DEL12-MG,UOP01-DEL12-MG
352183.0,2021-04-16,sexta-feira,19:00:00,MG,262.0,390,PARA DE MINAS,Iluminação deficiente,Saída de leito carroçável,Com Vítimas Feridas,Plena Noite,Crescente,Céu Claro,Dupla,Não Informado,Não,2,0,2,0,0,0,2,1,"-19,91449042","-44,49866295",SPRF-MG,DEL01-MG,UOP03-DEL01-MG
352208.0,2021-04-16,sexta-feira,21:00:00,MG,40.0,"784,1",JUIZ DE FORA,Reação tardia ou ineficiente do condutor,Saída de leito carroçável,Com Vítimas Feridas,Plena Noite,Decrescente,Céu Claro,Dupla,Curva,Não,2,0,2,0,0,0,2,1,"-21,71178893","-43,44743099",SPRF-MG,DEL05-MG,UOP01-DEL05-MG
352241.0,2021-04-16,sexta-feira,21:45:00,MG,40.0,"655,8",CRISTIANO OTONI,Velocidade Incompatível,Saída de leito carroçável,Com Vítimas Feridas,Plena Noite,Decrescente,Céu Claro,Simples,Curva,Não,1,0,1,0,0,0,1,1,"-20,86473467","-43,79728163",SPRF-MG,DEL05-MG,UOP02-DEL05-MG
352242.0,2021-04-16,sexta-feira,22:00:00,MG,40.0,"655,8",CRISTIANO OTONI,Obstrução na via,Colisão lateral sentido oposto,Com Vítimas Feridas,Plena Noite,Crescente,Céu Claro,Simples,Reta,Não,5,0,3,0,2,0,3,3,"-20,86473467","-43,79728163",SPRF-MG,DEL05-MG,UOP02-DEL05-MG
352294.0,2021-04-17,sábado,10:55:00,MG,40.0,555,NOVA LIMA,Ausência de reação do condutor,Queda de ocupante de veículo,Com Vítimas Feridas,Pleno dia,Crescente,Céu Claro,Dupla,Não Informado,Sim,2,0,1,1,0,0,2,2,"-20,08472706","-43,97697012",SPRF-MG,DEL01-MG,UOP02-DEL01-MG
352299.0,2021-04-17,sábado,11:30:00,MG,381.0,"507,8",SAO JOAQUIM DE BICAS,Reação tardia ou ineficiente do condutor,Colisão traseira,Com Vítimas Feridas,Pleno dia,Crescente,Céu Claro,Múltipla,Reta,Sim,5,0,1,0,4,0,1,2,"-20,05643192","-44,28663308",SPRF-MG,DEL01-MG,UOP03-DEL01-MG
352324.0,2021-04-17,sábado,13:20:00,MG,381.0,"613,9",OLIVEIRA,Velocidade Incompatível,Saída de leito carroçável,Com Vítimas Feridas,Pleno dia,Crescente,Céu Claro,Dupla,Não Informado,Não,2,0,2,0,0,0,2,1,"-20,707182","-44,75475",SPRF-MG,DEL04-MG,UOP01-DEL04-MG
352327.0,2021-04-17,sábado,13:30:00,MG,116.0,715,MURIAE,Demais falhas mecânicas ou elétricas,Incêndio,Sem Vítimas,Pleno dia,Decrescente,Sol,Simples,Não Informado,Não,1,0,0,0,1,0,0,1,"-21,19362592","-42,37665307",SPRF-MG,DEL07-MG,UOP02-DEL07-MG
352335.0,2021-04-17,sábado,15:50:00,MG,381.0,509,SAO JOAQUIM DE BICAS,Ingestão de álcool pelo condutor,Tombamento,Com Vítimas Feridas,Pleno dia,Decrescente,Sol,Dupla,Interseção de vias,Sim,1,0,1,0,0,0,1,1,"-20,07008","-44,298819",SPRF-MG,DEL01-MG,UOP03-DEL01-MG
352346.0,2021-04-17,sábado,16:30:00,MG,40.0,511,RIBEIRAO DAS NEVES,Estacionar ou parar em local proibido,Colisão traseira,Com Vítimas Feridas,Pleno dia,Decrescente,Céu Claro,Dupla,Reta,Sim,2,0,1,0,1,0,1,2,"-19,78164295","-44,11733194",SPRF-MG,DEL01-MG,UOP02-DEL01-MG
352351.0,2021-04-17,sábado,16:20:00,MG,116.0,44,PEDRA AZUL,Pista esburacada,Saída de leito carroçável,Com Vítimas Feridas,Pleno dia,Crescente,Nublado,Simples,Reta,Não,2,0,0,2,0,0,2,1,"-16,01333999","-41,4189103",SPRF-MG,DEL11-MG,UOP02-DEL11-MG
352352.0,2021-04-17,sábado,17:00:00,MG,365.0,614,UBERLANDIA,Conversão proibida,Colisão transversal,Com Vítimas Feridas,Pleno dia,Crescente,Céu Claro,Simples,Reta,Sim,2,0,1,0,1,0,1,2,"-18,884602","-48,26594",SPRF-MG,DEL15-MG,UOP01-DEL15-MG
352359.0,2021-04-17,sábado,15:55:00,MG,116.0,"593,6",MANHUACU,Ingestão de álcool pelo condutor,Colisão com objeto,Sem Vítimas,Pleno dia,Crescente,Céu Claro,Simples,Curva,Não,1,0,0,0,1,0,0,1,"-20,27877125","-42,14511164",SPRF-MG,DEL06-MG,UOP04-DEL06-MG
352381.0,2021-04-17,sábado,18:50:00,MG,262.0,"366,1",JUATUBA,Ingestão de álcool pelo condutor,Saída de leito carroçável,Com Vítimas Feridas,Plena Noite,Decrescente,Céu Claro,Dupla,Não Informado,Não,1,0,1,0,0,0,1,1,"-19,97445359","-44,26197518",SPRF-MG,DEL01-MG,UOP03-DEL01-MG
352403.0,2021-04-17,sábado,19:14:00,MG,50.0,178,UBERABA,Reação tardia ou ineficiente do condutor,Colisão com objeto,Sem Vítimas,Plena Noite,Decrescente,Céu Claro,Dupla,Não Informado,Sim,1,0,0,0,1,0,0,1,"-19,77896821","-47,94093599",SPRF-MG,DEL13-MG,UOP01-DEL13-MG
352404.0,2021-04-17,sábado,20:20:00,MG,50.0,123,UBERABA,Avarias e/ou desgaste excessivo no pneu,Tombamento,Com Vítimas Feridas,Plena Noite,Crescente,Nublado,Dupla,Reta,Não,1,0,1,0,0,0,1,1,"-19,33326318","-48,09913641",SPRF-MG,DEL13-MG,UOP01-DEL13-MG
352406.0,2021-04-17,sábado,20:30:00,MG,40.0,510,RIBEIRAO DAS NEVES,Demais falhas mecânicas ou elétricas,Tombamento,Com Vítimas Feridas,Plena Noite,Decrescente,Céu Claro,Dupla,Reta,Não,1,0,1,0,0,0,1,1,"-19,77463885","-44,12321882",SPRF-MG,DEL01-MG,UOP02-DEL01-MG
352421.0,2021-04-17,sábado,21:50:00,MG,50.0,193,DELTA,Pedestre cruzava a pista fora da faixa,Atropelamento de Pedestre,Com Vítimas Fatais,Plena Noite,Decrescente,Céu Claro,Dupla,Não Informado,Não,4,1,0,0,2,1,0,1,"-19,87965993","-47,85365089",SPRF-MG,DEL13-MG,UOP01-DEL13-MG
352429.0,2021-04-17,sábado,23:15:00,MG,364.0,"30,5",FRUTAL,Afundamento ou ondulação no pavimento,Atropelamento de Pedestre,Com Vítimas Feridas,Plena Noite,Decrescente,Garoa/Chuvisco,Simples,Reta,Sim,2,0,0,1,0,1,1,1,"-20,025185","-48,94096",SPRF-MG,DEL13-MG,UOP02-DEL13-MG