id,data_inversa,dia_semana,horario,uf,br,km,municipio,causa_acidente,tipo_acidente,classificacao_acidente,fase_dia,sentido_via,condicao_metereologica,tipo_pista,tracado_via,uso_solo,pessoas,mortos,feridos_leves,feridos_graves,ilesos,ignorados,feridos,veiculos,latitude,longitude,regional,delegacia,uop
352436.0,2021-04-17,sábado,22:00:00,MG,40.0,"52,9",PARACATU,Ultrapassagem Indevida,Colisão com objeto,Sem Vítimas,Plena Noite,Crescente,Céu Claro,Simples,Curva,Não,1,0,0,0,0,1,0,1,"-17,25177895","-46,78868177",SPRF-MG,DEL14-MG,UOP01-DEL14-MG
352443.0,2021-04-17,sábado,23:50:00,MG,381.0,"873,9",ESTIVA,Velocidade Incompatível,Capotamento,Com Vítimas Feridas,Plena Noite,Crescente,Nublado,Dupla,Curva,Não,2,0,2,0,0,0,2,1,"-22,450796","-46,000139",SPRF-MG,DEL16-MG,UOP01-DEL16-MG
352491.0,2021-04-17,sábado,20:15:00,MG,116.0,529,CARATINGA,Velocidade Incompatível,Atropelamento de Pedestre,Com Vítimas Feridas,Plena Noite,Crescente,Céu Claro,Dupla,Reta,Sim,2,0,2,0,0,0,2,1,"-19,78876949","-42,13621796",SPRF-MG,DEL06-MG,UOP02-DEL06-MG
352507.0,2021-02-18,quinta-feira,17:00:00,MG,40.0,"479,9",SETE LAGOAS,Chuva,Saída de leito carroçável,Com Vítimas Feridas,Pleno dia,Decrescente,Chuva,Dupla,Não Informado,Não,3,0,3,0,0,0,3,1,"-19,540798","-44,250375",SPRF-MG,DEL02-MG,UOP01-DEL02-MG
352557.0,2021-04-18,domingo,15:20:00,MG,381.0,752,TRES CORACOES,Condutor Dormindo,Tombamento,Com Vítimas Feridas,Pleno dia,Decrescente,Nublado,Simples,Curva,Não,1,0,1,0,0,0,1,1,"-21,67246754","-45,33430028",SPRF-MG,DEL16-MG,UOP02-DEL16-MG
352568.0,2021-04-18,domingo,17:30:00,MG,381.0,913,CAMANDUCAIA,Chuva,Colisão com objeto,Sem Vítimas,Pleno dia,Crescente,Chuva,Dupla,Não Informado,Não,1,0,0,0,1,0,0,1,"-22,75390001","-46,146503",SPRF-MG,DEL16-MG,UOP03-DEL16-MG
352588.0,2021-04-18,domingo,19:00:00,MG,381.0,501,BETIM,Reação tardia ou ineficiente do condutor,Colisão traseira,Com Vítimas Feridas,Plena Noite,Decrescente,Céu Claro,Dupla,Reta,Não,2,0,2,0,0,0,2,2,"-20,03146447","-44,2377893",SPRF-MG,DEL01-MG,UOP03-DEL01-MG
352595.0,2021-04-18,domingo,18:11:00,MG,365.0,625,UBERLANDIA,Manobra de mudança de faixa,Colisão lateral mesmo sentido,Sem Vítimas,Anoitecer,Crescente,Céu Claro,Dupla,Curva,Sim,2,0,0,0,2,0,0,1,"-18,90995156","-48,30333352",SPRF-MG,DEL15-MG,UOP01-DEL15-MG
352601.0,2021-04-18,domingo,16:10:00,MG,356.0,282,EUGENOPOLIS,Reação tardia ou ineficiente do condutor,Saída de leito carroçável,Com Vítimas Feridas,Pleno dia,Decrescente,Nublado,Simples,Curva,Não,4,0,3,1,0,0,4,1,"-21,12328604","-42,227459",SPRF-MG,DEL07-MG,UOP02-DEL07-MG
352608.0,2021-04-18,domingo,18:00:00,MG,50.0,"79,8",UBERLANDIA,Ausência de reação do condutor,Queda de ocupante de veículo,Com Vítimas Feridas,Anoitecer,Decrescente,Céu Claro,Dupla,Não Informado,Sim,3,0,0,2,0,1,2,1,"-18,986906","-48,211853",SPRF-MG,DEL15-MG,UOP01-DEL15-MG
352613.0,2021-04-18,domingo,20:30:00,MG,381.0,510,SAO JOAQUIM DE BICAS,Trafegar com motocicleta (ou similar) entre as faixas,Colisão lateral mesmo sentido,Com Vítimas Feridas,Plena Noite,Decrescente,Céu Claro,Dupla,Reta,Sim,4,0,1,0,2,1,1,3,"-20,07738209","-44,30434488",SPRF-MG,DEL01-MG,UOP03-DEL01-MG
352619.0,2021-04-18,domingo,08:32:00,MG,40.0,"458,9",CAETANOPOLIS,Velocidade Incompatível,Saída de leito carroçável,Com Vítimas Feridas,Plena Noite,Decrescente,Nublado,Dupla,Curva,Sim,2,0,1,0,0,1,1,1,"-19,380294","-44,33825395",SPRF-MG,DEL02-MG,UOP01-DEL02-MG
352626.0,2021-04-18,domingo,21:40:00,MG,251.0,"505,9",FRANCISCO SA,Pedestre andava na pista,Atropelamento de Pedestre,Com Vítimas Feridas,Plena Noite,Crescente,Céu Claro,Simples,Não Informado,Não,2,0,1,1,0,0,2,1,"-16,61623136","-43,68084596",SPRF-MG,DEL12-MG,UOP01-DEL12-MG
352636.0,2021-04-18,domingo,20:30:00,MG,262.0,"405,2",PARA DE MINAS,Velocidade Incompatível,Capotamento,Com Vítimas Feridas,Plena Noite,Decrescente,Céu Claro,Dupla,Curva,Não,1,0,0,1,0,0,1,1,"-19,88921326","-44,58977508",SPRF-MG,DEL01-MG,UOP03-DEL01-MG
352646.0,2021-04-18,domingo,22:20:00,MG,40.0,"529,3",CONTAGEM,Ausência de reação do condutor,Tombamento,Com Vítimas Feridas,Plena Noite,Crescente,Nublado,Dupla,Curva,Sim,1,0,1,0,0,0,1,1,"-19,91635592","-44,03966566",SPRF-MG,DEL01-MG,UOP02-DEL01-MG
352653.0,2021-04-19,segunda-feira,00:05:00,MG,381.0,"887,2",ESTIVA,Ingestão de álcool pelo condutor,Colisão com objeto,Sem Vítimas,Plena Noite,Crescente,Nublado,Dupla,Reta,Não,1,0,0,0,1,0,0,1,"-22,52004949","-46,02229953",SPRF-MG,DEL16-MG,UOP03-DEL16-MG
352659.0,2021-04-19,segunda-feira,03:30:00,MG,40.0,"634,1",CONSELHEIRO LAFAIETE,Condutor Dormindo,Saída de leito carroçável,Com Vítimas Fatais,Plena Noite,Decrescente,Céu Claro,Simples,Curva,Não,2,2,0,0,0,0,0,1,"-20,694992","-43,789871",SPRF-MG,DEL05-MG,UOP02-DEL05-MG
352663.0,2021-04-19,segunda-feira,00:10:00,MG,116.0,371,FREI INOCENCIO,Ausência de reação do condutor,Colisão traseira,Sem Vítimas,Plena Noite,Decrescente,Céu Claro,Simples,Reta,Não,2,0,0,0,2,0,0,2,"-18,5460679","-41,90227418",SPRF-MG,DEL11-MG,UOP01-DEL11-MG
352668.0,2021-04-19,segunda-feira,06:40:00,MG,381.0,637,SANTO ANTONIO DO AMPARO,Velocidade Incompatível,Saída de leito carroçável,Com Vítimas Feridas,Pleno dia,Decrescente,Nublado,Dupla,Não Informado,Não,3,0,2,0,1,0,2,1,"-20,89963404","-44,85537595",SPRF-MG,DEL04-MG,UOP01-DEL04-MG
352699.0,2021-04-19,segunda-feira,07:28:00,MG,40.0,515,RIBEIRAO DAS NEVES,Manobra de mudança de faixa,Colisão lateral mesmo sentido,Com Vítimas Feridas,Pleno dia,Crescente,Nublado,Dupla,Reta,Sim,3,0,1,0,2,0,1,3,"-19,8090079","-44,09493479",SPRF-MG,DEL01-MG,UOP02-DEL01-MG
352711.0,2021-04-19,segunda-feira,08:40:00,MG,267.0,"21,8",ARGIRITA,Problema na suspensão,Colisão com objeto,Sem Vítimas,Pleno dia,Crescente,Garoa/Chuvisco,Simples,Curva,Não,2,0,0,0,2,0,0,1,"-21,59274447","-42,78538272",SPRF-MG,DEL07-MG,UOP01-DEL07-MG
352728.0,2021-04-19,segunda-feira,11:25:00,MG,116.0,"38,9",PEDRA AZUL,Acessar a via sem observar a presença dos outros veículos,Colisão transversal,Com Vítimas Feridas,Pleno dia,Decrescente,Sol,Simples,Curva,Não,2,0,1,0,1,0,1,2,"-15,96601299","-41,40367703",SPRF-MG,DEL11-MG,UOP02-DEL11-MG
352743.0,2021-04-19,segunda-feira,13:50:00,MG,40.0,"500,6",ESMERALDAS,Pedestre andava na pista,Atropelamento de Pedestre,Com Vítimas Feridas,Pleno dia,Crescente,Céu Claro,Dupla,Não Informado,Sim,2,0,0,1,1,0,1,1,"-19,70348","-44,17139",SPRF-MG,DEL02-MG,UOP01-DEL02-MG
352760.0,2021-04-19,segunda-feira,15:00:00,MG,381.0,"865,3",POUSO ALEGRE,Velocidade Incompatível,Saída de leito carroçável,Com Vítimas Feridas,Pleno dia,Decrescente,Céu Claro,Dupla,Não Informado,Não,1,0,0,1,0,0,1,1,"-22,39502394","-45,95810707",SPRF-MG,DEL16-MG,UOP01-DEL16-MG
352769.0,2021-04-19,segunda-feira,08:50:00,MG,50.0,"19,9",UBERLANDIA,Ausência de reação do condutor,Tombamento,Com Vítimas Feridas,Pleno dia,Crescente,Céu Claro,Dupla,Curva,Sim,1,0,1,0,0,0,1,1,"-18,936451","-48,206203",SPRF-MG,DEL15-MG,UOP01-DEL15-MG
352771.0,2021-04-19,segunda-feira,14:45:00,MG,262.0,399,PARA DE MINAS,Velocidade Incompatível,Saída de leito carroçável,Com Vítimas Feridas,Pleno dia,Crescente,Céu Claro,Dupla,Reta,Sim,2,0,1,1,0,0,2,1,"-19,90311456","-44,534",SPRF-MG,DEL01-MG,UOP03-DEL01-MG
352793.0,2021-04-19,segunda-feira,08:20:00,MG,116.0,"504,5",INHAPIM,Acessar a via sem observar a presença dos outros veículos,Colisão transversal,Com Vítimas Feridas,Pleno dia,Crescente,Céu Claro,Simples,Reta,Não,2,0,1,0,1,0,1,2,"-19,584798","-42,112937",SPRF-MG,DEL06-MG,UOP02-DEL06-MG
352794.0,2021-04-19,segunda-feira,17:20:00,MG,40.0,524,CONTAGEM,Trafegar com motocicleta (ou similar) entre as faixas,Colisão lateral mesmo sentido,Com Vítimas Feridas,Anoitecer,Decrescente,Céu Claro,Dupla,Reta,Não,2,0,1,0,1,0,1,2,"-19,8754469","-44,05345586",SPRF-MG,DEL01-MG,UOP02-DEL01-MG
352800.0,2021-04-19,segunda-feira,18:00:00,MG,40.0,"758,5",EWBANK DA CAMARA,Condutor deixou de manter distância do veículo da frente,Tombamento,Com Vítimas Feridas,Anoitecer,Decrescente,Garoa/Chuvisco,Simples,Reta,Sim,2,0,1,0,1,0,1,2,"-21,55351243","-43,50772804",SPRF-MG,DEL05-MG,UOP01-DEL05-MG
352820.0,2021-04-19,segunda-feira,07:50:00,MG,365.0,"624,2",UBERLANDIA,Manobra de mudança de faixa,Colisão com objeto,Com Vítimas Feridas,Pleno dia,Decrescente,Céu Claro,Dupla,Reta,Sim,3,0,2,0,1,0,2,3,"-18,90754763","-48,3160669",SPRF-MG,DEL15-MG,UOP01-DEL15-MG
352842.0,2021-04-19,segunda-feira,13:00:00,MG,116.0,"409,9",GOVERNADOR VALADARES,Conversão proibida,Colisão transversal,Com Vítimas Feridas,Pleno dia,Decrescente,Nublado,Dupla,Reta,Sim,2,0,0,1,1,0,1,2,"-18,84936788","-41,97891368",SPRF-MG,DEL06-MG,UOP01-DEL06-MG
352889.0,2021-04-20,terça-feira,06:45:00,MG,40.0,550,NOVA LIMA,Condutor usando celular,Colisão traseira,Com Vítimas Feridas,Pleno dia,Crescente,Céu Claro,Múltipla,Reta,Não,2,0,1,0,1,0,1,2,"-20,0477638","-43,96439441",SPRF-MG,DEL01-MG,UOP02-DEL01-MG
352897.0,2021-04-20,terça-feira,06:00:00,MG,116.0,816,ALEM PARAIBA,Condutor Dormindo,Saída de leito carroçável,Com Vítimas Feridas,Amanhecer,Crescente,Céu Claro,Simples,Não Informado,Não,3,0,3,0,0,0,3,1,"-21,86902523","-42,67084185",SPRF-MG,DEL07-MG,UOP01-DEL07-MG
352920.0,2021-04-20,terça-feira,10:45:00,MG,262.0,359,JUATUBA,Condutor Dormindo,Saída de leito carroçável,Com Vítimas Feridas,Pleno dia,Decrescente,Céu Claro,Dupla,Reta,Não,1,0,1,0,0,0,1,1,"-19,97853835","-44,25456619",SPRF-MG,DEL01-MG,UOP03-DEL01-MG
352941.0,2021-04-20,terça-feira,13:15:00,MG,381.0,"309,1",ANTONIO DIAS,Entrada inopinada do pedestre,Atropelamento de Pedestre,Com Vítimas Feridas,Pleno dia,Crescente,Céu Claro,Simples,Não Informado,Não,3,0,0,1,1,1,1,1,"-19,656227","-42,958355",SPRF-MG,DEL03-MG,UOP02-DEL03-MG
352951.0,2021-04-20,terça-feira,11:30:00,MG,116.0,573,MANHUACU,Acessar a via sem observar a presença dos outros veículos,Colisão transversal,Com Vítimas Feridas,Pleno dia,Crescente,Céu Claro,Simples,Interseção de vias,Não,3,0,0,2,1,0,2,2,"-20,13004403","-42,17794986",SPRF-MG,DEL06-MG,UOP04-DEL06-MG
352952.0,2021-04-20,terça-feira,15:10:00,MG,262.0,"34,1",MANHUACU,Desrespeitar a preferência no cruzamento,Colisão transversal,Com Vítimas Feridas,Pleno dia,Crescente,Céu Claro,Simples,Rotatória,Não,3,0,1,0,2,0,1,2,"-20,25692664","-42,01099203",SPRF-MG,DEL06-MG,UOP04-DEL06-MG
352955.0,2021-04-20,terça-feira,15:15:00,MG,381.0,"921,1",CAMANDUCAIA,Velocidade Incompatível,Saída de leito carroçável,Com Vítimas Feridas,Pleno dia,Decrescente,Nublado,Dupla,Não Informado,Não,1,0,1,0,0,0,1,1,"-22,76168434","-46,16913642",SPRF-MG,DEL16-MG,UOP03-DEL16-MG
352975.0,2021-04-20,terça-feira,17:14:00,MG,40.0,572,ITABIRITO,Conversão proibida,Colisão transversal,Com Vítimas Feridas,Anoitecer,Crescente,Céu Claro,Dupla,Reta,Não,2,0,0,1,1,0,1,2,"-20,23058501","-43,96905104",SPRF-MG,DEL01-MG,UOP02-DEL01-MG
353009.0,2021-04-20,terça-feira,19:30:00,MG,381.0,850,POUSO ALEGRE,Acumulo de areia ou detritos sobre o pavimento,Colisão com objeto,Com Vítimas Feridas,Plena Noite,Decrescente,Céu Claro,Simples,Não Informado,Sim,1,0,1,0,0,0,1,1,"-22,24053482","-45,88111401",SPRF-MG,DEL16-MG,UOP01-DEL16-MG
353094.0,2021-04-21,quarta-feira,08:40:00,MG,116.0,"704,8",MURIAE,Condutor deixou de manter distância do veículo da frente,Colisão traseira,Com Vítimas Feridas,Pleno dia,Decrescente,Céu Claro,Simples,Reta,Sim,2,0,1,0,1,0,1,2,"-21,13416858","-42,38722798",SPRF-MG,DEL07-MG,UOP02-DEL07-MG
353118.0,2021-04-21,quarta-feira,11:00:00,MG,381.0,"801,6",SAO GONCALO DO SAPUCAI,Frear bruscamente,Queda de ocupante de veículo,Com Vítimas Feridas,Pleno dia,Crescente,Céu Claro,Dupla,Curva,Não,2,0,1,0,0,1,1,1,"-21,98436367","-45,64717924",SPRF-MG,DEL16-MG,UOP02-DEL16-MG
353127.0,2021-04-21,quarta-feira,11:45:00,MG,116.0,"304,9",ITAMBACURI,Curva acentuada,Tombamento,Com Vítimas Fatais,Pleno dia,Crescente,Céu Claro,Simples,Curva,Não,1,1,0,0,0,0,0,1,"-18,02424603","-41,64791895",SPRF-MG,DEL11-MG,UOP01-DEL11-MG
353139.0,2021-01-23,sábado,18:30:00,MG,365.0,"753,9",ITUIUTABA,Ultrapassagem Indevida,Colisão frontal,Com Vítimas Fatais,Anoitecer,Decrescente,Sol,Simples,Não Informado,Sim,5,1,0,2,0,2,2,2,"-18,96479108","-49,48122025",SPRF-MG,DEL15-MG,UOP03-DEL15-MG
353151.0,2021-04-21,quarta-feira,15:53:00,MG,381.0,537,ITATIAIUCU,Reação tardia ou ineficiente do condutor,Saída de leito carroçável,Com Vítimas Feridas,Pleno dia,Decrescente,Céu Claro,Múltipla,Reta,Não,4,0,2,0,2,0,2,1,"-20,23206636","-44,39955388",SPRF-MG,DEL04-MG,UOP03-DEL04-MG
353164.0,2021-04-21,quarta-feira,17:25:00,MG,381.0,330,NOVA ERA,Velocidade Incompatível,Colisão com objeto,Com Vítimas Feridas,Anoitecer,Crescente,Céu Claro,Dupla,Curva,Não,2,0,1,0,1,0,1,2,"-19,78715144","-43,05117784",SPRF-MG,DEL03-MG,UOP01-DEL03-MG
353165.0,2021-04-21,quarta-feira,17:20:00,MG,116.0,"524,5",CARATINGA,Ausência de reação do condutor,Queda de ocupante de veículo,Com Vítimas Feridas,Anoitecer,Crescente,Nublado,Simples,Reta,Sim,1,0,1,0,0,0,1,1,"-19,76027352","-42,13398823",SPRF-MG,DEL06-MG,UOP02-DEL06-MG
353181.0,2021-04-21,quarta-feira,18:50:00,MG,40.0,"518,9",RIBEIRAO DAS NEVES,Avarias e/ou desgaste excessivo no pneu,Saída de leito carroçável,Com Vítimas Feridas,Plena Noite,Decrescente,Nublado,Dupla,Reta,Sim,2,0,1,0,1,0,1,2,"-19,8321242","-44,08208533",SPRF-MG,DEL01-MG,UOP02-DEL01-MG
353184.0,2021-04-21,quarta-feira,18:50:00,MG,262.0,"39,3",MANHUACU,Condutor deixou de manter distância do veículo da frente,Colisão traseira,Com Vítimas Feridas,Plena Noite,Decrescente,Céu Claro,Simples,Reta,Sim,3,0,1,0,2,0,1,2,"-20,27165802","-42,03950458",SPRF-MG,DEL06-MG,UOP04-DEL06-MG
353189.0,2021-04-21,quarta-feira,19:10:00,MG,40.0,"787,6",JUIZ DE FORA,Animais na Pista,Atropelamento de Animal,Com Vítimas Feridas,Plena Noite,Decrescente,Céu Claro,Dupla,Reta,Não,1,0,1,0,0,0,1,1,"-21,73607735","-43,44262787",SPRF-MG,DEL05-MG,UOP01-DEL05-MG
353196.0,2021-04-21,quarta-feira,20:05:00,MG,40.0,"678,5",CARANDAI,Reação tardia ou ineficiente do condutor,Colisão frontal,Com Vítimas Fatais,Plena Noite,Crescente,Céu Claro,Simples,Reta,Não,4,1,1,1,0,1,2,2,"-21,037403","-43,7702179",SPRF-MG,DEL05-MG,UOP02-DEL05-MG
353199.0,2021-04-21,quarta-feira,20:00:00,MG,50.0,"70,8",UBERLANDIA,Pista esburacada,Tombamento,Com Vítimas Feridas,Plena Noite,Decrescente,Céu Claro,Dupla,Reta,Sim,1,0,1,0,0,0,1,1,"-18,85140204","-48,25345932",SPRF-MG,DEL15-MG,UOP01-DEL15-MG
353250.0,2021-04-22,quinta-feira,05:40:00,MG,381.0,"868,9",POUSO ALEGRE,Condutor Dormindo,Saída de leito carroçável,Com Vítimas Feridas,Amanhecer,Crescente,Chuva,Dupla,Reta,Sim,2,0,1,0,1,0,1,1,"-22,42008488","-45,96507626",SPRF-MG,DEL16-MG,UOP01-DEL16-MG
353265.0,2021-04-22,quinta-feira,07:40:00,MG,40.0,521,RIBEIRAO DAS NEVES,Manobra de mudança de faixa,Colisão transversal,Com Vítimas Feridas,Pleno dia,Crescente,Céu Claro,Dupla,Reta,Não,3,0,1,0,2,0,1,2,"-19,85651501","-44,07213222",SPRF-MG,DEL01-MG,UOP02-DEL01-MG
353269.0,2021-04-22,quinta-feira,06:50:00,MG,116.0,"392,1",GOVERNADOR VALADARES,Conversão proibida,Colisão transversal,Com Vítimas Feridas,Pleno dia,Crescente,Céu Claro,Simples,Curva,Não,4,0,3,0,0,1,3,3,"-18,695992","-41,983919",SPRF-MG,DEL06-MG,UOP01-DEL06-MG
353295.0,2021-04-22,quinta-feira,11:50:00,MG,381.0,"498,5",BETIM,Reação tardia ou ineficiente do condutor,Saída de leito carroçável,Com Vítimas Feridas,Pleno dia,Crescente,Céu Claro,Dupla,Não Informado,Sim,1,0,0,1,0,0,1,1,"-20,01172662","-44,21976041",SPRF-MG,DEL01-MG,UOP03-DEL01-MG
353299.0,2021-04-22,quinta-feira,12:15:00,MG,40.0,"532,8",BELO HORIZONTE,Reação tardia ou ineficiente do condutor,Colisão traseira,Com Vítimas Feridas,Pleno dia,Crescente,Céu Claro,Dupla,Não Informado,Sim,3,0,1,0,2,0,1,3,"-19,92372561","-44,01700789",SPRF-MG,DEL01-MG,UOP02-DEL01-MG
353309.0,2021-04-22,quinta-feira,14:00:00,MG,116.0,"668,5",MIRADOURO,Condutor deixou de manter distância do veículo da frente,Colisão traseira,Com Vítimas Feridas,Pleno dia,Decrescente,Sol,Simples,Não Informado,Não,3,0,1,1,1,0,2,2,"-20,84235876","-42,32612729",SPRF-MG,DEL07-MG,UOP03-DEL07-MG
353323.0,2021-04-22,quinta-feira,15:10:00,MG,381.0,502,BETIM,Manobra de mudança de faixa,Colisão traseira,Com Vítimas Feridas,Pleno dia,Crescente,Céu Claro,Múltipla,Não Informado,Sim,2,0,1,0,0,1,1,2,"-20,01823419","-44,22675133",SPRF-MG,DEL01-MG,UOP03-DEL01-MG
353335.0,2021-04-22,quinta-feira,16:10:00,MG,50.0,69,UBERLANDIA,Demais falhas na via,Queda de ocupante de veículo,Com Vítimas Feridas,Pleno dia,Crescente,Céu Claro,Dupla,Reta,Sim,1,0,1,0,0,0,1,1,"-18,85140204","-48,25345932",SPRF-MG,DEL15-MG,UOP01-DEL15-MG
353338.0,2021-04-22,quinta-feira,16:40:00,MG,116.0,"520,1",UBAPORANGA,Pedestre cruzava a pista fora da faixa,Atropelamento de Pedestre,Com Vítimas Feridas,Pleno dia,Decrescente,Céu Claro,Simples,Reta,Não,2,0,0,1,1,0,1,1,"-19,72594839","-42,13212852",SPRF-MG,DEL06-MG,UOP02-DEL06-MG
353341.0,2021-04-22,quinta-feira,16:50:00,MG,381.0,503,BETIM,Desrespeitar a preferência no cruzamento,Colisão transversal,Com Vítimas Feridas,Pleno dia,Crescente,Céu Claro,Simples,Interseção de vias,Sim,2,0,1,0,1,0,1,2,"-20,02251841","-44,22926188",SPRF-MG,DEL01-MG,UOP03-DEL01-MG
353354.0,2021-04-22,quinta-feira,17:00:00,MG,40.0,564,NOVA LIMA,Manobra de mudança de faixa,Colisão frontal,Com Vítimas Fatais,Pleno dia,Crescente,Céu Claro,Simples,Reta,Sim,4,2,0,0,2,0,0,3,"-20,16651078","-43,96528959",SPRF-MG,DEL01-MG,UOP02-DEL01-MG
353357.0,2021-04-22,quinta-feira,17:00:00,MG,381.0,"687,7",LAVRAS,Reação tardia ou ineficiente do condutor,Tombamento,Com Vítimas Feridas,Pleno dia,Decrescente,Céu Claro,Dupla,Não Informado,Não,1,0,1,0,0,0,1,1,"-21,20874401","-45,12332598",SPRF-MG,DEL04-MG,UOP02-DEL04-MG
353386.0,2021-04-22,quinta-feira,08:10:00,MG,116.0,276,TEOFILO OTONI,Ausência de reação do condutor,Queda de ocupante de veículo,Com Vítimas Feridas,Pleno dia,Crescente,Céu Claro,Simples,Reta,Sim,1,0,1,0,0,0,1,1,"-17,85105696","-41,51454492",SPRF-MG,DEL11-MG,UOP01-DEL11-MG
353388.0,2021-04-22,quinta-feira,11:30:00,MG,116.0,"193,5",CARAI,Ausência de reação do condutor,Saída de leito carroçável,Com Vítimas Feridas,Pleno dia,Decrescente,Céu Claro,Simples,Reta,Não,1,0,0,1,0,0,1,1,"-17,18459593","-41,48605058",SPRF-MG,DEL11-MG,UOP01-DEL11-MG
353400.0,2021-04-22,quinta-feira,21:10:00,MG,116.0,"522,5",CARATINGA,Velocidade Incompatível,Saída de leito carroçável,Com Vítimas Feridas,Plena Noite,Decrescente,Céu Claro,Simples,Reta,Não,1,0,1,0,0,0,1,1,"-19,74300101","-42,13231969",SPRF-MG,DEL06-MG,UOP02-DEL06-MG
353415.0,2021-04-22,quinta-feira,17:00:00,MG,365.0,417,PATOS DE MINAS,Conversão proibida,Colisão traseira,Sem Vítimas,Pleno dia,Decrescente,Céu Claro,Simples,Reta,Não,2,0,0,0,2,0,0,2,"-18,686628","-46,578346",SPRF-MG,DEL10-MG,UOP01-DEL10-MG
353416.0,2021-01-17,domingo,09:45:00,MG,50.0,49,ARAGUARI,Reação tardia ou ineficiente do condutor,Tombamento,Com Vítimas Feridas,Pleno dia,Crescente,Nublado,Dupla,Curva,Não,1,0,0,1,0,0,1,1,"-18,73001552","-48,22061517",SPRF-MG,DEL15-MG,UOP02-DEL15-MG
353419.0,2021-04-23,sexta-feira,05:30:00,MG,262.0,"444,1",NOVA SERRANA,Animais na Pista,Atropelamento de Animal,Com Vítimas Feridas,Amanhecer,Decrescente,Ignorado,Simples,Reta,Sim,1,0,0,1,0,0,1,1,"-19,881131","-44,931502",SPRF-MG,DEL08-MG,UOP03-DEL08-MG
353431.0,2021-04-23,sexta-feira,06:45:00,MG,116.0,"517,7",UBAPORANGA,Desrespeitar a preferência no cruzamento,Colisão transversal,Com Vítimas Feridas,Amanhecer,Crescente,Céu Claro,Simples,Reta,Não,3,0,1,0,1,1,1,2,"-19,70492713","-42,11720373",SPRF-MG,DEL06-MG,UOP02-DEL06-MG
353433.0,2021-04-23,sexta-feira,08:00:00,MG,365.0,"627,2",UBERLANDIA,Manobra de mudança de faixa,Colisão lateral mesmo sentido,Com Vítimas Feridas,Pleno dia,Decrescente,Sol,Múltipla,Não Informado,Sim,2,0,1,0,1,0,1,2,"-18,90359335","-48,34361612",SPRF-MG,DEL15-MG,UOP01-DEL15-MG
353447.0,2021-04-23,sexta-feira,06:40:00,MG,116.0,111,ITAOBIM,Reação tardia ou ineficiente do condutor,Saída de leito carroçável,Com Vítimas Feridas,Amanhecer,Decrescente,Céu Claro,Simples,Curva,Não,3,0,2,1,0,0,3,1,"-16,525054","-41,504687",SPRF-MG,DEL11-MG,UOP02-DEL11-MG
353461.0,2021-04-23,sexta-feira,11:30:00,MG,50.0,"70,3",UBERLANDIA,Pista esburacada,Tombamento,Com Vítimas Feridas,Pleno dia,Decrescente,Céu Claro,Dupla,Reta,Sim,1,0,1,0,0,0,1,1,"-18,892889","-48,252297",SPRF-MG,DEL15-MG,UOP01-DEL15-MG
353464.0,2021-04-23,sexta-feira,12:40:00,MG,40.0,"446,2",PARAOPEBA,Acumulo de areia ou detritos sobre o pavimento,Tombamento,Com Vítimas Feridas,Pleno dia,Decrescente,Céu Claro,Múltipla,Não Informado,Não,1,0,1,0,0,0,1,1,"-19,28815","-44,392",SPRF-MG,DEL02-MG,UOP01-DEL02-MG
353473.0,2021-04-23,sexta-feira,13:20:00,MG,40.0,580,ITABIRITO,Condutor Dormindo,Saída de leito carroçável,Com Vítimas Feridas,Pleno dia,Crescente,Céu Claro,Dupla,Reta,Não,1,0,1,0,0,0,1,1,"-20,29439498","-43,93886497",SPRF-MG,DEL01-MG,UOP02-DEL01-MG
353509.0,2021-04-23,sexta-feira,17:20:00,MG,50.0,70,UBERLANDIA,Ausência de reação do condutor,Colisão traseira,Com Vítimas Feridas,Plena Noite,Decrescente,Céu Claro,Dupla,Reta,Sim,3,0,2,0,1,0,2,2,"-18,89255","-48,25283",SPRF-MG,DEL15-MG,UOP01-DEL15-MG
353510.0,2021-04-23,sexta-feira,18:00:00,MG,40.0,"627,8",CONSELHEIRO LAFAIETE,Condutor deixou de manter distância do veículo da frente,Colisão traseira,Com Vítimas Feridas,Anoitecer,Decrescente,Céu Claro,Dupla,Curva,Sim,2,0,1,0,1,0,1,2,"-20,64595476","-43,81018373",SPRF-MG,DEL05-MG,UOP02-DEL05-MG
353542.0,2021-04-23,sexta-feira,18:10:00,MG,50.0,"14,9",ARAGUARI,Condutor Dormindo,Tombamento,Com Vítimas Feridas,Plena Noite,Crescente,Céu Claro,Dupla,Reta,Não,1,0,1,0,0,0,1,1,"-18,53888193","-48,04646111",SPRF-MG,DEL15-MG,UOP02-DEL15-MG
353553.0,2021-04-23,sexta-feira,16:00:00,MG,262.0,"445,3",NOVA SERRANA,Condutor deixou de manter distância do veículo da frente,Colisão traseira,Com Vítimas Feridas,Pleno dia,Decrescente,Céu Claro,Simples,Reta,Sim,2,0,1,0,1,0,1,2,"-19,87799664","-44,94086286",SPRF-MG,DEL08-MG,UOP03-DEL08-MG