id,data_inversa,dia_semana,horario,uf,br,km,municipio,causa_acidente,tipo_acidente,classificacao_acidente,fase_dia,sentido_via,condicao_metereologica,tipo_pista,tracado_via,uso_solo,pessoas,mortos,feridos_leves,feridos_graves,ilesos,ignorados,feridos,veiculos,latitude,longitude,regional,delegacia,uop
353560.0,2021-04-23,sexta-feira,21:30:00,MG,365.0,"460,8",PATROCINIO,Conversão proibida,Colisão frontal,Com Vítimas Feridas,Plena Noite,Crescente,Ignorado,Simples,Reta,Não,9,0,6,3,0,0,9,2,"-18,87","-46,902",SPRF-MG,DEL10-MG,UOP01-DEL10-MG
353578.0,2021-04-23,sexta-feira,14:29:00,MG,381.0,492,BETIM,Condutor deixou de manter distância do veículo da frente,Colisão traseira,Com Vítimas Feridas,Pleno dia,Decrescente,Céu Claro,Dupla,Reta,Sim,2,0,1,0,1,0,1,2,"-19,97490091","-44,19004301",SPRF-MG,DEL01-MG,UOP03-DEL01-MG
353579.0,2021-04-24,sábado,01:10:00,MG,262.0,"353,7",BETIM,Animais na Pista,Atropelamento de Animal,Com Vítimas Feridas,Plena Noite,Decrescente,Céu Claro,Dupla,Reta,Não,1,0,1,0,0,0,1,1,"-19,95947688","-44,15416308",SPRF-MG,DEL01-MG,UOP03-DEL01-MG
353589.0,2021-04-24,sábado,05:30:00,MG,153.0,"43,5",CANAPOLIS,Pedestre andava na pista,Atropelamento de Pedestre,Com Vítimas Fatais,Plena Noite,Decrescente,Céu Claro,Dupla,Reta,Não,2,1,0,0,0,1,0,1,"-18,76410695","-49,07452386",SPRF-MG,DEL15-MG,UOP03-DEL15-MG
353611.0,2021-04-24,sábado,08:45:00,MG,40.0,"770,7",JUIZ DE FORA,Ausência de reação do condutor,Tombamento,Com Vítimas Feridas,Pleno dia,Crescente,Céu Claro,Simples,Curva,Não,1,0,1,0,0,0,1,1,"-21,59924304","-43,4579108",SPRF-MG,DEL05-MG,UOP01-DEL05-MG
353618.0,2021-04-24,sábado,08:15:00,MG,50.0,17,UBERLANDIA,Reação tardia ou ineficiente do condutor,Queda de ocupante de veículo,Com Vítimas Feridas,Pleno dia,Crescente,Céu Claro,Dupla,Reta,Sim,2,0,2,0,0,0,2,2,"-18,9113","-48,2622",SPRF-MG,DEL15-MG,UOP01-DEL15-MG
353621.0,2021-04-24,sábado,08:45:00,MG,251.0,"472,7",FRANCISCO SA,Pista Escorregadia,Tombamento,Com Vítimas Feridas,Pleno dia,Crescente,Céu Claro,Simples,Curva,Não,1,0,1,0,0,0,1,1,"-16,4669101","-43,43947986",SPRF-MG,DEL12-MG,UOP01-DEL12-MG
353652.0,2021-03-10,quarta-feira,18:10:00,MG,251.0,465,FRANCISCO SA,Velocidade Incompatível,Colisão com objeto,Com Vítimas Feridas,Anoitecer,Crescente,Chuva,Simples,Curva,Não,2,0,1,0,1,0,1,1,"-16,45710399","-43,40386502",SPRF-MG,DEL12-MG,UOP01-DEL12-MG
353656.0,2021-04-24,sábado,13:10:00,MG,50.0,"78,1",UBERLANDIA,Avarias e/ou desgaste excessivo no pneu,Queda de ocupante de veículo,Com Vítimas Feridas,Pleno dia,Crescente,Céu Claro,Dupla,Reta,Não,1,0,1,0,0,0,1,1,"-18,986906","-48,211853",SPRF-MG,DEL15-MG,UOP01-DEL15-MG
353661.0,2021-04-24,sábado,17:00:00,MG,459.0,"60,6",IPUIUNA,Acessar a via sem observar a presença dos outros veículos,Colisão frontal,Com Vítimas Feridas,Anoitecer,Decrescente,Céu Claro,Simples,Reta,Sim,3,0,0,1,0,2,1,2,"-22,09985565","-46,1831975",SPRF-MG,DEL09-MG,UOP01-DEL09-MG
353663.0,2021-02-27,sábado,18:20:00,MG,40.0,"611,1",CONGONHAS,Ultrapassagem Indevida,Colisão frontal,Com Vítimas Feridas,Pleno dia,Crescente,Nublado,Simples,Reta,Sim,4,0,2,2,0,0,4,2,"-20,51043545","-43,84039195",SPRF-MG,DEL05-MG,UOP02-DEL05-MG
353669.0,2021-04-24,sábado,14:45:00,MG,262.0,168,SAO DOMINGOS DO PRATA,Manobra de mudança de faixa,Colisão traseira,Com Vítimas Feridas,Pleno dia,Decrescente,Céu Claro,Simples,Reta,Não,3,0,0,1,2,0,1,2,"-19,95764329","-42,90645393",SPRF-MG,DEL03-MG,UOP03-DEL03-MG
353685.0,2021-04-24,sábado,16:15:00,MG,381.0,454,SABARA,Acumulo de areia ou detritos sobre o pavimento,Queda de ocupante de veículo,Com Vítimas Feridas,Pleno dia,Crescente,Céu Claro,Simples,Curva,Não,1,0,0,1,0,0,1,1,"-19,85593827","-43,89662047",SPRF-MG,DEL01-MG,UOP01-DEL01-MG
353707.0,2021-04-24,sábado,19:30:00,MG,116.0,250,TEOFILO OTONI,Ultrapassagem Indevida,Colisão com objeto,Com Vítimas Feridas,Plena Noite,Crescente,Céu Claro,Simples,Não Informado,Não,4,0,2,0,2,0,2,1,"-17,643384","-41,496985",SPRF-MG,DEL11-MG,UOP01-DEL11-MG
353710.0,2021-04-24,sábado,22:00:00,MG,40.0,"496,8",ESMERALDAS,Pedestre cruzava a pista fora da faixa,Atropelamento de Pedestre,Com Vítimas Fatais,Plena Noite,Crescente,Céu Claro,Dupla,Reta,Não,2,1,0,0,1,0,0,1,"-19,67088766","-44,19355961",SPRF-MG,DEL02-MG,UOP01-DEL02-MG
353713.0,2021-04-24,sábado,22:40:00,MG,40.0,773,JUIZ DE FORA,Ausência de reação do condutor,Saída de leito carroçável,Com Vítimas Feridas,Plena Noite,Crescente,Céu Claro,Dupla,Reta,Não,3,0,3,0,0,0,3,1,"-21,62581762","-43,45044987",SPRF-MG,DEL05-MG,UOP01-DEL05-MG
353720.0,2021-04-24,sábado,22:30:00,MG,40.0,"700,3",BARBACENA,Transitar na contramão,Colisão frontal,Com Vítimas Feridas,Plena Noite,Crescente,Céu Claro,Simples,Curva,Sim,3,0,1,2,0,0,3,2,"-21,17760699","-43,75627477",SPRF-MG,DEL05-MG,UOP02-DEL05-MG
353740.0,2021-04-25,domingo,00:25:00,MG,381.0,"533,5",ITATIAIUCU,Velocidade Incompatível,Capotamento,Com Vítimas Feridas,Plena Noite,Decrescente,Céu Claro,Dupla,Curva,Não,2,0,1,1,0,0,2,1,"-20,19896036","-44,38641307",SPRF-MG,DEL04-MG,UOP03-DEL04-MG
353743.0,2021-04-25,domingo,01:05:00,MG,381.0,754,TRES CORACOES,Ausência de reação do condutor,Capotamento,Com Vítimas Feridas,Plena Noite,Decrescente,Céu Claro,Dupla,Reta,Não,1,0,1,0,0,0,1,1,"-21,6667098","-45,31532",SPRF-MG,DEL16-MG,UOP02-DEL16-MG
353778.0,2021-04-25,domingo,02:20:00,MG,116.0,"575,9",MANHUACU,Ingestão de álcool pelo condutor,Saída de leito carroçável,Com Vítimas Feridas,Plena Noite,Crescente,Nublado,Simples,Curva,Sim,1,0,0,1,0,0,1,1,"-20,14598091","-42,18538333",SPRF-MG,DEL06-MG,UOP04-DEL06-MG
353789.0,2021-01-19,terça-feira,08:15:00,MG,153.0,"118,5",PRATA,Ultrapassagem Indevida,Colisão lateral sentido oposto,Com Vítimas Feridas,Pleno dia,Decrescente,Sol,Simples,Reta,Não,13,0,9,1,3,0,10,3,"-19,3838615","-48,89782906",SPRF-MG,DEL15-MG,UOP03-DEL15-MG
353799.0,2021-04-25,domingo,10:30:00,MG,40.0,745,SANTOS DUMONT,Frear bruscamente,Colisão traseira,Com Vítimas Feridas,Pleno dia,Crescente,Céu Claro,Simples,Não Informado,Não,2,0,0,2,0,0,2,2,"-21,42474901","-43,55706568",SPRF-MG,DEL05-MG,UOP01-DEL05-MG
353801.0,2021-04-25,domingo,10:35:00,MG,381.0,"501,1",BETIM,Velocidade Incompatível,Colisão traseira,Com Vítimas Feridas,Pleno dia,Crescente,Céu Claro,Múltipla,Reta,Sim,2,0,1,0,1,0,1,2,"-20,03146447","-44,2377893",SPRF-MG,DEL01-MG,UOP03-DEL01-MG
353802.0,2021-04-25,domingo,09:10:00,MG,354.0,731,POUSO ALTO,Velocidade Incompatível,Queda de ocupante de veículo,Com Vítimas Feridas,Pleno dia,Crescente,Céu Claro,Simples,Curva,Não,1,0,1,0,0,0,1,1,"-22,17071402","-44,96390985",SPRF-MG,DEL17-MG,UOP01-DEL17-MG
353810.0,2021-03-08,segunda-feira,11:10:00,MG,40.0,"631,6",CONSELHEIRO LAFAIETE,Conversão proibida,Colisão transversal,Com Vítimas Feridas,Pleno dia,Crescente,Céu Claro,Simples,Curva,Sim,2,0,0,1,1,0,1,2,"-20,67296169","-43,79755497",SPRF-MG,DEL05-MG,UOP02-DEL05-MG
353838.0,2021-04-25,domingo,15:18:00,MG,365.0,156,PIRAPORA,Manobra de mudança de faixa,Queda de ocupante de veículo,Com Vítimas Feridas,Pleno dia,Crescente,Céu Claro,Simples,Reta,Não,2,0,0,1,1,0,1,2,"-17,33324402","-44,89769078",SPRF-MG,DEL12-MG,UOP01-DEL12-MG
353847.0,2021-04-25,domingo,12:10:00,MG,381.0,"900,9",CAMBUI,Acumulo de óleo sobre o pavimento,Eventos atípicos,Com Vítimas Feridas,Pleno dia,Crescente,Céu Claro,Múltipla,Reta,Não,1,0,1,0,0,0,1,1,"-22,66197715","-46,08921986",SPRF-MG,DEL16-MG,UOP03-DEL16-MG
353856.0,2021-04-25,domingo,17:30:00,MG,40.0,566,NOVA LIMA,Acesso irregular,Colisão transversal,Com Vítimas Feridas,Pleno dia,Crescente,Céu Claro,Simples,Reta,Não,3,0,1,0,2,0,1,2,"-20,17884905","-43,96636352",SPRF-MG,DEL01-MG,UOP02-DEL01-MG
353859.0,2021-04-25,domingo,17:30:00,MG,262.0,"439,9",NOVA SERRANA,Ingestão de álcool pelo condutor,Colisão transversal,Com Vítimas Feridas,Pleno dia,Crescente,Céu Claro,Dupla,Não Informado,Sim,4,0,2,2,0,0,4,2,"-19,87591199","-44,94695663",SPRF-MG,DEL08-MG,UOP03-DEL08-MG
353860.0,2021-04-25,domingo,17:50:00,MG,40.0,499,ESMERALDAS,Acessar a via sem observar a presença dos outros veículos,Colisão traseira,Com Vítimas Feridas,Plena Noite,Crescente,Céu Claro,Dupla,Retorno Regulamentado,Não,5,0,5,0,0,0,5,2,"-19,69292612","-44,17828038",SPRF-MG,DEL02-MG,UOP01-DEL02-MG
353867.0,2021-04-25,domingo,17:50:00,MG,40.0,"551,5",NOVA LIMA,Reação tardia ou ineficiente do condutor,Colisão traseira,Com Vítimas Feridas,Anoitecer,Decrescente,Céu Claro,Dupla,Curva,Sim,3,0,1,0,2,0,1,3,"-20,05411435","-43,97101875",SPRF-MG,DEL01-MG,UOP02-DEL01-MG
353886.0,2021-04-25,domingo,17:15:00,MG,381.0,175,GOVERNADOR VALADARES,Manobra de mudança de faixa,Capotamento,Com Vítimas Feridas,Anoitecer,Decrescente,Céu Claro,Simples,Reta,Não,2,0,0,1,1,0,1,2,"-18,97753454","-42,09900856",SPRF-MG,DEL06-MG,UOP01-DEL06-MG
353890.0,2021-02-28,domingo,20:50:00,MG,40.0,506,RIBEIRAO DAS NEVES,Acessar a via sem observar a presença dos outros veículos,Colisão lateral mesmo sentido,Com Vítimas Feridas,Plena Noite,Crescente,Nublado,Dupla,Retorno Regulamentado,Sim,2,0,1,0,1,0,1,2,"-19,74716686","-44,14731173",SPRF-MG,DEL02-MG,UOP01-DEL02-MG
353929.0,2021-04-26,segunda-feira,00:15:00,MG,50.0,"95,8",UBERLANDIA,Ingestão de álcool pelo condutor,Colisão traseira,Com Vítimas Feridas,Plena Noite,Decrescente,Céu Claro,Dupla,Reta,Não,7,0,2,2,3,0,4,3,"-19,09239812","-48,1837074",SPRF-MG,DEL15-MG,UOP01-DEL15-MG
353955.0,2021-04-26,segunda-feira,06:15:00,MG,262.0,779,UBERABA,Objeto estático sobre o leito carroçável,Colisão com objeto,Com Vítimas Feridas,Amanhecer,Decrescente,Céu Claro,Simples,Reta,Não,1,0,0,1,0,0,1,1,"-19,73926371","-47,75334021",SPRF-MG,DEL13-MG,UOP01-DEL13-MG
353979.0,2021-04-20,terça-feira,18:20:00,MG,116.0,"462,1",ENGENHEIRO CALDAS,Deficiência do Sistema de Iluminação/Sinalização,Colisão traseira,Com Vítimas Feridas,Plena Noite,Crescente,Céu Claro,Simples,Reta,Não,2,0,0,2,0,0,2,2,"-19,25164892","-42,05946931",SPRF-MG,DEL06-MG,UOP02-DEL06-MG
354007.0,2021-04-26,segunda-feira,09:00:00,MG,251.0,"291,9",SALINAS,Ausência de reação do condutor,Saída de leito carroçável,Com Vítimas Feridas,Pleno dia,Crescente,Céu Claro,Simples,Não Informado,Não,4,0,4,0,0,0,4,1,"-16,06341279","-42,20495019",SPRF-MG,DEL11-MG,UOP02-DEL11-MG
354021.0,2021-04-26,segunda-feira,11:50:00,MG,40.0,"523,8",CONTAGEM,Ausência de reação do condutor,Colisão traseira,Com Vítimas Feridas,Pleno dia,Crescente,Céu Claro,Dupla,Reta,Sim,2,0,1,1,0,0,2,2,"-19,8735308","-44,0549612",SPRF-MG,DEL01-MG,UOP02-DEL01-MG
354028.0,2021-04-26,segunda-feira,13:00:00,MG,262.0,"406,8",PARA DE MINAS,Reação tardia ou ineficiente do condutor,Capotamento,Com Vítimas Feridas,Pleno dia,Crescente,Sol,Dupla,Reta,Não,2,0,2,0,0,0,2,1,"-19,88649","-44,599007",SPRF-MG,DEL01-MG,UOP03-DEL01-MG
354060.0,2021-04-26,segunda-feira,17:50:00,MG,381.0,300,ANTONIO DIAS,Manobra de mudança de faixa,Queda de ocupante de veículo,Com Vítimas Feridas,Anoitecer,Crescente,Nublado,Dupla,Reta,Não,2,0,2,0,0,0,2,1,"-19,636885","-42,89911294",SPRF-MG,DEL03-MG,UOP02-DEL03-MG
354080.0,2021-04-26,segunda-feira,18:10:00,MG,40.0,563,NOVA LIMA,Manobra de mudança de faixa,Colisão lateral mesmo sentido,Com Vítimas Feridas,Anoitecer,Decrescente,Nublado,Dupla,Curva,Sim,2,0,1,0,1,0,1,2,"-20,15607677","-43,96267176",SPRF-MG,DEL01-MG,UOP02-DEL01-MG
354118.0,2021-04-26,segunda-feira,21:40:00,MG,262.0,9,MARTINS SOARES,Velocidade Incompatível,Saída de leito carroçável,Com Vítimas Feridas,Plena Noite,Crescente,Nublado,Simples,Curva,Não,1,0,1,0,0,0,1,1,"-20,27401654","-41,77992663",SPRF-MG,DEL06-MG,UOP04-DEL06-MG
354140.0,2021-04-27,terça-feira,07:20:00,MG,50.0,"70,3",UBERLANDIA,Pista esburacada,Tombamento,Com Vítimas Feridas,Pleno dia,Decrescente,Céu Claro,Dupla,Reta,Sim,2,0,2,0,0,0,2,1,"-18,85140204","-48,25345932",SPRF-MG,DEL15-MG,UOP01-DEL15-MG
354155.0,2021-04-27,terça-feira,08:00:00,MG,381.0,"508,5",SAO JOAQUIM DE BICAS,Manobra de mudança de faixa,Colisão lateral mesmo sentido,Com Vítimas Feridas,Pleno dia,Crescente,Sol,Dupla,Reta,Sim,2,0,1,0,1,0,1,2,"-20,06277698","-44,29329002",SPRF-MG,DEL01-MG,UOP03-DEL01-MG
354156.0,2021-04-15,quinta-feira,14:00:00,MG,262.0,802,UBERABA,Entrada inopinada do pedestre,Atropelamento de Pedestre,Com Vítimas Feridas,Pleno dia,Decrescente,Céu Claro,Dupla,Reta,Sim,2,0,0,1,1,0,1,1,"-19,779234","-47,964844",SPRF-MG,DEL13-MG,UOP01-DEL13-MG
354172.0,2021-04-27,terça-feira,08:42:00,MG,381.0,"560,5",ITAGUARA,Demais falhas mecânicas ou elétricas,Queda de ocupante de veículo,Com Vítimas Feridas,Pleno dia,Crescente,Nublado,Dupla,Curva,Não,2,0,2,0,0,0,2,1,"-20,38551554","-44,48916608",SPRF-MG,DEL04-MG,UOP03-DEL04-MG
354176.0,2021-04-27,terça-feira,11:10:00,MG,459.0,102,POUSO ALEGRE,Transitar na contramão,Colisão frontal,Com Vítimas Feridas,Pleno dia,Crescente,Céu Claro,Dupla,Curva,Sim,2,0,0,1,1,0,1,2,"-22,2258234","-45,91195683",SPRF-MG,DEL16-MG,UOP01-DEL16-MG
354187.0,2021-04-27,terça-feira,11:20:00,MG,116.0,"277,8",TEOFILO OTONI,Manobra de mudança de faixa,Colisão lateral mesmo sentido,Com Vítimas Feridas,Pleno dia,Decrescente,Sol,Simples,Reta,Sim,2,0,1,0,1,0,1,2,"-17,859945","-41,515144",SPRF-MG,DEL11-MG,UOP01-DEL11-MG
354189.0,2021-04-27,terça-feira,11:30:00,MG,40.0,"478,8",SETE LAGOAS,Velocidade Incompatível,Tombamento,Com Vítimas Feridas,Pleno dia,Crescente,Chuva,Dupla,Não Informado,Não,2,0,2,0,0,0,2,1,"-19,53441","-44,25609",SPRF-MG,DEL02-MG,UOP01-DEL02-MG
354192.0,2021-04-27,terça-feira,09:05:00,MG,262.0,708,ARAXA,Condutor deixou de manter distância do veículo da frente,Saída de leito carroçável,Com Vítimas Feridas,Pleno dia,Crescente,Sol,Simples,Reta,Não,3,0,2,0,1,0,2,1,"-19,59268867","-47,12786008",SPRF-MG,DEL08-MG,UOP01-DEL08-MG
354211.0,2021-04-27,terça-feira,15:10:00,MG,146.0,"431,2",GUAXUPE,Velocidade Incompatível,Saída de leito carroçável,Com Vítimas Feridas,Pleno dia,Decrescente,Céu Claro,Simples,Curva,Não,5,0,1,0,4,0,1,1,"-21,306539","-46,662234",SPRF-MG,DEL09-MG,UOP01-DEL09-MG
354220.0,2021-04-27,terça-feira,16:05:00,MG,50.0,71,UBERLANDIA,Ausência de reação do condutor,Colisão traseira,Com Vítimas Feridas,Pleno dia,Decrescente,Céu Claro,Dupla,Reta,Sim,3,0,2,0,0,1,2,2,"-18,85140204","-48,25345932",SPRF-MG,DEL15-MG,UOP01-DEL15-MG
354222.0,2021-04-27,terça-feira,14:00:00,MG,262.0,"381,6",MATEUS LEME,Velocidade Incompatível,Saída de leito carroçável,Com Vítimas Feridas,Pleno dia,Crescente,Chuva,Dupla,Curva,Não,2,0,1,0,1,0,1,1,"-19,95008535","-44,379884",SPRF-MG,DEL01-MG,UOP03-DEL01-MG
354231.0,2021-04-27,terça-feira,12:30:00,MG,381.0,"792,5",SAO GONCALO DO SAPUCAI,Ausência de reação do condutor,Saída de leito carroçável,Com Vítimas Feridas,Pleno dia,Crescente,Céu Claro,Dupla,Reta,Não,1,0,1,0,0,0,1,1,"-21,91931581","-45,59934602",SPRF-MG,DEL16-MG,UOP02-DEL16-MG
354232.0,2021-04-27,terça-feira,17:30:00,MG,50.0,"74,9",UBERLANDIA,Reação tardia ou ineficiente do condutor,Colisão lateral mesmo sentido,Com Vítimas Feridas,Plena Noite,Crescente,Céu Claro,Dupla,Reta,Sim,2,0,1,0,0,1,1,2,"-18,91715","-48,222892",SPRF-MG,DEL15-MG,UOP01-DEL15-MG
354240.0,2021-04-27,terça-feira,16:09:00,MG,381.0,"699,3",LAVRAS,Reação tardia ou ineficiente do condutor,Queda de ocupante de veículo,Com Vítimas Feridas,Pleno dia,Crescente,Nublado,Dupla,Não Informado,Não,1,0,1,0,0,0,1,1,"-21,30546081","-45,15754917",SPRF-MG,DEL04-MG,UOP02-DEL04-MG
354242.0,2021-04-27,terça-feira,19:00:00,MG,365.0,"168,1",BURITIZEIRO,Acessar a via sem observar a presença dos outros veículos,Colisão transversal,Com Vítimas Feridas,Anoitecer,Crescente,Nublado,Simples,Interseção de vias,Não,2,0,1,0,1,0,1,2,"-17,38542984","-44,98850414",SPRF-MG,DEL12-MG,UOP01-DEL12-MG
354244.0,2021-04-27,terça-feira,18:55:00,MG,40.0,518,RIBEIRAO DAS NEVES,Condutor deixou de manter distância do veículo da frente,Colisão lateral mesmo sentido,Com Vítimas Feridas,Plena Noite,Crescente,Céu Claro,Dupla,Reta,Sim,2,0,1,0,1,0,1,2,"-19,8321242","-44,08208533",SPRF-MG,DEL01-MG,UOP02-DEL01-MG
354257.0,2021-03-14,domingo,14:00:00,MG,365.0,673,MONTE ALEGRE DE MINAS,Pista Escorregadia,Saída de leito carroçável,Com Vítimas Feridas,Pleno dia,Crescente,Chuva,Dupla,Reta,Não,3,0,3,0,0,0,3,1,"-18,869704","-48,756675",SPRF-MG,DEL15-MG,UOP01-DEL15-MG
354323.0,2021-04-28,quarta-feira,08:50:00,MG,40.0,512,CONTAGEM,Condutor deixou de manter distância do veículo da frente,Queda de ocupante de veículo,Com Vítimas Feridas,Pleno dia,Crescente,Céu Claro,Dupla,Retorno Regulamentado,Não,1,0,1,0,0,0,1,1,"-19,78946999","-44,11290699",SPRF-MG,DEL01-MG,UOP02-DEL01-MG
354339.0,2021-04-28,quarta-feira,09:30:00,MG,50.0,133,UBERABA,Velocidade Incompatível,Saída de leito carroçável,Com Vítimas Feridas,Pleno dia,Crescente,Sol,Dupla,Reta,Não,1,0,1,0,0,0,1,1,"-19,41574308","-48,07159033",SPRF-MG,DEL13-MG,UOP01-DEL13-MG
354351.0,2021-04-28,quarta-feira,11:00:00,MG,40.0,"40,9",PARACATU,Acessar a via sem observar a presença dos outros veículos,Colisão transversal,Com Vítimas Feridas,Plena Noite,Decrescente,Céu Claro,Simples,Reta,Sim,3,0,0,1,2,0,1,2,"-17,21013894","-46,88089301",SPRF-MG,DEL14-MG,UOP01-DEL14-MG
354358.0,2021-04-28,quarta-feira,12:00:00,MG,153.0,"95,9",PRATA,Demais falhas mecânicas ou elétricas,Saída de leito carroçável,Sem Vítimas,Pleno dia,Decrescente,Céu Claro,Simples,Reta,Não,1,0,0,0,1,0,0,1,"-19,19438108","-48,94446419",SPRF-MG,DEL15-MG,UOP03-DEL15-MG
354396.0,2021-04-28,quarta-feira,13:40:00,MG,50.0,178,UBERABA,Condutor deixou de manter distância do veículo da frente,Colisão traseira,Com Vítimas Feridas,Pleno dia,Decrescente,Céu Claro,Dupla,Reta,Sim,2,0,1,0,1,0,1,2,"-19,77896821","-47,94093599",SPRF-MG,DEL13-MG,UOP01-DEL13-MG
354397.0,2021-04-28,quarta-feira,16:50:00,MG,50.0,178,UBERABA,Velocidade Incompatível,Tombamento,Com Vítimas Feridas,Pleno dia,Decrescente,Sol,Dupla,Não Informado,Sim,1,0,1,0,0,0,1,1,"-19,77896821","-47,94093599",SPRF-MG,DEL13-MG,UOP01-DEL13-MG
354402.0,2021-04-28,quarta-feira,17:15:00,MG,50.0,71,UBERLANDIA,Condutor deixou de manter distância do veículo da frente,Colisão lateral mesmo sentido,Com Vítimas Feridas,Pleno dia,Crescente,Céu Claro,Dupla,Reta,Sim,2,0,0,1,1,0,1,2,"-18,85140204","-48,25345932",SPRF-MG,DEL15-MG,UOP01-DEL15-MG
354478.0,2021-04-29,quinta-feira,08:20:00,MG,153.0,"104,8",PRATA,Velocidade Incompatível,Saída de leito carroçável,Com Vítimas Feridas,Pleno dia,Decrescente,Céu Claro,Simples,Reta,Não,1,0,1,0,0,0,1,1,"-19,26347485","-48,92260343",SPRF-MG,DEL15-MG,UOP03-DEL15-MG
354483.0,2021-04-29,quinta-feira,08:01:00,MG,153.0,43,MONTE ALEGRE DE MINAS,Manobra de mudança de faixa,Colisão frontal,Com Vítimas Feridas,Amanhecer,Crescente,Céu Claro,Múltipla,Reta,Não,3,0,2,0,1,0,2,2,"-18,76410695","-49,07452386",SPRF-MG,DEL15-MG,UOP03-DEL15-MG
354485.0,2021-04-29,quinta-feira,09:30:00,MG,381.0,"477,7",CONTAGEM,Ultrapassagem Indevida,Colisão lateral mesmo sentido,Com Vítimas Feridas,Pleno dia,Decrescente,Sol,Múltipla,Reta,Sim,2,0,0,1,1,0,1,2,"-19,959669","-44,033836",SPRF-MG,DEL01-MG,UOP03-DEL01-MG
354537.0,2021-04-25,domingo,09:40:00,MG,116.0,"719,1",MURIAE,Declive acentuado,Tombamento,Com Vítimas Feridas,Pleno dia,Crescente,Céu Claro,Simples,Curva,Não,1,0,1,0,0,0,1,1,"-21,23756793","-42,39406193",SPRF-MG,DEL07-MG,UOP02-DEL07-MG
354548.0,2021-04-29,quinta-feira,16:45:00,MG,381.0,6,BETIM,Ausência de reação do condutor,Colisão com objeto,Com Vítimas Feridas,Pleno dia,Decrescente,Céu Claro,Dupla,Reta,Não,2,0,1,0,1,0,1,1,"-19,98915894","-44,19593811",SPRF-MG,DEL01-MG,UOP03-DEL01-MG
354550.0,2021-04-29,quinta-feira,16:30:00,MG,40.0,511,RIBEIRAO DAS NEVES,Acessar a via sem observar a presença dos outros veículos,Colisão traseira,Sem Vítimas,Pleno dia,Crescente,Céu Claro,Dupla,Não Informado,Não,2,0,0,0,2,0,0,2,"-19,78164295","-44,11733194",SPRF-MG,DEL01-MG,UOP02-DEL01-MG
354568.0,2021-04-29,quinta-feira,18:30:00,MG,40.0,547,NOVA LIMA,Reação tardia ou ineficiente do condutor,Colisão lateral mesmo sentido,Com Vítimas Feridas,Plena Noite,Decrescente,Céu Claro,Dupla,Não Informado,Sim,2,0,1,0,1,0,1,2,"-20,02252424","-43,97026042",SPRF-MG,DEL01-MG,UOP02-DEL01-MG
354584.0,2021-04-29,quinta-feira,07:20:00,MG,116.0,"416,3",GOVERNADOR VALADARES,Animais na Pista,Atropelamento de Animal,Com Vítimas Feridas,Pleno dia,Decrescente,Nublado,Simples,Reta,Sim,2,0,1,1,0,0,2,1,"-18,89215187","-41,94699543",SPRF-MG,DEL06-MG,UOP01-DEL06-MG
354588.0,2021-04-29,quinta-feira,20:00:00,MG,50.0,107,UBERABA,Pedestre andava na pista,Atropelamento de Pedestre,Com Vítimas Fatais,Plena Noite,Decrescente,Céu Claro,Dupla,Reta,Não,2,1,0,0,1,0,0,1,"-19,19903","-48,152104",SPRF-MG,DEL13-MG,UOP01-DEL13-MG
354621.0,2021-04-30,sexta-feira,04:35:00,MG,381.0,"480,9",CONTAGEM,Ingestão de álcool pelo condutor,Saída de leito carroçável,Sem Vítimas,Amanhecer,Crescente,Céu Claro,Múltipla,Retorno Regulamentado,Sim,1,0,0,0,1,0,0,1,"-19,9580211","-44,05712843",SPRF-MG,DEL01-MG,UOP03-DEL01-MG
354628.0,2021-04-30,sexta-feira,05:55:00,MG,40.0,"147,7",JOAO PINHEIRO,Entrada inopinada do pedestre,Atropelamento de Pedestre,Com Vítimas Feridas,Amanhecer,Crescente,Céu Claro,Simples,Reta,Não,5,0,0,1,4,0,1,1,"-17,76661664","-46,14857764",SPRF-MG,DEL14-MG,UOP02-DEL14-MG
354631.0,2021-02-27,sábado,15:45:00,MG,40.0,"448,8",CAETANOPOLIS,Avarias e/ou desgaste excessivo no pneu,Queda de ocupante de veículo,Com Vítimas Feridas,Pleno dia,Decrescente,Nublado,Dupla,Reta,Não,1,0,0,1,0,0,1,1,"-19,301651","-44,377922",SPRF-MG,DEL02-MG,UOP01-DEL02-MG
354632.0,2021-04-30,sexta-feira,07:10:00,MG,50.0,175,UBERABA,Reação tardia ou ineficiente do condutor,Engavetamento,Com Vítimas Feridas,Pleno dia,Crescente,Céu Claro,Dupla,Reta,Sim,3,0,1,0,2,0,1,3,"-19,77880359","-47,9695118",SPRF-MG,DEL13-MG,UOP01-DEL13-MG
354687.0,2021-04-30,sexta-feira,12:00:00,MG,381.0,357,JOAO MONLEVADE,Mal súbito do condutor,Colisão lateral sentido oposto,Com Vítimas Feridas,Pleno dia,Crescente,Céu Claro,Simples,Reta,Não,6,0,2,2,2,0,4,3,"-19,85175308","-43,213709",SPRF-MG,DEL03-MG,UOP01-DEL03-MG