id,data_inversa,dia_semana,horario,uf,br,km,municipio,causa_acidente,tipo_acidente,classificacao_acidente,fase_dia,sentido_via,condicao_metereologica,tipo_pista,tracado_via,uso_solo,pessoas,mortos,feridos_leves,feridos_graves,ilesos,ignorados,feridos,veiculos,latitude,longitude,regional,delegacia,uop
354696.0,2021-04-30,sexta-feira,13:10:00,MG,40.0,"799,3",JUIZ DE FORA,Velocidade Incompatível,Queda de ocupante de veículo,Com Vítimas Feridas,Pleno dia,Decrescente,Céu Claro,Múltipla,Curva,Não,1,0,0,1,0,0,1,1,"-21,82857001","-43,37364401",SPRF-MG,DEL05-MG,UOP01-DEL05-MG
354703.0,2021-04-30,sexta-feira,12:54:00,MG,381.0,"703,3",LAVRAS,Avarias e/ou desgaste excessivo no pneu,Queda de ocupante de veículo,Com Vítimas Feridas,Pleno dia,Crescente,Céu Claro,Dupla,Não Informado,Não,2,0,2,0,0,0,2,1,"-21,33409924","-45,17325694",SPRF-MG,DEL04-MG,UOP02-DEL04-MG
354796.0,2021-04-30,sexta-feira,17:10:00,MG,365.0,"362,5",VARJAO DE MINAS,Ingestão de álcool pelo condutor,Colisão traseira,Com Vítimas Feridas,Anoitecer,Crescente,Céu Claro,Simples,Reta,Não,2,0,1,0,1,0,1,2,"-18,44015791","-46,07395717",SPRF-MG,DEL10-MG,UOP01-DEL10-MG
354810.0,2021-04-30,sexta-feira,20:00:00,MG,262.0,791,UBERABA,Reação tardia ou ineficiente do condutor,Queda de ocupante de veículo,Com Vítimas Feridas,Plena Noite,Crescente,Céu Claro,Simples,Curva,Não,1,0,0,1,0,0,1,1,"-19,76328194","-47,85919501",SPRF-MG,DEL13-MG,UOP01-DEL13-MG
354861.0,2021-04-30,sexta-feira,23:20:00,MG,381.0,"225,1",BELO ORIENTE,Transitar na contramão,Colisão transversal,Com Vítimas Fatais,Plena Noite,Crescente,Nublado,Simples,Reta,Não,10,1,5,0,4,0,5,2,"-19,32412065","-42,41550504",SPRF-MG,DEL06-MG,UOP01-DEL06-MG
354873.0,2021-05-01,sábado,02:35:00,MG,50.0,177,UBERABA,Avarias e/ou desgaste excessivo no pneu,Colisão com objeto,Com Vítimas Feridas,Plena Noite,Crescente,Céu Claro,Dupla,Reta,Sim,1,0,0,1,0,0,1,1,"-19,77914852","-47,95047701",SPRF-MG,DEL13-MG,UOP01-DEL13-MG
354879.0,2021-05-01,sábado,05:00:00,MG,116.0,"589,8",MANHUACU,Condutor deixou de manter distância do veículo da frente,Colisão traseira,Sem Vítimas,Amanhecer,Crescente,Céu Claro,Simples,Curva,Sim,2,0,0,0,1,1,0,2,"-20,247452","-42,1437",SPRF-MG,DEL06-MG,UOP04-DEL06-MG
354892.0,2021-05-01,sábado,06:30:00,MG,381.0,"481,7",CONTAGEM,Ingestão de álcool pelo condutor,Colisão traseira,Sem Vítimas,Amanhecer,Crescente,Céu Claro,Múltipla,Reta,Sim,2,0,0,0,2,0,0,2,"-19,95931561","-44,08825597",SPRF-MG,DEL01-MG,UOP03-DEL01-MG
354896.0,2021-05-01,sábado,06:30:00,MG,40.0,"33,5",PARACATU,Demais falhas mecânicas ou elétricas,Incêndio,Sem Vítimas,Pleno dia,Crescente,Céu Claro,Simples,Reta,Não,5,0,0,0,5,0,0,1,"-17,18057512","-46,92660521",SPRF-MG,DEL14-MG,UOP01-DEL14-MG
354901.0,2021-05-01,sábado,06:00:00,MG,381.0,"397,5",BOM JESUS DO AMPARO,Ingestão de álcool pelo condutor,Colisão traseira,Com Vítimas Feridas,Pleno dia,Decrescente,Céu Claro,Dupla,Reta,Não,3,0,1,0,2,0,1,3,"-19,744564","-43,496796",SPRF-MG,DEL01-MG,UOP01-DEL01-MG
354907.0,2021-05-01,sábado,07:00:00,MG,262.0,"45,8",MANHUACU,Ausência de reação do condutor,Saída de leito carroçável,Com Vítimas Feridas,Pleno dia,Decrescente,Céu Claro,Simples,Reta,Não,2,0,0,1,0,1,1,1,"-20,26145201","-42,09686296",SPRF-MG,DEL06-MG,UOP04-DEL06-MG
354913.0,2021-05-01,sábado,09:00:00,MG,262.0,"359,5",BETIM,Demais falhas mecânicas ou elétricas,Queda de ocupante de veículo,Com Vítimas Feridas,Pleno dia,Crescente,Sol,Dupla,Reta,Não,2,0,2,0,0,0,2,1,"-19,98332234","-44,20214426",SPRF-MG,DEL01-MG,UOP03-DEL01-MG
354924.0,2021-05-01,sábado,08:50:00,MG,153.0,232,FRONTEIRA,Ausência de reação do condutor,Queda de ocupante de veículo,Com Vítimas Feridas,Pleno dia,Decrescente,Céu Claro,Simples,Reta,Não,1,0,1,0,0,0,1,1,"-20,24705204","-49,16684895",SPRF-MG,DEL13-MG,UOP02-DEL13-MG
354928.0,2021-05-01,sábado,10:30:00,MG,381.0,"481,3",CONTAGEM,Velocidade Incompatível,Tombamento,Com Vítimas Feridas,Pleno dia,Decrescente,Sol,Dupla,Reta,Sim,1,0,1,0,0,0,1,1,"-19,95931561","-44,08825597",SPRF-MG,DEL01-MG,UOP03-DEL01-MG
354932.0,2021-05-01,sábado,11:45:00,MG,381.0,"498,5",BETIM,Manobra de mudança de faixa,Colisão lateral mesmo sentido,Com Vítimas Feridas,Pleno dia,Decrescente,Céu Claro,Dupla,Reta,Não,2,0,1,0,1,0,1,2,"-19,99229457","-44,20690566",SPRF-MG,DEL01-MG,UOP03-DEL01-MG
354940.0,2021-05-01,sábado,10:50:00,MG,116.0,"415,1",GOVERNADOR VALADARES,Condutor deixou de manter distância do veículo da frente,Colisão traseira,Com Vítimas Feridas,Pleno dia,Crescente,Céu Claro,Simples,Reta,Sim,2,0,0,1,1,0,1,2,"-18,88401297","-41,94924399",SPRF-MG,DEL06-MG,UOP01-DEL06-MG
354943.0,2021-05-01,sábado,10:00:00,MG,116.0,"584,6",MANHUACU,Velocidade Incompatível,Tombamento,Com Vítimas Feridas,Pleno dia,Crescente,Céu Claro,Simples,Reta,Não,1,0,1,0,0,0,1,1,"-20,22302088","-42,17880872",SPRF-MG,DEL06-MG,UOP04-DEL06-MG
354944.0,2021-04-24,sábado,18:45:00,MG,262.0,"435,6",NOVA SERRANA,Transitar na contramão,Colisão frontal,Com Vítimas Feridas,Plena Noite,Decrescente,Céu Claro,Dupla,Reta,Sim,2,0,0,1,1,0,1,2,"-19,8838891","-44,91132421",SPRF-MG,DEL08-MG,UOP03-DEL08-MG
354945.0,2021-05-01,sábado,12:05:00,MG,381.0,548,RIO MANSO,Reação tardia ou ineficiente do condutor,Saída de leito carroçável,Com Vítimas Feridas,Pleno dia,Decrescente,Céu Claro,Dupla,Reta,Não,1,0,1,0,0,0,1,1,"-20,3102109","-44,44993116",SPRF-MG,DEL04-MG,UOP03-DEL04-MG
354946.0,2021-05-01,sábado,09:40:00,MG,116.0,"699,9",MURIAE,Condutor Dormindo,Saída de leito carroçável,Com Vítimas Feridas,Pleno dia,Decrescente,Sol,Simples,Não Informado,Não,1,0,1,0,0,0,1,1,"-21,09470198","-42,37369904",SPRF-MG,DEL07-MG,UOP02-DEL07-MG
354958.0,2021-05-01,sábado,16:00:00,MG,40.0,"129,5",JOAO PINHEIRO,Reação tardia ou ineficiente do condutor,Colisão traseira,Com Vítimas Feridas,Pleno dia,Crescente,Nublado,Simples,Reta,Sim,5,0,1,0,4,0,1,2,"-17,70565276","-46,28795385",SPRF-MG,DEL14-MG,UOP01-DEL14-MG
354993.0,2021-05-01,sábado,12:30:00,MG,116.0,273,TEOFILO OTONI,Reação tardia ou ineficiente do condutor,Colisão traseira,Com Vítimas Feridas,Pleno dia,Decrescente,Céu Claro,Simples,Reta,Não,1,0,1,0,0,0,1,1,"-17,82616139","-41,50619857",SPRF-MG,DEL11-MG,UOP01-DEL11-MG
355006.0,2021-05-01,sábado,18:35:00,MG,262.0,443,NOVA SERRANA,Velocidade Incompatível,Queda de ocupante de veículo,Com Vítimas Feridas,Plena Noite,Crescente,Céu Claro,Dupla,Reta,Não,1,0,0,1,0,0,1,1,"-19,88065393","-44,92197102",SPRF-MG,DEL08-MG,UOP03-DEL08-MG
355024.0,2021-05-01,sábado,19:15:00,MG,40.0,524,CONTAGEM,Pedestre andava na pista,Atropelamento de Pedestre,Com Vítimas Feridas,Plena Noite,Crescente,Nublado,Dupla,Reta,Sim,2,0,0,1,1,0,1,1,"-19,8754469","-44,05345586",SPRF-MG,DEL01-MG,UOP02-DEL01-MG
355036.0,2021-05-01,sábado,20:05:00,MG,146.0,"511,9",POCOS DE CALDAS,Ingestão de álcool pelo condutor,Colisão com objeto,Sem Vítimas,Plena Noite,Crescente,Céu Claro,Simples,Não Informado,Não,2,0,0,0,2,0,0,1,"-21,78195957","-46,43549681",SPRF-MG,DEL09-MG,UOP01-DEL09-MG
355042.0,2021-05-01,sábado,20:55:00,MG,381.0,449,SABARA,Reação tardia ou ineficiente do condutor,Tombamento,Com Vítimas Feridas,Plena Noite,Crescente,Céu Claro,Simples,Reta,Sim,1,0,1,0,0,0,1,1,"-19,82598014","-43,83544922",SPRF-MG,DEL01-MG,UOP01-DEL01-MG
355058.0,2021-05-01,sábado,21:40:00,MG,50.0,178,UBERABA,Ausência de reação do condutor,Colisão lateral mesmo sentido,Com Vítimas Feridas,Plena Noite,Decrescente,Céu Claro,Dupla,Não Informado,Sim,3,0,1,0,2,0,1,2,"-19,77896821","-47,94093599",SPRF-MG,DEL13-MG,UOP01-DEL13-MG
355124.0,2021-05-02,domingo,07:15:00,MG,40.0,566,NOVA LIMA,Condutor Dormindo,Tombamento,Com Vítimas Feridas,Pleno dia,Crescente,Céu Claro,Simples,Não Informado,Sim,2,0,2,0,0,0,2,2,"-20,17954224","-43,96651268",SPRF-MG,DEL01-MG,UOP02-DEL01-MG
355145.0,2021-05-02,domingo,10:00:00,MG,381.0,502,BETIM,Ausência de reação do condutor,Colisão com objeto,Com Vítimas Feridas,Pleno dia,Crescente,Nublado,Dupla,Reta,Sim,1,0,0,1,0,0,1,1,"-20,022142","-44,22949",SPRF-MG,DEL01-MG,UOP03-DEL01-MG
355152.0,2021-05-02,domingo,10:40:00,MG,381.0,877,ESTIVA,Velocidade Incompatível,Tombamento,Com Vítimas Feridas,Pleno dia,Crescente,Céu Claro,Dupla,Reta,Não,2,0,1,0,1,0,1,1,"-22,48184","-46,010895",SPRF-MG,DEL16-MG,UOP01-DEL16-MG
355159.0,2021-05-02,domingo,08:45:00,MG,381.0,331,NOVA ERA,Velocidade Incompatível,Saída de leito carroçável,Com Vítimas Feridas,Pleno dia,Crescente,Chuva,Dupla,Curva,Não,2,0,1,0,1,0,1,1,"-19,76245375","-43,04804217",SPRF-MG,DEL03-MG,UOP01-DEL03-MG
355160.0,2021-02-24,quarta-feira,20:05:00,MG,365.0,376,PATOS DE MINAS,Animais na Pista,Atropelamento de Animal,Com Vítimas Feridas,Plena Noite,Decrescente,Céu Claro,Dupla,Reta,Não,1,0,0,1,0,0,1,1,"-18,54013425","-46,18821401",SPRF-MG,DEL10-MG,UOP01-DEL10-MG
355170.0,2021-05-02,domingo,13:45:00,MG,40.0,"813,2",MATIAS BARBOSA,Velocidade Incompatível,Colisão com objeto,Com Vítimas Feridas,Pleno dia,Decrescente,Céu Claro,Dupla,Curva,Não,1,0,0,1,0,0,1,1,"-21,88425389","-43,32016989",SPRF-MG,DEL05-MG,UOP01-DEL05-MG
355185.0,2021-05-02,domingo,12:10:00,MG,262.0,379,JUATUBA,Velocidade Incompatível,Queda de ocupante de veículo,Com Vítimas Feridas,Pleno dia,Decrescente,Céu Claro,Dupla,Curva,Sim,2,0,2,0,0,0,2,1,"-19,95241506","-44,37342001",SPRF-MG,DEL01-MG,UOP03-DEL01-MG
355194.0,2021-05-02,domingo,16:10:00,MG,40.0,"617,7",CONGONHAS,Acessar a via sem observar a presença dos outros veículos,Colisão transversal,Com Vítimas Feridas,Pleno dia,Crescente,Nublado,Simples,Reta,Sim,2,0,1,0,1,0,1,2,"-20,55295397","-43,81450989",SPRF-MG,DEL05-MG,UOP02-DEL05-MG
355204.0,2021-05-02,domingo,17:00:00,MG,40.0,473,SETE LAGOAS,Velocidade Incompatível,Saída de leito carroçável,Com Vítimas Feridas,Pleno dia,Decrescente,Céu Claro,Múltipla,Reta,Não,2,0,2,0,0,0,2,1,"-19,496351","-44,27992",SPRF-MG,DEL02-MG,UOP01-DEL02-MG
355215.0,2021-05-02,domingo,14:00:00,MG,365.0,"562,5",INDIANOPOLIS,Demais falhas na via,Tombamento,Com Vítimas Feridas,Pleno dia,Decrescente,Sol,Simples,Reta,Não,1,0,0,1,0,0,1,1,"-18,922308","-47,787039",SPRF-MG,DEL15-MG,UOP02-DEL15-MG
355230.0,2021-05-02,domingo,19:05:00,MG,365.0,"414,9",PATOS DE MINAS,Ingestão de álcool pelo condutor,Saída de leito carroçável,Com Vítimas Feridas,Plena Noite,Decrescente,Céu Claro,Simples,Reta,Não,2,0,1,0,1,0,1,1,"-18,67542","-46,54618",SPRF-MG,DEL10-MG,UOP01-DEL10-MG
355273.0,2021-05-02,domingo,19:30:00,MG,50.0,192,UBERABA,Reação tardia ou ineficiente do condutor,Colisão traseira,Com Vítimas Feridas,Plena Noite,Decrescente,Céu Claro,Dupla,Não Informado,Não,6,0,3,0,1,2,3,3,"-19,87187797","-47,85892196",SPRF-MG,DEL13-MG,UOP01-DEL13-MG
355278.0,2021-05-02,domingo,20:30:00,MG,116.0,"375,5",MATHIAS LOBATO,Acessar a via sem observar a presença dos outros veículos,Colisão transversal,Com Vítimas Feridas,Plena Noite,Crescente,Nublado,Simples,Reta,Sim,2,0,1,0,0,1,1,2,"-18,61761616","-41,94030762",SPRF-MG,DEL06-MG,UOP01-DEL06-MG
355310.0,2021-05-03,segunda-feira,07:00:00,MG,40.0,"794,3",JUIZ DE FORA,Neblina,Colisão traseira,Com Vítimas Feridas,Amanhecer,Crescente,Nevoeiro/Neblina,Dupla,Não Informado,Sim,3,0,1,0,2,0,1,3,"-21,79449311","-43,41425031",SPRF-MG,DEL05-MG,UOP01-DEL05-MG
355311.0,2021-05-03,segunda-feira,05:40:00,MG,40.0,290,TRES MARIAS,Ultrapassagem Indevida,Colisão transversal,Com Vítimas Feridas,Amanhecer,Crescente,Céu Claro,Múltipla,Reta,Não,5,0,1,1,2,1,2,3,"-18,27944872","-45,14476572",SPRF-MG,DEL14-MG,UOP02-DEL14-MG
355330.0,2021-05-03,segunda-feira,06:30:00,MG,381.0,"760,3",TRES CORACOES,Demais Fenômenos da natureza,Saída de leito carroçável,Com Vítimas Feridas,Amanhecer,Decrescente,Sol,Dupla,Reta,Não,7,0,1,1,5,0,2,2,"-21,69694465","-45,36432445",SPRF-MG,DEL16-MG,UOP02-DEL16-MG
355333.0,2021-05-03,segunda-feira,08:30:00,MG,40.0,510,RIBEIRAO DAS NEVES,Ausência de reação do condutor,Colisão traseira,Com Vítimas Feridas,Pleno dia,Crescente,Nublado,Dupla,Não Informado,Não,2,0,1,0,1,0,1,2,"-19,77463885","-44,12321882",SPRF-MG,DEL01-MG,UOP02-DEL01-MG
355334.0,2021-05-03,segunda-feira,08:49:00,MG,381.0,891,CAMBUI,Velocidade Incompatível,Colisão com objeto,Com Vítimas Feridas,Pleno dia,Decrescente,Sol,Dupla,Reta,Sim,4,0,3,1,0,0,4,1,"-22,59361712","-46,05563886",SPRF-MG,DEL16-MG,UOP03-DEL16-MG
355354.0,2021-05-03,segunda-feira,10:00:00,MG,50.0,"70,5",UBERLANDIA,Condutor deixou de manter distância do veículo da frente,Colisão traseira,Sem Vítimas,Pleno dia,Decrescente,Céu Claro,Dupla,Não Informado,Sim,2,0,0,0,2,0,0,2,"-18,89079221","-48,25583696",SPRF-MG,DEL15-MG,UOP01-DEL15-MG
355394.0,2021-05-03,segunda-feira,15:05:00,MG,354.0,729,POUSO ALTO,Condutor deixou de manter distância do veículo da frente,Colisão traseira,Com Vítimas Feridas,Pleno dia,Crescente,Céu Claro,Simples,Não Informado,Não,2,0,1,0,1,0,1,2,"-22,15769397","-44,96393873",SPRF-MG,DEL17-MG,UOP01-DEL17-MG
355433.0,2021-05-03,segunda-feira,18:30:00,MG,40.0,471,SETE LAGOAS,Reação tardia ou ineficiente do condutor,Colisão traseira,Sem Vítimas,Plena Noite,Decrescente,Céu Claro,Dupla,Interseção de vias,Não,2,0,0,0,2,0,0,2,"-19,47543632","-44,29066576",SPRF-MG,DEL02-MG,UOP01-DEL02-MG
355465.0,2021-05-03,segunda-feira,17:45:00,MG,251.0,428,GRAO MOGOL,Demais falhas na via,Tombamento,Sem Vítimas,Anoitecer,Decrescente,Céu Claro,Simples,Curva,Não,1,0,0,0,1,0,0,1,"-16,34305409","-43,14477493",SPRF-MG,DEL12-MG,UOP01-DEL12-MG
355476.0,2021-05-03,segunda-feira,22:30:00,MG,116.0,"524,5",CARATINGA,Retorno proibido,Colisão lateral mesmo sentido,Com Vítimas Feridas,Plena Noite,Decrescente,Nublado,Simples,Reta,Sim,2,0,1,0,1,0,1,2,"-19,76027352","-42,13398823",SPRF-MG,DEL06-MG,UOP02-DEL06-MG
355502.0,2021-05-04,terça-feira,05:00:00,MG,50.0,"114,6",UBERABA,Ingestão de álcool pelo condutor,Saída de leito carroçável,Com Vítimas Feridas,Amanhecer,Crescente,Céu Claro,Dupla,Reta,Não,1,0,0,1,0,0,1,1,"-19,25772707","-48,13205017",SPRF-MG,DEL13-MG,UOP01-DEL13-MG
355504.0,2021-05-04,terça-feira,07:00:00,MG,381.0,330,NOVA ERA,Acessar a via sem observar a presença dos outros veículos,Colisão transversal,Com Vítimas Feridas,Pleno dia,Crescente,Céu Claro,Simples,Interseção de vias,Não,2,0,1,0,1,0,1,2,"-19,78715144","-43,05117784",SPRF-MG,DEL03-MG,UOP01-DEL03-MG
355534.0,2021-05-04,terça-feira,09:30:00,MG,365.0,522,MONTE CARMELO,Condutor deixou de manter distância do veículo da frente,Colisão traseira,Sem Vítimas,Pleno dia,Decrescente,Céu Claro,Simples,Reta,Sim,2,0,0,0,2,0,0,2,"-18,9119351","-47,4243047",SPRF-MG,DEL10-MG,UOP01-DEL10-MG
355539.0,2021-04-04,domingo,20:10:00,MG,40.0,632,CONSELHEIRO LAFAIETE,Ultrapassagem Indevida,Colisão lateral mesmo sentido,Com Vítimas Feridas,Plena Noite,Decrescente,Céu Claro,Simples,Reta,Sim,2,0,1,0,1,0,1,2,"-20,67348593","-43,7968977",SPRF-MG,DEL05-MG,UOP02-DEL05-MG
355554.0,2021-05-04,terça-feira,12:00:00,MG,262.0,"368,5",JUATUBA,Velocidade Incompatível,Colisão com objeto,Com Vítimas Feridas,Pleno dia,Decrescente,Céu Claro,Dupla,Reta,Sim,1,0,1,0,0,0,1,1,"-19,95978588","-44,33844924",SPRF-MG,DEL01-MG,UOP03-DEL01-MG
355569.0,2021-05-04,terça-feira,12:15:00,MG,381.0,776,CAMPANHA,Reação tardia ou ineficiente do condutor,Colisão com objeto,Com Vítimas Feridas,Pleno dia,Crescente,Céu Claro,Dupla,Curva,Não,3,0,2,0,1,0,2,1,"-21,81543894","-45,49238809",SPRF-MG,DEL16-MG,UOP02-DEL16-MG
355572.0,2021-05-04,terça-feira,13:47:00,MG,116.0,"124,1",ITAOBIM,Condutor Dormindo,Colisão com objeto,Sem Vítimas,Pleno dia,Decrescente,Sol,Dupla,Não Informado,Não,1,0,0,0,1,0,0,1,"-16,63600491","-41,50254588",SPRF-MG,DEL11-MG,UOP02-DEL11-MG
355597.0,2021-05-04,terça-feira,10:30:00,MG,50.0,"111,5",UBERABA,Velocidade Incompatível,Saída de leito carroçável,Com Vítimas Feridas,Pleno dia,Decrescente,Céu Claro,Dupla,Reta,Não,1,0,1,0,0,0,1,1,"-19,23226801","-48,14217502",SPRF-MG,DEL13-MG,UOP01-DEL13-MG
355619.0,2021-05-04,terça-feira,14:45:00,MG,116.0,505,INHAPIM,Acessar a via sem observar a presença dos outros veículos,Colisão transversal,Com Vítimas Feridas,Pleno dia,Crescente,Céu Claro,Simples,Reta,Não,2,0,1,0,1,0,1,2,"-19,6030931","-42,11376783",SPRF-MG,DEL06-MG,UOP02-DEL06-MG
355623.0,2021-05-04,terça-feira,17:45:00,MG,116.0,"526,4",CARATINGA,Acessar a via sem observar a presença dos outros veículos,Colisão transversal,Com Vítimas Feridas,Pleno dia,Decrescente,Céu Claro,Simples,Interseção de vias,Sim,3,0,1,0,0,2,1,2,"-19,77654011","-42,13327989",SPRF-MG,DEL06-MG,UOP02-DEL06-MG
355624.0,2021-05-04,terça-feira,19:00:00,MG,40.0,496,ESMERALDAS,Condutor deixou de manter distância do veículo da frente,Colisão traseira,Com Vítimas Feridas,Plena Noite,Decrescente,Céu Claro,Dupla,Não Informado,Não,1,0,1,0,0,0,1,1,"-19,67088766","-44,19355961",SPRF-MG,DEL02-MG,UOP01-DEL02-MG
355634.0,2021-05-04,terça-feira,19:26:00,MG,381.0,"491,5",BETIM,Demais falhas mecânicas ou elétricas,Tombamento,Com Vítimas Feridas,Plena Noite,Decrescente,Céu Claro,Dupla,Não Informado,Sim,2,0,2,0,0,0,2,1,"-19,96159097","-44,15553331",SPRF-MG,DEL01-MG,UOP03-DEL01-MG
355635.0,2021-05-04,terça-feira,19:45:00,MG,381.0,496,BETIM,Acessar a via sem observar a presença dos outros veículos,Colisão traseira,Com Vítimas Feridas,Plena Noite,Decrescente,Céu Claro,Dupla,Viaduto,Sim,1,0,1,0,0,0,1,1,"-19,99676497","-44,20958506",SPRF-MG,DEL01-MG,UOP03-DEL01-MG
355662.0,2021-05-04,terça-feira,17:00:00,MG,116.0,"314,4",ITAMBACURI,Transitar na contramão,Colisão lateral sentido oposto,Sem Vítimas,Pleno dia,Decrescente,Nublado,Simples,Não Informado,Não,3,0,0,0,2,1,0,2,"-18,107118","-41,691192",SPRF-MG,DEL11-MG,UOP01-DEL11-MG
355669.0,2021-05-04,terça-feira,22:00:00,MG,262.0,"427,8",SAO GONCALO DO PARA,Velocidade Incompatível,Saída de leito carroçável,Sem Vítimas,Plena Noite,Crescente,Vento,Dupla,Reta,Não,2,0,0,0,0,2,0,1,"-19,8850241","-44,77734698",SPRF-MG,DEL08-MG,UOP03-DEL08-MG
355695.0,2021-05-04,terça-feira,23:10:00,MG,116.0,"591,1",MANHUACU,Ausência de reação do condutor,Saída de leito carroçável,Com Vítimas Feridas,Plena Noite,Decrescente,Nublado,Simples,Curva,Não,1,0,1,0,0,0,1,1,"-20,26350393","-42,14180594",SPRF-MG,DEL06-MG,UOP04-DEL06-MG
355704.0,2021-05-05,quarta-feira,08:15:00,MG,40.0,"610,1",CONGONHAS,Manobra de mudança de faixa,Colisão lateral mesmo sentido,Com Vítimas Feridas,Pleno dia,Decrescente,Sol,Simples,Reta,Sim,3,0,1,0,2,0,1,2,"-20,506061","-43,838544",SPRF-MG,DEL05-MG,UOP02-DEL05-MG
355708.0,2021-05-05,quarta-feira,08:30:00,MG,267.0,"71,6",JUIZ DE FORA,Pedestre andava na pista,Atropelamento de Pedestre,Com Vítimas Fatais,Pleno dia,Crescente,Céu Claro,Simples,Reta,Não,3,1,0,0,1,1,0,1,"-21,74767662","-43,14143092",SPRF-MG,DEL05-MG,UOP01-DEL05-MG
355716.0,2021-05-05,quarta-feira,08:30:00,MG,251.0,"444,5",GRAO MOGOL,Pista Escorregadia,Saída de leito carroçável,Com Vítimas Feridas,Pleno dia,Crescente,Nublado,Simples,Curva,Não,3,0,3,0,0,0,3,1,"-16,41500882","-43,25228005",SPRF-MG,DEL12-MG,UOP01-DEL12-MG
355760.0,2021-02-05,sexta-feira,16:58:00,MG,40.0,"797,6",JUIZ DE FORA,Ausência de reação do condutor,Colisão traseira,Com Vítimas Feridas,Pleno dia,Decrescente,Nublado,Dupla,Reta,Sim,4,0,0,1,2,1,1,2,"-21,80377629","-43,30522538",SPRF-MG,DEL05-MG,UOP01-DEL05-MG
355767.0,2021-02-14,domingo,15:20:00,MG,116.0,"411,7",GOVERNADOR VALADARES,Condutor deixou de manter distância do veículo da frente,Tombamento,Com Vítimas Feridas,Pleno dia,Crescente,Céu Claro,Dupla,Reta,Sim,1,0,0,1,0,0,1,1,"-18,86244705","-41,97405237",SPRF-MG,DEL06-MG,UOP01-DEL06-MG
355775.0,2021-05-05,quarta-feira,15:50:00,MG,381.0,526,BRUMADINHO,Reação tardia ou ineficiente do condutor,Queda de ocupante de veículo,Com Vítimas Feridas,Pleno dia,Crescente,Céu Claro,Dupla,Não Informado,Não,2,0,1,0,1,0,1,1,"-20,16175378","-44,34144636",SPRF-MG,DEL04-MG,UOP03-DEL04-MG
355794.0,2021-05-05,quarta-feira,17:20:00,MG,40.0,"669,8",CARANDAI,Conversão proibida,Colisão transversal,Com Vítimas Feridas,Anoitecer,Crescente,Céu Claro,Simples,Reta,Não,2,0,1,0,1,0,1,2,"-20,95949689","-43,78978984",SPRF-MG,DEL05-MG,UOP02-DEL05-MG
355804.0,2021-05-05,quarta-feira,16:30:00,MG,153.0,210,FRUTAL,Ausência de reação do condutor,Saída de leito carroçável,Com Vítimas Feridas,Pleno dia,Crescente,Céu Claro,Dupla,Reta,Não,2,0,2,0,0,0,2,1,"-20,07281424","-49,07299961",SPRF-MG,DEL13-MG,UOP02-DEL13-MG
355813.0,2021-05-05,quarta-feira,20:10:00,MG,40.0,570,ITABIRITO,Transitar no acostamento,Atropelamento de Pedestre,Com Vítimas Feridas,Plena Noite,Decrescente,Nublado,Simples,Reta,Sim,2,0,1,0,0,1,1,1,"-20,21286706","-43,97263241",SPRF-MG,DEL01-MG,UOP02-DEL01-MG
355837.0,2021-05-05,quarta-feira,17:30:00,MG,459.0,"17,2",CALDAS,Pista Escorregadia,Tombamento,Com Vítimas Feridas,Pleno dia,Crescente,Céu Claro,Simples,Não Informado,Não,1,0,1,0,0,0,1,1,"-21,863477","-46,421239",SPRF-MG,DEL09-MG,UOP01-DEL09-MG
355870.0,2021-05-06,quinta-feira,06:00:00,MG,40.0,"587,5",ITABIRITO,Condutor Dormindo,Colisão frontal,Com Vítimas Feridas,Pleno dia,Decrescente,Céu Claro,Simples,Não Informado,Sim,4,0,0,1,3,0,1,2,"-20,35149094","-43,91313094",SPRF-MG,DEL01-MG,UOP02-DEL01-MG
355904.0,2021-05-06,quinta-feira,09:30:00,MG,381.0,477,CONTAGEM,Manobra de mudança de faixa,Colisão lateral mesmo sentido,Com Vítimas Feridas,Pleno dia,Decrescente,Céu Claro,Dupla,Reta,Sim,2,0,1,0,1,0,1,2,"-19,96179268","-44,05041676",SPRF-MG,DEL01-MG,UOP03-DEL01-MG
355927.0,2021-05-06,quinta-feira,12:00:00,MG,267.0,"56,3",GUARARA,Desrespeitar a preferência no cruzamento,Colisão transversal,Com Vítimas Feridas,Pleno dia,Crescente,Céu Claro,Simples,Curva,Sim,3,0,1,0,1,1,1,2,"-21,72321004","-43,02098803",SPRF-MG,DEL07-MG,UOP01-DEL07-MG
355957.0,2021-05-06,quinta-feira,16:05:00,MG,381.0,"802,2",SAO GONCALO DO SAPUCAI,Reação tardia ou ineficiente do condutor,Colisão com objeto,Com Vítimas Feridas,Pleno dia,Crescente,Céu Claro,Dupla,Curva,Não,2,0,2,0,0,0,2,1,"-21,98685449","-45,65711903",SPRF-MG,DEL16-MG,UOP02-DEL16-MG
355976.0,2021-05-06,quinta-feira,13:00:00,MG,50.0,68,UBERLANDIA,Desrespeitar a preferência no cruzamento,Colisão transversal,Com Vítimas Feridas,Pleno dia,Decrescente,Céu Claro,Simples,Interseção de vias,Sim,3,0,1,0,2,0,1,2,"-18,85140204","-48,25345932",SPRF-MG,DEL15-MG,UOP02-DEL15-MG