id,data_inversa,dia_semana,horario,uf,br,km,municipio,causa_acidente,tipo_acidente,classificacao_acidente,fase_dia,sentido_via,condicao_metereologica,tipo_pista,tracado_via,uso_solo,pessoas,mortos,feridos_leves,feridos_graves,ilesos,ignorados,feridos,veiculos,latitude,longitude,regional,delegacia,uop
355983.0,2021-05-06,quinta-feira,17:50:00,MG,262.0,"451,7",NOVA SERRANA,Ultrapassagem Indevida,Colisão frontal,Com Vítimas Feridas,Anoitecer,Crescente,Céu Claro,Simples,Reta,Não,5,0,3,0,2,0,3,2,"-19,86372828","-44,99796931",SPRF-MG,DEL08-MG,UOP03-DEL08-MG
356005.0,2021-05-06,quinta-feira,18:15:00,MG,365.0,627,UBERLANDIA,Manobra de mudança de faixa,Colisão traseira,Sem Vítimas,Anoitecer,Decrescente,Nublado,Dupla,Retorno Regulamentado,Sim,2,0,0,0,1,1,0,2,"-18,90359335","-48,34361612",SPRF-MG,DEL15-MG,UOP01-DEL15-MG
356029.0,2021-05-06,quinta-feira,20:45:00,MG,381.0,482,BETIM,Condutor deixou de manter distância do veículo da frente,Queda de ocupante de veículo,Com Vítimas Feridas,Plena Noite,Crescente,Céu Claro,Múltipla,Reta,Sim,1,0,1,0,0,0,1,1,"-19,955532","-44,097209",SPRF-MG,DEL01-MG,UOP03-DEL01-MG
356037.0,2021-05-06,quinta-feira,19:55:00,MG,153.0,"152,5",COMENDADOR GOMES,Ultrapassagem Indevida,Capotamento,Com Vítimas Feridas,Plena Noite,Crescente,Céu Claro,Simples,Reta,Não,2,0,1,0,1,0,1,1,"-19,632466","-48,88355",SPRF-MG,DEL13-MG,UOP02-DEL13-MG
356040.0,2021-05-06,quinta-feira,21:50:00,MG,262.0,"710,5",ARAXA,Demais falhas mecânicas ou elétricas,Incêndio,Sem Vítimas,Plena Noite,Crescente,Céu Claro,Simples,Curva,Não,1,0,0,0,1,0,0,1,"-19,59763642","-47,14988708",SPRF-MG,DEL08-MG,UOP01-DEL08-MG
356045.0,2021-02-14,domingo,17:30:00,MG,365.0,"27,8",MONTES CLAROS,Mal súbito do condutor,Saída de leito carroçável,Com Vítimas Feridas,Anoitecer,Decrescente,Sol,Simples,Reta,Não,2,0,0,2,0,0,2,1,"-16,84711553","-44,07790476",SPRF-MG,DEL12-MG,UOP01-DEL12-MG
356047.0,2021-05-07,sexta-feira,00:24:00,MG,262.0,"67,4",MATIPO,Ingestão de álcool pelo condutor,Colisão transversal,Com Vítimas Feridas,Plena Noite,Crescente,Céu Claro,Simples,Curva,Não,2,0,0,1,1,0,1,2,"-20,30577418","-42,26805605",SPRF-MG,DEL06-MG,UOP04-DEL06-MG
356066.0,2021-05-07,sexta-feira,06:10:00,MG,381.0,482,BETIM,Demais falhas mecânicas ou elétricas,Tombamento,Com Vítimas Feridas,Pleno dia,Decrescente,Céu Claro,Dupla,Reta,Sim,1,0,1,0,0,0,1,1,"-19,955532","-44,097209",SPRF-MG,DEL01-MG,UOP03-DEL01-MG
356068.0,2021-05-07,sexta-feira,06:40:00,MG,381.0,"486,5",BETIM,Reação tardia ou ineficiente do condutor,Engavetamento,Com Vítimas Feridas,Pleno dia,Decrescente,Céu Claro,Dupla,Reta,Sim,5,0,2,0,3,0,2,3,"-19,95654203","-44,10967827",SPRF-MG,DEL01-MG,UOP03-DEL01-MG
356088.0,2021-05-07,sexta-feira,08:20:00,MG,381.0,"500,9",BETIM,Acumulo de areia ou detritos sobre o pavimento,Tombamento,Com Vítimas Feridas,Pleno dia,Crescente,Sol,Múltipla,Interseção de vias,Não,1,0,1,0,0,0,1,1,"-20,01109694","-44,21894073",SPRF-MG,DEL01-MG,UOP03-DEL01-MG
356113.0,2021-05-07,sexta-feira,09:50:00,MG,116.0,"637,3",DIVINO,Acessar a via sem observar a presença dos outros veículos,Colisão transversal,Com Vítimas Feridas,Pleno dia,Decrescente,Sol,Simples,Não Informado,Não,4,0,0,1,3,0,1,2,"-20,62306732","-42,2215918",SPRF-MG,DEL07-MG,UOP03-DEL07-MG
356116.0,2021-05-07,sexta-feira,10:00:00,MG,40.0,"632,5",CONSELHEIRO LAFAIETE,Acessar a via sem observar a presença dos outros veículos,Colisão transversal,Com Vítimas Feridas,Pleno dia,Crescente,Céu Claro,Simples,Interseção de vias,Sim,6,0,4,0,1,1,4,2,"-20,68150871","-43,79436543",SPRF-MG,DEL05-MG,UOP02-DEL05-MG
356129.0,2021-05-07,sexta-feira,11:20:00,MG,40.0,"275,8",TRES MARIAS,Ausência de reação do condutor,Saída de leito carroçável,Com Vítimas Feridas,Pleno dia,Decrescente,Céu Claro,Simples,Não Informado,Sim,1,0,0,1,0,0,1,1,"-18,19945877","-45,23770577",SPRF-MG,DEL14-MG,UOP02-DEL14-MG
356136.0,2021-05-07,sexta-feira,12:10:00,MG,262.0,364,JUATUBA,Reação tardia ou ineficiente do condutor,Colisão com objeto,Com Vítimas Feridas,Pleno dia,Crescente,Sol,Dupla,Reta,Não,3,0,2,0,1,0,2,2,"-19,97472014","-44,32545662",SPRF-MG,DEL01-MG,UOP03-DEL01-MG
356175.0,2021-05-07,sexta-feira,16:00:00,MG,381.0,485,BETIM,Condutor deixou de manter distância do veículo da frente,Colisão traseira,Com Vítimas Feridas,Pleno dia,Decrescente,Céu Claro,Dupla,Reta,Sim,2,0,1,0,1,0,1,2,"-19,95659361","-44,12622893",SPRF-MG,DEL01-MG,UOP03-DEL01-MG
356177.0,2021-05-07,sexta-feira,14:30:00,MG,354.0,735,POUSO ALTO,Reação tardia ou ineficiente do condutor,Colisão traseira,Com Vítimas Feridas,Pleno dia,Decrescente,Céu Claro,Simples,Reta,Sim,4,0,1,0,3,0,1,3,"-22,19645715","-44,97441512",SPRF-MG,DEL17-MG,UOP01-DEL17-MG
356205.0,2021-05-07,sexta-feira,17:20:00,MG,40.0,523,CONTAGEM,Reação tardia ou ineficiente do condutor,Colisão traseira,Com Vítimas Feridas,Anoitecer,Decrescente,Céu Claro,Dupla,Reta,Não,3,0,1,0,2,0,1,2,"-19,86874894","-44,05962197",SPRF-MG,DEL01-MG,UOP02-DEL01-MG
356228.0,2021-05-07,sexta-feira,15:50:00,MG,262.0,"37,1",MANHUACU,Transitar na contramão,Colisão frontal,Com Vítimas Feridas,Pleno dia,Decrescente,Céu Claro,Simples,Reta,Não,2,0,1,0,1,0,1,2,"-20,25748975","-42,03048732",SPRF-MG,DEL06-MG,UOP04-DEL06-MG
356235.0,2021-05-07,sexta-feira,18:15:00,MG,381.0,"520,6",IGARAPE,Ausência de reação do condutor,Tombamento,Sem Vítimas,Plena Noite,Crescente,Céu Claro,Dupla,Reta,Não,1,0,0,0,1,0,0,1,"-20,13477036","-44,31280829",SPRF-MG,DEL04-MG,UOP03-DEL04-MG
356237.0,2021-05-07,sexta-feira,11:20:00,MG,381.0,177,GOVERNADOR VALADARES,Reação tardia ou ineficiente do condutor,Saída de leito carroçável,Com Vítimas Feridas,Pleno dia,Decrescente,Sol,Simples,Reta,Não,3,0,2,0,1,0,2,1,"-18,989","-42,112275",SPRF-MG,DEL06-MG,UOP01-DEL06-MG
356239.0,2021-05-07,sexta-feira,19:18:00,MG,116.0,420,ALPERCATA,Acessar a via sem observar a presença dos outros veículos,Colisão transversal,Com Vítimas Feridas,Plena Noite,Decrescente,Céu Claro,Simples,Curva,Não,3,0,0,2,1,0,2,2,"-18,928284","-41,939301",SPRF-MG,DEL06-MG,UOP01-DEL06-MG
356249.0,2021-05-07,sexta-feira,20:20:00,MG,40.0,696,ALFREDO VASCONCELOS,Reação tardia ou ineficiente do condutor,Capotamento,Com Vítimas Feridas,Plena Noite,Decrescente,Céu Claro,Simples,Curva,Não,1,0,1,0,0,0,1,1,"-21,17218661","-43,75615239",SPRF-MG,DEL05-MG,UOP02-DEL05-MG
356250.0,2021-05-07,sexta-feira,20:50:00,MG,381.0,482,BETIM,Reação tardia ou ineficiente do condutor,Colisão com objeto,Com Vítimas Feridas,Plena Noite,Decrescente,Céu Claro,Dupla,Não Informado,Sim,1,0,1,0,0,0,1,1,"-19,95822279","-44,07713771",SPRF-MG,DEL01-MG,UOP03-DEL01-MG
356286.0,2021-05-07,sexta-feira,21:15:00,MG,381.0,"537,2",ITATIAIUCU,Velocidade Incompatível,Saída de leito carroçável,Com Vítimas Feridas,Plena Noite,Decrescente,Céu Claro,Dupla,Não Informado,Não,2,0,1,1,0,0,2,1,"-20,20562","-44,38917",SPRF-MG,DEL04-MG,UOP03-DEL04-MG
356295.0,2021-05-07,sexta-feira,23:20:00,MG,262.0,"763,3",SACRAMENTO,Condutor Dormindo,Saída de leito carroçável,Com Vítimas Feridas,Plena Noite,Crescente,Céu Claro,Simples,Reta,Não,2,0,2,0,0,0,2,1,"-19,66199","-47,583246",SPRF-MG,DEL13-MG,UOP01-DEL13-MG
356340.0,2021-05-07,sexta-feira,18:00:00,MG,40.0,"819,8",SIMAO PEREIRA,Velocidade Incompatível,Saída de leito carroçável,Com Vítimas Feridas,Anoitecer,Decrescente,Céu Claro,Múltipla,Curva,Não,1,0,0,1,0,0,1,1,"-21,93024704","-43,31535211",SPRF-MG,DEL05-MG,UOP01-DEL05-MG
356360.0,2021-05-08,sábado,09:30:00,MG,262.0,"113,2",RIO CASCA,Transitar no acostamento,Colisão lateral mesmo sentido,Com Vítimas Feridas,Pleno dia,Decrescente,Céu Claro,Simples,Reta,Não,2,0,0,1,1,0,1,2,"-20,25079502","-42,60286704",SPRF-MG,DEL03-MG,UOP03-DEL03-MG
356406.0,2021-05-08,sábado,15:00:00,MG,381.0,"516,5",IGARAPE,Condutor Dormindo,Colisão com objeto,Com Vítimas Feridas,Pleno dia,Crescente,Nublado,Dupla,Reta,Não,1,0,1,0,0,0,1,1,"-20,10866993","-44,31488799",SPRF-MG,DEL04-MG,UOP03-DEL04-MG
356429.0,2021-05-08,sábado,18:00:00,MG,262.0,"369,2",JUATUBA,Pista Escorregadia,Queda de ocupante de veículo,Com Vítimas Feridas,Anoitecer,Crescente,Garoa/Chuvisco,Múltipla,Curva,Sim,2,0,0,1,1,0,1,1,"-19,95753704","-44,34391022",SPRF-MG,DEL01-MG,UOP03-DEL01-MG
356448.0,2021-05-08,sábado,19:15:00,MG,262.0,814,UBERABA,Manobra de mudança de faixa,Colisão com objeto,Com Vítimas Feridas,Plena Noite,Crescente,Céu Claro,Dupla,Reta,Sim,2,0,2,0,0,0,2,1,"-19,76506609","-48,12286402",SPRF-MG,DEL13-MG,UOP01-DEL13-MG
356460.0,2021-05-08,sábado,18:30:00,MG,262.0,"435,8",SAO GONCALO DO PARA,Demais falhas mecânicas ou elétricas,Tombamento,Com Vítimas Feridas,Plena Noite,Decrescente,Céu Claro,Dupla,Reta,Sim,2,0,1,1,0,0,2,1,"-19,88297465","-44,92721558",SPRF-MG,DEL08-MG,UOP03-DEL08-MG
356493.0,2021-05-08,sábado,23:30:00,MG,50.0,"13,2",ARAGUARI,Avarias e/ou desgaste excessivo no pneu,Colisão com objeto,Sem Vítimas,Plena Noite,Decrescente,Céu Claro,Dupla,Não Informado,Não,1,0,0,0,1,0,0,1,"-18,53076495","-48,04214724",SPRF-MG,DEL15-MG,UOP02-DEL15-MG
356517.0,2021-05-09,domingo,02:00:00,MG,262.0,"413,9",IGARATINGA,Velocidade Incompatível,Saída de leito carroçável,Com Vítimas Feridas,Plena Noite,Crescente,Vento,Dupla,Reta,Não,2,0,1,1,0,0,2,1,"-19,89668113","-44,65663188",SPRF-MG,DEL08-MG,UOP03-DEL08-MG
356549.0,2021-05-09,domingo,05:30:00,MG,40.0,474,SETE LAGOAS,Velocidade Incompatível,Colisão com objeto,Com Vítimas Feridas,Amanhecer,Crescente,Céu Claro,Dupla,Curva,Não,1,0,0,1,0,0,1,1,"-19,49804878","-44,27929974",SPRF-MG,DEL02-MG,UOP01-DEL02-MG
356558.0,2021-05-08,sábado,22:57:00,MG,381.0,722,CARMO DA CACHOEIRA,Ausência de reação do condutor,Colisão com objeto,Sem Vítimas,Plena Noite,Crescente,Ignorado,Dupla,Não Informado,Sim,1,0,0,0,0,1,0,1,"-21,47729514","-45,20207819",SPRF-MG,DEL04-MG,UOP02-DEL04-MG
356577.0,2021-05-09,domingo,09:15:00,MG,50.0,136,UBERABA,Objeto estático sobre o leito carroçável,Colisão com objeto,Com Vítimas Feridas,Pleno dia,Decrescente,Céu Claro,Dupla,Reta,Não,1,0,0,1,0,0,1,1,"-19,44189098","-48,06412595",SPRF-MG,DEL13-MG,UOP01-DEL13-MG
356608.0,2021-05-09,domingo,11:20:00,MG,381.0,792,SAO GONCALO DO SAPUCAI,Demais falhas mecânicas ou elétricas,Tombamento,Sem Vítimas,Pleno dia,Crescente,Céu Claro,Dupla,Reta,Não,1,0,0,0,1,0,0,1,"-21,91931581","-45,59934602",SPRF-MG,DEL16-MG,UOP02-DEL16-MG
356614.0,2021-05-09,domingo,14:05:00,MG,116.0,"520,5",CARATINGA,Pedestre cruzava a pista fora da faixa,Atropelamento de Pedestre,Com Vítimas Fatais,Pleno dia,Crescente,Nublado,Simples,Reta,Não,2,1,1,0,0,0,1,1,"-19,72594839","-42,13212852",SPRF-MG,DEL06-MG,UOP02-DEL06-MG
356618.0,2021-05-09,domingo,13:50:00,MG,381.0,"917,9",CAMANDUCAIA,Ausência de reação do condutor,Saída de leito carroçável,Com Vítimas Feridas,Pleno dia,Crescente,Sol,Dupla,Curva,Não,8,0,2,0,4,2,2,1,"-22,76700121","-46,17875277",SPRF-MG,DEL16-MG,UOP03-DEL16-MG
356638.0,2021-05-09,domingo,16:15:00,MG,365.0,426,PATOS DE MINAS,Velocidade Incompatível,Saída de leito carroçável,Com Vítimas Feridas,Pleno dia,Decrescente,Céu Claro,Simples,Reta,Não,1,0,0,1,0,0,1,1,"-18,74513579","-46,63283911",SPRF-MG,DEL10-MG,UOP01-DEL10-MG
356642.0,2021-05-09,domingo,14:40:00,MG,116.0,"275,7",TEOFILO OTONI,Condutor deixou de manter distância do veículo da frente,Colisão traseira,Com Vítimas Feridas,Pleno dia,Crescente,Céu Claro,Simples,Reta,Sim,2,0,0,1,0,1,1,2,"-17,84235093","-41,51410418",SPRF-MG,DEL11-MG,UOP01-DEL11-MG
356671.0,2021-05-09,domingo,18:00:00,MG,40.0,"507,8",RIBEIRAO DAS NEVES,Ausência de reação do condutor,Colisão traseira,Com Vítimas Fatais,Anoitecer,Crescente,Nublado,Dupla,Reta,Sim,5,1,1,0,3,0,1,3,"-19,75910058","-44,13674712",SPRF-MG,DEL02-MG,UOP01-DEL02-MG
356676.0,2021-05-09,domingo,15:50:00,MG,381.0,919,CAMANDUCAIA,Reação tardia ou ineficiente do condutor,Colisão traseira,Sem Vítimas,Pleno dia,Crescente,Sol,Dupla,Reta,Sim,2,0,0,0,2,0,0,2,"-22,7716591","-46,19193618",SPRF-MG,DEL16-MG,UOP03-DEL16-MG
356680.0,2021-05-09,domingo,19:30:00,MG,40.0,"507,8",RIBEIRAO DAS NEVES,Ingestão de álcool pelo condutor,Colisão traseira,Sem Vítimas,Plena Noite,Crescente,Céu Claro,Dupla,Reta,Sim,2,0,0,0,2,0,0,2,"-19,758873","-44,137114",SPRF-MG,DEL02-MG,UOP01-DEL02-MG
356685.0,2021-05-09,domingo,19:00:00,MG,381.0,489,BETIM,Acessar a via sem observar a presença dos outros veículos,Colisão transversal,Sem Vítimas,Pleno dia,Decrescente,Céu Claro,Múltipla,Reta,Sim,2,0,0,0,2,0,0,2,"-19,96245618","-44,16455495",SPRF-MG,DEL01-MG,UOP03-DEL01-MG
356694.0,2021-05-09,domingo,17:30:00,MG,,,TEOFILO OTONI,Ingestão de álcool pelo condutor,Colisão transversal,Com Vítimas Feridas,Anoitecer,Não Informado,Nublado,Simples,Reta,Não,2,0,1,0,1,0,1,2,"-17,586566","-41,487332",SPRF-MG,DEL11-MG,UOP01-DEL11-MG
356745.0,2021-05-09,domingo,21:30:00,MG,50.0,"180,9",UBERABA,Reação tardia ou ineficiente do condutor,Colisão com objeto,Sem Vítimas,Plena Noite,Decrescente,Céu Claro,Dupla,Reta,Sim,1,0,0,0,1,0,0,1,"-19,77848216","-47,92194709",SPRF-MG,DEL13-MG,UOP01-DEL13-MG
356762.0,2021-05-09,domingo,22:15:00,MG,365.0,764,ITUIUTABA,Reação tardia ou ineficiente do condutor,Colisão com objeto,Com Vítimas Feridas,Plena Noite,Crescente,Céu Claro,Simples,Reta,Não,1,0,1,0,0,0,1,1,"-18,96385","-49,550877",SPRF-MG,DEL15-MG,UOP03-DEL15-MG
356791.0,2021-05-10,segunda-feira,05:30:00,MG,381.0,"439,8",SABARA,Pista Escorregadia,Tombamento,Com Vítimas Feridas,Plena Noite,Decrescente,Nublado,Simples,Não Informado,Não,1,0,1,0,0,0,1,1,"-19,80927691","-43,78706001",SPRF-MG,DEL01-MG,UOP01-DEL01-MG
356814.0,2021-04-11,domingo,14:30:00,MG,116.0,"409,7",GOVERNADOR VALADARES,Condutor deixou de manter distância do veículo da frente,Colisão traseira,Com Vítimas Feridas,Pleno dia,Crescente,Céu Claro,Dupla,Reta,Sim,2,0,1,0,1,0,1,2,"-18,84936788","-41,97891368",SPRF-MG,DEL06-MG,UOP01-DEL06-MG
356830.0,2021-05-10,segunda-feira,09:10:00,MG,40.0,627,CONSELHEIRO LAFAIETE,Acessar a via sem observar a presença dos outros veículos,Colisão transversal,Com Vítimas Feridas,Pleno dia,Crescente,Céu Claro,Simples,Reta,Sim,3,0,1,0,2,0,1,2,"-20,63328126","-43,81216228",SPRF-MG,DEL05-MG,UOP02-DEL05-MG
356843.0,2021-05-10,segunda-feira,09:50:00,MG,381.0,485,BETIM,Velocidade Incompatível,Colisão com objeto,Com Vítimas Feridas,Pleno dia,Crescente,Céu Claro,Múltipla,Reta,Não,1,0,1,0,0,0,1,1,"-19,95659361","-44,12622893",SPRF-MG,DEL01-MG,UOP03-DEL01-MG
356845.0,2021-05-10,segunda-feira,09:45:00,MG,381.0,480,BETIM,Condutor deixou de manter distância do veículo da frente,Colisão traseira,Com Vítimas Feridas,Pleno dia,Decrescente,Céu Claro,Múltipla,Curva,Sim,2,0,2,0,0,0,2,2,"-19,95749597","-44,07899901",SPRF-MG,DEL01-MG,UOP03-DEL01-MG
356858.0,2021-05-10,segunda-feira,13:10:00,MG,381.0,"873,8",ESTIVA,Velocidade Incompatível,Saída de leito carroçável,Com Vítimas Feridas,Pleno dia,Crescente,Sol,Dupla,Não Informado,Não,1,0,1,0,0,0,1,1,"-22,450796","-46,000139",SPRF-MG,DEL16-MG,UOP01-DEL16-MG
356889.0,2021-05-10,segunda-feira,12:00:00,MG,116.0,"415,7",GOVERNADOR VALADARES,Condutor deixou de manter distância do veículo da frente,Colisão traseira,Com Vítimas Feridas,Pleno dia,Decrescente,Céu Claro,Múltipla,Reta,Sim,2,0,1,0,1,0,1,2,"-18,88401297","-41,94924399",SPRF-MG,DEL06-MG,UOP01-DEL06-MG
356916.0,2021-05-10,segunda-feira,18:05:00,MG,116.0,"609,1",SAO JOAO DO MANHUACU,Ingestão de álcool pelo condutor,Colisão frontal,Com Vítimas Feridas,Anoitecer,Crescente,Céu Claro,Simples,Reta,Sim,2,0,2,0,0,0,2,2,"-20,40488795","-42,15173121",SPRF-MG,DEL07-MG,UOP03-DEL07-MG
356926.0,2021-02-07,domingo,17:00:00,MG,381.0,348,JOAO MONLEVADE,Chuva,Colisão frontal,Com Vítimas Feridas,Anoitecer,Crescente,Chuva,Simples,Curva,Não,2,0,0,1,1,0,1,2,"-19,85243846","-43,14084419",SPRF-MG,DEL03-MG,UOP01-DEL03-MG
356930.0,2021-05-10,segunda-feira,18:20:00,MG,50.0,36,ARAGUARI,Condutor deixou de manter distância do veículo da frente,Colisão traseira,Sem Vítimas,Plena Noite,Crescente,Céu Claro,Dupla,Retorno Regulamentado,Sim,2,0,0,0,2,0,0,2,"-18,65453092","-48,14727203",SPRF-MG,DEL15-MG,UOP02-DEL15-MG
356961.0,2021-05-10,segunda-feira,20:28:00,MG,381.0,300,ANTONIO DIAS,Ingestão de álcool pelo condutor,Colisão com objeto,Sem Vítimas,Plena Noite,Crescente,Céu Claro,Simples,Não Informado,Não,1,0,0,0,1,0,0,1,"-19,62549991","-42,83571482",SPRF-MG,DEL03-MG,UOP02-DEL03-MG
356979.0,2021-05-10,segunda-feira,23:00:00,MG,40.0,"552,5",NOVA LIMA,Animais na Pista,Atropelamento de Animal,Com Vítimas Feridas,Plena Noite,Decrescente,Nublado,Dupla,Reta,Sim,2,0,1,1,0,0,2,1,"-20,06084086","-43,97716423",SPRF-MG,DEL01-MG,UOP02-DEL01-MG
357008.0,2021-05-11,terça-feira,07:00:00,MG,381.0,478,CONTAGEM,Trafegar com motocicleta (ou similar) entre as faixas,Colisão lateral mesmo sentido,Com Vítimas Feridas,Pleno dia,Decrescente,Céu Claro,Múltipla,Reta,Sim,2,0,1,0,1,0,1,2,"-19,95826094","-44,05921101",SPRF-MG,DEL01-MG,UOP03-DEL01-MG
357009.0,2021-05-11,terça-feira,07:10:00,MG,50.0,"135,9",UBERABA,Velocidade Incompatível,Saída de leito carroçável,Com Vítimas Feridas,Pleno dia,Crescente,Céu Claro,Dupla,Curva,Não,1,0,1,0,0,0,1,1,"-19,43329955","-48,06691289",SPRF-MG,DEL13-MG,UOP01-DEL13-MG
357026.0,2021-02-07,domingo,18:05:00,MG,267.0,"29,5",ARGIRITA,Chuva,Saída de leito carroçável,Com Vítimas Feridas,Plena Noite,Decrescente,Nublado,Simples,Não Informado,Não,3,0,2,1,0,0,3,1,"-21,63594597","-42,83380808",SPRF-MG,DEL07-MG,UOP01-DEL07-MG
357027.0,2021-05-11,terça-feira,08:12:00,MG,365.0,664,MONTE ALEGRE DE MINAS,Ausência de reação do condutor,Saída de leito carroçável,Com Vítimas Fatais,Pleno dia,Decrescente,Céu Claro,Dupla,Reta,Não,1,1,0,0,0,0,0,1,"-18,8918476","-48,67960311",SPRF-MG,DEL15-MG,UOP01-DEL15-MG
357036.0,2021-05-11,terça-feira,10:00:00,MG,381.0,485,BETIM,Condutor deixou de manter distância do veículo da frente,Engavetamento,Com Vítimas Feridas,Pleno dia,Crescente,Céu Claro,Dupla,Reta,Sim,4,0,1,0,3,0,1,3,"-19,95659361","-44,12622893",SPRF-MG,DEL01-MG,UOP03-DEL01-MG
357062.0,2021-05-11,terça-feira,10:18:00,MG,116.0,"536,8",SANTA RITA DE MINAS,Transitar na contramão,Colisão frontal,Com Vítimas Feridas,Pleno dia,Crescente,Céu Claro,Simples,Reta,Não,4,0,2,0,2,0,2,2,"-19,85552942","-42,14012146",SPRF-MG,DEL06-MG,UOP02-DEL06-MG
357088.0,2021-05-11,terça-feira,15:00:00,MG,40.0,"446,2",PARAOPEBA,Ausência de reação do condutor,Saída de leito carroçável,Com Vítimas Feridas,Pleno dia,Decrescente,Céu Claro,Simples,Viaduto,Não,1,0,1,0,0,0,1,1,"-19,28815","-44,392",SPRF-MG,DEL02-MG,UOP01-DEL02-MG
357093.0,2021-05-11,terça-feira,12:52:00,MG,262.0,9,MARTINS SOARES,Condutor deixou de manter distância do veículo da frente,Colisão traseira,Com Vítimas Feridas,Pleno dia,Decrescente,Céu Claro,Simples,Não Informado,Não,2,0,0,1,1,0,1,2,"-20,25054582","-41,83493898",SPRF-MG,DEL06-MG,UOP04-DEL06-MG
357095.0,2021-02-08,segunda-feira,17:40:00,MG,116.0,"508,4",UBAPORANGA,Reação tardia ou ineficiente do condutor,Colisão transversal,Com Vítimas Feridas,Anoitecer,Crescente,Nublado,Simples,Interseção de vias,Não,3,0,0,2,1,0,2,2,"-19,62776197","-42,10624519",SPRF-MG,DEL06-MG,UOP02-DEL06-MG
357106.0,2021-05-11,terça-feira,17:40:00,MG,40.0,523,CONTAGEM,Manobra de mudança de faixa,Colisão lateral mesmo sentido,Com Vítimas Feridas,Pleno dia,Decrescente,Céu Claro,Dupla,Reta,Não,3,0,2,0,0,1,2,2,"-19,86874894","-44,05962197",SPRF-MG,DEL01-MG,UOP02-DEL01-MG
357111.0,2021-05-11,terça-feira,17:10:00,MG,262.0,443,NOVA SERRANA,Acessar a via sem observar a presença dos outros veículos,Colisão transversal,Com Vítimas Feridas,Pleno dia,Decrescente,Sol,Múltipla,Interseção de vias,Sim,2,0,1,0,1,0,1,2,"-19,88065393","-44,92197102",SPRF-MG,DEL08-MG,UOP03-DEL08-MG
357125.0,2021-02-21,domingo,13:25:00,MG,40.0,"687,1",RESSAQUINHA,Reação tardia ou ineficiente do condutor,Saída de leito carroçável,Com Vítimas Feridas,Pleno dia,Decrescente,Nublado,Simples,Curva,Não,2,0,0,2,0,0,2,1,"-21,09998","-43,765694",SPRF-MG,DEL05-MG,UOP02-DEL05-MG
357127.0,2021-05-11,terça-feira,18:30:00,MG,40.0,803,MATIAS BARBOSA,Acessar a via sem observar a presença dos outros veículos,Colisão lateral mesmo sentido,Com Vítimas Feridas,Plena Noite,Crescente,Céu Claro,Dupla,Reta,Não,2,0,0,1,1,0,1,2,"-21,85782703","-43,37661004",SPRF-MG,DEL05-MG,UOP01-DEL05-MG
357130.0,2021-05-11,terça-feira,18:20:00,MG,40.0,"649,5",CRISTIANO OTONI,Desrespeitar a preferência no cruzamento,Colisão transversal,Com Vítimas Feridas,Plena Noite,Crescente,Céu Claro,Simples,Interseção de vias,Sim,3,0,2,0,1,0,2,2,"-20,8252822","-43,80952835",SPRF-MG,DEL05-MG,UOP02-DEL05-MG
357133.0,2021-05-11,terça-feira,18:30:00,MG,262.0,452,NOVA SERRANA,Condutor Dormindo,Colisão lateral sentido oposto,Com Vítimas Feridas,Pleno dia,Decrescente,Céu Claro,Simples,Reta,Não,2,0,0,1,1,0,1,2,"-19,85998384","-45,00696635",SPRF-MG,DEL08-MG,UOP03-DEL08-MG
357161.0,2021-05-11,terça-feira,21:00:00,MG,262.0,"453,8",NOVA SERRANA,Transitar na contramão,Colisão frontal,Com Vítimas Fatais,Plena Noite,Decrescente,Céu Claro,Simples,Curva,Não,6,1,0,0,5,0,0,2,"-19,83324687","-45,06282806",SPRF-MG,DEL08-MG,UOP03-DEL08-MG
357196.0,2021-05-12,quarta-feira,05:45:00,MG,116.0,"261,6",TEOFILO OTONI,Acessar a via sem observar a presença dos outros veículos,Atropelamento de Animal,Com Vítimas Feridas,Amanhecer,Decrescente,Nublado,Simples,Reta,Não,2,0,0,1,1,0,1,1,"-17,73058702","-41,49843294",SPRF-MG,DEL11-MG,UOP01-DEL11-MG
357200.0,2021-05-12,quarta-feira,06:50:00,MG,262.0,"366,1",JUATUBA,Carga excessiva e/ou mal acondicionada,Derramamento de carga,Com Vítimas Feridas,Pleno dia,Crescente,Sol,Dupla,Reta,Não,4,0,2,0,2,0,2,3,"-19,974217","-44,261798",SPRF-MG,DEL01-MG,UOP03-DEL01-MG
357205.0,2021-05-12,quarta-feira,06:30:00,MG,40.0,509,RIBEIRAO DAS NEVES,Falta de elemento de contenção que evite a saída do leito carroçável,Saída de leito carroçável,Sem Vítimas,Pleno dia,Crescente,Céu Claro,Dupla,Reta,Não,1,0,0,0,1,0,0,1,"-19,76728744","-44,12855905",SPRF-MG,DEL01-MG,UOP02-DEL01-MG