id,data_inversa,dia_semana,horario,uf,br,km,municipio,causa_acidente,tipo_acidente,classificacao_acidente,fase_dia,sentido_via,condicao_metereologica,tipo_pista,tracado_via,uso_solo,pessoas,mortos,feridos_leves,feridos_graves,ilesos,ignorados,feridos,veiculos,latitude,longitude,regional,delegacia,uop
357225.0,2021-05-12,quarta-feira,07:00:00,MG,50.0,68,UBERLANDIA,Velocidade Incompatível,Colisão traseira,Com Vítimas Feridas,Pleno dia,Crescente,Céu Claro,Dupla,Reta,Sim,3,0,1,0,0,2,1,2,"-18,87753919","-48,2609868",SPRF-MG,DEL15-MG,UOP02-DEL15-MG
357228.0,2021-05-08,sábado,19:40:00,MG,381.0,"451,5",SABARA,Conversão proibida,Colisão lateral mesmo sentido,Sem Vítimas,Plena Noite,Crescente,Céu Claro,Simples,Não Informado,Sim,2,0,0,0,2,0,0,2,"-19,83443777","-43,85139227",SPRF-MG,DEL01-MG,UOP01-DEL01-MG
357235.0,2021-05-12,quarta-feira,10:15:00,MG,116.0,"413,1",GOVERNADOR VALADARES,Manobra de mudança de faixa,Colisão transversal,Com Vítimas Feridas,Pleno dia,Crescente,Sol,Simples,Reta,Sim,2,0,1,0,1,0,1,2,"-18,873907","-41,966366",SPRF-MG,DEL06-MG,UOP01-DEL06-MG
357292.0,2021-05-12,quarta-feira,15:54:00,MG,262.0,"12,5",MARTINS SOARES,Ausência de reação do condutor,Saída de leito carroçável,Com Vítimas Feridas,Pleno dia,Decrescente,Céu Claro,Simples,Reta,Não,1,0,1,0,0,0,1,1,"-20,246508","-41,846962",SPRF-MG,DEL06-MG,UOP04-DEL06-MG
357297.0,2021-02-17,quarta-feira,16:45:00,MG,40.0,"603,4",CONGONHAS,Conversão proibida,Colisão transversal,Com Vítimas Fatais,Pleno dia,Crescente,Céu Claro,Simples,Reta,Não,6,1,2,2,1,0,4,2,"-20,450586","-43,840873",SPRF-MG,DEL05-MG,UOP02-DEL05-MG
357314.0,2021-05-12,quarta-feira,15:10:00,MG,116.0,"751,7",LEOPOLDINA,Transitar na contramão,Colisão lateral sentido oposto,Com Vítimas Feridas,Pleno dia,Crescente,Céu Claro,Simples,Não Informado,Não,2,0,1,1,0,0,2,2,"-21,46220391","-42,55638215",SPRF-MG,DEL07-MG,UOP01-DEL07-MG
357319.0,2021-02-09,terça-feira,16:30:00,MG,364.0,33,FRUTAL,Animais na Pista,Tombamento,Com Vítimas Feridas,Pleno dia,Decrescente,Céu Claro,Simples,Não Informado,Não,1,0,0,1,0,0,1,1,"-20,01715651","-48,91110767",SPRF-MG,DEL13-MG,UOP02-DEL13-MG
357322.0,2021-05-12,quarta-feira,18:00:00,MG,40.0,444,PARAOPEBA,Ausência de reação do condutor,Saída de leito carroçável,Com Vítimas Feridas,Anoitecer,Decrescente,Céu Claro,Dupla,Reta,Não,1,0,1,0,0,0,1,1,"-19,28815","-44,392",SPRF-MG,DEL02-MG,UOP01-DEL02-MG
357345.0,2021-05-12,quarta-feira,16:00:00,MG,116.0,"414,4",GOVERNADOR VALADARES,Acessar a via sem observar a presença dos outros veículos,Colisão frontal,Com Vítimas Feridas,Pleno dia,Crescente,Céu Claro,Simples,Não Informado,Sim,3,0,3,0,0,0,3,2,"-18,88102703","-41,95910802",SPRF-MG,DEL06-MG,UOP01-DEL06-MG
357349.0,2021-05-12,quarta-feira,20:00:00,MG,381.0,513,IGARAPE,Manobra de mudança de faixa,Colisão transversal,Com Vítimas Feridas,Plena Noite,Crescente,Céu Claro,Simples,Reta,Sim,2,0,1,0,1,0,1,2,"-20,07689256","-44,30202484",SPRF-MG,DEL01-MG,UOP03-DEL01-MG
357368.0,2021-05-12,quarta-feira,20:20:00,MG,381.0,"222,3",BELO ORIENTE,Transitar na contramão,Colisão lateral sentido oposto,Com Vítimas Feridas,Plena Noite,Crescente,Céu Claro,Simples,Reta,Não,5,0,1,0,4,0,1,3,"-19,3106066","-42,39297462",SPRF-MG,DEL06-MG,UOP01-DEL06-MG
357380.0,2021-05-12,quarta-feira,20:35:00,MG,116.0,"444,8",ENGENHEIRO CALDAS,Pedestre andava na pista,Atropelamento de Pedestre,Com Vítimas Fatais,Plena Noite,Decrescente,Céu Claro,Simples,Curva,Não,2,1,0,0,0,1,0,1,"-19,10437005","-42,00224908",SPRF-MG,DEL06-MG,UOP02-DEL06-MG
357381.0,2021-05-13,quinta-feira,00:05:00,MG,381.0,505,BETIM,Ultrapassagem Indevida,Colisão lateral mesmo sentido,Sem Vítimas,Plena Noite,Crescente,Céu Claro,Dupla,Reta,Sim,2,0,0,0,1,1,0,2,"-20,04478441","-44,27276484",SPRF-MG,DEL01-MG,UOP03-DEL01-MG
357382.0,2021-05-13,quinta-feira,00:20:00,MG,40.0,547,NOVA LIMA,Condutor deixou de manter distância do veículo da frente,Colisão traseira,Com Vítimas Feridas,Plena Noite,Decrescente,Céu Claro,Dupla,Desvio Temporário,Não,4,0,1,2,0,1,3,2,"-20,02252424","-43,97026042",SPRF-MG,DEL01-MG,UOP02-DEL01-MG
357386.0,2021-05-13,quinta-feira,01:00:00,MG,40.0,522,CONTAGEM,Avarias e/ou desgaste excessivo no pneu,Queda de ocupante de veículo,Com Vítimas Feridas,Plena Noite,Decrescente,Céu Claro,Dupla,Reta,Sim,2,0,2,0,0,0,2,1,"-19,8638731","-44,06749809",SPRF-MG,DEL01-MG,UOP02-DEL01-MG
357410.0,2021-05-13,quinta-feira,07:30:00,MG,381.0,357,JOAO MONLEVADE,Desrespeitar a preferência no cruzamento,Colisão transversal,Com Vítimas Feridas,Pleno dia,Decrescente,Céu Claro,Simples,Reta,Sim,2,0,0,1,1,0,1,2,"-19,83971142","-43,17987626",SPRF-MG,DEL03-MG,UOP01-DEL03-MG
357422.0,2021-05-13,quinta-feira,09:00:00,MG,40.0,"498,3",ESMERALDAS,Acessar a via sem observar a presença dos outros veículos,Colisão transversal,Com Vítimas Feridas,Pleno dia,Crescente,Céu Claro,Dupla,Não Informado,Sim,2,0,1,0,1,0,1,2,"-19,68467685","-44,18191183",SPRF-MG,DEL02-MG,UOP01-DEL02-MG
357462.0,2021-05-13,quinta-feira,13:00:00,MG,40.0,730,OLIVEIRA FORTES,Velocidade Incompatível,Colisão com objeto,Com Vítimas Feridas,Pleno dia,Crescente,Garoa/Chuvisco,Dupla,Curva,Não,1,0,1,0,0,0,1,1,"-21,33378994","-43,5866212",SPRF-MG,DEL05-MG,UOP01-DEL05-MG
357488.0,2021-05-13,quinta-feira,15:40:00,MG,381.0,419,CAETE,Velocidade Incompatível,Colisão com objeto,Com Vítimas Feridas,Pleno dia,Decrescente,Céu Claro,Simples,Curva,Não,1,0,0,1,0,0,1,1,"-19,77066812","-43,64873289",SPRF-MG,DEL01-MG,UOP01-DEL01-MG
357490.0,2021-05-13,quinta-feira,15:00:00,MG,459.0,"22,5",CALDAS,Avarias e/ou desgaste excessivo no pneu,Saída de leito carroçável,Com Vítimas Feridas,Pleno dia,Decrescente,Chuva,Simples,Curva,Não,3,0,3,0,0,0,3,2,"-21,882125","-46,383067",SPRF-MG,DEL09-MG,UOP01-DEL09-MG
357539.0,2021-05-13,quinta-feira,18:40:00,MG,116.0,"700,7",MURIAE,Ingestão de álcool ou de substâncias psicoativas pelo pedestre,Atropelamento de Pedestre,Com Vítimas Feridas,Plena Noite,Crescente,Céu Claro,Simples,Não Informado,Não,2,0,2,0,0,0,2,1,"-21,10258681","-42,37840131",SPRF-MG,DEL07-MG,UOP02-DEL07-MG
357592.0,2021-05-10,segunda-feira,19:20:00,MG,381.0,427,CAETE,Desvio temporário,Colisão com objeto,Com Vítimas Feridas,Plena Noite,Decrescente,Céu Claro,Simples,Túnel,Não,2,0,1,0,0,1,1,1,"-19,78854826","-43,69815304",SPRF-MG,DEL01-MG,UOP01-DEL01-MG
357596.0,2021-05-14,sexta-feira,07:20:00,MG,40.0,522,CONTAGEM,Manobra de mudança de faixa,Colisão transversal,Com Vítimas Feridas,Pleno dia,Crescente,Céu Claro,Dupla,Reta,Não,2,0,1,0,0,1,1,2,"-19,8638731","-44,06749809",SPRF-MG,DEL01-MG,UOP02-DEL01-MG
357600.0,2021-03-07,domingo,23:50:00,MG,40.0,"728,5",OLIVEIRA FORTES,Acumulo de água sobre o pavimento,Colisão traseira,Com Vítimas Feridas,Plena Noite,Crescente,Céu Claro,Dupla,Curva,Não,5,0,1,4,0,0,5,1,"-21,31842199","-43,58689599",SPRF-MG,DEL05-MG,UOP01-DEL05-MG
357601.0,2021-05-14,sexta-feira,08:55:00,MG,116.0,"703,4",MURIAE,Transitar na contramão,Colisão frontal,Com Vítimas Feridas,Pleno dia,Crescente,Céu Claro,Simples,Reta,Sim,2,0,1,0,1,0,1,2,"-21,12672859","-42,38337636",SPRF-MG,DEL07-MG,UOP02-DEL07-MG
357602.0,2021-05-14,sexta-feira,09:18:00,MG,381.0,634,OLIVEIRA,Condutor Dormindo,Saída de leito carroçável,Com Vítimas Feridas,Pleno dia,Crescente,Céu Claro,Dupla,Não Informado,Não,1,0,1,0,0,0,1,1,"-20,85086999","-44,83519515",SPRF-MG,DEL04-MG,UOP01-DEL04-MG
357607.0,2021-05-14,sexta-feira,08:30:00,MG,50.0,"104,9",UBERABA,Reação tardia ou ineficiente do condutor,Colisão traseira,Com Vítimas Feridas,Pleno dia,Decrescente,Céu Claro,Dupla,Reta,Não,4,0,1,0,2,1,1,2,"-19,17105604","-48,16028013",SPRF-MG,DEL13-MG,UOP01-DEL13-MG
357609.0,2021-05-14,sexta-feira,09:00:00,MG,381.0,349,JOAO MONLEVADE,Velocidade Incompatível,Saída de leito carroçável,Com Vítimas Feridas,Pleno dia,Crescente,Ignorado,Dupla,Curva,Não,2,0,1,0,1,0,1,2,"-19,8499239","-43,14868105",SPRF-MG,DEL03-MG,UOP01-DEL03-MG
357615.0,2021-05-14,sexta-feira,10:40:00,MG,381.0,512,IGARAPE,Frear bruscamente,Colisão traseira,Com Vítimas Feridas,Pleno dia,Decrescente,Céu Claro,Simples,Reta,Sim,3,0,2,0,0,1,2,2,"-20,09239724","-44,31458341",SPRF-MG,DEL01-MG,UOP03-DEL01-MG
357635.0,2021-05-14,sexta-feira,14:50:00,MG,40.0,"38,8",PARACATU,Acessar a via sem observar a presença dos outros veículos,Colisão transversal,Com Vítimas Feridas,Pleno dia,Crescente,Céu Claro,Simples,Reta,Sim,3,0,1,0,2,0,1,2,"-17,21050388","-46,89942099",SPRF-MG,DEL14-MG,UOP01-DEL14-MG
357642.0,2021-05-14,sexta-feira,13:00:00,MG,40.0,"590,2",ITABIRITO,Avarias e/ou desgaste excessivo no pneu,Tombamento,Com Vítimas Feridas,Pleno dia,Decrescente,Nublado,Dupla,Não Informado,Não,1,0,0,1,0,0,1,1,"-20,36807799","-43,90982881",SPRF-MG,DEL01-MG,UOP02-DEL01-MG
357644.0,2021-05-14,sexta-feira,12:56:00,MG,40.0,"515,1",RIBEIRAO DAS NEVES,Condutor deixou de manter distância do veículo da frente,Colisão traseira,Com Vítimas Feridas,Pleno dia,Crescente,Céu Claro,Dupla,Reta,Sim,2,0,0,1,1,0,1,2,"-19,8090079","-44,09493479",SPRF-MG,DEL01-MG,UOP02-DEL01-MG
357662.0,2021-05-14,sexta-feira,15:34:00,MG,381.0,"779,9",CAMPANHA,Ausência de reação do condutor,Colisão com objeto,Com Vítimas Feridas,Pleno dia,Crescente,Céu Claro,Dupla,Retorno Regulamentado,Não,1,0,1,0,0,0,1,1,"-21,83682863","-45,50981014",SPRF-MG,DEL16-MG,UOP02-DEL16-MG
357667.0,2021-05-13,quinta-feira,04:50:00,MG,354.0,"731,6",POUSO ALTO,Chuva,Saída de leito carroçável,Sem Vítimas,Amanhecer,Crescente,Chuva,Simples,Reta,Não,1,0,0,0,0,1,0,1,"-22,17071402","-44,96390985",SPRF-MG,DEL17-MG,UOP01-DEL17-MG
357683.0,2021-05-14,sexta-feira,18:10:00,MG,381.0,"883,3",ESTIVA,Entrada inopinada do pedestre,Atropelamento de Pedestre,Com Vítimas Fatais,Plena Noite,Crescente,Céu Claro,Dupla,Reta,Não,2,1,1,0,0,0,1,1,"-22,48626044","-46,01094489",SPRF-MG,DEL16-MG,UOP03-DEL16-MG
357691.0,2021-05-14,sexta-feira,18:10:00,MG,40.0,447,CAETANOPOLIS,Ausência de reação do condutor,Colisão traseira,Com Vítimas Fatais,Anoitecer,Decrescente,Céu Claro,Múltipla,Reta,Não,2,1,0,0,1,0,0,2,"-19,294373","-44,382458",SPRF-MG,DEL02-MG,UOP01-DEL02-MG
357705.0,2021-05-14,sexta-feira,17:15:00,MG,40.0,"556,2",NOVA LIMA,Condutor deixou de manter distância do veículo da frente,Engavetamento,Com Vítimas Feridas,Anoitecer,Decrescente,Céu Claro,Dupla,Reta,Não,4,0,1,0,3,0,1,3,"-20,09356202","-43,97554136",SPRF-MG,DEL01-MG,UOP02-DEL01-MG
357715.0,2021-05-14,sexta-feira,17:40:00,MG,153.0,13,CENTRALINA,Ausência de reação do condutor,Colisão com objeto,Com Vítimas Feridas,Anoitecer,Crescente,Céu Claro,Dupla,Reta,Não,1,0,1,0,0,0,1,1,"-18,53318003","-49,19222975",SPRF-MG,DEL15-MG,UOP03-DEL15-MG
357723.0,2021-05-14,sexta-feira,20:00:00,MG,381.0,"623,5",OLIVEIRA,Ausência de reação do condutor,Capotamento,Com Vítimas Feridas,Plena Noite,Decrescente,Nublado,Dupla,Curva,Não,4,0,2,2,0,0,4,1,"-20,810773","-44,79200004",SPRF-MG,DEL04-MG,UOP01-DEL04-MG
357732.0,2021-05-14,sexta-feira,21:00:00,MG,40.0,143,JOAO PINHEIRO,Ultrapassagem Indevida,Colisão transversal,Com Vítimas Feridas,Plena Noite,Crescente,Céu Claro,Simples,Interseção de vias,Sim,3,0,0,1,2,0,1,2,"-17,7457975","-46,17842682",SPRF-MG,DEL14-MG,UOP01-DEL14-MG
357740.0,2021-05-14,sexta-feira,21:40:00,MG,381.0,359,SAO GONCALO DO RIO ABAIXO,Acessar a via sem observar a presença dos outros veículos,Colisão lateral mesmo sentido,Com Vítimas Feridas,Plena Noite,Crescente,Céu Claro,Simples,Interseção de vias,Não,2,0,0,1,1,0,1,2,"-19,8551458","-43,22402296",SPRF-MG,DEL03-MG,UOP01-DEL03-MG
357756.0,2021-02-10,quarta-feira,11:30:00,MG,116.0,444,ENGENHEIRO CALDAS,Avarias e/ou desgaste excessivo no pneu,Saída de leito carroçável,Com Vítimas Feridas,Pleno dia,Decrescente,Céu Claro,Simples,Curva,Não,1,0,0,1,0,0,1,1,"-19,10081514","-42,00703209",SPRF-MG,DEL06-MG,UOP02-DEL06-MG
357758.0,2021-05-15,sábado,00:01:00,MG,40.0,513,RIBEIRAO DAS NEVES,Entrada inopinada do pedestre,Atropelamento de Pedestre,Com Vítimas Feridas,Plena Noite,Decrescente,Céu Claro,Dupla,Reta,Sim,4,0,3,0,1,0,3,2,"-19,7970544","-44,1080512",SPRF-MG,DEL01-MG,UOP02-DEL01-MG
357762.0,2021-05-14,sexta-feira,20:30:00,MG,116.0,"322,8",ITAMBACURI,Ingestão de álcool e/ou substâncias psicoativas pelo pedestre,Tombamento,Com Vítimas Feridas,Plena Noite,Decrescente,Céu Claro,Simples,Reta,Não,1,0,1,0,0,0,1,1,"-18,178442","-41,708149",SPRF-MG,DEL11-MG,UOP01-DEL11-MG
357769.0,2021-05-15,sábado,01:45:00,MG,40.0,636,CONSELHEIRO LAFAIETE,Velocidade Incompatível,Saída de leito carroçável,Com Vítimas Fatais,Plena Noite,Crescente,Céu Claro,Simples,Reta,Não,2,1,0,1,0,0,1,1,"-20,70680192","-43,79284622",SPRF-MG,DEL05-MG,UOP02-DEL05-MG
357770.0,2021-05-15,sábado,00:15:00,MG,116.0,"496,1",INHAPIM,Velocidade Incompatível,Saída de leito carroçável,Com Vítimas Feridas,Plena Noite,Crescente,Nublado,Simples,Curva,Não,2,0,1,0,1,0,1,1,"-19,52772702","-42,12719586",SPRF-MG,DEL06-MG,UOP02-DEL06-MG
357782.0,2021-05-15,sábado,04:50:00,MG,262.0,"445,1",NOVA SERRANA,Ingestão de álcool pelo condutor,Saída de leito carroçável,Com Vítimas Feridas,Plena Noite,Decrescente,Céu Claro,Dupla,Reta,Sim,2,0,1,0,1,0,1,1,"-19,87799664","-44,94086286",SPRF-MG,DEL08-MG,UOP03-DEL08-MG
357798.0,2021-05-15,sábado,06:30:00,MG,381.0,481,CONTAGEM,Reação tardia ou ineficiente do condutor,Colisão com objeto,Com Vítimas Feridas,Amanhecer,Decrescente,Céu Claro,Múltipla,Reta,Sim,1,0,1,0,0,0,1,1,"-19,95931561","-44,08825597",SPRF-MG,DEL01-MG,UOP03-DEL01-MG
357806.0,2021-05-15,sábado,07:10:00,MG,50.0,174,UBERABA,Acumulo de areia ou detritos sobre o pavimento,Tombamento,Sem Vítimas,Pleno dia,Decrescente,Céu Claro,Dupla,Retorno Regulamentado,Sim,1,0,0,0,1,0,0,1,"-19,770817","-47,973434",SPRF-MG,DEL13-MG,UOP01-DEL13-MG
357810.0,2021-05-15,sábado,07:30:00,MG,40.0,"703,3",BARBACENA,Avarias e/ou desgaste excessivo no pneu,Colisão com objeto,Com Vítimas Feridas,Pleno dia,Crescente,Nublado,Dupla,Curva,Não,1,0,0,1,0,0,1,1,"-21,223154","-43,7301",SPRF-MG,DEL05-MG,UOP02-DEL05-MG
357823.0,2021-05-15,sábado,07:35:00,MG,262.0,"37,9",MANHUACU,Reação tardia ou ineficiente do condutor,Colisão transversal,Com Vítimas Feridas,Pleno dia,Decrescente,Céu Claro,Simples,Reta,Não,2,0,0,1,1,0,1,2,"-20,25748975","-42,03048732",SPRF-MG,DEL06-MG,UOP04-DEL06-MG
357828.0,2021-05-15,sábado,09:30:00,MG,365.0,"662,8",MONTE ALEGRE DE MINAS,Ausência de reação do condutor,Queda de ocupante de veículo,Com Vítimas Feridas,Pleno dia,Crescente,Céu Claro,Dupla,Curva,Não,1,0,1,0,0,0,1,1,"-18,89348512","-48,66133904",SPRF-MG,DEL15-MG,UOP01-DEL15-MG
357839.0,2021-05-15,sábado,11:30:00,MG,50.0,25,ARAGUARI,Demais falhas mecânicas ou elétricas,Saída de leito carroçável,Sem Vítimas,Pleno dia,Crescente,Sol,Dupla,Desvio Temporário,Não,2,0,0,0,2,0,0,2,"-18,61146226","-48,07749391",SPRF-MG,DEL15-MG,UOP02-DEL15-MG
357873.0,2021-05-15,sábado,15:10:00,MG,381.0,"490,3",BETIM,Velocidade Incompatível,Tombamento,Com Vítimas Feridas,Pleno dia,Decrescente,Céu Claro,Dupla,Curva,Não,6,0,3,0,3,0,3,5,"-19,96502819","-44,17422195",SPRF-MG,DEL01-MG,UOP03-DEL01-MG
357899.0,2021-05-15,sábado,17:30:00,MG,381.0,"924,6",CAMANDUCAIA,Velocidade Incompatível,Colisão com objeto,Com Vítimas Feridas,Plena Noite,Crescente,Chuva,Dupla,Curva,Não,2,0,1,0,1,0,1,1,"-22,77050246","-46,23490598",SPRF-MG,DEL16-MG,UOP03-DEL16-MG
357902.0,2021-05-15,sábado,18:00:00,MG,381.0,512,IGARAPE,Ultrapassagem Indevida,Colisão transversal,Com Vítimas Feridas,Plena Noite,Decrescente,Céu Claro,Múltipla,Interseção de vias,Sim,2,0,1,0,1,0,1,2,"-20,06983859","-44,298141",SPRF-MG,DEL01-MG,UOP03-DEL01-MG
357903.0,2021-05-15,sábado,07:00:00,MG,251.0,"307,6",SALINAS,Velocidade Incompatível,Saída de leito carroçável,Com Vítimas Feridas,Pleno dia,Crescente,Céu Claro,Simples,Reta,Não,1,0,1,0,0,0,1,1,"-16,13437689","-42,29354318",SPRF-MG,DEL11-MG,UOP02-DEL11-MG
357937.0,2021-05-15,sábado,17:15:00,MG,262.0,"37,3",MANHUACU,Transitar na contramão,Colisão transversal,Com Vítimas Feridas,Pleno dia,Decrescente,Nublado,Simples,Reta,Sim,2,0,1,0,1,0,1,2,"-20,2503198","-42,1424412",SPRF-MG,DEL06-MG,UOP04-DEL06-MG
357971.0,2021-05-15,sábado,23:45:00,MG,40.0,"499,5",ESMERALDAS,Animais na Pista,Atropelamento de Animal,Com Vítimas Feridas,Plena Noite,Decrescente,Céu Claro,Dupla,Reta,Sim,4,0,1,1,1,1,2,1,"-19,69292612","-44,17828038",SPRF-MG,DEL02-MG,UOP01-DEL02-MG
358000.0,2021-05-16,domingo,03:45:00,MG,381.0,"317,4",NOVA ERA,Velocidade Incompatível,Saída de leito carroçável,Com Vítimas Fatais,Plena Noite,Decrescente,Nevoeiro/Neblina,Simples,Não Informado,Não,15,1,9,1,4,0,10,1,"-19,67655527","-42,97920227",SPRF-MG,DEL03-MG,UOP02-DEL03-MG
358016.0,2021-05-16,domingo,06:10:00,MG,,,UBERLANDIA,Ingestão de álcool pelo condutor,Colisão transversal,Com Vítimas Feridas,Amanhecer,Não Informado,Céu Claro,Simples,Interseção de vias,Sim,2,0,1,0,1,0,1,2,"-18,88168105","-48,26448441",SPRF-MG,DEL15-MG,UOP02-DEL15-MG
358033.0,2021-05-16,domingo,07:20:00,MG,40.0,"790,8",JUIZ DE FORA,Velocidade Incompatível,Capotamento,Com Vítimas Feridas,Amanhecer,Crescente,Nublado,Múltipla,Curva,Não,1,0,1,0,0,0,1,1,"-21,77130707","-43,43618608",SPRF-MG,DEL05-MG,UOP01-DEL05-MG
358041.0,2021-04-03,sábado,14:20:00,MG,40.0,563,NOVA LIMA,Acumulo de areia ou detritos sobre o pavimento,Queda de ocupante de veículo,Com Vítimas Feridas,Pleno dia,Decrescente,Céu Claro,Simples,Curva,Não,1,0,0,1,0,0,1,1,"-20,15241986","-43,96263156",SPRF-MG,DEL01-MG,UOP02-DEL01-MG
358058.0,2021-05-16,domingo,11:00:00,MG,262.0,380,JUATUBA,Velocidade Incompatível,Tombamento,Com Vítimas Feridas,Pleno dia,Decrescente,Céu Claro,Dupla,Não Informado,Não,1,0,0,1,0,0,1,1,"-19,947864","-44,381226",SPRF-MG,DEL01-MG,UOP03-DEL01-MG
358063.0,2021-05-16,domingo,09:30:00,MG,153.0,"8,2",ARAPORA,Acostamento em desnível,Saída de leito carroçável,Com Vítimas Feridas,Pleno dia,Decrescente,Céu Claro,Dupla,Reta,Não,1,0,1,0,0,0,1,1,"-18,48778001","-49,18862284",SPRF-MG,DEL15-MG,UOP03-DEL15-MG
358066.0,2021-05-16,domingo,08:50:00,MG,116.0,"276,2",TEOFILO OTONI,Transitar na contramão,Colisão frontal,Com Vítimas Feridas,Pleno dia,Crescente,Sol,Simples,Não Informado,Sim,4,0,1,0,3,0,1,3,"-17,852376","-41,514498",SPRF-MG,DEL11-MG,UOP01-DEL11-MG
358069.0,2021-05-16,domingo,11:00:00,MG,116.0,"408,7",GOVERNADOR VALADARES,Desrespeitar a preferência no cruzamento,Colisão transversal,Com Vítimas Feridas,Pleno dia,Crescente,Sol,Dupla,Rotatória,Sim,3,0,3,0,0,0,3,2,"-18,84221919","-41,98289416",SPRF-MG,DEL06-MG,UOP01-DEL06-MG
358076.0,2021-05-16,domingo,13:45:00,MG,381.0,353,JOAO MONLEVADE,Pista em desnível,Tombamento,Com Vítimas Feridas,Pleno dia,Crescente,Céu Claro,Simples,Reta,Não,1,0,1,0,0,0,1,1,"-19,83894801","-43,18248641",SPRF-MG,DEL03-MG,UOP01-DEL03-MG
358088.0,2021-05-16,domingo,15:00:00,MG,381.0,911,CAMANDUCAIA,Ausência de reação do condutor,Colisão com objeto,Com Vítimas Feridas,Pleno dia,Crescente,Céu Claro,Dupla,Reta,Não,4,0,3,0,1,0,3,1,"-22,70470122","-46,11897469",SPRF-MG,DEL16-MG,UOP03-DEL16-MG
358105.0,2021-05-16,domingo,15:55:00,MG,381.0,"665,8",SANTO ANTONIO DO AMPARO,Condutor Dormindo,Queda de ocupante de veículo,Com Vítimas Feridas,Pleno dia,Decrescente,Céu Claro,Dupla,Não Informado,Não,1,0,1,0,0,0,1,1,"-21,05108649","-45,00255923",SPRF-MG,DEL04-MG,UOP02-DEL04-MG
358126.0,2021-04-02,sexta-feira,18:30:00,MG,381.0,448,SANTA LUZIA,Acessar a via sem observar a presença dos outros veículos,Colisão transversal,Com Vítimas Feridas,Plena Noite,Crescente,Céu Claro,Simples,Não Informado,Sim,2,0,0,1,1,0,1,2,"-19,83435173","-43,85962899",SPRF-MG,DEL01-MG,UOP01-DEL01-MG
358133.0,2021-05-16,domingo,18:55:00,MG,381.0,349,JOAO MONLEVADE,Ausência de reação do condutor,Queda de ocupante de veículo,Com Vítimas Feridas,Plena Noite,Crescente,Céu Claro,Simples,Desvio Temporário,Não,2,0,1,0,1,0,1,1,"-19,8499239","-43,14868105",SPRF-MG,DEL03-MG,UOP01-DEL03-MG
358143.0,2021-05-16,domingo,17:30:00,MG,116.0,"696,7",MURIAE,Reação tardia ou ineficiente do condutor,Capotamento,Com Vítimas Feridas,Anoitecer,Decrescente,Nublado,Simples,Curva,Não,1,0,1,0,0,0,1,1,"-21,05773494","-42,36842221",SPRF-MG,DEL07-MG,UOP02-DEL07-MG
358151.0,2021-05-16,domingo,15:30:00,MG,262.0,"402,7",PARA DE MINAS,Velocidade Incompatível,Saída de leito carroçável,Com Vítimas Feridas,Pleno dia,Decrescente,Céu Claro,Dupla,Não Informado,Não,1,0,0,1,0,0,1,1,"-19,89743381","-44,56208695",SPRF-MG,DEL01-MG,UOP03-DEL01-MG
358166.0,2021-05-16,domingo,20:20:00,MG,381.0,501,BETIM,Demais falhas mecânicas ou elétricas,Tombamento,Com Vítimas Feridas,Plena Noite,Decrescente,Céu Claro,Dupla,Reta,Sim,2,0,2,0,0,0,2,1,"-20,03146447","-44,2377893",SPRF-MG,DEL01-MG,UOP03-DEL01-MG
358172.0,2021-05-16,domingo,19:45:00,MG,381.0,158,GOVERNADOR VALADARES,Retorno proibido,Colisão transversal,Com Vítimas Feridas,Plena Noite,Decrescente,Céu Claro,Simples,Reta,Não,3,0,1,1,0,1,2,2,"-18,91795246","-42,01337465",SPRF-MG,DEL06-MG,UOP01-DEL06-MG
358177.0,2021-05-16,domingo,18:40:00,MG,267.0,"131,5",JUIZ DE FORA,Ingestão de álcool pelo condutor,Saída de leito carroçável,Com Vítimas Feridas,Plena Noite,Decrescente,Nublado,Simples,Curva,Não,3,0,2,1,0,0,3,1,"-21,75477582","-43,59129015",SPRF-MG,DEL05-MG,UOP01-DEL05-MG
358194.0,2021-05-16,domingo,22:20:00,MG,381.0,"362,8",SAO GONCALO DO RIO ABAIXO,Velocidade Incompatível,Saída de leito carroçável,Com Vítimas Feridas,Plena Noite,Decrescente,Chuva,Simples,Reta,Não,1,0,1,0,0,0,1,1,"-19,85643939","-43,24280693",SPRF-MG,DEL03-MG,UOP01-DEL03-MG
358195.0,2021-05-16,domingo,22:00:00,MG,267.0,"160,4",LIMA DUARTE,Ingestão de álcool pelo condutor,Colisão frontal,Com Vítimas Feridas,Plena Noite,Decrescente,Garoa/Chuvisco,Simples,Curva,Não,2,0,2,0,0,0,2,2,"-21,84706253","-43,79196225",SPRF-MG,DEL05-MG,UOP01-DEL05-MG
358216.0,2021-05-16,domingo,23:30:00,MG,381.0,"495,3",BETIM,Reação tardia ou ineficiente do condutor,Capotamento,Com Vítimas Feridas,Plena Noite,Decrescente,Nublado,Múltipla,Não Informado,Sim,1,0,1,0,0,0,1,1,"-19,97275386","-44,18401837",SPRF-MG,DEL01-MG,UOP03-DEL01-MG