id,data_inversa,dia_semana,horario,uf,br,km,municipio,causa_acidente,tipo_acidente,classificacao_acidente,fase_dia,sentido_via,condicao_metereologica,tipo_pista,tracado_via,uso_solo,pessoas,mortos,feridos_leves,feridos_graves,ilesos,ignorados,feridos,veiculos,latitude,longitude,regional,delegacia,uop
358232.0,2021-05-17,segunda-feira,02:10:00,MG,40.0,"426,8",PARAOPEBA,Velocidade Incompatível,Saída de leito carroçável,Com Vítimas Feridas,Plena Noite,Crescente,Céu Claro,Dupla,Não Informado,Não,3,0,3,0,0,0,3,1,"-19,16811528","-44,51542722",SPRF-MG,DEL02-MG,UOP01-DEL02-MG
358236.0,2021-05-16,domingo,23:30:00,MG,365.0,604,UBERLANDIA,Ingestão de álcool pelo condutor,Colisão com objeto,Sem Vítimas,Plena Noite,Decrescente,Céu Claro,Simples,Reta,Não,2,0,0,0,2,0,0,1,"-18,90390519","-48,16353682",SPRF-MG,DEL15-MG,UOP01-DEL15-MG
358244.0,2021-05-17,segunda-feira,05:45:00,MG,381.0,"434,1",SABARA,Velocidade Incompatível,Colisão frontal,Com Vítimas Feridas,Amanhecer,Decrescente,Nublado,Simples,Reta,Não,3,0,2,1,0,0,3,2,"-19,78770323","-43,72764587",SPRF-MG,DEL01-MG,UOP01-DEL01-MG
358245.0,2021-05-17,segunda-feira,06:00:00,MG,381.0,2,BETIM,Pista Escorregadia,Tombamento,Com Vítimas Feridas,Pleno dia,Decrescente,Nevoeiro/Neblina,Dupla,Curva,Sim,1,0,1,0,0,0,1,1,"-19,97985346","-44,16099429",SPRF-MG,DEL01-MG,UOP03-DEL01-MG
358281.0,2021-05-17,segunda-feira,10:10:00,MG,381.0,406,BOM JESUS DO AMPARO,Condutor Dormindo,Saída de leito carroçável,Com Vítimas Feridas,Pleno dia,Decrescente,Sol,Dupla,Não Informado,Não,2,0,0,1,0,1,1,1,"-19,754646","-43,529969",SPRF-MG,DEL01-MG,UOP01-DEL01-MG
358288.0,2021-05-17,segunda-feira,10:30:00,MG,381.0,"159,7",GOVERNADOR VALADARES,Condutor deixou de manter distância do veículo da frente,Colisão traseira,Com Vítimas Feridas,Pleno dia,Decrescente,Céu Claro,Simples,Interseção de vias,Não,2,0,0,1,1,0,1,2,"-18,89130996","-42,00470394",SPRF-MG,DEL06-MG,UOP01-DEL06-MG
358292.0,2021-05-17,segunda-feira,11:30:00,MG,40.0,563,NOVA LIMA,Demais falhas mecânicas ou elétricas,Incêndio,Sem Vítimas,Pleno dia,Decrescente,Céu Claro,Dupla,Curva,Não,1,0,0,0,0,1,0,1,"-20,15241986","-43,96263156",SPRF-MG,DEL01-MG,UOP02-DEL01-MG
358310.0,2021-05-17,segunda-feira,11:20:00,MG,40.0,"145,4",JOAO PINHEIRO,Reação tardia ou ineficiente do condutor,Saída de leito carroçável,Com Vítimas Feridas,Pleno dia,Decrescente,Céu Claro,Simples,Reta,Não,1,0,1,0,0,0,1,1,"-17,75747407","-46,15910053",SPRF-MG,DEL14-MG,UOP02-DEL14-MG
358317.0,2021-05-15,sábado,19:10:00,MG,40.0,552,NOVA LIMA,Reação tardia ou ineficiente do condutor,Colisão lateral mesmo sentido,Sem Vítimas,Plena Noite,Decrescente,Céu Claro,Dupla,Reta,Sim,2,0,0,0,2,0,0,2,"-20,06084086","-43,97716423",SPRF-MG,DEL01-MG,UOP02-DEL01-MG
358347.0,2021-05-17,segunda-feira,10:50:00,MG,262.0,467,BOM DESPACHO,Avarias e/ou desgaste excessivo no pneu,Tombamento,Com Vítimas Feridas,Pleno dia,Crescente,Céu Claro,Simples,Reta,Não,2,0,1,0,1,0,1,1,"-19,80324093","-45,13352097",SPRF-MG,DEL08-MG,UOP03-DEL08-MG
358365.0,2021-05-17,segunda-feira,17:40:00,MG,40.0,526,CONTAGEM,Animais na Pista,Atropelamento de Animal,Com Vítimas Feridas,Plena Noite,Decrescente,Céu Claro,Dupla,Reta,Sim,1,0,1,0,0,0,1,1,"-19,89255399","-44,04985478",SPRF-MG,DEL01-MG,UOP02-DEL01-MG
358380.0,2021-05-17,segunda-feira,18:40:00,MG,40.0,"413,6",CURVELO,Conversão proibida,Colisão traseira,Com Vítimas Feridas,Plena Noite,Decrescente,Céu Claro,Dupla,Interseção de vias,Não,2,0,0,1,1,0,1,2,"-19,13696","-44,6166",SPRF-MG,DEL02-MG,UOP01-DEL02-MG
358384.0,2021-05-17,segunda-feira,18:35:00,MG,116.0,"411,5",GOVERNADOR VALADARES,Pedestre cruzava a pista fora da faixa,Atropelamento de Pedestre,Com Vítimas Feridas,Plena Noite,Crescente,Céu Claro,Dupla,Reta,Sim,2,0,0,1,0,1,1,1,"-18,86244705","-41,97405237",SPRF-MG,DEL06-MG,UOP01-DEL06-MG
358403.0,2021-01-17,domingo,09:25:00,MG,116.0,"476,2",TARUMIRIM,Acessar a via sem observar a presença dos outros veículos,Colisão transversal,Com Vítimas Feridas,Pleno dia,Decrescente,Céu Claro,Simples,Reta,Não,3,0,1,2,0,0,3,2,"-19,3623751","-42,0983069",SPRF-MG,DEL06-MG,UOP02-DEL06-MG
358436.0,2021-05-18,terça-feira,06:40:00,MG,116.0,"529,6",CARATINGA,Reação tardia ou ineficiente do condutor,Colisão com objeto,Com Vítimas Feridas,Amanhecer,Decrescente,Nublado,Dupla,Reta,Sim,1,0,1,0,0,0,1,1,"-19,80209596","-42,13678193",SPRF-MG,DEL06-MG,UOP02-DEL06-MG
358438.0,2021-05-18,terça-feira,05:10:00,MG,40.0,"500,7",ESMERALDAS,Iluminação deficiente,Atropelamento de Animal,Com Vítimas Feridas,Amanhecer,Crescente,Céu Claro,Dupla,Não Informado,Não,3,0,0,2,1,0,2,2,"-19,70073502","-44,17382703",SPRF-MG,DEL02-MG,UOP01-DEL02-MG
358443.0,2021-05-18,terça-feira,08:00:00,MG,40.0,"521,6",RIBEIRAO DAS NEVES,Condutor deixou de manter distância do veículo da frente,Colisão transversal,Com Vítimas Feridas,Pleno dia,Crescente,Céu Claro,Dupla,Reta,Não,2,0,1,0,1,0,1,2,"-19,85651501","-44,07213222",SPRF-MG,DEL01-MG,UOP02-DEL01-MG
358462.0,2021-05-18,terça-feira,07:40:00,MG,381.0,486,BETIM,Manobra de mudança de faixa,Colisão lateral mesmo sentido,Com Vítimas Feridas,Pleno dia,Crescente,Céu Claro,Dupla,Não Informado,Sim,2,0,1,0,1,0,1,2,"-19,95644414","-44,13611598",SPRF-MG,DEL01-MG,UOP03-DEL01-MG
358556.0,2021-05-18,terça-feira,17:35:00,MG,381.0,453,SABARA,Pedestre andava na pista,Atropelamento de Pedestre,Com Vítimas Feridas,Anoitecer,Decrescente,Céu Claro,Simples,Curva,Não,2,0,0,1,1,0,1,1,"-19,85197588","-43,88851019",SPRF-MG,DEL01-MG,UOP01-DEL01-MG
358565.0,2021-05-18,terça-feira,18:30:00,MG,116.0,"530,3",CARATINGA,Conversão proibida,Colisão transversal,Com Vítimas Feridas,Plena Noite,Decrescente,Céu Claro,Simples,Interseção de vias,Sim,3,0,0,1,2,0,1,2,"-19,81067298","-42,13539446",SPRF-MG,DEL06-MG,UOP02-DEL06-MG
358623.0,2021-05-19,quarta-feira,06:30:00,MG,40.0,484,SETE LAGOAS,Reação tardia ou ineficiente do condutor,Queda de ocupante de veículo,Com Vítimas Feridas,Pleno dia,Crescente,Céu Claro,Dupla,Curva,Não,1,0,1,0,0,0,1,1,"-19,57299","-44,23021",SPRF-MG,DEL02-MG,UOP01-DEL02-MG
358629.0,2021-05-18,terça-feira,18:50:00,MG,40.0,"5,2",PARACATU,Demais falhas mecânicas ou elétricas,Incêndio,Sem Vítimas,Plena Noite,Crescente,Céu Claro,Simples,Reta,Não,1,0,0,0,0,1,0,1,"-17,06112615","-47,12251809",SPRF-MG,DEL14-MG,UOP01-DEL14-MG
358631.0,2021-05-19,quarta-feira,07:50:00,MG,381.0,"477,5",CONTAGEM,Trafegar com motocicleta (ou similar) entre as faixas,Colisão lateral mesmo sentido,Com Vítimas Feridas,Pleno dia,Decrescente,Céu Claro,Dupla,Reta,Sim,2,0,0,1,1,0,1,2,"-19,96179268","-44,05041676",SPRF-MG,DEL01-MG,UOP03-DEL01-MG
358633.0,2021-02-21,domingo,08:30:00,MG,40.0,"516,5",RIBEIRAO DAS NEVES,Reação tardia ou ineficiente do condutor,Colisão com objeto,Com Vítimas Feridas,Pleno dia,Decrescente,Céu Claro,Dupla,Reta,Sim,1,0,0,1,0,0,1,1,"-19,81628624","-44,08960124",SPRF-MG,DEL01-MG,UOP02-DEL01-MG
358683.0,2021-02-16,terça-feira,16:40:00,MG,40.0,"619,6",CONGONHAS,Ingestão de álcool pelo condutor,Colisão frontal,Com Vítimas Feridas,Pleno dia,Crescente,Chuva,Simples,Curva,Não,5,0,0,3,1,1,3,3,"-20,57831942","-43,80880063",SPRF-MG,DEL05-MG,UOP02-DEL05-MG
358740.0,2021-05-19,quarta-feira,19:00:00,MG,262.0,"404,8",PARA DE MINAS,Condutor Dormindo,Capotamento,Com Vítimas Feridas,Plena Noite,Crescente,Céu Claro,Simples,Reta,Não,1,0,0,1,0,0,1,1,"-19,89195069","-44,58054391",SPRF-MG,DEL01-MG,UOP03-DEL01-MG
358768.0,2021-04-01,quinta-feira,08:00:00,MG,381.0,676,PERDOES,Condutor Dormindo,Queda de ocupante de veículo,Com Vítimas Feridas,Pleno dia,Decrescente,Céu Claro,Dupla,Reta,Sim,1,0,0,1,0,0,1,1,"-21,09231084","-45,07358384",SPRF-MG,DEL04-MG,UOP02-DEL04-MG
358775.0,2021-05-19,quarta-feira,23:00:00,MG,50.0,"23,8",ARAGUARI,Ingestão de álcool pelo condutor,Saída de leito carroçável,Sem Vítimas,Plena Noite,Crescente,Céu Claro,Dupla,Não Informado,Não,1,0,0,0,1,0,0,1,"-18,61037682","-48,06200981",SPRF-MG,DEL15-MG,UOP02-DEL15-MG
358777.0,2021-05-19,quarta-feira,22:30:00,MG,116.0,"705,2",MURIAE,Animais na Pista,Atropelamento de Animal,Com Vítimas Feridas,Plena Noite,Crescente,Céu Claro,Simples,Não Informado,Não,1,0,1,0,0,0,1,1,"-21,13020896","-42,38597902",SPRF-MG,DEL07-MG,UOP02-DEL07-MG
358781.0,2021-05-20,quinta-feira,00:20:00,MG,40.0,"616,1",CONGONHAS,Condutor Dormindo,Saída de leito carroçável,Com Vítimas Feridas,Plena Noite,Decrescente,Céu Claro,Simples,Desvio Temporário,Não,2,0,1,1,0,0,2,1,"-20,55179479","-43,81502151",SPRF-MG,DEL05-MG,UOP02-DEL05-MG
358792.0,2021-05-20,quinta-feira,06:00:00,MG,381.0,"488,4",BETIM,Animais na Pista,Atropelamento de Animal,Com Vítimas Feridas,Pleno dia,Decrescente,Céu Claro,Dupla,Reta,Sim,1,0,1,0,0,0,1,1,"-19,95679079","-44,11884069",SPRF-MG,DEL01-MG,UOP03-DEL01-MG
358807.0,2021-02-21,domingo,18:45:00,MG,40.0,520,CONTAGEM,Reação tardia ou ineficiente do condutor,Saída de leito carroçável,Com Vítimas Fatais,Plena Noite,Crescente,Chuva,Dupla,Reta,Não,2,1,0,1,0,0,1,1,"-19,84761911","-44,07276144",SPRF-MG,DEL01-MG,UOP02-DEL01-MG
358838.0,2021-05-20,quinta-feira,09:40:00,MG,381.0,"179,9",GOVERNADOR VALADARES,Pista esburacada,Tombamento,Com Vítimas Feridas,Pleno dia,Crescente,Céu Claro,Simples,Reta,Não,2,0,2,0,0,0,2,1,"-19,03245401","-42,14869187",SPRF-MG,DEL06-MG,UOP01-DEL06-MG
358841.0,2021-05-20,quinta-feira,10:30:00,MG,251.0,"459,9",GRAO MOGOL,Condutor deixou de manter distância do veículo da frente,Colisão traseira,Com Vítimas Feridas,Pleno dia,Decrescente,Céu Claro,Simples,Não Informado,Não,2,0,1,0,1,0,1,2,"-16,41214539","-43,37743097",SPRF-MG,DEL12-MG,UOP01-DEL12-MG
358854.0,2021-05-20,quinta-feira,13:00:00,MG,262.0,94,ABRE CAMPO,Condutor deixou de manter distância do veículo da frente,Colisão traseira,Com Vítimas Feridas,Pleno dia,Decrescente,Céu Claro,Simples,Reta,Não,2,0,1,0,1,0,1,2,"-20,30646793","-42,46611787",SPRF-MG,DEL03-MG,UOP03-DEL03-MG
358907.0,2021-05-20,quinta-feira,15:35:00,MG,40.0,"639,8",CONSELHEIRO LAFAIETE,Ausência de reação do condutor,Saída de leito carroçável,Com Vítimas Feridas,Pleno dia,Decrescente,Céu Claro,Simples,Curva,Não,1,0,1,0,0,0,1,1,"-20,73219989","-43,79985054",SPRF-MG,DEL05-MG,UOP02-DEL05-MG
358909.0,2021-05-20,quinta-feira,18:00:00,MG,40.0,667,CARANDAI,Acessar a via sem observar a presença dos outros veículos,Colisão transversal,Com Vítimas Feridas,Plena Noite,Crescente,Céu Claro,Dupla,Interseção de vias,Sim,3,0,1,0,2,0,1,2,"-20,947974","-43,797273",SPRF-MG,DEL05-MG,UOP02-DEL05-MG
358912.0,2021-05-20,quinta-feira,17:15:00,MG,116.0,"536,4",SANTA RITA DE MINAS,Reação tardia ou ineficiente do condutor,Tombamento,Com Vítimas Feridas,Anoitecer,Crescente,Céu Claro,Simples,Curva,Não,1,0,0,1,0,0,1,1,"-19,8582936","-42,1353868",SPRF-MG,DEL06-MG,UOP02-DEL06-MG
358945.0,2021-05-20,quinta-feira,17:30:00,MG,267.0,"130,2",JUIZ DE FORA,Velocidade Incompatível,Capotamento,Com Vítimas Feridas,Pleno dia,Decrescente,Céu Claro,Simples,Curva,Não,2,0,1,0,1,0,1,1,"-21,75025131","-43,57819387",SPRF-MG,DEL05-MG,UOP01-DEL05-MG
358987.0,2021-05-21,sexta-feira,02:40:00,MG,50.0,"80,9",UBERLANDIA,Ausência de reação do condutor,Colisão com objeto,Sem Vítimas,Plena Noite,Decrescente,Céu Claro,Dupla,Não Informado,Não,1,0,0,0,1,0,0,1,"-18,986906","-48,211853",SPRF-MG,DEL15-MG,UOP01-DEL15-MG
358997.0,2021-05-21,sexta-feira,03:50:00,MG,381.0,"511,9",IGARAPE,Objeto estático sobre o leito carroçável,Colisão com objeto,Com Vítimas Feridas,Plena Noite,Crescente,Céu Claro,Múltipla,Reta,Sim,1,0,1,0,0,0,1,1,"-20,06792389","-44,29726124",SPRF-MG,DEL01-MG,UOP03-DEL01-MG
358999.0,2021-05-21,sexta-feira,05:20:00,MG,40.0,37,PARACATU,Condutor Dormindo,Colisão com objeto,Sem Vítimas,Amanhecer,Crescente,Céu Claro,Simples,Reta,Não,1,0,0,0,0,1,0,1,"-17,20444515","-46,90533629",SPRF-MG,DEL14-MG,UOP01-DEL14-MG
359018.0,2021-05-21,sexta-feira,07:55:00,MG,381.0,"485,7",BETIM,Velocidade Incompatível,Colisão traseira,Com Vítimas Feridas,Pleno dia,Decrescente,Sol,Dupla,Reta,Sim,2,0,1,0,1,0,1,2,"-19,95659361","-44,12622893",SPRF-MG,DEL01-MG,UOP03-DEL01-MG
359019.0,2021-05-21,sexta-feira,08:20:00,MG,381.0,452,SABARA,Ausência de reação do condutor,Colisão transversal,Com Vítimas Feridas,Pleno dia,Crescente,Céu Claro,Simples,Rotatória,Sim,3,0,1,0,2,0,1,2,"-19,84339604","-43,88596993",SPRF-MG,DEL01-MG,UOP01-DEL01-MG
359046.0,2021-05-21,sexta-feira,08:40:00,MG,262.0,"495,5",MOEMA,Reação tardia ou ineficiente do condutor,Saída de leito carroçável,Com Vítimas Feridas,Pleno dia,Decrescente,Céu Claro,Simples,Reta,Não,2,0,2,0,0,0,2,1,"-19,78382658","-45,43395996",SPRF-MG,DEL08-MG,UOP03-DEL08-MG
359060.0,2021-05-21,sexta-feira,14:15:00,MG,116.0,"275,8",TEOFILO OTONI,Conversão proibida,Colisão transversal,Com Vítimas Feridas,Pleno dia,Crescente,Céu Claro,Simples,Reta,Sim,2,0,1,0,1,0,1,2,"-17,84235093","-41,51410418",SPRF-MG,DEL11-MG,UOP01-DEL11-MG
359094.0,2021-05-21,sexta-feira,14:40:00,MG,50.0,141,UBERABA,Demais falhas mecânicas ou elétricas,Incêndio,Sem Vítimas,Pleno dia,Decrescente,Céu Claro,Dupla,Reta,Não,2,0,0,0,2,0,0,1,"-19,48525501","-48,05065502",SPRF-MG,DEL13-MG,UOP01-DEL13-MG
359102.0,2021-05-21,sexta-feira,18:05:00,MG,40.0,531,BELO HORIZONTE,Acessar a via sem observar a presença dos outros veículos,Atropelamento de Pedestre,Com Vítimas Feridas,Plena Noite,Decrescente,Céu Claro,Dupla,Reta,Sim,2,0,1,0,1,0,1,1,"-19,91962483","-44,02522683",SPRF-MG,DEL01-MG,UOP02-DEL01-MG
359115.0,2021-05-21,sexta-feira,19:00:00,MG,50.0,"174,7",UBERABA,Área urbana sem a presença de local apropriado para a travessia de pedestres,Atropelamento de Pedestre,Com Vítimas Fatais,Plena Noite,Decrescente,Céu Claro,Dupla,Reta,Sim,2,2,0,0,0,0,0,1,"-19,76948688","-47,97429795",SPRF-MG,DEL13-MG,UOP01-DEL13-MG
359134.0,2021-05-21,sexta-feira,20:10:00,MG,116.0,276,TEOFILO OTONI,Ausência de reação do condutor,Colisão transversal,Com Vítimas Feridas,Plena Noite,Crescente,Céu Claro,Simples,Reta,Sim,2,0,2,0,0,0,2,2,"-17,85105696","-41,51454492",SPRF-MG,DEL11-MG,UOP01-DEL11-MG
359148.0,2021-05-21,sexta-feira,20:35:00,MG,381.0,"222,5",BELO ORIENTE,Transitar no acostamento,Colisão traseira,Com Vítimas Feridas,Plena Noite,Crescente,Céu Claro,Simples,Reta,Não,2,0,0,1,1,0,1,2,"-19,3106066","-42,39297462",SPRF-MG,DEL06-MG,UOP01-DEL06-MG
359158.0,2021-05-21,sexta-feira,21:30:00,MG,40.0,524,CONTAGEM,Entrada inopinada do pedestre,Atropelamento de Pedestre,Com Vítimas Feridas,Plena Noite,Crescente,Céu Claro,Dupla,Reta,Sim,2,0,1,1,0,0,2,1,"-19,8754469","-44,05345586",SPRF-MG,DEL01-MG,UOP02-DEL01-MG
359174.0,2021-05-21,sexta-feira,17:30:00,MG,116.0,"467,1",TARUMIRIM,Condutor deixou de manter distância do veículo da frente,Colisão traseira,Com Vítimas Fatais,Anoitecer,Decrescente,Céu Claro,Simples,Reta,Não,3,1,0,0,0,2,0,2,"-19,29567132","-42,07805514",SPRF-MG,DEL06-MG,UOP02-DEL06-MG
359215.0,2021-05-22,sábado,06:40:00,MG,381.0,495,BETIM,Pista Escorregadia,Tombamento,Com Vítimas Feridas,Pleno dia,Decrescente,Sol,Dupla,Curva,Sim,2,0,2,0,0,0,2,1,"-19,98890883","-44,20522016",SPRF-MG,DEL01-MG,UOP03-DEL01-MG
359288.0,2021-05-22,sábado,13:20:00,MG,381.0,"940,9",EXTREMA,Ingestão de álcool pelo condutor,Colisão lateral mesmo sentido,Sem Vítimas,Pleno dia,Crescente,Chuva,Dupla,Reta,Não,2,0,0,0,2,0,0,2,"-22,8276133","-46,31413796",SPRF-MG,DEL16-MG,UOP03-DEL16-MG
359310.0,2021-05-22,sábado,16:15:00,MG,40.0,"703,4",BARBACENA,Ingestão de álcool pelo condutor,Colisão com objeto,Com Vítimas Feridas,Pleno dia,Crescente,Nublado,Dupla,Curva,Sim,1,0,1,0,0,0,1,1,"-21,198738","-43,74906",SPRF-MG,DEL05-MG,UOP02-DEL05-MG
359313.0,2021-05-22,sábado,15:00:00,MG,40.0,141,JOAO PINHEIRO,Acessar a via sem observar a presença dos outros veículos,Colisão lateral mesmo sentido,Sem Vítimas,Pleno dia,Crescente,Chuva,Simples,Reta,Sim,1,0,0,0,1,0,0,1,"-17,73618679","-46,19334804",SPRF-MG,DEL14-MG,UOP01-DEL14-MG
359318.0,2021-05-22,sábado,17:25:00,MG,381.0,"921,5",CAMANDUCAIA,Reação tardia ou ineficiente do condutor,Colisão com objeto,Com Vítimas Feridas,Pleno dia,Crescente,Chuva,Dupla,Curva,Não,3,0,2,0,1,0,2,1,"-22,7671484","-46,22667493",SPRF-MG,DEL16-MG,UOP03-DEL16-MG
359323.0,2021-05-22,sábado,11:15:00,MG,365.0,"844,9",SANTA VITORIA,Chuva,Tombamento,Com Vítimas Feridas,Pleno dia,Decrescente,Chuva,Simples,Reta,Não,1,0,1,0,0,0,1,1,"-18,96782404","-50,28924193",SPRF-MG,DEL15-MG,UOP03-DEL15-MG
359328.0,2021-05-22,sábado,18:10:00,MG,262.0,355,BETIM,Reação tardia ou ineficiente do condutor,Saída de leito carroçável,Com Vítimas Feridas,Anoitecer,Decrescente,Céu Claro,Dupla,Curva,Sim,1,0,0,1,0,0,1,1,"-19,96466575","-44,17285107",SPRF-MG,DEL01-MG,UOP03-DEL01-MG
359355.0,2021-05-22,sábado,19:15:00,MG,381.0,875,ESTIVA,Ingestão de álcool pelo condutor,Queda de ocupante de veículo,Com Vítimas Feridas,Plena Noite,Crescente,Nublado,Dupla,Reta,Não,1,0,1,0,0,0,1,1,"-22,46421508","-46,00859853",SPRF-MG,DEL16-MG,UOP01-DEL16-MG
359372.0,2021-05-22,sábado,19:00:00,MG,262.0,"437,7",NOVA SERRANA,Acessar a via sem observar a presença dos outros veículos,Colisão traseira,Com Vítimas Feridas,Plena Noite,Decrescente,Nublado,Dupla,Retorno Regulamentado,Não,2,0,1,0,1,0,1,2,"-19,89622194","-44,86972815",SPRF-MG,DEL08-MG,UOP03-DEL08-MG
359413.0,2021-05-22,sábado,23:10:00,MG,262.0,"811,1",UBERABA,Ingestão de álcool pelo condutor,Saída de leito carroçável,Sem Vítimas,Plena Noite,Decrescente,Céu Claro,Dupla,Curva,Sim,1,0,0,0,0,1,0,1,"-19,76527861","-48,11638905",SPRF-MG,DEL13-MG,UOP01-DEL13-MG
359417.0,2021-05-22,sábado,23:30:00,MG,381.0,"529,5",BRUMADINHO,Velocidade Incompatível,Colisão traseira,Com Vítimas Feridas,Plena Noite,Decrescente,Garoa/Chuvisco,Dupla,Reta,Não,3,0,2,0,1,0,2,2,"-20,16619722","-44,36914378",SPRF-MG,DEL04-MG,UOP03-DEL04-MG
359421.0,2021-05-22,sábado,23:55:00,MG,40.0,807,MATIAS BARBOSA,Ingestão de álcool pelo condutor,Colisão lateral mesmo sentido,Sem Vítimas,Plena Noite,Crescente,Céu Claro,Dupla,Curva,Não,2,0,0,0,2,0,0,2,"-21,86785528","-43,35552904",SPRF-MG,DEL05-MG,UOP01-DEL05-MG
359433.0,2021-05-23,domingo,03:00:00,MG,262.0,"799,9",UBERABA,Ingestão de álcool pelo condutor,Colisão transversal,Sem Vítimas,Plena Noite,Decrescente,Céu Claro,Simples,Reta,Não,2,0,0,0,2,0,0,2,"-19,77864246","-47,93629597",SPRF-MG,DEL13-MG,UOP01-DEL13-MG
359435.0,2021-05-23,domingo,03:10:00,MG,40.0,462,SETE LAGOAS,Condutor Dormindo,Saída de leito carroçável,Com Vítimas Feridas,Plena Noite,Crescente,Céu Claro,Dupla,Reta,Não,1,0,1,0,0,0,1,1,"-19,4136917","-44,33879427",SPRF-MG,DEL02-MG,UOP01-DEL02-MG
359463.0,2021-05-23,domingo,07:10:00,MG,251.0,"513,1",FRANCISCO SA,Mal súbito do condutor,Colisão com objeto,Com Vítimas Feridas,Pleno dia,Decrescente,Céu Claro,Simples,Reta,Não,1,0,1,0,0,0,1,1,"-16,6575132","-43,72704597",SPRF-MG,DEL12-MG,UOP01-DEL12-MG
359470.0,2021-05-23,domingo,08:20:00,MG,381.0,"519,4",IGARAPE,Velocidade Incompatível,Colisão com objeto,Com Vítimas Feridas,Pleno dia,Crescente,Céu Claro,Dupla,Curva,Não,1,0,1,0,0,0,1,1,"-20,1144748","-44,30608034",SPRF-MG,DEL04-MG,UOP03-DEL04-MG
359478.0,2021-05-23,domingo,06:20:00,MG,381.0,"389,5",BARAO DE COCAIS,Reação tardia ou ineficiente do condutor,Colisão com objeto,Com Vítimas Feridas,Pleno dia,Decrescente,Céu Claro,Dupla,Reta,Sim,2,0,1,0,1,0,1,1,"-19,8025303","-43,41074556",SPRF-MG,DEL01-MG,UOP01-DEL01-MG
359481.0,2021-05-23,domingo,09:15:00,MG,262.0,"357,9",BETIM,Velocidade Incompatível,Saída de leito carroçável,Com Vítimas Feridas,Pleno dia,Crescente,Nublado,Dupla,Curva,Não,1,0,1,0,0,0,1,1,"-19,97470835","-44,18804897",SPRF-MG,DEL01-MG,UOP03-DEL01-MG
359483.0,2021-05-22,sábado,23:00:00,MG,381.0,"619,7",OLIVEIRA,Pista esburacada,Colisão com objeto,Sem Vítimas,Plena Noite,Crescente,Nevoeiro/Neblina,Dupla,Reta,Não,1,0,0,0,1,0,0,1,"-20,75199046","-44,7746408",SPRF-MG,DEL04-MG,UOP01-DEL04-MG
359486.0,2021-05-23,domingo,10:00:00,MG,381.0,"520,5",IGARAPE,Ausência de reação do condutor,Colisão com objeto,Com Vítimas Feridas,Pleno dia,Crescente,Céu Claro,Dupla,Não Informado,Não,2,0,2,0,0,0,2,1,"-20,11558298","-44,30477142",SPRF-MG,DEL04-MG,UOP03-DEL04-MG
359489.0,2021-05-23,domingo,10:30:00,MG,262.0,"394,2",PARA DE MINAS,Velocidade Incompatível,Tombamento,Com Vítimas Feridas,Pleno dia,Crescente,Sol,Dupla,Reta,Não,3,0,3,0,0,0,3,2,"-19,91870373","-44,49079292",SPRF-MG,DEL01-MG,UOP03-DEL01-MG
359498.0,2021-05-23,domingo,08:20:00,MG,116.0,"277,8",TEOFILO OTONI,Ingestão de álcool pelo condutor,Colisão com objeto,Com Vítimas Feridas,Pleno dia,Decrescente,Céu Claro,Simples,Reta,Sim,1,0,1,0,0,0,1,1,"-17,859945","-41,515144",SPRF-MG,DEL11-MG,UOP01-DEL11-MG
359513.0,2021-05-23,domingo,12:55:00,MG,262.0,"441,9",NOVA SERRANA,Velocidade Incompatível,Tombamento,Com Vítimas Feridas,Pleno dia,Decrescente,Céu Claro,Múltipla,Desvio Temporário,Sim,1,0,1,0,0,0,1,1,"-19,88296154","-44,90293014",SPRF-MG,DEL08-MG,UOP03-DEL08-MG
359535.0,2021-05-23,domingo,10:30:00,MG,381.0,"159,4",GOVERNADOR VALADARES,Conversão proibida,Colisão transversal,Com Vítimas Feridas,Pleno dia,Crescente,Céu Claro,Simples,Curva,Não,2,0,0,1,1,0,1,2,"-18,92455594","-42,01932801",SPRF-MG,DEL06-MG,UOP01-DEL06-MG
359543.0,2021-05-23,domingo,15:00:00,MG,381.0,444,SABARA,Retorno proibido,Colisão transversal,Com Vítimas Feridas,Pleno dia,Crescente,Céu Claro,Simples,Reta,Sim,2,0,0,1,1,0,1,2,"-19,82360393","-43,82539293",SPRF-MG,DEL01-MG,UOP01-DEL01-MG
359558.0,2021-05-23,domingo,08:50:00,MG,153.0,37,CANAPOLIS,Transitar no acostamento,Colisão traseira,Com Vítimas Fatais,Pleno dia,Decrescente,Céu Claro,Dupla,Não Informado,Não,5,1,0,0,1,3,0,2,"-18,72745629","-49,11459223",SPRF-MG,DEL15-MG,UOP03-DEL15-MG
359567.0,2021-05-23,domingo,18:30:00,MG,116.0,"584,1",MANHUACU,Ausência de reação do condutor,Atropelamento de Pedestre,Com Vítimas Fatais,Plena Noite,Decrescente,Céu Claro,Simples,Reta,Não,2,1,1,0,0,0,1,1,"-20,22302088","-42,17880872",SPRF-MG,DEL06-MG,UOP04-DEL06-MG