id,data_inversa,dia_semana,horario,uf,br,km,municipio,causa_acidente,tipo_acidente,classificacao_acidente,fase_dia,sentido_via,condicao_metereologica,tipo_pista,tracado_via,uso_solo,pessoas,mortos,feridos_leves,feridos_graves,ilesos,ignorados,feridos,veiculos,latitude,longitude,regional,delegacia,uop
359596.0,2021-05-23,domingo,20:10:00,MG,381.0,"477,5",CONTAGEM,Pedestre andava na pista,Atropelamento de Pedestre,Com Vítimas Feridas,Plena Noite,Crescente,Céu Claro,Dupla,Não Informado,Sim,2,0,1,0,1,0,1,1,"-19,95773873","-44,03005958",SPRF-MG,DEL01-MG,UOP03-DEL01-MG
359684.0,2021-05-24,segunda-feira,08:45:00,MG,381.0,"484,3",BETIM,Reação tardia ou ineficiente do condutor,Colisão com objeto,Com Vítimas Feridas,Pleno dia,Decrescente,Céu Claro,Múltipla,Reta,Sim,2,0,1,0,1,0,1,2,"-19,95592351","-44,09706116",SPRF-MG,DEL01-MG,UOP03-DEL01-MG
359700.0,2021-05-24,segunda-feira,10:25:00,MG,381.0,456,BELO HORIZONTE,Acessar a via sem observar a presença dos outros veículos,Colisão transversal,Com Vítimas Feridas,Pleno dia,Decrescente,Céu Claro,Dupla,Não Informado,Sim,2,0,1,0,1,0,1,2,"-19,84475184","-43,88645411",SPRF-MG,DEL01-MG,UOP01-DEL01-MG
359711.0,2021-04-03,sábado,16:15:00,MG,381.0,"502,5",BETIM,Velocidade Incompatível,Queda de ocupante de veículo,Com Vítimas Feridas,Pleno dia,Crescente,Sol,Dupla,Curva,Sim,1,0,0,1,0,0,1,1,"-20,03619694","-44,24586303",SPRF-MG,DEL01-MG,UOP03-DEL01-MG
359719.0,2021-05-24,segunda-feira,13:16:00,MG,40.0,510,RIBEIRAO DAS NEVES,Avarias e/ou desgaste excessivo no pneu,Queda de ocupante de veículo,Com Vítimas Feridas,Pleno dia,Decrescente,Céu Claro,Dupla,Reta,Não,3,0,2,0,0,1,2,1,"-19,77463885","-44,12321882",SPRF-MG,DEL01-MG,UOP02-DEL01-MG
359729.0,2021-05-24,segunda-feira,14:00:00,MG,381.0,454,BELO HORIZONTE,Reação tardia ou ineficiente do condutor,Engavetamento,Com Vítimas Feridas,Pleno dia,Decrescente,Céu Claro,Simples,Não Informado,Sim,4,0,1,0,3,0,1,3,"-19,8415931","-43,86813998",SPRF-MG,DEL01-MG,UOP01-DEL01-MG
359739.0,2021-05-24,segunda-feira,14:55:00,MG,262.0,"358,8",BETIM,Demais falhas mecânicas ou elétricas,Saída de leito carroçável,Com Vítimas Feridas,Pleno dia,Crescente,Sol,Dupla,Reta,Não,2,0,2,0,0,0,2,1,"-19,97562699","-44,197751",SPRF-MG,DEL01-MG,UOP03-DEL01-MG
359742.0,2021-05-24,segunda-feira,16:15:00,MG,40.0,574,ITABIRITO,Condutor deixou de manter distância do veículo da frente,Colisão lateral mesmo sentido,Sem Vítimas,Pleno dia,Crescente,Céu Claro,Simples,Reta,Sim,2,0,0,0,2,0,0,2,"-20,24791897","-43,96366791",SPRF-MG,DEL01-MG,UOP02-DEL01-MG
359750.0,2021-05-24,segunda-feira,17:00:00,MG,381.0,"926,2",ITAPEVA,Velocidade Incompatível,Capotamento,Com Vítimas Feridas,Anoitecer,Crescente,Nublado,Dupla,Reta,Não,2,0,1,0,0,1,1,1,"-22,76763434","-46,21673584",SPRF-MG,DEL16-MG,UOP03-DEL16-MG
359754.0,2021-05-24,segunda-feira,15:30:00,MG,262.0,126,RIO CASCA,Velocidade Incompatível,Saída de leito carroçável,Com Vítimas Feridas,Pleno dia,Crescente,Céu Claro,Simples,Reta,Não,1,0,1,0,0,0,1,1,"-20,18799924","-42,69190926",SPRF-MG,DEL03-MG,UOP03-DEL03-MG
359780.0,2021-05-24,segunda-feira,17:20:00,MG,40.0,632,CONSELHEIRO LAFAIETE,Conversão proibida,Colisão transversal,Com Vítimas Feridas,Pleno dia,Crescente,Céu Claro,Simples,Curva,Não,4,0,4,0,0,0,4,2,"-20,681388","-43,794277",SPRF-MG,DEL05-MG,UOP02-DEL05-MG
359787.0,2021-05-24,segunda-feira,21:15:00,MG,40.0,506,RIBEIRAO DAS NEVES,Desrespeitar a preferência no cruzamento,Colisão lateral mesmo sentido,Com Vítimas Feridas,Plena Noite,Crescente,Céu Claro,Dupla,Não Informado,Sim,1,0,0,1,0,0,1,1,"-19,74716686","-44,14731173",SPRF-MG,DEL02-MG,UOP01-DEL02-MG
359799.0,2021-05-24,segunda-feira,09:30:00,MG,381.0,"240,5",SANTANA DO PARAISO,Pista esburacada,Tombamento,Com Vítimas Feridas,Plena Noite,Crescente,Céu Claro,Simples,Curva,Não,2,0,1,1,0,0,2,1,"-19,41685387","-42,4926453",SPRF-MG,DEL06-MG,UOP01-DEL06-MG
359846.0,2021-05-23,domingo,17:30:00,MG,116.0,"78,2",MEDINA,Velocidade Incompatível,Colisão transversal,Com Vítimas Fatais,Anoitecer,Decrescente,Nublado,Simples,Curva,Não,3,1,1,0,1,0,1,3,"-16,26733792","-41,47802805",SPRF-MG,DEL11-MG,UOP02-DEL11-MG
359865.0,2021-05-25,terça-feira,11:00:00,MG,116.0,"274,3",TEOFILO OTONI,Desrespeitar a preferência no cruzamento,Colisão transversal,Com Vítimas Feridas,Pleno dia,Crescente,Nublado,Simples,Não Informado,Sim,2,0,1,0,1,0,1,2,"-17,834574","-41,511289",SPRF-MG,DEL11-MG,UOP01-DEL11-MG
359889.0,2021-05-25,terça-feira,14:20:00,MG,381.0,"533,5",ITATIAIUCU,Condutor deixou de manter distância do veículo da frente,Queda de ocupante de veículo,Com Vítimas Feridas,Pleno dia,Crescente,Céu Claro,Dupla,Curva,Não,2,0,1,0,1,0,1,2,"-20,19896036","-44,38641307",SPRF-MG,DEL04-MG,UOP03-DEL04-MG
359903.0,2021-05-25,terça-feira,16:00:00,MG,40.0,509,RIBEIRAO DAS NEVES,Demais falhas na via,Queda de ocupante de veículo,Com Vítimas Feridas,Pleno dia,Decrescente,Céu Claro,Dupla,Curva,Sim,1,0,1,0,0,0,1,1,"-19,76728744","-44,12855905",SPRF-MG,DEL01-MG,UOP02-DEL01-MG
359913.0,2021-05-25,terça-feira,17:18:00,MG,381.0,"453,3",SABARA,Velocidade Incompatível,Engavetamento,Sem Vítimas,Anoitecer,Crescente,Céu Claro,Simples,Não Informado,Sim,3,0,0,0,3,0,0,3,"-19,8399216","-43,8609399",SPRF-MG,DEL01-MG,UOP01-DEL01-MG
359917.0,2021-05-25,terça-feira,17:09:00,MG,50.0,177,UBERABA,Obras na pista,Tombamento,Com Vítimas Feridas,Pleno dia,Decrescente,Céu Claro,Dupla,Reta,Sim,1,0,1,0,0,0,1,1,"-19,77914852","-47,95047701",SPRF-MG,DEL13-MG,UOP01-DEL13-MG
359919.0,2021-05-25,terça-feira,17:40:00,MG,40.0,"507,6",RIBEIRAO DAS NEVES,Transitar na contramão,Colisão frontal,Com Vítimas Feridas,Anoitecer,Crescente,Nublado,Múltipla,Não Informado,Sim,2,0,1,0,1,0,1,2,"-19,75868","-44,13766",SPRF-MG,DEL02-MG,UOP01-DEL02-MG
359942.0,2021-05-25,terça-feira,18:40:00,MG,381.0,484,BETIM,Velocidade Incompatível,Colisão lateral mesmo sentido,Com Vítimas Feridas,Plena Noite,Crescente,Céu Claro,Dupla,Reta,Sim,3,0,1,0,2,0,1,2,"-19,95531717","-44,11722196",SPRF-MG,DEL01-MG,UOP03-DEL01-MG
359943.0,2021-05-25,terça-feira,19:00:00,MG,116.0,"408,6",GOVERNADOR VALADARES,Acessar a via sem observar a presença dos outros veículos,Colisão transversal,Com Vítimas Feridas,Plena Noite,Crescente,Ignorado,Dupla,Interseção de vias,Não,2,0,0,1,1,0,1,2,"-18,83862855","-41,98767358",SPRF-MG,DEL06-MG,UOP01-DEL06-MG
359956.0,2021-05-25,terça-feira,21:30:00,MG,365.0,"679,6",MONTE ALEGRE DE MINAS,Reação tardia ou ineficiente do condutor,Colisão traseira,Com Vítimas Fatais,Plena Noite,Crescente,Céu Claro,Dupla,Reta,Não,2,1,1,0,0,0,1,2,"-18,8500284","-48,80973604",SPRF-MG,DEL15-MG,UOP01-DEL15-MG
359962.0,2021-05-25,terça-feira,19:35:00,MG,40.0,"620,1",CONGONHAS,Área urbana sem a presença de local apropriado para a travessia de pedestres,Atropelamento de Pedestre,Com Vítimas Feridas,Plena Noite,Crescente,Céu Claro,Simples,Não Informado,Sim,2,0,0,1,0,1,1,1,"-20,57784016","-43,80982006",SPRF-MG,DEL05-MG,UOP02-DEL05-MG
359963.0,2021-05-25,terça-feira,18:00:00,MG,381.0,267,TIMOTEO,Reação tardia ou ineficiente do condutor,Saída de leito carroçável,Com Vítimas Feridas,Plena Noite,Crescente,Céu Claro,Simples,Reta,Não,2,0,2,0,0,0,2,1,"-19,53743297","-42,67521503",SPRF-MG,DEL03-MG,UOP02-DEL03-MG
359979.0,2021-05-26,quarta-feira,01:00:00,MG,40.0,"523,9",CONTAGEM,Ausência de reação do condutor,Saída de leito carroçável,Sem Vítimas,Plena Noite,Decrescente,Nublado,Dupla,Reta,Sim,1,0,0,0,0,1,0,1,"-19,86874894","-44,05962197",SPRF-MG,DEL01-MG,UOP02-DEL01-MG
359980.0,2021-05-26,quarta-feira,01:30:00,MG,40.0,524,CONTAGEM,Acessar a via sem observar a presença dos outros veículos,Atropelamento de Pedestre,Com Vítimas Fatais,Plena Noite,Crescente,Céu Claro,Dupla,Reta,Sim,2,1,0,0,0,1,0,1,"-19,8754469","-44,05345586",SPRF-MG,DEL01-MG,UOP02-DEL01-MG
360003.0,2021-04-14,quarta-feira,11:00:00,MG,381.0,381,SAO GONCALO DO RIO ABAIXO,Desrespeitar a preferência no cruzamento,Colisão transversal,Com Vítimas Feridas,Pleno dia,Decrescente,Céu Claro,Simples,Rotatória,Sim,2,0,0,1,1,0,1,2,"-19,93666741","-43,44474792",SPRF-MG,DEL01-MG,UOP01-DEL01-MG
360016.0,2021-05-26,quarta-feira,07:45:00,MG,40.0,"531,1",BELO HORIZONTE,Trafegar com motocicleta (ou similar) entre as faixas,Tombamento,Com Vítimas Feridas,Pleno dia,Crescente,Céu Claro,Dupla,Reta,Sim,2,0,0,1,0,1,1,2,"-19,91962483","-44,02522683",SPRF-MG,DEL01-MG,UOP02-DEL01-MG
360018.0,2021-05-26,quarta-feira,08:30:00,MG,40.0,"139,3",JOAO PINHEIRO,Manobra de mudança de faixa,Colisão lateral mesmo sentido,Sem Vítimas,Pleno dia,Crescente,Céu Claro,Simples,Reta,Não,2,0,0,0,2,0,0,1,"-17,73570757","-46,21099068",SPRF-MG,DEL14-MG,UOP01-DEL14-MG
360023.0,2021-05-26,quarta-feira,09:02:00,MG,381.0,"841,1",SAO SEBASTIAO DA BELA VISTA,Demais falhas mecânicas ou elétricas,Tombamento,Com Vítimas Feridas,Pleno dia,Crescente,Sol,Dupla,Reta,Não,2,0,1,0,0,1,1,1,"-22,17403","-45,83929",SPRF-MG,DEL16-MG,UOP01-DEL16-MG
360032.0,2021-02-11,quinta-feira,12:22:00,MG,381.0,"686,7",LAVRAS,Curva acentuada,Saída de leito carroçável,Com Vítimas Fatais,Pleno dia,Crescente,Garoa/Chuvisco,Dupla,Curva,Não,3,1,2,0,0,0,2,1,"-21,20030689","-45,11944438",SPRF-MG,DEL04-MG,UOP02-DEL04-MG
360042.0,2021-04-03,sábado,01:30:00,MG,365.0,510,MONTE CARMELO,Ausência de reação do condutor,Colisão traseira,Com Vítimas Feridas,Plena Noite,Crescente,Céu Claro,Simples,Reta,Não,3,0,0,2,1,0,2,2,"-18,93549895","-47,31753098",SPRF-MG,DEL10-MG,UOP01-DEL10-MG
360075.0,2021-05-23,domingo,05:35:00,MG,262.0,"450,7",NOVA SERRANA,Ingestão de álcool pelo condutor,Saída de leito carroçável,Sem Vítimas,Plena Noite,Crescente,Céu Claro,Simples,Reta,Não,2,0,0,0,2,0,0,1,"-19,86755552","-44,9889018",SPRF-MG,DEL08-MG,UOP03-DEL08-MG
360094.0,2021-05-26,quarta-feira,17:00:00,MG,262.0,876,CAMPO FLORIDO,Desrespeitar a preferência no cruzamento,Colisão transversal,Com Vítimas Feridas,Pleno dia,Decrescente,Sol,Simples,Rotatória,Sim,3,0,1,1,0,1,2,2,"-19,78185033","-48,50810792",SPRF-MG,DEL13-MG,UOP01-DEL13-MG
360098.0,2021-05-26,quarta-feira,17:00:00,MG,153.0,191,FRUTAL,Ausência de reação do condutor,Saída de leito carroçável,Com Vítimas Feridas,Pleno dia,Crescente,Céu Claro,Simples,Desvio Temporário,Não,1,0,1,0,0,0,1,1,"-19,89734113","-48,97104263",SPRF-MG,DEL13-MG,UOP02-DEL13-MG
360133.0,2021-05-26,quarta-feira,17:15:00,MG,116.0,"554,2",SANTA BARBARA DO LESTE,Desrespeitar a preferência no cruzamento,Colisão transversal,Com Vítimas Feridas,Anoitecer,Crescente,Céu Claro,Simples,Reta,Não,3,0,0,2,1,0,2,2,"-20,00117809","-42,14034158",SPRF-MG,DEL06-MG,UOP02-DEL06-MG
360158.0,2021-05-26,quarta-feira,21:00:00,MG,381.0,"281,9",JAGUARACU,Animais na Pista,Atropelamento de Animal,Com Vítimas Feridas,Plena Noite,Crescente,Céu Claro,Simples,Reta,Não,2,0,1,1,0,0,2,1,"-19,61293798","-42,76905001",SPRF-MG,DEL03-MG,UOP02-DEL03-MG
360192.0,2021-05-27,quinta-feira,06:40:00,MG,381.0,505,BETIM,Reação tardia ou ineficiente do condutor,Colisão com objeto,Com Vítimas Feridas,Pleno dia,Decrescente,Céu Claro,Dupla,Não Informado,Não,1,0,1,0,0,0,1,1,"-20,03591653","-44,24428225",SPRF-MG,DEL01-MG,UOP03-DEL01-MG
360213.0,2021-05-27,quinta-feira,08:10:00,MG,381.0,"489,5",BETIM,Avarias e/ou desgaste excessivo no pneu,Tombamento,Com Vítimas Feridas,Pleno dia,Crescente,Céu Claro,Múltipla,Curva,Sim,1,0,0,1,0,0,1,1,"-19,96245618","-44,16455495",SPRF-MG,DEL01-MG,UOP03-DEL01-MG
360268.0,2021-05-10,segunda-feira,05:30:00,MG,40.0,506,RIBEIRAO DAS NEVES,Acessar a via sem observar a presença dos outros veículos,Colisão transversal,Com Vítimas Feridas,Plena Noite,Crescente,Céu Claro,Dupla,Reta,Sim,2,0,1,1,0,0,2,2,"-19,74778","-44,147676",SPRF-MG,DEL02-MG,UOP01-DEL02-MG
360276.0,2021-05-27,quinta-feira,11:50:00,MG,267.0,"45,1",MARIPA DE MINAS,Reação tardia ou ineficiente do condutor,Colisão transversal,Com Vítimas Feridas,Pleno dia,Decrescente,Céu Claro,Simples,Curva,Não,2,0,0,1,1,0,1,2,"-21,68357945","-42,9466561",SPRF-MG,DEL07-MG,UOP01-DEL07-MG
360277.0,2021-05-27,quinta-feira,09:30:00,MG,116.0,"762,9",LEOPOLDINA,Reação tardia ou ineficiente do condutor,Colisão transversal,Com Vítimas Feridas,Pleno dia,Crescente,Céu Claro,Simples,Reta,Sim,3,0,2,0,1,0,2,2,"-21,52887723","-42,62360898",SPRF-MG,DEL07-MG,UOP01-DEL07-MG
360281.0,2021-05-27,quinta-feira,13:10:00,MG,364.0,"30,1",FRUTAL,Acessar a via sem observar a presença dos outros veículos,Colisão transversal,Com Vítimas Feridas,Pleno dia,Crescente,Céu Claro,Simples,Reta,Sim,2,0,1,0,0,1,1,2,"-20,015179","-48,916181",SPRF-MG,DEL13-MG,UOP02-DEL13-MG
360283.0,2021-03-28,domingo,15:50:00,MG,116.0,263,TEOFILO OTONI,Demais falhas na via,Tombamento,Com Vítimas Feridas,Pleno dia,Decrescente,Céu Claro,Simples,Reta,Não,1,0,0,1,0,0,1,1,"-17,871984","-41,519988",SPRF-MG,DEL11-MG,UOP01-DEL11-MG
360301.0,2021-02-13,sábado,02:45:00,MG,50.0,179,UBERABA,Afundamento ou ondulação no pavimento,Colisão com objeto,Com Vítimas Feridas,Plena Noite,Crescente,Nublado,Dupla,Não Informado,Sim,1,0,0,1,0,0,1,1,"-19,77827047","-47,93140998",SPRF-MG,DEL13-MG,UOP01-DEL13-MG
360306.0,2021-05-27,quinta-feira,17:20:00,MG,40.0,553,NOVA LIMA,Acesso irregular,Colisão transversal,Com Vítimas Feridas,Pleno dia,Crescente,Céu Claro,Simples,Não Informado,Sim,2,0,1,0,1,0,1,2,"-20,06863326","-43,98194759",SPRF-MG,DEL01-MG,UOP02-DEL01-MG
360309.0,2021-05-27,quinta-feira,17:35:00,MG,50.0,"59,3",UBERLANDIA,Avarias e/ou desgaste excessivo no pneu,Tombamento,Com Vítimas Feridas,Anoitecer,Decrescente,Nublado,Dupla,Não Informado,Não,1,0,1,0,0,0,1,1,"-18,8020439","-48,23892832",SPRF-MG,DEL15-MG,UOP02-DEL15-MG
360345.0,2021-05-27,quinta-feira,18:55:00,MG,50.0,170,UBERABA,Reação tardia ou ineficiente do condutor,Colisão traseira,Com Vítimas Feridas,Plena Noite,Crescente,Céu Claro,Dupla,Não Informado,Não,3,0,1,0,2,0,1,2,"-19,73661208","-47,98290957",SPRF-MG,DEL13-MG,UOP01-DEL13-MG
360350.0,2021-05-27,quinta-feira,20:30:00,MG,116.0,409,GOVERNADOR VALADARES,Velocidade Incompatível,Colisão traseira,Com Vítimas Feridas,Plena Noite,Crescente,Céu Claro,Dupla,Reta,Sim,3,0,0,1,1,1,1,2,"-18,84119196","-41,98451042",SPRF-MG,DEL06-MG,UOP01-DEL06-MG
360353.0,2021-05-27,quinta-feira,23:35:00,MG,381.0,491,BETIM,Ausência de reação do condutor,Colisão traseira,Com Vítimas Feridas,Plena Noite,Crescente,Céu Claro,Dupla,Curva,Não,4,0,2,0,1,1,2,3,"-19,97018187","-44,18210416",SPRF-MG,DEL01-MG,UOP03-DEL01-MG
360373.0,2021-05-28,sexta-feira,03:20:00,MG,40.0,"563,9",NOVA LIMA,Mal súbito do condutor,Queda de ocupante de veículo,Com Vítimas Feridas,Plena Noite,Crescente,Nublado,Dupla,Reta,Não,1,0,1,0,0,0,1,1,"-20,16086012","-43,96464349",SPRF-MG,DEL01-MG,UOP02-DEL01-MG
360375.0,2021-05-27,quinta-feira,21:20:00,MG,116.0,413,GOVERNADOR VALADARES,Desrespeitar a preferência no cruzamento,Colisão transversal,Com Vítimas Feridas,Plena Noite,Crescente,Nublado,Simples,Retorno Regulamentado,Sim,2,0,2,0,0,0,2,2,"-18,873907","-41,966366",SPRF-MG,DEL06-MG,UOP01-DEL06-MG
360438.0,2021-05-28,sexta-feira,09:00:00,MG,40.0,"628,3",CONSELHEIRO LAFAIETE,Pista Escorregadia,Queda de ocupante de veículo,Com Vítimas Feridas,Pleno dia,Decrescente,Sol,Dupla,Reta,Sim,1,0,1,0,0,0,1,1,"-20,648891","-43,809466",SPRF-MG,DEL05-MG,UOP02-DEL05-MG
360440.0,2021-05-15,sábado,16:00:00,MG,267.0,"145,2",LIMA DUARTE,Ausência de reação do condutor,Saída de leito carroçável,Com Vítimas Feridas,Pleno dia,Crescente,Nublado,Simples,Reta,Não,4,0,0,2,2,0,2,1,"-21,81169158","-43,71605708",SPRF-MG,DEL05-MG,UOP01-DEL05-MG
360467.0,2021-05-28,sexta-feira,14:00:00,MG,354.0,"703,4",CAXAMBU,Manobra de mudança de faixa,Colisão transversal,Com Vítimas Feridas,Pleno dia,Decrescente,Sol,Simples,Reta,Sim,2,0,0,1,1,0,1,2,"-21,97540939","-44,92323124",SPRF-MG,DEL17-MG,UOP01-DEL17-MG
360472.0,2021-05-28,sexta-feira,14:40:00,MG,381.0,492,BETIM,Acessar a via sem observar a presença dos outros veículos,Colisão transversal,Com Vítimas Feridas,Pleno dia,Decrescente,Céu Claro,Dupla,Reta,Sim,2,0,1,0,1,0,1,2,"-19,97490091","-44,19004301",SPRF-MG,DEL01-MG,UOP03-DEL01-MG
360494.0,2021-05-28,sexta-feira,16:15:00,MG,40.0,606,CONGONHAS,Velocidade Incompatível,Engavetamento,Com Vítimas Feridas,Pleno dia,Crescente,Garoa/Chuvisco,Simples,Reta,Não,12,0,2,0,10,0,2,3,"-20,46834617","-43,84095284",SPRF-MG,DEL05-MG,UOP02-DEL05-MG
360508.0,2021-05-28,sexta-feira,17:50:00,MG,262.0,398,PARA DE MINAS,Pedestre cruzava a pista fora da faixa,Atropelamento de Pedestre,Com Vítimas Feridas,Anoitecer,Crescente,Céu Claro,Múltipla,Reta,Sim,2,0,1,1,0,0,2,1,"-19,89031947","-44,58681107",SPRF-MG,DEL01-MG,UOP03-DEL01-MG
360519.0,2021-05-28,sexta-feira,18:40:00,MG,40.0,"361,3",FELIXLANDIA,Avarias e/ou desgaste excessivo no pneu,Queda de ocupante de veículo,Com Vítimas Feridas,Plena Noite,Crescente,Céu Claro,Simples,Reta,Não,1,0,1,0,0,0,1,1,"-18,7560336","-44,84591063",SPRF-MG,DEL02-MG,UOP01-DEL02-MG
360535.0,2021-05-28,sexta-feira,17:25:00,MG,262.0,"762,5",UBERABA,Ultrapassagem Indevida,Saída de leito carroçável,Com Vítimas Feridas,Anoitecer,Crescente,Céu Claro,Simples,Reta,Não,3,0,2,0,1,0,2,2,"-19,67048503","-47,62033999",SPRF-MG,DEL13-MG,UOP01-DEL13-MG
360540.0,2021-05-28,sexta-feira,18:35:00,MG,116.0,"708,1",MURIAE,Ausência de sinalização,Colisão frontal,Com Vítimas Fatais,Plena Noite,Decrescente,Céu Claro,Simples,Curva,Não,2,1,0,1,0,0,1,2,"-21,16328873","-42,37968988",SPRF-MG,DEL07-MG,UOP02-DEL07-MG
360559.0,2021-05-28,sexta-feira,20:30:00,MG,381.0,"540,2",ITATIAIUCU,Avarias e/ou desgaste excessivo no pneu,Tombamento,Com Vítimas Feridas,Plena Noite,Crescente,Céu Claro,Dupla,Não Informado,Não,2,0,2,0,0,0,2,1,"-20,25145691","-44,41136239",SPRF-MG,DEL04-MG,UOP03-DEL04-MG
360573.0,2021-05-28,sexta-feira,17:30:00,MG,459.0,"92,4",POUSO ALEGRE,Acessar a via sem observar a presença dos outros veículos,Colisão transversal,Com Vítimas Feridas,Anoitecer,Decrescente,Nublado,Simples,Reta,Não,3,0,2,0,1,0,2,2,"-22,173647","-46,001644",SPRF-MG,DEL09-MG,UOP01-DEL09-MG
360575.0,2021-05-28,sexta-feira,21:30:00,MG,40.0,477,SETE LAGOAS,Velocidade Incompatível,Tombamento,Com Vítimas Feridas,Plena Noite,Crescente,Céu Claro,Dupla,Reta,Sim,1,0,1,0,0,0,1,1,"-19,52130888","-44,26525586",SPRF-MG,DEL02-MG,UOP01-DEL02-MG
360586.0,2021-05-28,sexta-feira,22:15:00,MG,116.0,"704,5",MURIAE,Desrespeitar a preferência no cruzamento,Colisão transversal,Com Vítimas Feridas,Plena Noite,Crescente,Céu Claro,Simples,Não Informado,Sim,2,0,2,0,0,0,2,2,"-21,1248999","-42,38181624",SPRF-MG,DEL07-MG,UOP02-DEL07-MG
360592.0,2021-05-29,sábado,00:15:00,MG,381.0,"551,9",ITAGUARA,Transitar na contramão,Colisão frontal,Com Vítimas Fatais,Plena Noite,Crescente,Nublado,Dupla,Reta,Não,11,1,3,0,7,0,3,2,"-20,33850122","-44,44215828",SPRF-MG,DEL04-MG,UOP03-DEL04-MG
360609.0,2021-05-29,sábado,02:45:00,MG,381.0,"878,1",ESTIVA,Reação tardia ou ineficiente do condutor,Saída de leito carroçável,Com Vítimas Feridas,Plena Noite,Decrescente,Nublado,Dupla,Reta,Não,5,0,5,0,0,0,5,1,"-22,44634717","-45,99427342",SPRF-MG,DEL16-MG,UOP01-DEL16-MG
360610.0,2021-05-28,sexta-feira,21:20:00,MG,40.0,188,JOAO PINHEIRO,Acessar a via sem observar a presença dos outros veículos,Colisão transversal,Com Vítimas Fatais,Plena Noite,Decrescente,Nublado,Simples,Reta,Não,3,1,2,0,0,0,2,2,"-17,99571867","-45,91597593",SPRF-MG,DEL14-MG,UOP02-DEL14-MG
360648.0,2021-05-29,sábado,03:30:00,MG,116.0,"178,4",PADRE PARAISO,Ingestão de álcool pelo condutor,Tombamento,Com Vítimas Feridas,Plena Noite,Decrescente,Nublado,Múltipla,Reta,Sim,1,0,0,1,0,0,1,1,"-17,06871893","-41,48246709",SPRF-MG,DEL11-MG,UOP02-DEL11-MG
360650.0,2021-05-29,sábado,07:55:00,MG,262.0,369,BETIM,Velocidade Incompatível,Tombamento,Com Vítimas Feridas,Pleno dia,Decrescente,Céu Claro,Dupla,Interseção de vias,Sim,1,0,1,0,0,0,1,1,"-19,970807","-44,289881",SPRF-MG,DEL01-MG,UOP03-DEL01-MG
360655.0,2021-05-29,sábado,07:00:00,MG,381.0,913,CAMANDUCAIA,Chuva,Tombamento,Com Vítimas Feridas,Pleno dia,Decrescente,Chuva,Dupla,Curva,Não,2,0,1,0,1,0,1,1,"-22,75390001","-46,146503",SPRF-MG,DEL16-MG,UOP03-DEL16-MG
360657.0,2021-05-29,sábado,06:50:00,MG,116.0,"274,3",TEOFILO OTONI,Condutor Dormindo,Colisão com objeto,Sem Vítimas,Pleno dia,Crescente,Sol,Dupla,Reta,Sim,1,0,0,0,1,0,0,1,"-17,83384514","-41,51094368",SPRF-MG,DEL11-MG,UOP01-DEL11-MG
360670.0,2021-05-29,sábado,09:50:00,MG,40.0,532,BELO HORIZONTE,Trafegar com motocicleta (ou similar) entre as faixas,Colisão traseira,Com Vítimas Feridas,Pleno dia,Decrescente,Nublado,Dupla,Reta,Sim,2,0,1,0,1,0,1,2,"-19,92372561","-44,01700789",SPRF-MG,DEL01-MG,UOP02-DEL01-MG
360683.0,2021-05-29,sábado,10:30:00,MG,40.0,"619,4",CONGONHAS,Velocidade Incompatível,Saída de leito carroçável,Com Vítimas Feridas,Pleno dia,Decrescente,Sol,Simples,Curva,Sim,1,0,0,1,0,0,1,1,"-20,57827925","-43,80875772",SPRF-MG,DEL05-MG,UOP02-DEL05-MG
360735.0,2021-05-29,sábado,15:00:00,MG,381.0,"491,3",BETIM,Manobra de mudança de faixa,Colisão lateral mesmo sentido,Com Vítimas Feridas,Pleno dia,Decrescente,Céu Claro,Dupla,Reta,Sim,3,0,1,0,0,2,1,2,"-19,96184859","-44,15775234",SPRF-MG,DEL01-MG,UOP03-DEL01-MG
360736.0,2021-05-29,sábado,15:10:00,MG,116.0,"624,7",ORIZANIA,Ingestão de álcool pelo condutor,Saída de leito carroçável,Com Vítimas Fatais,Pleno dia,Crescente,Sol,Simples,Curva,Não,5,1,0,0,1,3,0,1,"-20,53111007","-42,20163271",SPRF-MG,DEL07-MG,UOP03-DEL07-MG
360775.0,2021-05-29,sábado,17:20:00,MG,365.0,"627,1",UBERLANDIA,Velocidade Incompatível,Colisão com objeto,Com Vítimas Feridas,Anoitecer,Crescente,Céu Claro,Dupla,Retorno Regulamentado,Sim,2,0,1,0,0,1,1,1,"-18,90390123","-48,34274054",SPRF-MG,DEL15-MG,UOP01-DEL15-MG
360801.0,2021-05-29,sábado,19:30:00,MG,262.0,10,MARTINS SOARES,Ingestão de álcool pelo condutor,Colisão com objeto,Com Vítimas Fatais,Plena Noite,Crescente,Céu Claro,Simples,Curva,Não,1,1,0,0,0,0,0,1,"-20,243893","-41,838654",SPRF-MG,DEL06-MG,UOP04-DEL06-MG
360805.0,2021-05-29,sábado,19:30:00,MG,381.0,456,BELO HORIZONTE,Ausência de reação do condutor,Saída de leito carroçável,Com Vítimas Feridas,Plena Noite,Crescente,Céu Claro,Dupla,Reta,Sim,2,0,1,0,1,0,1,1,"-19,85862954","-43,91292495",SPRF-MG,DEL01-MG,UOP01-DEL01-MG