id,data_inversa,dia_semana,horario,uf,br,km,municipio,causa_acidente,tipo_acidente,classificacao_acidente,fase_dia,sentido_via,condicao_metereologica,tipo_pista,tracado_via,uso_solo,pessoas,mortos,feridos_leves,feridos_graves,ilesos,ignorados,feridos,veiculos,latitude,longitude,regional,delegacia,uop
360830.0,2021-05-29,sábado,19:40:00,MG,262.0,"853,7",CAMPO FLORIDO,Acessar a via sem observar a presença dos outros veículos,Colisão transversal,Com Vítimas Fatais,Plena Noite,Crescente,Céu Claro,Dupla,Reta,Não,6,1,3,1,0,1,4,2,"-19,78253434","-48,51150513",SPRF-MG,DEL13-MG,UOP01-DEL13-MG
360834.0,2021-05-29,sábado,20:15:00,MG,381.0,556,ITAGUARA,Reação tardia ou ineficiente do condutor,Queda de ocupante de veículo,Com Vítimas Feridas,Plena Noite,Crescente,Céu Claro,Dupla,Curva,Não,1,0,1,0,0,0,1,1,"-20,36068712","-44,46666568",SPRF-MG,DEL04-MG,UOP03-DEL04-MG
360860.0,2021-05-29,sábado,21:30:00,MG,262.0,430,SAO GONCALO DO PARA,Ingestão de álcool pelo condutor,Queda de ocupante de veículo,Sem Vítimas,Plena Noite,Crescente,Céu Claro,Dupla,Reta,Não,1,0,0,0,1,0,0,1,"-19,89011218","-44,80551997",SPRF-MG,DEL08-MG,UOP03-DEL08-MG
360885.0,2021-05-30,domingo,01:00:00,MG,40.0,"717,7",BARBACENA,Ingestão de álcool pelo condutor,Saída de leito carroçável,Com Vítimas Feridas,Plena Noite,Crescente,Ignorado,Dupla,Curva,Não,2,0,2,0,0,0,2,1,"-21,26034802","-43,66189055",SPRF-MG,DEL05-MG,UOP01-DEL05-MG
360888.0,2021-05-30,domingo,01:20:00,MG,381.0,450,SABARA,Velocidade Incompatível,Colisão com objeto,Com Vítimas Feridas,Plena Noite,Crescente,Nublado,Simples,Rotatória,Não,2,0,1,1,0,0,2,1,"-19,82782808","-43,83885026",SPRF-MG,DEL01-MG,UOP01-DEL01-MG
360953.0,2021-05-30,domingo,11:30:00,MG,459.0,"84,3",CONGONHAL,Acesso irregular,Colisão lateral mesmo sentido,Com Vítimas Feridas,Pleno dia,Decrescente,Céu Claro,Simples,Reta,Sim,3,0,1,0,2,0,1,3,"-22,153194","-46,06242",SPRF-MG,DEL09-MG,UOP01-DEL09-MG
360985.0,2021-05-30,domingo,15:00:00,MG,40.0,787,JUIZ DE FORA,Reação tardia ou ineficiente do condutor,Colisão com objeto,Sem Vítimas,Pleno dia,Decrescente,Chuva,Dupla,Curva,Não,1,0,0,0,1,0,0,1,"-21,73607735","-43,44262787",SPRF-MG,DEL05-MG,UOP01-DEL05-MG
360989.0,2021-05-30,domingo,15:50:00,MG,381.0,"686,1",LAVRAS,Chuva,Saída de leito carroçável,Com Vítimas Feridas,Pleno dia,Crescente,Chuva,Dupla,Curva,Não,2,0,1,0,1,0,1,1,"-21,17199589","-45,12626271",SPRF-MG,DEL04-MG,UOP02-DEL04-MG
360990.0,2021-05-30,domingo,13:30:00,MG,381.0,"631,7",OLIVEIRA,Chuva,Capotamento,Com Vítimas Feridas,Pleno dia,Crescente,Chuva,Dupla,Não Informado,Não,2,0,2,0,0,0,2,1,"-20,85469891","-44,83709639",SPRF-MG,DEL04-MG,UOP01-DEL04-MG
360991.0,2021-05-30,domingo,15:00:00,MG,40.0,"520,9",CONTAGEM,Reação tardia ou ineficiente do condutor,Saída de leito carroçável,Com Vítimas Feridas,Pleno dia,Crescente,Céu Claro,Dupla,Reta,Não,1,0,1,0,0,0,1,1,"-19,84761911","-44,07276144",SPRF-MG,DEL01-MG,UOP02-DEL01-MG
360999.0,2021-05-30,domingo,16:15:00,MG,40.0,"695,2",ALFREDO VASCONCELOS,Velocidade Incompatível,Colisão frontal,Com Vítimas Feridas,Pleno dia,Crescente,Nublado,Simples,Não Informado,Não,5,0,3,1,1,0,4,4,"-21,16648386","-43,75785828",SPRF-MG,DEL05-MG,UOP02-DEL05-MG
361010.0,2021-05-30,domingo,18:15:00,MG,381.0,"341,2",BELA VISTA DE MINAS,Animais na Pista,Atropelamento de Animal,Com Vítimas Feridas,Plena Noite,Decrescente,Céu Claro,Simples,Reta,Não,2,0,1,0,1,0,1,1,"-19,82384043","-43,07928085",SPRF-MG,DEL03-MG,UOP01-DEL03-MG
361014.0,2021-05-30,domingo,18:35:00,MG,364.0,34,FRUTAL,Velocidade Incompatível,Saída de leito carroçável,Sem Vítimas,Plena Noite,Crescente,Céu Claro,Simples,Interseção de vias,Não,4,0,0,0,4,0,0,1,"-19,999117","-48,952573",SPRF-MG,DEL13-MG,UOP02-DEL13-MG
361026.0,2021-05-30,domingo,15:50:00,MG,50.0,22,ARAGUARI,Acumulo de areia ou detritos sobre o pavimento,Colisão lateral mesmo sentido,Com Vítimas Feridas,Pleno dia,Crescente,Céu Claro,Dupla,Retorno Regulamentado,Não,4,0,2,0,2,0,2,2,"-18,60474","-48,051437",SPRF-MG,DEL15-MG,UOP02-DEL15-MG
361034.0,2021-05-30,domingo,17:45:00,MG,116.0,510,UBAPORANGA,Ingestão de álcool pelo condutor,Colisão frontal,Com Vítimas Feridas,Plena Noite,Crescente,Céu Claro,Simples,Curva,Sim,4,0,2,1,1,0,3,2,"-19,64532085","-42,10796743",SPRF-MG,DEL06-MG,UOP02-DEL06-MG
361046.0,2021-05-30,domingo,20:05:00,MG,116.0,"697,7",MURIAE,Ausência de reação do condutor,Saída de leito carroçável,Com Vítimas Feridas,Plena Noite,Decrescente,Nublado,Simples,Reta,Não,1,0,1,0,0,0,1,1,"-21,09475053","-42,37358093",SPRF-MG,DEL07-MG,UOP02-DEL07-MG
361047.0,2021-05-30,domingo,17:35:00,MG,381.0,"834,3",SAO SEBASTIAO DA BELA VISTA,Velocidade Incompatível,Colisão com objeto,Com Vítimas Feridas,Anoitecer,Crescente,Garoa/Chuvisco,Dupla,Não Informado,Não,4,0,4,0,0,0,4,1,"-22,16461802","-45,83245298",SPRF-MG,DEL16-MG,UOP01-DEL16-MG
361058.0,2021-05-30,domingo,17:20:00,MG,116.0,"418,2",GOVERNADOR VALADARES,Acessar a via sem observar a presença dos outros veículos,Atropelamento de Pedestre,Com Vítimas Feridas,Anoitecer,Crescente,Céu Claro,Simples,Reta,Não,2,0,0,1,1,0,1,1,"-18,91059296","-41,94156567",SPRF-MG,DEL06-MG,UOP01-DEL06-MG
361062.0,2021-05-30,domingo,21:20:00,MG,40.0,567,NOVA LIMA,Avarias e/ou desgaste excessivo no pneu,Saída de leito carroçável,Com Vítimas Feridas,Plena Noite,Decrescente,Nublado,Simples,Reta,Não,1,0,1,0,0,0,1,1,"-20,18749199","-43,96845002",SPRF-MG,DEL01-MG,UOP02-DEL01-MG
361063.0,2021-05-30,domingo,21:10:00,MG,262.0,"40,6",MANHUACU,Acessar a via sem observar a presença dos outros veículos,Colisão transversal,Com Vítimas Feridas,Plena Noite,Decrescente,Céu Claro,Simples,Reta,Sim,2,0,0,1,0,1,1,2,"-20,27334219","-42,04913988",SPRF-MG,DEL06-MG,UOP04-DEL06-MG
361065.0,2021-05-30,domingo,21:00:00,MG,40.0,"77,5",PARACATU,Animais na Pista,Atropelamento de Animal,Com Vítimas Feridas,Plena Noite,Crescente,Céu Claro,Simples,Reta,Não,2,0,1,1,0,0,2,1,"-17,44847444","-46,6852866",SPRF-MG,DEL14-MG,UOP01-DEL14-MG
361086.0,2021-05-30,domingo,21:50:00,MG,262.0,"433,3",NOVA SERRANA,Ausência de reação do condutor,Saída de leito carroçável,Com Vítimas Feridas,Plena Noite,Crescente,Céu Claro,Dupla,Reta,Não,2,0,2,0,0,0,2,1,"-19,89020759","-44,83338711",SPRF-MG,DEL08-MG,UOP03-DEL08-MG
361095.0,2021-05-31,segunda-feira,02:50:00,MG,40.0,"698,4",BARBACENA,Ingestão de álcool pelo condutor,Tombamento,Com Vítimas Feridas,Plena Noite,Decrescente,Nublado,Dupla,Curva,Sim,1,0,0,1,0,0,1,1,"-21,16235","-43,759854",SPRF-MG,DEL05-MG,UOP02-DEL05-MG
361109.0,2021-05-30,domingo,21:50:00,MG,262.0,429,SAO GONCALO DO PARA,Ingestão de álcool pelo condutor,Tombamento,Sem Vítimas,Plena Noite,Decrescente,Céu Claro,Dupla,Não Informado,Não,1,0,0,0,1,0,0,1,"-19,88839281","-44,79613504",SPRF-MG,DEL08-MG,UOP03-DEL08-MG
361118.0,2021-05-31,segunda-feira,06:30:00,MG,40.0,"498,7",ESMERALDAS,Avarias e/ou desgaste excessivo no pneu,Tombamento,Com Vítimas Feridas,Pleno dia,Crescente,Céu Claro,Dupla,Reta,Sim,2,0,1,0,1,0,1,1,"-19,68467685","-44,18191183",SPRF-MG,DEL02-MG,UOP01-DEL02-MG
361119.0,2021-05-31,segunda-feira,05:31:00,MG,381.0,704,LAVRAS,Chuva,Saída de leito carroçável,Com Vítimas Feridas,Plena Noite,Decrescente,Chuva,Dupla,Curva,Não,1,0,1,0,0,0,1,1,"-21,34177704","-45,17643719",SPRF-MG,DEL04-MG,UOP02-DEL04-MG
361123.0,2021-05-31,segunda-feira,07:20:00,MG,381.0,449,SANTA LUZIA,Conversão proibida,Colisão transversal,Com Vítimas Feridas,Pleno dia,Crescente,Sol,Simples,Desvio Temporário,Sim,2,0,0,1,1,0,1,2,"-19,84164036","-43,86232683",SPRF-MG,DEL01-MG,UOP01-DEL01-MG
361140.0,2021-05-31,segunda-feira,07:45:00,MG,116.0,"414,4",GOVERNADOR VALADARES,Velocidade Incompatível,Colisão traseira,Com Vítimas Feridas,Pleno dia,Crescente,Céu Claro,Simples,Reta,Sim,2,0,2,0,0,0,2,2,"-18,88245257","-41,95659399",SPRF-MG,DEL06-MG,UOP01-DEL06-MG
361145.0,2021-05-31,segunda-feira,09:30:00,MG,381.0,"697,1",LAVRAS,Velocidade Incompatível,Colisão com objeto,Com Vítimas Feridas,Pleno dia,Crescente,Chuva,Dupla,Não Informado,Não,3,0,2,0,1,0,2,1,"-21,29043096","-45,14791909",SPRF-MG,DEL04-MG,UOP02-DEL04-MG
361153.0,2021-05-31,segunda-feira,06:50:00,MG,381.0,"630,7",OLIVEIRA,Chuva,Saída de leito carroçável,Com Vítimas Feridas,Pleno dia,Decrescente,Chuva,Dupla,Não Informado,Não,2,0,1,0,1,0,1,1,"-20,82935535","-44,81715918",SPRF-MG,DEL04-MG,UOP01-DEL04-MG
361156.0,2021-04-30,sexta-feira,07:30:00,MG,267.0,"137,5",JUIZ DE FORA,Velocidade Incompatível,Tombamento,Com Vítimas Feridas,Pleno dia,Crescente,Nublado,Simples,Reta,Não,2,0,0,1,1,0,1,1,"-21,75997802","-43,59971523",SPRF-MG,DEL05-MG,UOP01-DEL05-MG
361159.0,2021-05-31,segunda-feira,11:00:00,MG,40.0,567,NOVA LIMA,Ausência de reação do condutor,Saída de leito carroçável,Sem Vítimas,Pleno dia,Decrescente,Nublado,Simples,Não Informado,Não,1,0,0,0,0,1,0,1,"-20,18749199","-43,96845002",SPRF-MG,DEL01-MG,UOP02-DEL01-MG
361164.0,2021-03-15,segunda-feira,18:40:00,MG,365.0,638,UBERLANDIA,Ausência de reação do condutor,Saída de leito carroçável,Com Vítimas Feridas,Plena Noite,Crescente,Chuva,Dupla,Não Informado,Não,2,0,0,2,0,0,2,1,"-18,8883267","-48,44671495",SPRF-MG,DEL15-MG,UOP01-DEL15-MG
361170.0,2021-05-31,segunda-feira,07:50:00,MG,356.0,"266,3",MURIAE,Pedestre cruzava a pista fora da faixa,Atropelamento de Pedestre,Com Vítimas Feridas,Pleno dia,Decrescente,Céu Claro,Simples,Interseção de vias,Sim,2,0,1,1,0,0,2,1,"-21,12823134","-42,35802453",SPRF-MG,DEL07-MG,UOP02-DEL07-MG
361173.0,2021-05-31,segunda-feira,10:30:00,MG,116.0,285,TEOFILO OTONI,Avarias e/ou desgaste excessivo no pneu,Saída de leito carroçável,Com Vítimas Feridas,Pleno dia,Crescente,Céu Claro,Simples,Curva,Não,2,0,1,1,0,0,2,1,"-17,92737798","-41,5284009",SPRF-MG,DEL11-MG,UOP01-DEL11-MG
361186.0,2021-05-31,segunda-feira,13:50:00,MG,381.0,"671,5",PERDOES,Velocidade Incompatível,Capotamento,Com Vítimas Feridas,Pleno dia,Crescente,Chuva,Dupla,Curva,Não,3,0,2,0,1,0,2,1,"-21,08945416","-45,06864195",SPRF-MG,DEL04-MG,UOP02-DEL04-MG
361194.0,2021-05-31,segunda-feira,14:15:00,MG,381.0,6,BETIM,Manobra de mudança de faixa,Colisão lateral mesmo sentido,Com Vítimas Feridas,Pleno dia,Crescente,Nublado,Dupla,Reta,Não,2,0,1,0,1,0,1,2,"-19,96825","-44,198708",SPRF-MG,DEL01-MG,UOP03-DEL01-MG
361198.0,2021-05-31,segunda-feira,15:05:00,MG,40.0,"783,5",JUIZ DE FORA,Avarias e/ou desgaste excessivo no pneu,Capotamento,Com Vítimas Feridas,Pleno dia,Decrescente,Chuva,Dupla,Não Informado,Não,2,0,1,0,1,0,1,1,"-21,70406297","-43,45067808",SPRF-MG,DEL05-MG,UOP01-DEL05-MG
361208.0,2021-05-31,segunda-feira,16:00:00,MG,381.0,"484,7",BETIM,Reação tardia ou ineficiente do condutor,Colisão traseira,Com Vítimas Feridas,Pleno dia,Decrescente,Nublado,Múltipla,Não Informado,Sim,2,0,1,0,1,0,1,2,"-19,96011866","-44,08916473",SPRF-MG,DEL01-MG,UOP03-DEL01-MG
361209.0,2021-05-31,segunda-feira,16:20:00,MG,381.0,"628,5",OLIVEIRA,Velocidade Incompatível,Saída de leito carroçável,Com Vítimas Feridas,Pleno dia,Decrescente,Chuva,Dupla,Curva,Não,5,0,2,0,3,0,2,1,"-20,83304688","-44,8250553",SPRF-MG,DEL04-MG,UOP01-DEL04-MG
361213.0,2021-05-31,segunda-feira,05:00:00,MG,251.0,228,SANTA CRUZ DE SALINAS,Manobra de mudança de faixa,Colisão traseira,Com Vítimas Feridas,Plena Noite,Crescente,Céu Claro,Simples,Reta,Não,2,0,0,1,1,0,1,2,"-15,95801106","-41,68965499",SPRF-MG,DEL11-MG,UOP02-DEL11-MG
361234.0,2021-05-31,segunda-feira,16:02:00,MG,381.0,"704,3",LAVRAS,Velocidade Incompatível,Colisão com objeto,Com Vítimas Feridas,Pleno dia,Decrescente,Chuva,Dupla,Não Informado,Não,1,0,1,0,0,0,1,1,"-21,34177704","-45,17643719",SPRF-MG,DEL04-MG,UOP02-DEL04-MG
361236.0,2021-05-31,segunda-feira,17:00:00,MG,40.0,"589,9",ITABIRITO,Velocidade Incompatível,Saída de leito carroçável,Com Vítimas Feridas,Anoitecer,Decrescente,Chuva,Simples,Reta,Não,2,0,1,1,0,0,2,1,"-20,3591","-43,90992896",SPRF-MG,DEL01-MG,UOP02-DEL01-MG
361259.0,2021-02-12,sexta-feira,22:30:00,MG,381.0,358,JOAO MONLEVADE,Área urbana sem a presença de local apropriado para a travessia de pedestres,Atropelamento de Pedestre,Com Vítimas Feridas,Plena Noite,Crescente,Céu Claro,Simples,Curva,Sim,2,0,0,1,0,1,1,1,"-19,85592801","-43,21689055",SPRF-MG,DEL03-MG,UOP01-DEL03-MG
361275.0,2021-05-31,segunda-feira,20:30:00,MG,381.0,"575,1",ITAGUARA,Velocidade Incompatível,Saída de leito carroçável,Sem Vítimas,Plena Noite,Crescente,Chuva,Simples,Não Informado,Não,2,0,0,0,2,0,0,1,"-20,448712","-44,567787",SPRF-MG,DEL04-MG,UOP01-DEL04-MG
361301.0,2021-05-31,segunda-feira,23:25:00,MG,381.0,"535,3",ITATIAIUCU,Reação tardia ou ineficiente do condutor,Saída de leito carroçável,Com Vítimas Feridas,Plena Noite,Crescente,Chuva,Dupla,Reta,Sim,2,0,1,1,0,0,2,1,"-20,19077017","-44,38278079",SPRF-MG,DEL04-MG,UOP03-DEL04-MG
361302.0,2021-06-01,terça-feira,01:15:00,MG,262.0,"368,7",JUATUBA,Ausência de reação do condutor,Saída de leito carroçável,Sem Vítimas,Plena Noite,Decrescente,Nublado,Dupla,Reta,Não,1,0,0,0,0,1,0,1,"-19,97239513","-44,28042402",SPRF-MG,DEL01-MG,UOP03-DEL01-MG
361344.0,2021-05-08,sábado,14:00:00,MG,116.0,"347,5",CAMPANARIO,Velocidade Incompatível,Saída de leito carroçável,Com Vítimas Feridas,Pleno dia,Crescente,Nublado,Simples,Curva,Não,3,0,2,1,0,0,3,1,"-18,380995","-41,787695",SPRF-MG,DEL11-MG,UOP01-DEL11-MG
361347.0,2021-06-01,terça-feira,11:15:00,MG,381.0,456,BELO HORIZONTE,Retorno proibido,Colisão transversal,Com Vítimas Feridas,Pleno dia,Decrescente,Nublado,Simples,Não Informado,Sim,2,0,1,0,1,0,1,2,"-19,840976","-43,885385",SPRF-MG,DEL01-MG,UOP01-DEL01-MG
361383.0,2021-06-01,terça-feira,14:00:00,MG,116.0,"276,2",TEOFILO OTONI,Mal súbito do condutor,Tombamento,Com Vítimas Feridas,Pleno dia,Crescente,Sol,Dupla,Reta,Sim,1,0,1,0,0,0,1,1,"-17,85105696","-41,51454492",SPRF-MG,DEL11-MG,UOP01-DEL11-MG
361384.0,2021-06-01,terça-feira,05:30:00,MG,262.0,"1,7",MARTINS SOARES,Ausência de reação do condutor,Saída de leito carroçável,Com Vítimas Feridas,Amanhecer,Crescente,Nevoeiro/Neblina,Simples,Curva,Não,1,0,1,0,0,0,1,1,"-20,25952689","-41,77839787",SPRF-MG,DEL06-MG,UOP04-DEL06-MG
361395.0,2021-06-01,terça-feira,15:01:00,MG,365.0,620,UBERLANDIA,Desrespeitar a preferência no cruzamento,Colisão transversal,Com Vítimas Feridas,Pleno dia,Decrescente,Nublado,Simples,Reta,Sim,2,0,1,0,1,0,1,2,"-19,03440576","-48,26198459",SPRF-MG,DEL15-MG,UOP01-DEL15-MG
361424.0,2021-06-01,terça-feira,17:15:00,MG,40.0,"544,5",NOVA LIMA,Trafegar com motocicleta (ou similar) entre as faixas,Colisão transversal,Com Vítimas Feridas,Anoitecer,Decrescente,Céu Claro,Dupla,Reta,Sim,3,0,1,0,2,0,1,2,"-20,0046","-43,96457",SPRF-MG,DEL01-MG,UOP02-DEL01-MG
361436.0,2021-06-01,terça-feira,18:20:00,MG,116.0,"274,9",TEOFILO OTONI,Ausência de reação do condutor,Colisão traseira,Com Vítimas Feridas,Plena Noite,Decrescente,Céu Claro,Dupla,Reta,Sim,3,0,1,0,2,0,1,2,"-17,83384514","-41,51094368",SPRF-MG,DEL11-MG,UOP01-DEL11-MG
361441.0,2021-06-01,terça-feira,18:15:00,MG,40.0,529,BELO HORIZONTE,Acessar a via sem observar a presença dos outros veículos,Colisão traseira,Com Vítimas Feridas,Plena Noite,Decrescente,Nublado,Dupla,Curva,Sim,3,0,1,1,1,0,2,2,"-19,91635592","-44,03966566",SPRF-MG,DEL01-MG,UOP02-DEL01-MG
361480.0,2021-06-01,terça-feira,22:35:00,MG,262.0,"45,8",MANHUACU,Pista esburacada,Tombamento,Com Vítimas Feridas,Plena Noite,Decrescente,Céu Claro,Simples,Reta,Não,1,0,1,0,0,0,1,1,"-20,26145201","-42,09686296",SPRF-MG,DEL06-MG,UOP04-DEL06-MG
361484.0,2021-06-01,terça-feira,19:30:00,MG,381.0,"456,8",BELO HORIZONTE,Pedestre andava na pista,Atropelamento de Pedestre,Com Vítimas Feridas,Plena Noite,Decrescente,Nublado,Dupla,Não Informado,Sim,2,0,0,1,1,0,1,1,"-19,8452493","-43,8865267",SPRF-MG,DEL01-MG,UOP01-DEL01-MG
361501.0,2021-01-24,domingo,05:30:00,MG,50.0,75,UBERLANDIA,Ausência de reação do condutor,Colisão lateral mesmo sentido,Com Vítimas Feridas,Amanhecer,Crescente,Céu Claro,Dupla,Reta,Sim,3,0,0,1,1,1,1,3,"-18,986906","-48,211853",SPRF-MG,DEL15-MG,UOP01-DEL15-MG
361504.0,2021-06-02,quarta-feira,07:35:00,MG,356.0,"264,6",MURIAE,Conversão proibida,Colisão transversal,Com Vítimas Feridas,Pleno dia,Decrescente,Nublado,Simples,Interseção de vias,Sim,3,0,2,0,1,0,2,2,"-21,1247084","-42,38011909",SPRF-MG,DEL07-MG,UOP02-DEL07-MG
361517.0,2021-06-02,quarta-feira,08:10:00,MG,40.0,"522,5",CONTAGEM,Condutor Dormindo,Saída de leito carroçável,Com Vítimas Feridas,Pleno dia,Decrescente,Céu Claro,Dupla,Reta,Não,1,0,1,0,0,0,1,1,"-19,8638731","-44,06749809",SPRF-MG,DEL01-MG,UOP02-DEL01-MG
361558.0,2021-06-02,quarta-feira,12:00:00,MG,365.0,624,UBERLANDIA,Reação tardia ou ineficiente do condutor,Tombamento,Com Vítimas Feridas,Pleno dia,Crescente,Céu Claro,Dupla,Reta,Sim,1,0,1,0,0,0,1,1,"-18,90754763","-48,3160669",SPRF-MG,DEL15-MG,UOP01-DEL15-MG
361591.0,2021-06-02,quarta-feira,16:30:00,MG,381.0,485,BETIM,Condutor deixou de manter distância do veículo da frente,Colisão traseira,Com Vítimas Feridas,Pleno dia,Crescente,Céu Claro,Múltipla,Reta,Sim,2,0,0,1,1,0,1,2,"-19,95659361","-44,12622893",SPRF-MG,DEL01-MG,UOP03-DEL01-MG
361594.0,2021-02-10,quarta-feira,20:35:00,MG,116.0,602,SAO JOAO DO MANHUACU,Objeto estático sobre o leito carroçável,Colisão com objeto,Com Vítimas Feridas,Plena Noite,Crescente,Nublado,Simples,Reta,Não,1,0,0,1,0,0,1,1,"-20,34697376","-42,14642112",SPRF-MG,DEL06-MG,UOP04-DEL06-MG
361598.0,2021-06-02,quarta-feira,15:20:00,MG,365.0,"644,6",UBERLANDIA,Reação tardia ou ineficiente do condutor,Colisão com objeto,Com Vítimas Feridas,Pleno dia,Crescente,Nublado,Dupla,Reta,Não,2,0,2,0,0,0,2,1,"-18,87857","-48,506534",SPRF-MG,DEL15-MG,UOP01-DEL15-MG
361600.0,2021-05-21,sexta-feira,19:20:00,MG,40.0,816,SIMAO PEREIRA,Transitar na contramão,Colisão frontal,Com Vítimas Feridas,Plena Noite,Crescente,Céu Claro,Dupla,Curva,Não,2,0,0,1,1,0,1,2,"-21,90755681","-43,31493223",SPRF-MG,DEL05-MG,UOP01-DEL05-MG
361602.0,2021-06-02,quarta-feira,17:10:00,MG,40.0,520,CONTAGEM,Manobra de mudança de faixa,Colisão lateral mesmo sentido,Com Vítimas Feridas,Plena Noite,Decrescente,Nublado,Dupla,Reta,Não,2,0,1,0,1,0,1,2,"-19,84761911","-44,07276144",SPRF-MG,DEL01-MG,UOP02-DEL01-MG
361604.0,2021-06-02,quarta-feira,16:00:00,MG,381.0,389,BARAO DE COCAIS,Reação tardia ou ineficiente do condutor,Colisão traseira,Sem Vítimas,Pleno dia,Decrescente,Sol,Dupla,Não Informado,Não,2,0,0,0,2,0,0,2,"-19,802669","-43,410687",SPRF-MG,DEL01-MG,UOP01-DEL01-MG
361617.0,2021-06-02,quarta-feira,16:00:00,MG,381.0,531,ITATIAIUCU,Velocidade Incompatível,Saída de leito carroçável,Com Vítimas Feridas,Pleno dia,Decrescente,Nublado,Dupla,Curva,Não,5,0,1,0,4,0,1,2,"-20,18182886","-44,37895835",SPRF-MG,DEL04-MG,UOP03-DEL04-MG
361636.0,2021-06-02,quarta-feira,18:20:00,MG,146.0,"507,9",POCOS DE CALDAS,Ingestão de álcool pelo condutor,Colisão lateral sentido oposto,Com Vítimas Feridas,Plena Noite,Decrescente,Céu Claro,Simples,Reta,Não,2,0,1,0,1,0,1,2,"-21,759682","-46,407589",SPRF-MG,DEL09-MG,UOP01-DEL09-MG
361677.0,2021-06-02,quarta-feira,22:00:00,MG,40.0,525,CONTAGEM,Velocidade Incompatível,Colisão lateral mesmo sentido,Com Vítimas Feridas,Plena Noite,Decrescente,Céu Claro,Dupla,Reta,Sim,3,0,1,0,2,0,1,2,"-19,88361702","-44,05039336",SPRF-MG,DEL01-MG,UOP02-DEL01-MG
361700.0,2021-06-03,quinta-feira,02:00:00,MG,50.0,71,UBERLANDIA,Ausência de reação do condutor,Colisão com objeto,Com Vítimas Feridas,Plena Noite,Decrescente,Céu Claro,Dupla,Reta,Sim,1,0,1,0,0,0,1,1,"-18,88991372","-48,25714588",SPRF-MG,DEL15-MG,UOP01-DEL15-MG
361717.0,2021-05-09,domingo,23:00:00,MG,262.0,356,BETIM,Velocidade Incompatível,Saída de leito carroçável,Com Vítimas Feridas,Plena Noite,Decrescente,Ignorado,Dupla,Reta,Sim,1,0,1,0,0,0,1,1,"-19,96890716","-44,18104581",SPRF-MG,DEL01-MG,UOP03-DEL01-MG
361719.0,2021-06-03,quinta-feira,07:00:00,MG,356.0,"265,5",MURIAE,Condutor deixou de manter distância do veículo da frente,Colisão traseira,Com Vítimas Feridas,Pleno dia,Crescente,Céu Claro,Simples,Curva,Sim,2,0,1,0,1,0,1,2,"-21,12838898","-42,366803",SPRF-MG,DEL07-MG,UOP02-DEL07-MG
361772.0,2021-06-03,quinta-feira,09:45:00,MG,381.0,"170,6",GOVERNADOR VALADARES,Ingestão de álcool pelo condutor,Colisão lateral mesmo sentido,Com Vítimas Feridas,Pleno dia,Crescente,Céu Claro,Simples,Curva,Não,3,0,2,0,0,1,2,2,"-18,97390915","-42,09601181",SPRF-MG,DEL06-MG,UOP01-DEL06-MG
361808.0,2021-06-03,quinta-feira,16:00:00,MG,262.0,"368,2",JUATUBA,Reação tardia ou ineficiente do condutor,Colisão com objeto,Com Vítimas Feridas,Pleno dia,Decrescente,Céu Claro,Dupla,Curva,Não,1,0,1,0,0,0,1,1,"-19,960683","-44,337131",SPRF-MG,DEL01-MG,UOP03-DEL01-MG
361812.0,2021-06-03,quinta-feira,16:15:00,MG,381.0,430,CAETE,Velocidade Incompatível,Capotamento,Com Vítimas Feridas,Pleno dia,Decrescente,Céu Claro,Simples,Curva,Não,2,0,1,0,1,0,1,1,"-19,78496805","-43,72311799",SPRF-MG,DEL01-MG,UOP01-DEL01-MG
361817.0,2021-06-03,quinta-feira,16:00:00,MG,381.0,585,CARMOPOLIS DE MINAS,Obstrução na via,Saída de leito carroçável,Com Vítimas Feridas,Pleno dia,Crescente,Sol,Dupla,Reta,Sim,2,0,2,0,0,0,2,1,"-20,538292","-44,64046",SPRF-MG,DEL04-MG,UOP01-DEL04-MG
361826.0,2021-06-03,quinta-feira,17:20:00,MG,50.0,179,UBERABA,Velocidade Incompatível,Colisão com objeto,Com Vítimas Feridas,Pleno dia,Decrescente,Céu Claro,Dupla,Reta,Sim,1,0,1,0,0,0,1,1,"-19,77827047","-47,93140998",SPRF-MG,DEL13-MG,UOP01-DEL13-MG
361870.0,2021-06-03,quinta-feira,22:00:00,MG,50.0,"37,7",ARAGUARI,Demais falhas mecânicas ou elétricas,Incêndio,Sem Vítimas,Plena Noite,Crescente,Céu Claro,Dupla,Reta,Sim,1,0,0,0,1,0,0,1,"-18,6626721","-48,16657305",SPRF-MG,DEL15-MG,UOP02-DEL15-MG
361877.0,2021-06-03,quinta-feira,22:20:00,MG,381.0,"478,2",CONTAGEM,Reação tardia ou ineficiente do condutor,Tombamento,Com Vítimas Feridas,Plena Noite,Decrescente,Céu Claro,Múltipla,Reta,Sim,1,0,0,1,0,0,1,1,"-19,95826094","-44,05921101",SPRF-MG,DEL01-MG,UOP03-DEL01-MG