id,data_inversa,dia_semana,horario,uf,br,km,municipio,causa_acidente,tipo_acidente,classificacao_acidente,fase_dia,sentido_via,condicao_metereologica,tipo_pista,tracado_via,uso_solo,pessoas,mortos,feridos_leves,feridos_graves,ilesos,ignorados,feridos,veiculos,latitude,longitude,regional,delegacia,uop
361886.0,2021-06-03,quinta-feira,09:15:00,MG,381.0,"215,4",NAQUE,Desrespeitar a preferência no cruzamento,Colisão transversal,Com Vítimas Feridas,Plena Noite,Crescente,Céu Claro,Simples,Interseção de vias,Não,2,0,2,0,0,0,2,2,"-19,26759803","-42,35426797",SPRF-MG,DEL06-MG,UOP01-DEL06-MG
361887.0,2021-06-03,quinta-feira,22:00:00,MG,40.0,518,RIBEIRAO DAS NEVES,Animais na Pista,Atropelamento de Animal,Com Vítimas Feridas,Plena Noite,Decrescente,Céu Claro,Dupla,Reta,Sim,1,0,0,1,0,0,1,1,"-19,8321242","-44,08208533",SPRF-MG,DEL01-MG,UOP02-DEL01-MG
361888.0,2021-06-03,quinta-feira,22:05:00,MG,381.0,425,CAETE,Objeto estático sobre o leito carroçável,Incêndio,Sem Vítimas,Plena Noite,Crescente,Céu Claro,Dupla,Não Informado,Não,2,0,0,0,2,0,0,1,"-19,78275489","-43,66422767",SPRF-MG,DEL01-MG,UOP01-DEL01-MG
361891.0,2021-06-03,quinta-feira,21:00:00,MG,381.0,"848,8",POUSO ALEGRE,Ingestão de álcool pelo condutor,Saída de leito carroçável,Sem Vítimas,Plena Noite,Crescente,Céu Claro,Dupla,Reta,Sim,1,0,0,0,1,0,0,1,"-22,26991499","-45,89241402",SPRF-MG,DEL16-MG,UOP01-DEL16-MG
361912.0,2021-06-04,sexta-feira,01:00:00,MG,40.0,"715,1",BARBACENA,Reação tardia ou ineficiente do condutor,Saída de leito carroçável,Com Vítimas Feridas,Plena Noite,Crescente,Céu Claro,Dupla,Curva,Não,1,0,1,0,0,0,1,1,"-21,25161698","-43,67181701",SPRF-MG,DEL05-MG,UOP01-DEL05-MG
361921.0,2021-06-04,sexta-feira,07:45:00,MG,381.0,510,IGARAPE,Velocidade Incompatível,Tombamento,Com Vítimas Feridas,Pleno dia,Crescente,Céu Claro,Dupla,Não Informado,Sim,1,0,1,0,0,0,1,1,"-20,07738209","-44,30434488",SPRF-MG,DEL01-MG,UOP03-DEL01-MG
361929.0,2021-06-04,sexta-feira,04:45:00,MG,116.0,"251,6",TEOFILO OTONI,Objeto estático sobre o leito carroçável,Colisão com objeto,Com Vítimas Feridas,Plena Noite,Decrescente,Nublado,Simples,Reta,Não,6,0,5,0,1,0,5,2,"-17,65137591","-41,49335386",SPRF-MG,DEL11-MG,UOP01-DEL11-MG
361942.0,2021-02-13,sábado,15:45:00,MG,40.0,691,ALFREDO VASCONCELOS,Manobra de mudança de faixa,Tombamento,Com Vítimas Feridas,Pleno dia,Crescente,Nublado,Simples,Reta,Não,1,0,0,1,0,0,1,1,"-21,128972","-43,760134",SPRF-MG,DEL05-MG,UOP02-DEL05-MG
361958.0,2021-06-04,sexta-feira,10:45:00,MG,40.0,"632,3",CONSELHEIRO LAFAIETE,Transitar na contramão,Colisão frontal,Com Vítimas Feridas,Pleno dia,Decrescente,Céu Claro,Dupla,Desvio Temporário,Sim,2,0,1,0,1,0,1,2,"-20,67815675","-43,79420942",SPRF-MG,DEL05-MG,UOP02-DEL05-MG
361971.0,2021-06-04,sexta-feira,14:05:00,MG,381.0,"518,5",IGARAPE,Reação tardia ou ineficiente do condutor,Colisão lateral mesmo sentido,Com Vítimas Feridas,Pleno dia,Crescente,Sol,Dupla,Não Informado,Não,2,0,1,0,1,0,1,2,"-20,10881285","-44,31489944",SPRF-MG,DEL04-MG,UOP03-DEL04-MG
361976.0,2021-06-04,sexta-feira,11:30:00,MG,381.0,382,SAO GONCALO DO RIO ABAIXO,Manobra de mudança de faixa,Colisão lateral mesmo sentido,Com Vítimas Feridas,Pleno dia,Decrescente,Céu Claro,Simples,Reta,Não,2,0,0,1,1,0,1,2,"-19,8203938","-43,39028183",SPRF-MG,DEL01-MG,UOP01-DEL01-MG
361977.0,2021-06-04,sexta-feira,15:00:00,MG,262.0,"369,2",JUATUBA,Velocidade Incompatível,Tombamento,Com Vítimas Feridas,Pleno dia,Crescente,Céu Claro,Dupla,Reta,Não,1,0,1,0,0,0,1,1,"-19,94662521","-44,3818903",SPRF-MG,DEL01-MG,UOP03-DEL01-MG
361979.0,2021-06-04,sexta-feira,14:30:00,MG,381.0,"504,4",BETIM,Pedestre cruzava a pista fora da faixa,Saída de leito carroçável,Com Vítimas Feridas,Pleno dia,Decrescente,Céu Claro,Dupla,Reta,Sim,1,0,1,0,0,0,1,1,"-20,04164508","-44,26386697",SPRF-MG,DEL01-MG,UOP03-DEL01-MG
361984.0,2021-06-01,terça-feira,06:30:00,MG,50.0,"56,9",UBERLANDIA,Ausência de reação do condutor,Capotamento,Com Vítimas Feridas,Amanhecer,Decrescente,Céu Claro,Dupla,Curva,Não,4,0,2,2,0,0,4,1,"-18,79143021","-48,23204041",SPRF-MG,DEL15-MG,UOP02-DEL15-MG
361986.0,2021-06-04,sexta-feira,15:30:00,MG,356.0,"276,7",EUGENOPOLIS,Velocidade Incompatível,Colisão frontal,Com Vítimas Feridas,Pleno dia,Decrescente,Sol,Simples,Curva,Não,5,0,2,1,0,2,3,2,"-21,12795021","-42,27502799",SPRF-MG,DEL07-MG,UOP02-DEL07-MG
362004.0,2021-06-04,sexta-feira,17:50:00,MG,364.0,31,FRUTAL,Pista esburacada,Queda de ocupante de veículo,Com Vítimas Feridas,Anoitecer,Decrescente,Céu Claro,Simples,Não Informado,Não,1,0,1,0,0,0,1,1,"-20,025185","-48,94096",SPRF-MG,DEL13-MG,UOP02-DEL13-MG
362030.0,2021-06-04,sexta-feira,19:00:00,MG,365.0,"162,6",PIRAPORA,Acessar a via sem observar a presença dos outros veículos,Colisão transversal,Com Vítimas Feridas,Plena Noite,Crescente,Céu Claro,Simples,Reta,Não,3,0,0,1,2,0,1,2,"-17,366379","-44,93767",SPRF-MG,DEL12-MG,UOP01-DEL12-MG
362031.0,2021-06-04,sexta-feira,19:20:00,MG,381.0,507,SAO JOAQUIM DE BICAS,Condutor deixou de manter distância do veículo da frente,Colisão traseira,Com Vítimas Feridas,Plena Noite,Crescente,Céu Claro,Múltipla,Reta,Sim,3,0,2,0,1,0,2,2,"-20,04303061","-44,26717758",SPRF-MG,DEL01-MG,UOP03-DEL01-MG
362041.0,2021-06-04,sexta-feira,20:00:00,MG,40.0,"446,5",PARAOPEBA,Reação tardia ou ineficiente do condutor,Tombamento,Com Vítimas Feridas,Plena Noite,Decrescente,Céu Claro,Dupla,Reta,Não,2,0,1,0,1,0,1,1,"-19,28815","-44,392",SPRF-MG,DEL02-MG,UOP01-DEL02-MG
362054.0,2021-06-04,sexta-feira,20:30:00,MG,262.0,"35,5",MANHUACU,Reação tardia ou ineficiente do condutor,Colisão lateral mesmo sentido,Com Vítimas Feridas,Plena Noite,Decrescente,Céu Claro,Simples,Não Informado,Sim,2,0,1,0,1,0,1,2,"-20,2592562","-42,01698194",SPRF-MG,DEL06-MG,UOP04-DEL06-MG
362067.0,2021-06-04,sexta-feira,23:00:00,MG,40.0,507,RIBEIRAO DAS NEVES,Ingestão de álcool pelo condutor,Saída de leito carroçável,Com Vítimas Feridas,Plena Noite,Crescente,Céu Claro,Dupla,Reta,Sim,4,0,3,0,1,0,3,1,"-19,75431705","-44,14152606",SPRF-MG,DEL02-MG,UOP01-DEL02-MG
362083.0,2021-06-05,sábado,00:49:00,MG,50.0,"18,2",UBERLANDIA,Entrada inopinada do pedestre,Atropelamento de Pedestre,Com Vítimas Fatais,Plena Noite,Crescente,Céu Claro,Dupla,Viaduto,Sim,2,1,0,0,0,1,0,1,"-18,92816849","-48,19251537",SPRF-MG,DEL15-MG,UOP01-DEL15-MG
362085.0,2021-06-05,sábado,01:30:00,MG,381.0,"491,9",BETIM,Animais na Pista,Tombamento,Com Vítimas Feridas,Plena Noite,Crescente,Céu Claro,Dupla,Reta,Sim,1,0,1,0,0,0,1,1,"-19,97018187","-44,18210416",SPRF-MG,DEL01-MG,UOP03-DEL01-MG
362132.0,2021-06-05,sábado,06:10:00,MG,40.0,"41,5",PARACATU,Acessar a via sem observar a presença dos outros veículos,Colisão transversal,Com Vítimas Feridas,Pleno dia,Decrescente,Céu Claro,Simples,Interseção de vias,Sim,2,0,1,0,1,0,1,2,"-17,21271307","-46,87295209",SPRF-MG,DEL14-MG,UOP01-DEL14-MG
362147.0,2021-06-05,sábado,08:40:00,MG,262.0,"461,1",NOVA SERRANA,Ingestão de álcool pelo condutor,Colisão lateral sentido oposto,Com Vítimas Feridas,Pleno dia,Decrescente,Vento,Simples,Reta,Não,3,0,2,1,0,0,3,2,"-19,82283349","-45,08196173",SPRF-MG,DEL08-MG,UOP03-DEL08-MG
362148.0,2021-04-18,domingo,11:04:00,MG,50.0,29,ARAGUARI,Velocidade Incompatível,Colisão com objeto,Com Vítimas Feridas,Pleno dia,Decrescente,Céu Claro,Dupla,Curva,Não,1,0,1,0,0,0,1,1,"-18,61530179","-48,11558291",SPRF-MG,DEL15-MG,UOP02-DEL15-MG
362154.0,2021-06-05,sábado,10:20:00,MG,356.0,"266,1",MURIAE,Retorno proibido,Colisão traseira,Com Vítimas Feridas,Pleno dia,Crescente,Céu Claro,Simples,Reta,Sim,2,0,1,0,1,0,1,2,"-21,12823134","-42,35802453",SPRF-MG,DEL07-MG,UOP02-DEL07-MG
362167.0,2021-06-05,sábado,10:20:00,MG,146.0,506,BANDEIRA DO SUL,Acessar a via sem observar a presença dos outros veículos,Colisão transversal,Com Vítimas Feridas,Pleno dia,Crescente,Céu Claro,Simples,Interseção de vias,Não,6,0,5,0,1,0,5,2,"-21,76109402","-46,40899658",SPRF-MG,DEL09-MG,UOP01-DEL09-MG
362181.0,2021-06-05,sábado,07:50:00,MG,116.0,"282,4",TEOFILO OTONI,Velocidade Incompatível,Saída de leito carroçável,Com Vítimas Feridas,Pleno dia,Decrescente,Garoa/Chuvisco,Simples,Curva,Não,1,0,1,0,0,0,1,1,"-17,902369","-41,522926",SPRF-MG,DEL11-MG,UOP01-DEL11-MG
362182.0,2021-06-05,sábado,11:00:00,MG,116.0,"276,2",TEOFILO OTONI,Acessar a via sem observar a presença dos outros veículos,Colisão traseira,Com Vítimas Feridas,Pleno dia,Crescente,Nublado,Múltipla,Reta,Sim,2,0,1,0,1,0,1,2,"-17,852376","-41,514498",SPRF-MG,DEL11-MG,UOP01-DEL11-MG
362205.0,2021-06-05,sábado,14:10:00,MG,116.0,"624,7",ORIZANIA,Ultrapassagem Indevida,Colisão lateral sentido oposto,Com Vítimas Feridas,Pleno dia,Crescente,Céu Claro,Simples,Reta,Sim,5,0,2,0,3,0,2,2,"-20,5225458","-42,19944212",SPRF-MG,DEL07-MG,UOP03-DEL07-MG
362206.0,2021-06-05,sábado,15:40:00,MG,262.0,364,JUATUBA,Condutor deixou de manter distância do veículo da frente,Colisão traseira,Sem Vítimas,Pleno dia,Decrescente,Céu Claro,Dupla,Reta,Sim,2,0,0,0,2,0,0,2,"-19,98290644","-44,24492623",SPRF-MG,DEL01-MG,UOP03-DEL01-MG
362210.0,2021-06-05,sábado,16:20:00,MG,262.0,354,BETIM,Ausência de reação do condutor,Tombamento,Com Vítimas Feridas,Pleno dia,Crescente,Céu Claro,Dupla,Reta,Sim,1,0,1,0,0,0,1,1,"-19,96216513","-44,16346396",SPRF-MG,DEL01-MG,UOP03-DEL01-MG
362213.0,2021-06-05,sábado,16:40:00,MG,381.0,"478,5",CONTAGEM,Reação tardia ou ineficiente do condutor,Colisão traseira,Com Vítimas Feridas,Anoitecer,Decrescente,Céu Claro,Múltipla,Reta,Sim,2,0,1,0,1,0,1,2,"-19,96399101","-44,04384613",SPRF-MG,DEL01-MG,UOP03-DEL01-MG
362248.0,2021-06-05,sábado,19:00:00,MG,50.0,70,UBERLANDIA,Ingestão de álcool pelo condutor,Colisão traseira,Com Vítimas Feridas,Plena Noite,Decrescente,Céu Claro,Dupla,Reta,Sim,3,0,1,0,1,1,1,2,"-18,8896498","-48,25770378",SPRF-MG,DEL15-MG,UOP01-DEL15-MG
362251.0,2021-06-05,sábado,18:30:00,MG,354.0,"751,2",ITAMONTE,Manobra de mudança de faixa,Colisão transversal,Com Vítimas Feridas,Plena Noite,Crescente,Céu Claro,Simples,Não Informado,Sim,3,0,2,0,1,0,2,2,"-22,28761498","-44,86860589",SPRF-MG,DEL17-MG,UOP01-DEL17-MG
362260.0,2021-06-05,sábado,19:25:00,MG,40.0,532,BELO HORIZONTE,Ausência de reação do condutor,Colisão lateral mesmo sentido,Com Vítimas Feridas,Plena Noite,Decrescente,Céu Claro,Dupla,Não Informado,Sim,4,0,1,0,3,0,1,2,"-19,92372561","-44,01700789",SPRF-MG,DEL01-MG,UOP02-DEL01-MG
362261.0,2021-06-05,sábado,18:40:00,MG,40.0,"43,2",PARACATU,Acessar a via sem observar a presença dos outros veículos,Colisão transversal,Com Vítimas Feridas,Anoitecer,Crescente,Céu Claro,Simples,Não Informado,Sim,3,0,1,0,1,1,1,2,"-17,226881","-46,860409",SPRF-MG,DEL14-MG,UOP01-DEL14-MG
362264.0,2021-06-05,sábado,15:00:00,MG,40.0,"700,1",BARBACENA,Velocidade Incompatível,Saída de leito carroçável,Com Vítimas Feridas,Pleno dia,Crescente,Sol,Simples,Curva,Sim,1,0,0,1,0,0,1,1,"-21,20856","-43,749959",SPRF-MG,DEL05-MG,UOP02-DEL05-MG
362284.0,2021-06-05,sábado,21:35:00,MG,40.0,"437,5",PARAOPEBA,Ingestão de álcool pelo condutor,Colisão com objeto,Com Vítimas Feridas,Plena Noite,Crescente,Céu Claro,Dupla,Não Informado,Não,4,0,1,0,0,3,1,1,"-19,23042565","-44,43697214",SPRF-MG,DEL02-MG,UOP01-DEL02-MG
362289.0,2021-06-05,sábado,20:20:00,MG,381.0,913,CAMANDUCAIA,Ingestão de álcool pelo condutor,Colisão lateral mesmo sentido,Sem Vítimas,Plena Noite,Decrescente,Céu Claro,Dupla,Não Informado,Não,2,0,0,0,2,0,0,2,"-22,71380655","-46,12300873",SPRF-MG,DEL16-MG,UOP03-DEL16-MG
362316.0,2021-06-05,sábado,20:50:00,MG,40.0,"339,9",FELIXLANDIA,Ausência de reação do condutor,Colisão traseira,Com Vítimas Feridas,Plena Noite,Decrescente,Céu Claro,Simples,Reta,Não,2,0,1,1,0,0,2,2,"-18,65103007","-44,99950834",SPRF-MG,DEL02-MG,UOP01-DEL02-MG
362321.0,2021-06-06,domingo,00:35:00,MG,267.0,"283,2",BAEPENDI,Velocidade Incompatível,Colisão com objeto,Com Vítimas Feridas,Plena Noite,Crescente,Ignorado,Simples,Reta,Não,1,0,1,0,0,0,1,1,"-21,9199932","-44,75339599",SPRF-MG,DEL17-MG,UOP01-DEL17-MG
362326.0,2021-06-05,sábado,23:30:00,MG,262.0,"58,5",MANHUACU,Velocidade Incompatível,Saída de leito carroçável,Com Vítimas Feridas,Plena Noite,Decrescente,Nublado,Simples,Curva,Não,1,0,1,0,0,0,1,1,"-20,276939","-42,20040411",SPRF-MG,DEL06-MG,UOP04-DEL06-MG
362334.0,2021-06-06,domingo,02:30:00,MG,40.0,498,ESMERALDAS,Pedestre andava na pista,Atropelamento de Pedestre,Com Vítimas Fatais,Plena Noite,Crescente,Céu Claro,Dupla,Reta,Não,2,1,0,0,0,1,0,1,"-19,68467685","-44,18191183",SPRF-MG,DEL02-MG,UOP01-DEL02-MG
362342.0,2021-06-06,domingo,04:05:00,MG,381.0,"484,7",BETIM,Condutor Dormindo,Colisão traseira,Com Vítimas Feridas,Plena Noite,Crescente,Céu Claro,Dupla,Reta,Sim,3,0,1,0,1,1,1,2,"-19,95531717","-44,11722196",SPRF-MG,DEL01-MG,UOP03-DEL01-MG
362378.0,2021-06-06,domingo,07:00:00,MG,116.0,770,LEOPOLDINA,Velocidade Incompatível,Saída de leito carroçável,Sem Vítimas,Pleno dia,Decrescente,Céu Claro,Simples,Curva,Não,1,0,0,0,0,1,0,1,"-21,55054675","-42,67361103",SPRF-MG,DEL07-MG,UOP01-DEL07-MG
362380.0,2021-06-06,domingo,09:45:00,MG,40.0,"569,8",NOVA LIMA,Acessar a via sem observar a presença dos outros veículos,Colisão lateral mesmo sentido,Com Vítimas Feridas,Pleno dia,Decrescente,Céu Claro,Simples,Não Informado,Sim,3,0,1,0,2,0,1,2,"-20,20394093","-43,97409456",SPRF-MG,DEL01-MG,UOP02-DEL01-MG
362383.0,2021-06-06,domingo,08:20:00,MG,381.0,495,BETIM,Manobra de mudança de faixa,Colisão lateral mesmo sentido,Com Vítimas Feridas,Pleno dia,Crescente,Céu Claro,Dupla,Reta,Sim,3,0,2,0,1,0,2,2,"-19,97458573","-44,1866755",SPRF-MG,DEL01-MG,UOP03-DEL01-MG
362385.0,2021-06-06,domingo,09:50:00,MG,381.0,421,CAETE,Velocidade Incompatível,Colisão lateral mesmo sentido,Com Vítimas Feridas,Pleno dia,Crescente,Céu Claro,Dupla,Reta,Não,2,0,1,0,1,0,1,2,"-19,783061","-43,66116123",SPRF-MG,DEL01-MG,UOP01-DEL01-MG
362402.0,2021-06-06,domingo,03:30:00,MG,381.0,355,JOAO MONLEVADE,Reação tardia ou ineficiente do condutor,Saída de leito carroçável,Com Vítimas Feridas,Plena Noite,Decrescente,Céu Claro,Simples,Curva,Não,1,0,1,0,0,0,1,1,"-19,84112398","-43,199388",SPRF-MG,DEL03-MG,UOP01-DEL03-MG
362404.0,2021-06-06,domingo,10:00:00,MG,262.0,"60,9",MANHUACU,Ausência de reação do condutor,Saída de leito carroçável,Com Vítimas Fatais,Pleno dia,Crescente,Nublado,Simples,Curva,Não,1,1,0,0,0,0,0,1,"-20,28702116","-42,21148088",SPRF-MG,DEL06-MG,UOP04-DEL06-MG
362413.0,2021-06-06,domingo,14:30:00,MG,262.0,192,BELA VISTA DE MINAS,Ingestão de álcool pelo condutor,Saída de leito carroçável,Com Vítimas Feridas,Pleno dia,Crescente,Céu Claro,Simples,Reta,Não,1,0,1,0,0,0,1,1,"-19,86964295","-43,08306896",SPRF-MG,DEL03-MG,UOP01-DEL03-MG
362414.0,2021-06-06,domingo,13:40:00,MG,381.0,359,JOAO MONLEVADE,Ultrapassagem Indevida,Colisão lateral mesmo sentido,Com Vítimas Feridas,Pleno dia,Crescente,Céu Claro,Simples,Reta,Sim,2,0,1,0,1,0,1,2,"-19,8551458","-43,22402296",SPRF-MG,DEL03-MG,UOP01-DEL03-MG
362421.0,2021-06-06,domingo,14:35:00,MG,262.0,473,BOM DESPACHO,Ingestão de álcool pelo condutor,Colisão traseira,Sem Vítimas,Pleno dia,Crescente,Céu Claro,Simples,Não Informado,Não,7,0,0,0,7,0,0,2,"-19,79019148","-45,18399783",SPRF-MG,DEL08-MG,UOP03-DEL08-MG
362433.0,2021-06-06,domingo,16:45:00,MG,354.0,"760,3",ITAMONTE,Conversão proibida,Colisão transversal,Com Vítimas Feridas,Pleno dia,Crescente,Nublado,Simples,Reta,Não,3,0,1,0,1,1,1,2,"-22,33176436","-44,83256463",SPRF-MG,DEL17-MG,UOP01-DEL17-MG
362437.0,2021-06-06,domingo,13:30:00,MG,50.0,180,UBERABA,Reação tardia ou ineficiente do condutor,Colisão lateral mesmo sentido,Com Vítimas Feridas,Pleno dia,Crescente,Céu Claro,Dupla,Não Informado,Não,2,0,1,0,1,0,1,2,"-19,77848216","-47,92194709",SPRF-MG,DEL13-MG,UOP01-DEL13-MG
362439.0,2021-06-06,domingo,16:50:00,MG,50.0,74,UBERLANDIA,Reação tardia ou ineficiente do condutor,Colisão traseira,Com Vítimas Feridas,Pleno dia,Decrescente,Céu Claro,Dupla,Reta,Sim,2,0,1,0,1,0,1,2,"-18,9062053","-48,23058128",SPRF-MG,DEL15-MG,UOP01-DEL15-MG
362459.0,2021-06-06,domingo,18:30:00,MG,381.0,339,NOVA ERA,Conversão proibida,Colisão transversal,Com Vítimas Feridas,Anoitecer,Decrescente,Céu Claro,Simples,Reta,Não,4,0,3,0,1,0,3,2,"-19,833665","-43,09613103",SPRF-MG,DEL03-MG,UOP01-DEL03-MG
362478.0,2021-06-06,domingo,18:00:00,MG,365.0,"754,3",ITUIUTABA,Velocidade Incompatível,Colisão traseira,Com Vítimas Feridas,Anoitecer,Crescente,Céu Claro,Simples,Reta,Sim,2,0,1,0,0,1,1,2,"-18,947495","-49,45934",SPRF-MG,DEL15-MG,UOP03-DEL15-MG
362510.0,2021-06-06,domingo,21:45:00,MG,381.0,"422,4",CAETE,Velocidade Incompatível,Colisão traseira,Com Vítimas Feridas,Plena Noite,Crescente,Céu Claro,Dupla,Não Informado,Não,4,0,1,2,1,0,3,3,"-19,770258","-43,648303",SPRF-MG,DEL01-MG,UOP01-DEL01-MG
362560.0,2021-06-07,segunda-feira,05:00:00,MG,116.0,"328,8",CAMPANARIO,Condutor Dormindo,Saída de leito carroçável,Com Vítimas Feridas,Amanhecer,Decrescente,Nublado,Simples,Reta,Não,5,0,5,0,0,0,5,1,"-18,23039","-41,721602",SPRF-MG,DEL11-MG,UOP01-DEL11-MG
362564.0,2021-06-06,domingo,22:20:00,MG,381.0,"684,2",RIBEIRAO VERMELHO,Ingestão de álcool pelo condutor,Capotamento,Com Vítimas Feridas,Plena Noite,Decrescente,Ignorado,Dupla,Retorno Regulamentado,Não,1,0,1,0,0,0,1,1,"-21,183794","-45,119785",SPRF-MG,DEL04-MG,UOP02-DEL04-MG
362610.0,2021-06-07,segunda-feira,12:08:00,MG,50.0,"12,3",ARAGUARI,Velocidade Incompatível,Saída de leito carroçável,Com Vítimas Feridas,Pleno dia,Crescente,Céu Claro,Dupla,Não Informado,Não,1,0,1,0,0,0,1,1,"-18,52177385","-48,04049838",SPRF-MG,DEL15-MG,UOP02-DEL15-MG
362672.0,2021-06-07,segunda-feira,17:00:00,MG,365.0,164,PIRAPORA,Demais falhas mecânicas ou elétricas,Saída de leito carroçável,Com Vítimas Fatais,Pleno dia,Decrescente,Céu Claro,Simples,Reta,Sim,3,1,1,1,0,0,2,1,"-17,37659084","-44,95293512",SPRF-MG,DEL12-MG,UOP01-DEL12-MG
362685.0,2021-06-07,segunda-feira,17:30:00,MG,116.0,"707,8",MURIAE,Pedestre andava na pista,Atropelamento de Pedestre,Com Vítimas Feridas,Anoitecer,Decrescente,Céu Claro,Simples,Curva,Não,2,0,1,0,1,0,1,1,"-21,15538281","-42,38264744",SPRF-MG,DEL07-MG,UOP02-DEL07-MG
362688.0,2021-06-07,segunda-feira,15:45:00,MG,116.0,"413,5",GOVERNADOR VALADARES,Desrespeitar a preferência no cruzamento,Colisão transversal,Com Vítimas Feridas,Pleno dia,Crescente,Céu Claro,Simples,Interseção de vias,Sim,2,0,1,0,1,0,1,2,"-18,873907","-41,966366",SPRF-MG,DEL06-MG,UOP01-DEL06-MG
362698.0,2021-06-07,segunda-feira,17:30:00,MG,381.0,"936,4",EXTREMA,Velocidade Incompatível,Colisão com objeto,Com Vítimas Feridas,Anoitecer,Decrescente,Nublado,Dupla,Não Informado,Não,2,0,1,0,1,0,1,2,"-22,82914914","-46,31469547",SPRF-MG,DEL16-MG,UOP03-DEL16-MG
362704.0,2021-06-07,segunda-feira,18:50:00,MG,40.0,423,CURVELO,Animais na Pista,Atropelamento de Animal,Com Vítimas Feridas,Anoitecer,Decrescente,Céu Claro,Simples,Reta,Não,1,0,1,0,0,0,1,1,"-19,15337404","-44,538155",SPRF-MG,DEL02-MG,UOP01-DEL02-MG
362709.0,2021-06-07,segunda-feira,18:50:00,MG,381.0,"683,9",RIBEIRAO VERMELHO,Transitar no acostamento,Colisão frontal,Com Vítimas Fatais,Plena Noite,Decrescente,Céu Claro,Dupla,Curva,Não,2,1,0,0,0,1,0,2,"-21,15719391","-45,11660421",SPRF-MG,DEL04-MG,UOP02-DEL04-MG
362758.0,2021-06-08,terça-feira,00:15:00,MG,116.0,"413,8",GOVERNADOR VALADARES,Ingestão de álcool pelo condutor,Tombamento,Com Vítimas Feridas,Plena Noite,Decrescente,Céu Claro,Múltipla,Reta,Sim,1,0,0,1,0,0,1,1,"-18,87770162","-41,96240902",SPRF-MG,DEL06-MG,UOP01-DEL06-MG
362768.0,2021-06-08,terça-feira,05:40:00,MG,381.0,508,SAO JOAQUIM DE BICAS,Acumulo de areia ou detritos sobre o pavimento,Queda de ocupante de veículo,Com Vítimas Feridas,Amanhecer,Decrescente,Céu Claro,Simples,Reta,Sim,1,0,1,0,0,0,1,1,"-20,06277698","-44,29329002",SPRF-MG,DEL01-MG,UOP03-DEL01-MG
362795.0,2021-06-08,terça-feira,08:00:00,MG,381.0,509,IGARAPE,Reação tardia ou ineficiente do condutor,Colisão com objeto,Com Vítimas Feridas,Pleno dia,Crescente,Céu Claro,Dupla,Reta,Sim,1,0,1,0,0,0,1,1,"-20,07008","-44,298819",SPRF-MG,DEL01-MG,UOP03-DEL01-MG
362823.0,2021-06-08,terça-feira,09:00:00,MG,365.0,"818,5",SANTA VITORIA,Reação tardia ou ineficiente do condutor,Saída de leito carroçável,Com Vítimas Feridas,Pleno dia,Decrescente,Sol,Simples,Reta,Não,2,0,2,0,0,0,2,1,"-18,87979522","-50,07684104",SPRF-MG,DEL15-MG,UOP03-DEL15-MG
362835.0,2021-06-08,terça-feira,11:40:00,MG,381.0,864,POUSO ALEGRE,Velocidade Incompatível,Saída de leito carroçável,Com Vítimas Feridas,Pleno dia,Decrescente,Sol,Dupla,Não Informado,Sim,1,0,1,0,0,0,1,1,"-22,38757269","-45,95265452",SPRF-MG,DEL16-MG,UOP01-DEL16-MG
362855.0,2021-06-08,terça-feira,13:50:00,MG,262.0,"376,6",JUATUBA,Avarias e/ou desgaste excessivo no pneu,Tombamento,Com Vítimas Feridas,Pleno dia,Crescente,Céu Claro,Dupla,Reta,Não,2,0,2,0,0,0,2,1,"-19,95649717","-44,346577",SPRF-MG,DEL01-MG,UOP03-DEL01-MG
362898.0,2021-06-08,terça-feira,17:40:00,MG,262.0,"8,1",MARTINS SOARES,Demais falhas mecânicas ou elétricas,Capotamento,Com Vítimas Feridas,Anoitecer,Decrescente,Céu Claro,Simples,Não Informado,Não,1,0,1,0,0,0,1,1,"-20,25369605","-41,82611703",SPRF-MG,DEL06-MG,UOP04-DEL06-MG
362926.0,2021-06-08,terça-feira,17:00:00,MG,381.0,373,SAO GONCALO DO RIO ABAIXO,Acumulo de areia ou detritos sobre o pavimento,Saída de leito carroçável,Com Vítimas Feridas,Pleno dia,Decrescente,Sol,Simples,Curva,Não,3,0,3,0,0,0,3,1,"-19,83992808","-43,3214812",SPRF-MG,DEL01-MG,UOP01-DEL01-MG
362954.0,2021-06-08,terça-feira,20:50:00,MG,381.0,"611,9",OLIVEIRA,Pedestre andava na pista,Atropelamento de Pedestre,Com Vítimas Fatais,Plena Noite,Crescente,Nublado,Dupla,Reta,Não,2,1,0,0,0,1,0,1,"-20,6936","-44,746805",SPRF-MG,DEL04-MG,UOP01-DEL04-MG
362990.0,2021-06-09,quarta-feira,08:00:00,MG,381.0,"669,7",PERDOES,Condutor deixou de manter distância do veículo da frente,Colisão traseira,Com Vítimas Feridas,Pleno dia,Decrescente,Nublado,Dupla,Reta,Não,3,0,1,0,2,0,1,2,"-21,07596273","-45,05547819",SPRF-MG,DEL04-MG,UOP02-DEL04-MG
363010.0,2021-06-09,quarta-feira,07:50:00,MG,40.0,553,NOVA LIMA,Transitar na contramão,Colisão frontal,Com Vítimas Feridas,Pleno dia,Crescente,Céu Claro,Simples,Reta,Sim,2,0,1,0,1,0,1,2,"-20,07715896","-43,98213593",SPRF-MG,DEL01-MG,UOP02-DEL01-MG