id,data_inversa,dia_semana,horario,uf,br,km,municipio,causa_acidente,tipo_acidente,classificacao_acidente,fase_dia,sentido_via,condicao_metereologica,tipo_pista,tracado_via,uso_solo,pessoas,mortos,feridos_leves,feridos_graves,ilesos,ignorados,feridos,veiculos,latitude,longitude,regional,delegacia,uop
363021.0,2021-03-29,segunda-feira,14:00:00,MG,116.0,400,GOVERNADOR VALADARES,Demais falhas na via,Tombamento,Com Vítimas Feridas,Pleno dia,Decrescente,Céu Claro,Simples,Reta,Não,2,0,0,1,0,1,1,1,"-18,76542638","-41,98511124",SPRF-MG,DEL06-MG,UOP01-DEL06-MG
363026.0,2021-06-09,quarta-feira,11:30:00,MG,381.0,"482,9",BETIM,Reação tardia ou ineficiente do condutor,Tombamento,Com Vítimas Feridas,Pleno dia,Crescente,Céu Claro,Múltipla,Curva,Sim,1,0,1,0,0,0,1,1,"-19,95818245","-44,0795517",SPRF-MG,DEL01-MG,UOP03-DEL01-MG
363027.0,2021-06-09,quarta-feira,10:20:00,MG,381.0,"456,9",BELO HORIZONTE,Velocidade Incompatível,Colisão com objeto,Com Vítimas Feridas,Pleno dia,Crescente,Sol,Dupla,Reta,Sim,2,0,1,0,0,1,1,1,"-19,85862954","-43,91292495",SPRF-MG,DEL01-MG,UOP01-DEL01-MG
363053.0,2021-06-09,quarta-feira,10:40:00,MG,40.0,"41,7",PARACATU,Reação tardia ou ineficiente do condutor,Colisão traseira,Com Vítimas Feridas,Pleno dia,Crescente,Céu Claro,Simples,Não Informado,Sim,3,0,1,0,2,0,1,2,"-17,21271307","-46,87295209",SPRF-MG,DEL14-MG,UOP01-DEL14-MG
363054.0,2021-06-09,quarta-feira,13:50:00,MG,381.0,"525,9",BRUMADINHO,Condutor Dormindo,Saída de leito carroçável,Com Vítimas Feridas,Pleno dia,Crescente,Céu Claro,Dupla,Curva,Não,1,0,0,1,0,0,1,1,"-20,16710798","-44,33422398",SPRF-MG,DEL04-MG,UOP03-DEL04-MG
363057.0,2021-06-09,quarta-feira,11:30:00,MG,262.0,443,NOVA SERRANA,Pedestre cruzava a pista fora da faixa,Capotamento,Com Vítimas Feridas,Pleno dia,Decrescente,Sol,Dupla,Reta,Sim,3,0,2,1,0,0,3,1,"-19,88065393","-44,92197102",SPRF-MG,DEL08-MG,UOP03-DEL08-MG
363077.0,2021-06-09,quarta-feira,16:00:00,MG,381.0,2,BETIM,Velocidade Incompatível,Saída de leito carroçável,Com Vítimas Feridas,Pleno dia,Decrescente,Céu Claro,Dupla,Curva,Sim,1,0,1,0,0,0,1,1,"-19,96825","-44,198708",SPRF-MG,DEL01-MG,UOP03-DEL01-MG
363084.0,2021-06-09,quarta-feira,17:45:00,MG,50.0,70,UBERLANDIA,Condutor deixou de manter distância do veículo da frente,Engavetamento,Sem Vítimas,Plena Noite,Crescente,Céu Claro,Dupla,Reta,Sim,7,0,0,0,6,1,0,3,"-18,85140204","-48,25345932",SPRF-MG,DEL15-MG,UOP01-DEL15-MG
363086.0,2021-06-09,quarta-feira,14:00:00,MG,381.0,"801,9",SAO GONCALO DO SAPUCAI,Velocidade Incompatível,Colisão com objeto,Com Vítimas Feridas,Pleno dia,Decrescente,Céu Claro,Dupla,Reta,Não,1,0,1,0,0,0,1,1,"-21,98436367","-45,64717924",SPRF-MG,DEL16-MG,UOP02-DEL16-MG
363093.0,2021-06-09,quarta-feira,18:29:00,MG,381.0,"499,5",BETIM,Reação tardia ou ineficiente do condutor,Colisão traseira,Com Vítimas Feridas,Plena Noite,Decrescente,Céu Claro,Múltipla,Reta,Não,2,0,1,0,1,0,1,2,"-20,01792651","-44,2261448",SPRF-MG,DEL01-MG,UOP03-DEL01-MG
363118.0,2021-06-09,quarta-feira,18:30:00,MG,262.0,365,JUATUBA,Pedestre andava na pista,Atropelamento de Pedestre,Com Vítimas Feridas,Plena Noite,Crescente,Céu Claro,Dupla,Reta,Sim,2,0,0,1,1,0,1,1,"-19,97856934","-44,25336717",SPRF-MG,DEL01-MG,UOP03-DEL01-MG
363143.0,2021-06-09,quarta-feira,17:20:00,MG,116.0,"381,5",MATHIAS LOBATO,Ultrapassagem Indevida,Colisão lateral mesmo sentido,Com Vítimas Fatais,Pleno dia,Decrescente,Nublado,Simples,Reta,Não,7,1,2,1,3,0,3,3,"-18,63215202","-41,94674797",SPRF-MG,DEL06-MG,UOP01-DEL06-MG
363157.0,2021-06-10,quinta-feira,00:30:00,MG,40.0,"624,4",CONSELHEIRO LAFAIETE,Velocidade Incompatível,Saída de leito carroçável,Sem Vítimas,Plena Noite,Decrescente,Céu Claro,Simples,Curva,Não,1,0,0,0,1,0,0,1,"-20,618742","-43,805967",SPRF-MG,DEL05-MG,UOP02-DEL05-MG
363160.0,2021-06-10,quinta-feira,03:20:00,MG,459.0,"103,5",POUSO ALEGRE,Acessar a via sem observar a presença dos outros veículos,Colisão transversal,Com Vítimas Feridas,Plena Noite,Crescente,Céu Claro,Dupla,Curva,Sim,2,0,1,1,0,0,2,2,"-22,224699","-45,91256",SPRF-MG,DEL16-MG,UOP01-DEL16-MG
363163.0,2021-03-01,segunda-feira,07:30:00,MG,381.0,"420,1",CAETE,Velocidade Incompatível,Saída de leito carroçável,Com Vítimas Feridas,Pleno dia,Decrescente,Céu Claro,Dupla,Reta,Não,1,0,1,0,0,0,1,1,"-19,77712975","-43,65501412",SPRF-MG,DEL01-MG,UOP01-DEL01-MG
363175.0,2021-06-10,quinta-feira,01:15:00,MG,356.0,"264,3",MURIAE,Velocidade Incompatível,Saída de leito carroçável,Sem Vítimas,Plena Noite,Decrescente,Céu Claro,Simples,Curva,Sim,1,0,0,0,1,0,0,1,"-21,12552649","-42,37547729",SPRF-MG,DEL07-MG,UOP02-DEL07-MG
363184.0,2021-06-10,quinta-feira,07:15:00,MG,381.0,617,OLIVEIRA,Velocidade Incompatível,Queda de ocupante de veículo,Com Vítimas Feridas,Pleno dia,Crescente,Céu Claro,Dupla,Curva,Não,1,0,1,0,0,0,1,1,"-20,76156591","-44,77700024",SPRF-MG,DEL04-MG,UOP01-DEL04-MG
363185.0,2021-06-10,quinta-feira,07:00:00,MG,116.0,416,GOVERNADOR VALADARES,Desrespeitar a preferência no cruzamento,Colisão lateral mesmo sentido,Com Vítimas Feridas,Pleno dia,Decrescente,Céu Claro,Simples,Reta,Não,2,0,1,0,1,0,1,2,"-18,89215187","-41,94699543",SPRF-MG,DEL06-MG,UOP01-DEL06-MG
363199.0,2021-06-10,quinta-feira,07:40:00,MG,116.0,304,ITAMBACURI,Condutor Dormindo,Colisão frontal,Com Vítimas Feridas,Pleno dia,Crescente,Céu Claro,Simples,Reta,Não,7,0,5,0,2,0,5,2,"-18,02424603","-41,64791895",SPRF-MG,DEL11-MG,UOP01-DEL11-MG
363202.0,2021-05-13,quinta-feira,08:30:00,MG,40.0,"749,5",SANTOS DUMONT,Chuva,Capotamento,Com Vítimas Feridas,Pleno dia,Crescente,Chuva,Simples,Reta,Não,1,0,1,0,0,0,1,1,"-21,447874","-43,55738803",SPRF-MG,DEL05-MG,UOP01-DEL05-MG
363236.0,2021-06-10,quinta-feira,12:30:00,MG,50.0,"39,5",ARAGUARI,Manobra de mudança de faixa,Colisão traseira,Com Vítimas Feridas,Pleno dia,Crescente,Sol,Dupla,Retorno Regulamentado,Sim,2,0,1,0,1,0,1,2,"-18,66594982","-48,17302108",SPRF-MG,DEL15-MG,UOP02-DEL15-MG
363244.0,2021-06-10,quinta-feira,10:40:00,MG,262.0,"841,8",CONCEICAO DAS ALAGOAS,Demais falhas mecânicas ou elétricas,Saída de leito carroçável,Sem Vítimas,Pleno dia,Crescente,Céu Claro,Dupla,Reta,Não,1,0,0,0,1,0,0,1,"-19,7562812","-48,27329301",SPRF-MG,DEL13-MG,UOP01-DEL13-MG
363245.0,2021-04-07,quarta-feira,22:20:00,MG,40.0,310,TRES MARIAS,Demais falhas mecânicas ou elétricas,Incêndio,Sem Vítimas,Plena Noite,Crescente,Nublado,Simples,Reta,Não,2,0,0,0,2,0,0,1,"-18,43298573","-45,07651058",SPRF-MG,DEL14-MG,UOP02-DEL14-MG
363265.0,2021-03-25,quinta-feira,06:30:00,MG,116.0,"89,7",MEDINA,Velocidade Incompatível,Colisão com objeto,Com Vítimas Feridas,Pleno dia,Crescente,Céu Claro,Simples,Não Informado,Não,2,0,2,0,0,0,2,1,"-16,342478","-41,476151",SPRF-MG,DEL11-MG,UOP02-DEL11-MG
363295.0,2021-03-15,segunda-feira,18:00:00,MG,251.0,"361,5",PADRE CARVALHO,Acessar a via sem observar a presença dos outros veículos,Colisão transversal,Com Vítimas Feridas,Anoitecer,Decrescente,Céu Claro,Simples,Interseção de vias,Não,5,0,0,1,3,1,1,2,"-16,26006695","-42,61699396",SPRF-MG,DEL12-MG,UOP01-DEL12-MG
363309.0,2021-06-10,quinta-feira,18:50:00,MG,40.0,"39,9",PARACATU,Acessar a via sem observar a presença dos outros veículos,Colisão transversal,Com Vítimas Feridas,Plena Noite,Decrescente,Céu Claro,Simples,Interseção de vias,Sim,4,0,1,0,3,0,1,2,"-17,21128483","-46,89011999",SPRF-MG,DEL14-MG,UOP01-DEL14-MG
363338.0,2021-06-10,quinta-feira,21:20:00,MG,40.0,"755,5",EWBANK DA CAMARA,Demais falhas mecânicas ou elétricas,Incêndio,Sem Vítimas,Plena Noite,Crescente,Céu Claro,Simples,Curva,Não,1,0,0,0,1,0,0,1,"-21,486045","-43,53483",SPRF-MG,DEL05-MG,UOP01-DEL05-MG
363349.0,2021-06-10,quinta-feira,23:00:00,MG,50.0,"29,1",ARAGUARI,Reação tardia ou ineficiente do condutor,Saída de leito carroçável,Com Vítimas Feridas,Plena Noite,Crescente,Céu Claro,Dupla,Não Informado,Não,1,0,1,0,0,0,1,1,"-18,62034416","-48,11087208",SPRF-MG,DEL15-MG,UOP02-DEL15-MG
363366.0,2021-06-11,sexta-feira,03:50:00,MG,381.0,337,NOVA ERA,Velocidade Incompatível,Colisão com objeto,Com Vítimas Feridas,Plena Noite,Crescente,Nevoeiro/Neblina,Simples,Curva,Não,6,0,1,0,5,0,1,2,"-19,82388218","-43,08235792",SPRF-MG,DEL03-MG,UOP01-DEL03-MG
363371.0,2021-06-11,sexta-feira,06:45:00,MG,40.0,570,ITABIRITO,Ausência de reação do condutor,Saída de leito carroçável,Com Vítimas Fatais,Pleno dia,Decrescente,Céu Claro,Simples,Reta,Não,1,1,0,0,0,0,0,1,"-20,21286706","-43,97263241",SPRF-MG,DEL01-MG,UOP02-DEL01-MG
363379.0,2021-06-11,sexta-feira,07:00:00,MG,381.0,"489,5",BETIM,Demais falhas mecânicas ou elétricas,Tombamento,Com Vítimas Feridas,Pleno dia,Crescente,Sol,Dupla,Reta,Sim,1,0,1,0,0,0,1,1,"-19,96245618","-44,16455495",SPRF-MG,DEL01-MG,UOP03-DEL01-MG
363401.0,2021-06-11,sexta-feira,08:15:00,MG,116.0,416,GOVERNADOR VALADARES,Desrespeitar a preferência no cruzamento,Colisão transversal,Com Vítimas Feridas,Pleno dia,Decrescente,Céu Claro,Simples,Interseção de vias,Não,2,0,1,0,1,0,1,2,"-18,89215187","-41,94699543",SPRF-MG,DEL06-MG,UOP01-DEL06-MG
363408.0,2021-06-11,sexta-feira,08:50:00,MG,116.0,"612,6",SAO JOAO DO MANHUACU,Acessar a via sem observar a presença dos outros veículos,Colisão transversal,Com Vítimas Feridas,Pleno dia,Crescente,Nublado,Simples,Reta,Não,3,0,3,0,0,0,3,2,"-20,4025591","-42,15042114",SPRF-MG,DEL07-MG,UOP03-DEL07-MG
363472.0,2021-06-11,sexta-feira,14:00:00,MG,50.0,17,ARAGUARI,Velocidade Incompatível,Colisão com objeto,Com Vítimas Feridas,Pleno dia,Decrescente,Garoa/Chuvisco,Dupla,Curva,Não,2,0,2,0,0,0,2,1,"-18,56423911","-48,05618405",SPRF-MG,DEL15-MG,UOP02-DEL15-MG
363481.0,2021-06-11,sexta-feira,13:15:00,MG,,,ITAOBIM,Acesso irregular,Colisão lateral sentido oposto,Sem Vítimas,Pleno dia,Não Informado,Céu Claro,Simples,Interseção de vias,Sim,3,0,0,0,3,0,0,2,"-16,56210173","-41,50831288",SPRF-MG,DEL11-MG,UOP02-DEL11-MG
363500.0,2021-06-11,sexta-feira,18:00:00,MG,381.0,501,BETIM,Condutor deixou de manter distância do veículo da frente,Colisão traseira,Com Vítimas Feridas,Plena Noite,Decrescente,Céu Claro,Múltipla,Reta,Sim,2,0,1,0,1,0,1,2,"-20,00593533","-44,21413422",SPRF-MG,DEL01-MG,UOP03-DEL01-MG
363518.0,2021-06-11,sexta-feira,17:33:00,MG,40.0,526,CONTAGEM,Condutor deixou de manter distância do veículo da frente,Colisão traseira,Com Vítimas Feridas,Plena Noite,Decrescente,Céu Claro,Dupla,Reta,Sim,1,0,1,0,0,0,1,1,"-19,89255399","-44,04985478",SPRF-MG,DEL01-MG,UOP02-DEL01-MG
363523.0,2021-06-11,sexta-feira,13:15:00,MG,381.0,"520,5",IGARAPE,Velocidade Incompatível,Tombamento,Com Vítimas Feridas,Pleno dia,Crescente,Céu Claro,Dupla,Não Informado,Não,1,0,1,0,0,0,1,1,"-20,13363702","-44,309515",SPRF-MG,DEL04-MG,UOP03-DEL04-MG
363527.0,2021-06-11,sexta-feira,15:45:00,MG,365.0,"687,7",MONTE ALEGRE DE MINAS,Ausência de reação do condutor,Colisão com objeto,Com Vítimas Feridas,Pleno dia,Crescente,Céu Claro,Dupla,Curva,Sim,2,0,0,1,1,0,1,1,"-18,87548498","-48,87468901",SPRF-MG,DEL15-MG,UOP03-DEL15-MG
363536.0,2021-06-11,sexta-feira,19:20:00,MG,262.0,356,BETIM,Velocidade Incompatível,Tombamento,Com Vítimas Feridas,Plena Noite,Crescente,Céu Claro,Dupla,Não Informado,Não,1,0,1,0,0,0,1,1,"-19,96890716","-44,18104581",SPRF-MG,DEL01-MG,UOP03-DEL01-MG
363559.0,2021-06-11,sexta-feira,19:40:00,MG,116.0,"659,2",SAO FRANCISCO DO GLORIA,Desrespeitar a preferência no cruzamento,Colisão transversal,Com Vítimas Feridas,Plena Noite,Decrescente,Chuva,Simples,Interseção de vias,Não,4,0,4,0,0,0,4,2,"-20,78539999","-42,29883835",SPRF-MG,DEL07-MG,UOP03-DEL07-MG
363575.0,2021-06-11,sexta-feira,20:00:00,MG,153.0,"110,6",PRATA,Ausência de reação do condutor,Saída de leito carroçável,Com Vítimas Feridas,Plena Noite,Decrescente,Nublado,Simples,Reta,Não,2,0,2,0,0,0,2,1,"-19,31459402","-48,90674734",SPRF-MG,DEL15-MG,UOP03-DEL15-MG
363582.0,2021-06-12,sábado,00:40:00,MG,262.0,"823,9",UBERABA,Velocidade Incompatível,Saída de leito carroçável,Sem Vítimas,Plena Noite,Crescente,Nevoeiro/Neblina,Dupla,Reta,Não,1,0,0,0,0,1,0,1,"-19,75760422","-48,1522031",SPRF-MG,DEL13-MG,UOP01-DEL13-MG
363589.0,2021-06-11,sexta-feira,21:50:00,MG,50.0,"93,7",UBERLANDIA,Velocidade Incompatível,Saída de leito carroçável,Sem Vítimas,Plena Noite,Decrescente,Nublado,Dupla,Não Informado,Não,1,0,0,0,0,1,0,1,"-19,08305272","-48,18658444",SPRF-MG,DEL15-MG,UOP01-DEL15-MG
363600.0,2021-06-12,sábado,07:05:00,MG,381.0,"493,5",BETIM,Ausência de reação do condutor,Colisão lateral mesmo sentido,Com Vítimas Feridas,Pleno dia,Decrescente,Céu Claro,Dupla,Reta,Sim,3,0,2,0,1,0,2,2,"-19,995874","-44,208748",SPRF-MG,DEL01-MG,UOP03-DEL01-MG
363603.0,2021-06-12,sábado,06:40:00,MG,381.0,490,BETIM,Condutor Dormindo,Capotamento,Com Vítimas Feridas,Pleno dia,Crescente,Céu Claro,Múltipla,Reta,Sim,1,0,1,0,0,0,1,1,"-19,95689163","-44,13928986",SPRF-MG,DEL01-MG,UOP03-DEL01-MG
363604.0,2021-06-12,sábado,06:50:00,MG,381.0,344,BELA VISTA DE MINAS,Velocidade Incompatível,Saída de leito carroçável,Com Vítimas Feridas,Pleno dia,Decrescente,Céu Claro,Simples,Curva,Não,5,0,1,3,1,0,4,1,"-19,85986781","-43,11280984",SPRF-MG,DEL03-MG,UOP01-DEL03-MG
363626.0,2021-06-12,sábado,07:40:00,MG,40.0,"755,1",EWBANK DA CAMARA,Manobra de mudança de faixa,Colisão lateral mesmo sentido,Com Vítimas Feridas,Pleno dia,Decrescente,Céu Claro,Simples,Reta,Não,4,0,0,2,2,0,2,2,"-21,486045","-43,53483",SPRF-MG,DEL05-MG,UOP01-DEL05-MG
363630.0,2021-06-12,sábado,09:15:00,MG,381.0,"486,9",BETIM,Ausência de reação do condutor,Colisão com objeto,Sem Vítimas,Pleno dia,Decrescente,Céu Claro,Múltipla,Reta,Sim,1,0,0,0,0,1,0,1,"-19,95644414","-44,13611598",SPRF-MG,DEL01-MG,UOP03-DEL01-MG
363642.0,2021-06-12,sábado,10:35:00,MG,40.0,"799,4",MATIAS BARBOSA,Reação tardia ou ineficiente do condutor,Saída de leito carroçável,Com Vítimas Feridas,Pleno dia,Crescente,Céu Claro,Múltipla,Curva,Não,2,0,1,0,0,1,1,1,"-21,82857001","-43,37364401",SPRF-MG,DEL05-MG,UOP01-DEL05-MG
363647.0,2021-06-12,sábado,10:40:00,MG,40.0,510,RIBEIRAO DAS NEVES,Ausência de reação do condutor,Saída de leito carroçável,Com Vítimas Feridas,Pleno dia,Crescente,Céu Claro,Dupla,Reta,Não,2,0,1,0,1,0,1,2,"-19,77463885","-44,12321882",SPRF-MG,DEL01-MG,UOP02-DEL01-MG
363665.0,2021-06-12,sábado,12:45:00,MG,381.0,"497,5",BETIM,Condutor deixou de manter distância do veículo da frente,Colisão traseira,Com Vítimas Feridas,Pleno dia,Crescente,Céu Claro,Dupla,Reta,Sim,3,0,1,0,2,0,1,2,"-20,00483625","-44,21367172",SPRF-MG,DEL01-MG,UOP03-DEL01-MG
363672.0,2021-06-12,sábado,14:25:00,MG,40.0,559,NOVA LIMA,Condutor deixou de manter distância do veículo da frente,Colisão traseira,Com Vítimas Feridas,Pleno dia,Crescente,Nublado,Dupla,Reta,Sim,2,0,1,0,1,0,1,2,"-20,11861708","-43,96783926",SPRF-MG,DEL01-MG,UOP02-DEL01-MG
363706.0,2021-06-12,sábado,16:40:00,MG,381.0,479,CONTAGEM,Ausência de reação do condutor,Engavetamento,Sem Vítimas,Pleno dia,Decrescente,Céu Claro,Múltipla,Não Informado,Sim,3,0,0,0,2,1,0,3,"-19,95889605","-44,069202",SPRF-MG,DEL01-MG,UOP03-DEL01-MG
363721.0,2021-06-12,sábado,17:30:00,MG,381.0,764,CAMPANHA,Objeto estático sobre o leito carroçável,Colisão com objeto,Sem Vítimas,Pleno dia,Decrescente,Nublado,Dupla,Reta,Não,1,0,0,0,1,0,0,1,"-21,72408194","-45,38058615",SPRF-MG,DEL16-MG,UOP02-DEL16-MG
363723.0,2021-06-12,sábado,08:30:00,MG,381.0,240,SANTANA DO PARAISO,Acostamento em desnível,Tombamento,Com Vítimas Feridas,Pleno dia,Decrescente,Céu Claro,Simples,Reta,Não,2,0,0,1,0,1,1,1,"-19,382331","-42,467056",SPRF-MG,DEL06-MG,UOP01-DEL06-MG
363747.0,2021-06-12,sábado,19:40:00,MG,116.0,704,MURIAE,Transitar na contramão,Colisão frontal,Com Vítimas Feridas,Plena Noite,Decrescente,Nublado,Simples,Interseção de vias,Sim,3,0,2,0,1,0,2,2,"-21,1224862","-42,37991463",SPRF-MG,DEL07-MG,UOP02-DEL07-MG
363757.0,2021-06-12,sábado,19:20:00,MG,381.0,"547,6",RIO MANSO,Demais falhas mecânicas ou elétricas,Incêndio,Sem Vítimas,Plena Noite,Decrescente,Nublado,Dupla,Curva,Não,1,0,0,0,1,0,0,1,"-20,283318","-44,42984",SPRF-MG,DEL04-MG,UOP03-DEL04-MG
363764.0,2021-06-12,sábado,17:50:00,MG,116.0,"76,2",MEDINA,Velocidade Incompatível,Colisão lateral sentido oposto,Com Vítimas Feridas,Anoitecer,Decrescente,Nublado,Simples,Curva,Não,2,0,0,1,1,0,1,2,"-16,25247313","-41,47027228",SPRF-MG,DEL11-MG,UOP02-DEL11-MG
363777.0,2021-06-12,sábado,20:20:00,MG,381.0,454,SABARA,Velocidade Incompatível,Colisão traseira,Com Vítimas Feridas,Plena Noite,Crescente,Céu Claro,Simples,Reta,Sim,2,0,2,0,0,0,2,2,"-19,85593827","-43,89662047",SPRF-MG,DEL01-MG,UOP01-DEL01-MG
363781.0,2021-06-12,sábado,21:35:00,MG,262.0,"775,3",UBERABA,Ausência de reação do condutor,Saída de leito carroçável,Sem Vítimas,Plena Noite,Crescente,Céu Claro,Simples,Reta,Não,1,0,0,0,1,0,0,1,"-19,72796894","-47,71860704",SPRF-MG,DEL13-MG,UOP01-DEL13-MG
363792.0,2021-06-12,sábado,22:50:00,MG,381.0,"828,1",SAO SEBASTIAO DA BELA VISTA,Acessar a via sem observar a presença dos outros veículos,Colisão traseira,Sem Vítimas,Plena Noite,Crescente,Céu Claro,Dupla,Reta,Não,2,0,0,0,2,0,0,2,"-22,12802668","-45,80183626",SPRF-MG,DEL16-MG,UOP01-DEL16-MG
363796.0,2021-06-12,sábado,21:00:00,MG,365.0,744,ITUIUTABA,Condutor Dormindo,Saída de leito carroçável,Com Vítimas Feridas,Plena Noite,Decrescente,Céu Claro,Simples,Reta,Não,1,0,1,0,0,0,1,1,"-18,91745432","-49,41063799",SPRF-MG,DEL15-MG,UOP03-DEL15-MG
363797.0,2021-06-12,sábado,23:30:00,MG,50.0,65,UBERLANDIA,Velocidade Incompatível,Colisão traseira,Com Vítimas Feridas,Plena Noite,Decrescente,Céu Claro,Dupla,Desvio Temporário,Não,6,0,2,0,3,1,2,2,"-18,85140204","-48,25345932",SPRF-MG,DEL15-MG,UOP02-DEL15-MG
363806.0,2021-06-13,domingo,01:00:00,MG,381.0,510,SAO JOAQUIM DE BICAS,Animais na Pista,Atropelamento de Animal,Com Vítimas Feridas,Plena Noite,Crescente,Céu Claro,Dupla,Reta,Sim,1,0,1,0,0,0,1,1,"-20,07738209","-44,30434488",SPRF-MG,DEL01-MG,UOP03-DEL01-MG
363830.0,2021-06-13,domingo,00:50:00,MG,365.0,"90,9",JEQUITAI,Demais falhas mecânicas ou elétricas,Colisão com objeto,Com Vítimas Fatais,Plena Noite,Crescente,Céu Claro,Simples,Reta,Não,1,1,0,0,0,0,0,1,"-17,2046899","-44,44052917",SPRF-MG,DEL12-MG,UOP01-DEL12-MG
363851.0,2021-06-13,domingo,06:40:00,MG,381.0,"666,6",PERDOES,Objeto estático sobre o leito carroçável,Colisão com objeto,Sem Vítimas,Amanhecer,Decrescente,Céu Claro,Dupla,Curva,Não,3,0,0,0,3,0,0,1,"-21,053023","-45,011139",SPRF-MG,DEL04-MG,UOP02-DEL04-MG
363857.0,2021-06-13,domingo,09:00:00,MG,40.0,"547,5",NOVA LIMA,Velocidade Incompatível,Queda de ocupante de veículo,Com Vítimas Feridas,Pleno dia,Decrescente,Céu Claro,Dupla,Desvio Temporário,Sim,1,0,0,1,0,0,1,1,"-20,02252424","-43,97026042",SPRF-MG,DEL01-MG,UOP02-DEL01-MG
363858.0,2021-06-13,domingo,08:20:00,MG,50.0,114,UBERABA,Avarias e/ou desgaste excessivo no pneu,Saída de leito carroçável,Sem Vítimas,Pleno dia,Decrescente,Céu Claro,Dupla,Curva,Não,1,0,0,0,1,0,0,1,"-19,25772707","-48,13205017",SPRF-MG,DEL13-MG,UOP01-DEL13-MG
363868.0,2021-06-13,domingo,10:35:00,MG,381.0,499,BETIM,Velocidade Incompatível,Colisão traseira,Com Vítimas Feridas,Pleno dia,Crescente,Sol,Dupla,Reta,Sim,3,0,1,0,2,0,1,2,"-20,01792651","-44,2261448",SPRF-MG,DEL01-MG,UOP03-DEL01-MG
363886.0,2021-06-13,domingo,12:00:00,MG,146.0,"515,5",POCOS DE CALDAS,Velocidade Incompatível,Saída de leito carroçável,Com Vítimas Feridas,Pleno dia,Crescente,Céu Claro,Simples,Curva,Não,2,0,1,0,1,0,1,1,"-21,80285819","-46,45362854",SPRF-MG,DEL09-MG,UOP01-DEL09-MG
363888.0,2021-06-13,domingo,12:30:00,MG,40.0,552,NOVA LIMA,Ausência de reação do condutor,Colisão traseira,Com Vítimas Feridas,Pleno dia,Crescente,Céu Claro,Múltipla,Reta,Sim,3,0,2,0,1,0,2,2,"-20,06084086","-43,97716423",SPRF-MG,DEL01-MG,UOP02-DEL01-MG
363901.0,2021-06-13,domingo,13:50:00,MG,50.0,178,UBERABA,Ingestão de álcool pelo condutor,Saída de leito carroçável,Com Vítimas Feridas,Pleno dia,Decrescente,Céu Claro,Dupla,Não Informado,Sim,1,0,0,1,0,0,1,1,"-19,77896821","-47,94093599",SPRF-MG,DEL13-MG,UOP01-DEL13-MG
363909.0,2021-06-13,domingo,14:00:00,MG,365.0,123,VARZEA DA PALMA,Ingestão de álcool pelo condutor,Queda de ocupante de veículo,Com Vítimas Feridas,Pleno dia,Decrescente,Sol,Simples,Reta,Não,2,0,1,0,0,1,1,1,"-17,13931542","-44,71322907",SPRF-MG,DEL12-MG,UOP01-DEL12-MG
363920.0,2021-06-13,domingo,16:15:00,MG,381.0,"500,2",BETIM,Condutor deixou de manter distância do veículo da frente,Colisão traseira,Com Vítimas Feridas,Pleno dia,Decrescente,Céu Claro,Múltipla,Reta,Sim,3,0,2,0,1,0,2,2,"-20,0251349349","-44,231127091",SPRF-MG,DEL01-MG,UOP03-DEL01-MG
363930.0,2021-06-13,domingo,16:25:00,MG,381.0,"943,5",EXTREMA,Ingestão de álcool pelo condutor,Capotamento,Com Vítimas Feridas,Pleno dia,Decrescente,Céu Claro,Dupla,Não Informado,Não,2,0,2,0,0,0,2,1,"-22,8416129","-46,32962465",SPRF-MG,DEL16-MG,UOP03-DEL16-MG
363938.0,2021-02-13,sábado,23:40:00,MG,40.0,"520,5",CONTAGEM,Velocidade Incompatível,Saída de leito carroçável,Com Vítimas Feridas,Plena Noite,Decrescente,Chuva,Dupla,Reta,Não,3,0,1,1,1,0,2,2,"-19,84761911","-44,07276144",SPRF-MG,DEL01-MG,UOP02-DEL01-MG
363957.0,2021-06-13,domingo,19:00:00,MG,262.0,368,JUATUBA,Reação tardia ou ineficiente do condutor,Capotamento,Com Vítimas Feridas,Plena Noite,Crescente,Céu Claro,Dupla,Reta,Sim,1,0,1,0,0,0,1,1,"-19,97076739","-44,33120728",SPRF-MG,DEL01-MG,UOP03-DEL01-MG
363958.0,2021-06-13,domingo,19:05:00,MG,365.0,626,UBERLANDIA,Afundamento ou ondulação no pavimento,Tombamento,Com Vítimas Feridas,Plena Noite,Crescente,Céu Claro,Dupla,Não Informado,Sim,3,0,2,0,0,1,2,1,"-18,90575869","-48,32066059",SPRF-MG,DEL15-MG,UOP01-DEL15-MG
363960.0,2021-06-13,domingo,19:00:00,MG,116.0,766,LEOPOLDINA,Animais na Pista,Atropelamento de Animal,Com Vítimas Feridas,Plena Noite,Decrescente,Céu Claro,Simples,Reta,Sim,2,0,2,0,0,0,2,1,"-21,5258358","-42,65221249",SPRF-MG,DEL07-MG,UOP01-DEL07-MG