id,data_inversa,dia_semana,horario,uf,br,km,municipio,causa_acidente,tipo_acidente,classificacao_acidente,fase_dia,sentido_via,condicao_metereologica,tipo_pista,tracado_via,uso_solo,pessoas,mortos,feridos_leves,feridos_graves,ilesos,ignorados,feridos,veiculos,latitude,longitude,regional,delegacia,uop
363967.0,2021-06-13,domingo,19:30:00,MG,381.0,490,BETIM,Ausência de reação do condutor,Colisão com objeto,Com Vítimas Feridas,Plena Noite,Crescente,Céu Claro,Múltipla,Reta,Sim,1,0,0,1,0,0,1,1,"-19,96502819","-44,17422195",SPRF-MG,DEL01-MG,UOP03-DEL01-MG
363990.0,2021-06-13,domingo,19:00:00,MG,50.0,39,ARAGUARI,Ingestão de álcool pelo condutor,Colisão com objeto,Sem Vítimas,Plena Noite,Decrescente,Céu Claro,Dupla,Reta,Sim,1,0,0,0,1,0,0,1,"-18,66572148","-48,17174435",SPRF-MG,DEL15-MG,UOP02-DEL15-MG
364002.0,2021-06-13,domingo,18:50:00,MG,40.0,614,CONGONHAS,Pedestre andava na pista,Atropelamento de Pedestre,Com Vítimas Feridas,Plena Noite,Decrescente,Nublado,Simples,Curva,Sim,2,0,0,1,0,1,1,1,"-20,52977973","-43,82351464",SPRF-MG,DEL05-MG,UOP02-DEL05-MG
364010.0,2021-06-13,domingo,22:00:00,MG,381.0,"489,1",BETIM,Velocidade Incompatível,Saída de leito carroçável,Com Vítimas Feridas,Plena Noite,Crescente,Céu Claro,Múltipla,Não Informado,Sim,1,0,1,0,0,0,1,1,"-19,9561958","-44,13482666",SPRF-MG,DEL01-MG,UOP03-DEL01-MG
364024.0,2021-06-13,domingo,19:30:00,MG,40.0,"336,5",FELIXLANDIA,Reação tardia ou ineficiente do condutor,Saída de leito carroçável,Com Vítimas Feridas,Plena Noite,Decrescente,Céu Claro,Simples,Reta,Não,1,0,1,0,0,0,1,1,"-18,62463711","-45,00568645",SPRF-MG,DEL14-MG,UOP02-DEL14-MG
364044.0,2021-06-13,domingo,23:00:00,MG,40.0,"507,4",RIBEIRAO DAS NEVES,Ausência de reação do condutor,Colisão traseira,Com Vítimas Feridas,Plena Noite,Crescente,Céu Claro,Múltipla,Interseção de vias,Sim,3,0,1,1,1,0,2,2,"-19,75431705","-44,14152606",SPRF-MG,DEL02-MG,UOP01-DEL02-MG
364059.0,2021-06-14,segunda-feira,02:46:00,MG,50.0,5,ARAGUARI,Obras na pista,Colisão com objeto,Com Vítimas Feridas,Plena Noite,Crescente,Céu Claro,Dupla,Reta,Não,3,0,2,0,1,0,2,1,"-18,46213663","-48,0493927",SPRF-MG,DEL15-MG,UOP02-DEL15-MG
364060.0,2021-06-14,segunda-feira,05:30:00,MG,40.0,458,SETE LAGOAS,Velocidade Incompatível,Saída de leito carroçável,Sem Vítimas,Amanhecer,Decrescente,Céu Claro,Dupla,Não Informado,Não,1,0,0,0,0,1,0,1,"-19,380294","-44,33825395",SPRF-MG,DEL02-MG,UOP01-DEL02-MG
364063.0,2021-06-14,segunda-feira,04:00:00,MG,40.0,446,PARAOPEBA,Demais falhas mecânicas ou elétricas,Tombamento,Com Vítimas Feridas,Plena Noite,Decrescente,Céu Claro,Dupla,Reta,Sim,1,0,1,0,0,0,1,1,"-19,28815","-44,392",SPRF-MG,DEL02-MG,UOP01-DEL02-MG
364080.0,2021-06-14,segunda-feira,06:30:00,MG,354.0,"704,3",CAXAMBU,Neblina,Saída de leito carroçável,Com Vítimas Feridas,Amanhecer,Crescente,Nevoeiro/Neblina,Simples,Curva,Sim,1,0,0,1,0,0,1,1,"-21,98404081","-44,92444142",SPRF-MG,DEL17-MG,UOP01-DEL17-MG
364092.0,2021-06-14,segunda-feira,08:20:00,MG,262.0,437,NOVA SERRANA,Acessar a via sem observar a presença dos outros veículos,Colisão traseira,Com Vítimas Feridas,Pleno dia,Crescente,Céu Claro,Dupla,Reta,Não,3,0,1,0,2,0,1,2,"-19,89622194","-44,86972815",SPRF-MG,DEL08-MG,UOP03-DEL08-MG
364108.0,2021-06-14,segunda-feira,09:40:00,MG,40.0,"448,5",PARAOPEBA,Acumulo de areia ou detritos sobre o pavimento,Saída de leito carroçável,Com Vítimas Feridas,Pleno dia,Decrescente,Céu Claro,Dupla,Reta,Não,3,0,2,1,0,0,3,1,"-19,301651","-44,377922",SPRF-MG,DEL02-MG,UOP01-DEL02-MG
364110.0,2021-06-14,segunda-feira,08:15:00,MG,40.0,"544,7",BELO HORIZONTE,Entrada inopinada do pedestre,Atropelamento de Pedestre,Com Vítimas Feridas,Pleno dia,Crescente,Céu Claro,Dupla,Reta,Sim,2,0,1,0,1,0,1,1,"-19,99848032","-43,96256558",SPRF-MG,DEL01-MG,UOP02-DEL01-MG
364125.0,2021-06-14,segunda-feira,05:50:00,MG,365.0,252,BURITIZEIRO,Conversão proibida,Colisão transversal,Com Vítimas Feridas,Pleno dia,Crescente,Céu Claro,Simples,Reta,Não,3,0,1,0,2,0,1,2,"-17,84423813","-45,45869087",SPRF-MG,DEL14-MG,UOP02-DEL14-MG
364128.0,2021-06-14,segunda-feira,10:30:00,MG,40.0,572,ITABIRITO,Manobra de mudança de faixa,Colisão frontal,Com Vítimas Feridas,Pleno dia,Crescente,Céu Claro,Simples,Reta,Não,6,0,0,3,3,0,3,4,"-20,23058501","-43,96905104",SPRF-MG,DEL01-MG,UOP02-DEL01-MG
364132.0,2021-03-22,segunda-feira,18:00:00,MG,381.0,275,TIMOTEO,Reação tardia ou ineficiente do condutor,Saída de leito carroçável,Com Vítimas Feridas,Anoitecer,Crescente,Céu Claro,Simples,Curva,Não,2,0,0,2,0,0,2,1,"-19,58019666","-42,72533823",SPRF-MG,DEL03-MG,UOP02-DEL03-MG
364147.0,2021-04-06,terça-feira,06:30:00,MG,381.0,486,BETIM,Trafegar com motocicleta (ou similar) entre as faixas,Colisão traseira,Com Vítimas Feridas,Pleno dia,Decrescente,Céu Claro,Dupla,Não Informado,Sim,3,0,2,0,1,0,2,2,"-19,95648825","-44,10341263",SPRF-MG,DEL01-MG,UOP03-DEL01-MG
364152.0,2021-06-14,segunda-feira,12:50:00,MG,381.0,"859,5",POUSO ALEGRE,Ausência de reação do condutor,Saída de leito carroçável,Com Vítimas Feridas,Pleno dia,Crescente,Sol,Dupla,Reta,Não,1,0,0,1,0,0,1,1,"-22,35094091","-45,92749223",SPRF-MG,DEL16-MG,UOP01-DEL16-MG
364161.0,2021-06-14,segunda-feira,10:30:00,MG,262.0,589,CAMPOS ALTOS,Velocidade Incompatível,Saída de leito carroçável,Com Vítimas Feridas,Pleno dia,Decrescente,Céu Claro,Simples,Reta,Não,1,0,1,0,0,0,1,1,"-19,65792178","-46,126369",SPRF-MG,DEL08-MG,UOP02-DEL08-MG
364176.0,2021-06-14,segunda-feira,15:00:00,MG,381.0,498,BETIM,Acessar a via sem observar a presença dos outros veículos,Colisão lateral mesmo sentido,Com Vítimas Feridas,Pleno dia,Decrescente,Sol,Dupla,Reta,Sim,2,0,1,0,1,0,1,2,"-20,01172662","-44,21976041",SPRF-MG,DEL01-MG,UOP03-DEL01-MG
364201.0,2021-06-14,segunda-feira,17:30:00,MG,116.0,"565,9",MANHUACU,Condutor Dormindo,Colisão com objeto,Com Vítimas Feridas,Anoitecer,Crescente,Céu Claro,Simples,Curva,Não,1,0,0,1,0,0,1,1,"-20,06874641","-42,17752394",SPRF-MG,DEL06-MG,UOP04-DEL06-MG
364237.0,2021-05-14,sexta-feira,21:00:00,MG,40.0,555,NOVA LIMA,Demais falhas mecânicas ou elétricas,Saída de leito carroçável,Com Vítimas Feridas,Plena Noite,Decrescente,Céu Claro,Dupla,Reta,Sim,1,0,1,0,0,0,1,1,"-20,09181319","-43,97612572",SPRF-MG,DEL01-MG,UOP02-DEL01-MG
364246.0,2021-06-14,segunda-feira,19:50:00,MG,50.0,"178,9",UBERABA,Ausência de reação do condutor,Colisão com objeto,Sem Vítimas,Plena Noite,Decrescente,Céu Claro,Dupla,Túnel,Sim,1,0,0,0,0,1,0,1,"-19,778299","-47,93199",SPRF-MG,DEL13-MG,UOP01-DEL13-MG
364251.0,2021-06-14,segunda-feira,20:25:00,MG,50.0,"90,9",UBERLANDIA,Velocidade Incompatível,Saída de leito carroçável,Com Vítimas Feridas,Plena Noite,Crescente,Céu Claro,Dupla,Reta,Não,1,0,1,0,0,0,1,1,"-19,04871805","-48,19677417",SPRF-MG,DEL15-MG,UOP01-DEL15-MG
364276.0,2021-06-15,terça-feira,05:05:00,MG,381.0,494,BETIM,Reação tardia ou ineficiente do condutor,Colisão traseira,Com Vítimas Feridas,Amanhecer,Decrescente,Céu Claro,Dupla,Reta,Sim,2,0,1,0,1,0,1,2,"-19,98890883","-44,20522016",SPRF-MG,DEL01-MG,UOP03-DEL01-MG
364281.0,2021-06-15,terça-feira,07:00:00,MG,40.0,522,CONTAGEM,Velocidade Incompatível,Queda de ocupante de veículo,Com Vítimas Feridas,Pleno dia,Crescente,Céu Claro,Dupla,Reta,Sim,2,0,1,0,1,0,1,2,"-19,8638731","-44,06749809",SPRF-MG,DEL01-MG,UOP02-DEL01-MG
364288.0,2021-06-15,terça-feira,06:50:00,MG,251.0,"381,6",GRAO MOGOL,Condutor Dormindo,Colisão com objeto,Com Vítimas Feridas,Pleno dia,Crescente,Céu Claro,Simples,Reta,Não,5,0,3,1,1,0,4,1,"-16,29386277","-42,78356689",SPRF-MG,DEL12-MG,UOP01-DEL12-MG
364324.0,2021-06-15,terça-feira,10:30:00,MG,381.0,"480,8",CONTAGEM,Condutor deixou de manter distância do veículo da frente,Colisão traseira,Com Vítimas Feridas,Pleno dia,Crescente,Céu Claro,Dupla,Reta,Sim,4,0,0,1,2,1,1,3,"-19,95749597","-44,07899901",SPRF-MG,DEL01-MG,UOP03-DEL01-MG
364332.0,2021-06-15,terça-feira,11:20:00,MG,116.0,"277,7",TEOFILO OTONI,Condutor deixou de manter distância do veículo da frente,Colisão traseira,Com Vítimas Feridas,Pleno dia,Crescente,Nublado,Múltipla,Reta,Sim,2,0,1,0,0,1,1,2,"-17,859945","-41,515144",SPRF-MG,DEL11-MG,UOP01-DEL11-MG
364334.0,2021-06-15,terça-feira,11:30:00,MG,116.0,"276,6",TEOFILO OTONI,Ausência de reação do condutor,Atropelamento de Pedestre,Com Vítimas Feridas,Pleno dia,Crescente,Nublado,Múltipla,Reta,Sim,2,0,2,0,0,0,2,1,"-17,855798","-41,514574",SPRF-MG,DEL11-MG,UOP01-DEL11-MG
364397.0,2021-06-15,terça-feira,18:15:00,MG,381.0,268,TIMOTEO,Transitar no acostamento,Eventos atípicos,Com Vítimas Fatais,Plena Noite,Decrescente,Céu Claro,Simples,Reta,Sim,3,1,0,0,0,2,0,2,"-19,53877668","-42,68374715",SPRF-MG,DEL03-MG,UOP02-DEL03-MG
364398.0,2021-06-15,terça-feira,18:05:00,MG,381.0,316,ANTONIO DIAS,Animais na Pista,Atropelamento de Animal,Com Vítimas Feridas,Anoitecer,Crescente,Céu Claro,Simples,Curva,Não,1,0,1,0,0,0,1,1,"-19,69896406","-42,99486928",SPRF-MG,DEL03-MG,UOP02-DEL03-MG
364421.0,2021-06-15,terça-feira,17:00:00,MG,262.0,"757,9",SACRAMENTO,Ingestão de álcool pelo condutor,Colisão traseira,Sem Vítimas,Pleno dia,Crescente,Céu Claro,Simples,Reta,Não,3,0,0,0,3,0,0,2,"-19,65905332","-47,5734149",SPRF-MG,DEL13-MG,UOP01-DEL13-MG
364448.0,2021-06-15,terça-feira,19:00:00,MG,262.0,810,UBERABA,Transitar na contramão,Colisão lateral sentido oposto,Com Vítimas Feridas,Plena Noite,Crescente,Céu Claro,Dupla,Reta,Sim,2,0,1,0,1,0,1,2,"-19,76051836","-48,04440502",SPRF-MG,DEL13-MG,UOP01-DEL13-MG
364467.0,2021-06-16,quarta-feira,06:50:00,MG,40.0,"528,2",CONTAGEM,Ausência de reação do condutor,Colisão lateral mesmo sentido,Com Vítimas Feridas,Pleno dia,Crescente,Céu Claro,Dupla,Não Informado,Sim,3,0,2,0,0,1,2,2,"-19,90883179","-44,04436577",SPRF-MG,DEL01-MG,UOP02-DEL01-MG
364473.0,2021-06-16,quarta-feira,06:15:00,MG,262.0,400,PARA DE MINAS,Acessar a via sem observar a presença dos outros veículos,Colisão transversal,Com Vítimas Feridas,Pleno dia,Crescente,Céu Claro,Dupla,Não Informado,Sim,2,0,1,0,1,0,1,2,"-19,90293517","-44,54364505",SPRF-MG,DEL01-MG,UOP03-DEL01-MG
364479.0,2021-06-16,quarta-feira,07:45:00,MG,262.0,"45,5",MANHUACU,Reação tardia ou ineficiente do condutor,Colisão lateral mesmo sentido,Com Vítimas Feridas,Pleno dia,Decrescente,Sol,Simples,Desvio Temporário,Não,2,0,0,1,1,0,1,2,"-20,26145201","-42,09686296",SPRF-MG,DEL06-MG,UOP04-DEL06-MG
364480.0,2021-06-16,quarta-feira,07:30:00,MG,116.0,"758,3",LEOPOLDINA,Manobra de mudança de faixa,Colisão transversal,Com Vítimas Feridas,Amanhecer,Crescente,Céu Claro,Simples,Reta,Não,3,0,2,0,1,0,2,2,"-21,50243487","-42,60067703",SPRF-MG,DEL07-MG,UOP01-DEL07-MG
364490.0,2021-06-16,quarta-feira,10:30:00,MG,116.0,"276,6",TEOFILO OTONI,Pedestre cruzava a pista fora da faixa,Atropelamento de Pedestre,Com Vítimas Feridas,Pleno dia,Crescente,Céu Claro,Simples,Reta,Não,2,0,0,1,1,0,1,1,"-17,859945","-41,515144",SPRF-MG,DEL11-MG,UOP01-DEL11-MG
364497.0,2021-06-16,quarta-feira,10:00:00,MG,50.0,"24,5",ARAGUARI,Reação tardia ou ineficiente do condutor,Tombamento,Com Vítimas Feridas,Pleno dia,Crescente,Sol,Dupla,Não Informado,Não,1,0,1,0,0,0,1,1,"-18,61024882","-48,06820499",SPRF-MG,DEL15-MG,UOP02-DEL15-MG
364523.0,2021-06-16,quarta-feira,14:30:00,MG,116.0,"286,6",TEOFILO OTONI,Velocidade Incompatível,Colisão traseira,Com Vítimas Feridas,Pleno dia,Crescente,Céu Claro,Simples,Reta,Não,2,0,1,1,0,0,2,2,"-17,93577075","-41,52783055",SPRF-MG,DEL11-MG,UOP01-DEL11-MG
364529.0,2021-06-16,quarta-feira,14:50:00,MG,40.0,"375,8",FELIXLANDIA,Transitar na contramão,Colisão frontal,Com Vítimas Feridas,Pleno dia,Crescente,Céu Claro,Simples,Ponte,Não,4,0,2,0,1,1,2,2,"-18,85512261","-44,75263596",SPRF-MG,DEL02-MG,UOP01-DEL02-MG
364532.0,2021-06-16,quarta-feira,17:40:00,MG,40.0,136,JOAO PINHEIRO,Manobra de mudança de faixa,Colisão lateral mesmo sentido,Com Vítimas Feridas,Anoitecer,Crescente,Céu Claro,Simples,Reta,Não,2,0,1,0,1,0,1,2,"-17,7219829","-46,23179198",SPRF-MG,DEL14-MG,UOP01-DEL14-MG
364561.0,2021-06-16,quarta-feira,18:25:00,MG,116.0,"491,5",INHAPIM,Ingestão de álcool e/ou substâncias psicoativas pelo pedestre,Capotamento,Com Vítimas Feridas,Plena Noite,Crescente,Céu Claro,Simples,Não Informado,Não,5,0,1,0,4,0,1,1,"-19,48334","-42,12988723",SPRF-MG,DEL06-MG,UOP02-DEL06-MG
364586.0,2021-06-17,quinta-feira,01:03:00,MG,153.0,239,FRONTEIRA,Pedestre andava na pista,Atropelamento de Pedestre,Com Vítimas Fatais,Plena Noite,Decrescente,Céu Claro,Simples,Reta,Não,2,1,0,0,0,1,0,1,"-20,29847332","-49,20614844",SPRF-MG,DEL13-MG,UOP02-DEL13-MG
364601.0,2021-06-17,quinta-feira,05:35:00,MG,40.0,431,PARAOPEBA,Neblina,Colisão traseira,Com Vítimas Feridas,Amanhecer,Crescente,Nevoeiro/Neblina,Dupla,Reta,Não,2,0,0,1,1,0,1,2,"-19,19728375","-44,47966179",SPRF-MG,DEL02-MG,UOP01-DEL02-MG
364609.0,2021-06-16,quarta-feira,23:30:00,MG,381.0,"713,3",CARMO DA CACHOEIRA,Velocidade Incompatível,Tombamento,Sem Vítimas,Plena Noite,Crescente,Céu Claro,Dupla,Curva,Não,2,0,0,0,2,0,0,1,"-21,40375992","-45,21090213",SPRF-MG,DEL04-MG,UOP02-DEL04-MG
364617.0,2021-06-17,quinta-feira,08:00:00,MG,381.0,361,JOAO MONLEVADE,Acessar a via sem observar a presença dos outros veículos,Colisão transversal,Com Vítimas Feridas,Pleno dia,Decrescente,Céu Claro,Simples,Não Informado,Sim,2,0,1,0,1,0,1,2,"-19,85881293","-43,234108",SPRF-MG,DEL03-MG,UOP01-DEL03-MG
364641.0,2021-06-17,quinta-feira,10:25:00,MG,40.0,"718,2",BARBACENA,Velocidade Incompatível,Colisão com objeto,Com Vítimas Feridas,Pleno dia,Decrescente,Céu Claro,Dupla,Curva,Não,1,0,1,0,0,0,1,1,"-21,28875643","-43,64192247",SPRF-MG,DEL05-MG,UOP01-DEL05-MG
364666.0,2021-02-08,segunda-feira,15:20:00,MG,365.0,615,UBERLANDIA,Ausência de reação do condutor,Colisão traseira,Com Vítimas Feridas,Pleno dia,Decrescente,Céu Claro,Simples,Curva,Sim,2,0,0,1,1,0,1,2,"-18,90965167","-48,22447842",SPRF-MG,DEL15-MG,UOP01-DEL15-MG
364670.0,2021-06-01,terça-feira,16:40:00,MG,116.0,"531,5",CARATINGA,Velocidade Incompatível,Colisão traseira,Com Vítimas Feridas,Pleno dia,Decrescente,Nublado,Simples,Reta,Não,3,0,3,0,0,0,3,2,"-19,81937899","-42,13692704",SPRF-MG,DEL06-MG,UOP02-DEL06-MG
364678.0,2021-06-17,quinta-feira,12:30:00,MG,40.0,524,CONTAGEM,Ingestão de álcool pelo condutor,Colisão com objeto,Sem Vítimas,Pleno dia,Decrescente,Céu Claro,Dupla,Curva,Sim,1,0,0,0,1,0,0,1,"-19,877964","-44,051661",SPRF-MG,DEL01-MG,UOP02-DEL01-MG
364688.0,2021-06-17,quinta-feira,15:00:00,MG,116.0,"527,8",CARATINGA,Mal súbito do condutor,Queda de ocupante de veículo,Com Vítimas Feridas,Pleno dia,Decrescente,Céu Claro,Dupla,Retorno Regulamentado,Não,1,0,1,0,0,0,1,1,"-19,78510701","-42,13445297",SPRF-MG,DEL06-MG,UOP02-DEL06-MG
364700.0,2021-06-17,quinta-feira,17:20:00,MG,381.0,509,SAO JOAQUIM DE BICAS,Demais falhas mecânicas ou elétricas,Queda de ocupante de veículo,Com Vítimas Feridas,Plena Noite,Crescente,Céu Claro,Múltipla,Reta,Sim,1,0,1,0,0,0,1,1,"-19,9965583","-44,2090462",SPRF-MG,DEL01-MG,UOP03-DEL01-MG
364710.0,2021-06-17,quinta-feira,18:05:00,MG,116.0,"704,1",MURIAE,Manobra de mudança de faixa,Colisão frontal,Com Vítimas Feridas,Anoitecer,Crescente,Céu Claro,Simples,Curva,Sim,3,0,1,1,1,0,2,3,"-21,12247525","-42,37990022",SPRF-MG,DEL07-MG,UOP02-DEL07-MG
364738.0,2021-06-13,domingo,15:20:00,MG,381.0,"367,9",SAO GONCALO DO RIO ABAIXO,Transitar na contramão,Tombamento,Com Vítimas Feridas,Pleno dia,Decrescente,Nublado,Simples,Curva,Não,1,0,0,1,0,0,1,1,"-19,84959351","-43,27455396",SPRF-MG,DEL03-MG,UOP01-DEL03-MG
364799.0,2021-06-18,sexta-feira,08:10:00,MG,262.0,"35,5",MANHUACU,Conversão proibida,Colisão lateral mesmo sentido,Com Vítimas Feridas,Pleno dia,Decrescente,Céu Claro,Simples,Curva,Sim,2,0,1,0,1,0,1,2,"-20,2592562","-42,01698194",SPRF-MG,DEL06-MG,UOP04-DEL06-MG
364809.0,2021-06-18,sexta-feira,09:30:00,MG,153.0,236,FRONTEIRA,Pista esburacada,Tombamento,Com Vítimas Feridas,Pleno dia,Crescente,Céu Claro,Simples,Reta,Não,1,0,0,1,0,0,1,1,"-20,27605808","-49,1901459",SPRF-MG,DEL13-MG,UOP02-DEL13-MG
364834.0,2021-06-18,sexta-feira,10:40:00,MG,40.0,519,CONTAGEM,Manobra de mudança de faixa,Capotamento,Com Vítimas Feridas,Pleno dia,Decrescente,Céu Claro,Dupla,Curva,Sim,1,0,1,0,0,0,1,1,"-19,83957589","-44,07684485",SPRF-MG,DEL01-MG,UOP02-DEL01-MG
364856.0,2021-06-18,sexta-feira,13:00:00,MG,381.0,446,SANTA LUZIA,Mal súbito do condutor,Saída de leito carroçável,Com Vítimas Feridas,Pleno dia,Crescente,Céu Claro,Simples,Curva,Não,1,0,1,0,0,0,1,1,"-19,81507943","-43,80892754",SPRF-MG,DEL01-MG,UOP01-DEL01-MG
364870.0,2021-06-18,sexta-feira,13:15:00,MG,116.0,"523,7",CARATINGA,Ausência de reação do condutor,Colisão traseira,Com Vítimas Feridas,Pleno dia,Decrescente,Céu Claro,Simples,Reta,Sim,2,0,1,0,1,0,1,2,"-19,75187896","-42,1326603",SPRF-MG,DEL06-MG,UOP02-DEL06-MG
364875.0,2021-06-18,sexta-feira,13:30:00,MG,40.0,509,RIBEIRAO DAS NEVES,Manobra de mudança de faixa,Colisão lateral mesmo sentido,Com Vítimas Feridas,Pleno dia,Decrescente,Céu Claro,Dupla,Reta,Não,2,0,1,0,1,0,1,2,"-19,76728744","-44,12855905",SPRF-MG,DEL01-MG,UOP02-DEL01-MG
364914.0,2021-06-18,sexta-feira,16:00:00,MG,50.0,176,UBERABA,Reação tardia ou ineficiente do condutor,Engavetamento,Com Vítimas Feridas,Pleno dia,Crescente,Céu Claro,Dupla,Reta,Sim,5,0,1,0,4,0,1,3,"-19,77919981","-47,960032",SPRF-MG,DEL13-MG,UOP01-DEL13-MG
364947.0,2021-06-18,sexta-feira,18:10:00,MG,40.0,546,NOVA LIMA,Manobra de mudança de faixa,Capotamento,Com Vítimas Feridas,Plena Noite,Decrescente,Céu Claro,Dupla,Reta,Sim,1,0,1,0,0,0,1,1,"-20,01444685","-43,96893823",SPRF-MG,DEL01-MG,UOP02-DEL01-MG
364950.0,2021-06-18,sexta-feira,18:00:00,MG,40.0,"38,8",PARACATU,Entrada inopinada do pedestre,Atropelamento de Pedestre,Com Vítimas Feridas,Anoitecer,Crescente,Céu Claro,Simples,Reta,Sim,5,0,0,1,4,0,1,1,"-17,21050388","-46,89942099",SPRF-MG,DEL14-MG,UOP01-DEL14-MG
364964.0,2021-06-18,sexta-feira,17:30:00,MG,116.0,"416,9",GOVERNADOR VALADARES,Velocidade Incompatível,Atropelamento de Pedestre,Com Vítimas Feridas,Anoitecer,Crescente,Céu Claro,Simples,Reta,Sim,2,0,0,1,0,1,1,1,"-18,89215187","-41,94699543",SPRF-MG,DEL06-MG,UOP01-DEL06-MG
364974.0,2021-06-18,sexta-feira,20:30:00,MG,381.0,381,SAO GONCALO DO RIO ABAIXO,Acessar a via sem observar a presença dos outros veículos,Colisão transversal,Com Vítimas Feridas,Plena Noite,Crescente,Céu Claro,Simples,Reta,Sim,5,0,3,1,1,0,4,2,"-19,83605254","-43,34690094",SPRF-MG,DEL01-MG,UOP01-DEL01-MG
364976.0,2021-06-18,sexta-feira,19:10:00,MG,381.0,479,BETIM,Ausência de reação do condutor,Tombamento,Com Vítimas Feridas,Plena Noite,Decrescente,Céu Claro,Dupla,Reta,Sim,1,0,0,1,0,0,1,1,"-19,95889605","-44,069202",SPRF-MG,DEL01-MG,UOP03-DEL01-MG
364994.0,2021-06-18,sexta-feira,22:30:00,MG,40.0,525,CONTAGEM,Velocidade Incompatível,Colisão traseira,Com Vítimas Feridas,Plena Noite,Decrescente,Céu Claro,Dupla,Reta,Sim,2,0,1,0,1,0,1,2,"-19,88361702","-44,05039336",SPRF-MG,DEL01-MG,UOP02-DEL01-MG
365000.0,2021-05-08,sábado,08:00:00,MG,262.0,33,MANHUACU,Desrespeitar a preferência no cruzamento,Colisão transversal,Com Vítimas Feridas,Pleno dia,Decrescente,Céu Claro,Simples,Reta,Não,2,0,0,1,1,0,1,2,"-20,25550548","-42,00465315",SPRF-MG,DEL06-MG,UOP04-DEL06-MG
365007.0,2021-06-18,sexta-feira,23:40:00,MG,381.0,327,NOVA ERA,Demais falhas mecânicas ou elétricas,Incêndio,Sem Vítimas,Plena Noite,Decrescente,Céu Claro,Dupla,Curva,Não,1,0,0,0,1,0,0,1,"-19,76723696","-43,04699067",SPRF-MG,DEL03-MG,UOP02-DEL03-MG
365013.0,2021-06-19,sábado,00:30:00,MG,381.0,761,TRES CORACOES,Ingestão de álcool pelo condutor,Saída de leito carroçável,Sem Vítimas,Plena Noite,Decrescente,Céu Claro,Dupla,Não Informado,Não,1,0,0,0,1,0,0,1,"-21,73238173","-45,38248249",SPRF-MG,DEL16-MG,UOP02-DEL16-MG
365039.0,2021-06-19,sábado,05:25:00,MG,381.0,485,BETIM,Velocidade Incompatível,Capotamento,Com Vítimas Feridas,Amanhecer,Crescente,Céu Claro,Múltipla,Curva,Sim,1,0,1,0,0,0,1,1,"-19,95659361","-44,12622893",SPRF-MG,DEL01-MG,UOP03-DEL01-MG
365054.0,2021-06-19,sábado,05:40:00,MG,381.0,627,OLIVEIRA,Mal súbito do condutor,Saída de leito carroçável,Com Vítimas Feridas,Amanhecer,Decrescente,Ignorado,Dupla,Curva,Não,1,0,1,0,0,0,1,1,"-20,84106606","-44,82613492",SPRF-MG,DEL04-MG,UOP01-DEL04-MG
365059.0,2021-06-19,sábado,08:50:00,MG,381.0,356,JOAO MONLEVADE,Ultrapassagem Indevida,Colisão transversal,Com Vítimas Feridas,Pleno dia,Decrescente,Céu Claro,Simples,Reta,Sim,2,0,1,0,1,0,1,2,"-19,84765404","-43,20566395",SPRF-MG,DEL03-MG,UOP01-DEL03-MG
365063.0,2021-06-19,sábado,06:45:00,MG,40.0,517,CONTAGEM,Ausência de reação do condutor,Colisão traseira,Com Vítimas Feridas,Pleno dia,Decrescente,Céu Claro,Dupla,Reta,Sim,2,0,0,1,1,0,1,2,"-19,82351202","-44,08438913",SPRF-MG,DEL01-MG,UOP02-DEL01-MG
365074.0,2021-06-19,sábado,09:20:00,MG,381.0,279,JAGUARACU,Avarias e/ou desgaste excessivo no pneu,Tombamento,Com Vítimas Feridas,Pleno dia,Crescente,Céu Claro,Simples,Reta,Sim,2,0,2,0,0,0,2,1,"-19,56555256","-42,71132469",SPRF-MG,DEL03-MG,UOP02-DEL03-MG
365111.0,2021-06-19,sábado,14:00:00,MG,365.0,628,UBERLANDIA,Pista Escorregadia,Tombamento,Com Vítimas Feridas,Pleno dia,Crescente,Sol,Simples,Não Informado,Sim,2,0,2,0,0,0,2,1,"-18,90599451","-48,33001841",SPRF-MG,DEL15-MG,UOP01-DEL15-MG
365127.0,2021-06-19,sábado,15:10:00,MG,262.0,"367,4",JUATUBA,Manobra de mudança de faixa,Tombamento,Com Vítimas Feridas,Pleno dia,Crescente,Céu Claro,Dupla,Reta,Não,2,0,2,0,0,0,2,1,"-19,97391261","-44,27096197",SPRF-MG,DEL01-MG,UOP03-DEL01-MG
365133.0,2021-06-19,sábado,15:30:00,MG,267.0,"145,6",LIMA DUARTE,Ultrapassagem Indevida,Colisão frontal,Sem Vítimas,Pleno dia,Decrescente,Céu Claro,Simples,Não Informado,Não,4,0,0,0,4,0,0,4,"-21,785962","-43,662427",SPRF-MG,DEL05-MG,UOP01-DEL05-MG
365166.0,2021-06-19,sábado,16:00:00,MG,116.0,"407,7",GOVERNADOR VALADARES,Acesso irregular,Colisão transversal,Com Vítimas Feridas,Pleno dia,Crescente,Céu Claro,Simples,Reta,Sim,2,0,1,0,0,1,1,2,"-18,835552","-41,98926799",SPRF-MG,DEL06-MG,UOP01-DEL06-MG