id,data_inversa,dia_semana,horario,uf,br,km,municipio,causa_acidente,tipo_acidente,classificacao_acidente,fase_dia,sentido_via,condicao_metereologica,tipo_pista,tracado_via,uso_solo,pessoas,mortos,feridos_leves,feridos_graves,ilesos,ignorados,feridos,veiculos,latitude,longitude,regional,delegacia,uop
365171.0,2021-06-19,sábado,18:20:00,MG,40.0,606,CONGONHAS,Reação tardia ou ineficiente do condutor,Colisão frontal,Com Vítimas Fatais,Plena Noite,Crescente,Céu Claro,Simples,Curva,Não,3,1,0,2,0,0,2,2,"-20,46834617","-43,84095284",SPRF-MG,DEL05-MG,UOP02-DEL05-MG
365179.0,2021-06-19,sábado,16:00:00,MG,116.0,"255,1",TEOFILO OTONI,Acessar a via sem observar a presença dos outros veículos,Colisão frontal,Com Vítimas Fatais,Pleno dia,Decrescente,Nublado,Simples,Interseção de vias,Não,2,1,0,0,1,0,0,2,"-17,68311","-41,48491",SPRF-MG,DEL11-MG,UOP01-DEL11-MG
365183.0,2021-06-19,sábado,18:00:00,MG,40.0,279,TRES MARIAS,Manobra de mudança de faixa,Colisão lateral sentido oposto,Com Vítimas Feridas,Anoitecer,Crescente,Céu Claro,Simples,Reta,Não,3,0,1,0,1,1,1,2,"-18,22833211","-45,2202001",SPRF-MG,DEL14-MG,UOP02-DEL14-MG
365184.0,2021-06-19,sábado,19:30:00,MG,116.0,"758,5",LEOPOLDINA,Objeto estático sobre o leito carroçável,Saída de leito carroçável,Com Vítimas Feridas,Plena Noite,Crescente,Nublado,Simples,Reta,Não,2,0,1,1,0,0,2,1,"-21,50243487","-42,60067703",SPRF-MG,DEL07-MG,UOP01-DEL07-MG
365241.0,2021-06-20,domingo,00:20:00,MG,262.0,"443,2",NOVA SERRANA,Velocidade Incompatível,Capotamento,Com Vítimas Feridas,Plena Noite,Crescente,Sol,Dupla,Reta,Sim,1,0,1,0,0,0,1,1,"-19,87097803","-44,97586012",SPRF-MG,DEL08-MG,UOP03-DEL08-MG
365243.0,2021-06-20,domingo,00:00:00,MG,116.0,74,MEDINA,Reação tardia ou ineficiente do condutor,Tombamento,Com Vítimas Feridas,Plena Noite,Decrescente,Garoa/Chuvisco,Simples,Reta,Não,1,0,0,1,0,0,1,1,"-16,23556","-41,47365",SPRF-MG,DEL11-MG,UOP02-DEL11-MG
365259.0,2021-06-20,domingo,02:50:00,MG,262.0,"59,2",MANHUACU,Animais na Pista,Atropelamento de Animal,Com Vítimas Feridas,Plena Noite,Crescente,Céu Claro,Simples,Reta,Não,1,0,1,0,0,0,1,1,"-20,28276197","-42,20329303",SPRF-MG,DEL06-MG,UOP04-DEL06-MG
365284.0,2021-05-30,domingo,17:30:00,MG,365.0,568,INDIANOPOLIS,Reação tardia ou ineficiente do condutor,Colisão lateral mesmo sentido,Com Vítimas Feridas,Anoitecer,Decrescente,Ignorado,Simples,Reta,Não,4,0,3,0,0,1,3,2,"-18,91011047","-47,87552923",SPRF-MG,DEL15-MG,UOP02-DEL15-MG
365285.0,2021-06-20,domingo,07:30:00,MG,40.0,"42,2",PARACATU,Acessar a via sem observar a presença dos outros veículos,Colisão transversal,Com Vítimas Feridas,Pleno dia,Crescente,Céu Claro,Simples,Não Informado,Sim,2,0,1,0,1,0,1,2,"-17,22222702","-46,86602354",SPRF-MG,DEL14-MG,UOP01-DEL14-MG
365291.0,2021-06-19,sábado,21:25:00,MG,381.0,499,BETIM,Demais falhas mecânicas ou elétricas,Incêndio,Sem Vítimas,Plena Noite,Decrescente,Céu Claro,Simples,Reta,Não,1,0,0,0,0,1,0,1,"-20,01792651","-44,2261448",SPRF-MG,DEL01-MG,UOP03-DEL01-MG
365301.0,2021-06-20,domingo,02:30:00,MG,116.0,"402,4",GOVERNADOR VALADARES,Frear bruscamente,Saída de leito carroçável,Com Vítimas Feridas,Plena Noite,Crescente,Céu Claro,Simples,Curva,Não,2,0,0,2,0,0,2,1,"-18,7960839","-41,98926144",SPRF-MG,DEL06-MG,UOP01-DEL06-MG
365311.0,2021-06-20,domingo,10:25:00,MG,381.0,"487,9",BETIM,Avarias e/ou desgaste excessivo no pneu,Tombamento,Com Vítimas Feridas,Pleno dia,Crescente,Céu Claro,Dupla,Curva,Sim,2,0,2,0,0,0,2,1,"-19,95586853","-44,14609501",SPRF-MG,DEL01-MG,UOP03-DEL01-MG
365327.0,2021-06-20,domingo,12:00:00,MG,262.0,363,JUATUBA,Condutor deixou de manter distância do veículo da frente,Colisão traseira,Com Vítimas Feridas,Pleno dia,Crescente,Céu Claro,Dupla,Não Informado,Sim,2,0,1,0,1,0,1,2,"-19,98332997","-44,23572401",SPRF-MG,DEL01-MG,UOP03-DEL01-MG
365336.0,2021-06-20,domingo,10:35:00,MG,116.0,"541,5",SANTA RITA DE MINAS,Condutor deixou de manter distância do veículo da frente,Colisão traseira,Com Vítimas Feridas,Pleno dia,Crescente,Céu Claro,Simples,Reta,Não,3,0,2,0,0,1,2,2,"-19,89438795","-42,13395072",SPRF-MG,DEL06-MG,UOP02-DEL06-MG
365342.0,2021-06-20,domingo,12:50:00,MG,267.0,"130,1",JUIZ DE FORA,Acumulo de areia ou detritos sobre o pavimento,Queda de ocupante de veículo,Com Vítimas Feridas,Pleno dia,Decrescente,Nublado,Simples,Curva,Não,1,0,1,0,0,0,1,1,"-21,75025131","-43,57819387",SPRF-MG,DEL05-MG,UOP01-DEL05-MG
365344.0,2021-06-20,domingo,13:10:00,MG,40.0,"805,8",MATIAS BARBOSA,Velocidade Incompatível,Colisão traseira,Com Vítimas Feridas,Pleno dia,Crescente,Céu Claro,Dupla,Não Informado,Não,3,0,1,0,1,1,1,2,"-21,86534291","-43,36765294",SPRF-MG,DEL05-MG,UOP01-DEL05-MG
365349.0,2021-06-20,domingo,14:40:00,MG,381.0,497,BETIM,Ausência de reação do condutor,Colisão lateral mesmo sentido,Sem Vítimas,Pleno dia,Crescente,Céu Claro,Dupla,Reta,Sim,2,0,0,0,2,0,0,2,"-20,00483625","-44,21367172",SPRF-MG,DEL01-MG,UOP03-DEL01-MG
365350.0,2021-06-20,domingo,15:10:00,MG,267.0,178,OLARIA,Condutor deixou de manter distância do veículo da frente,Colisão traseira,Sem Vítimas,Pleno dia,Crescente,Céu Claro,Simples,Reta,Não,2,0,0,0,2,0,0,2,"-21,87732794","-43,93694405",SPRF-MG,DEL05-MG,UOP01-DEL05-MG
365353.0,2021-06-20,domingo,05:00:00,MG,365.0,"7,6",MONTES CLAROS,Velocidade Incompatível,Saída de leito carroçável,Com Vítimas Feridas,Amanhecer,Decrescente,Ignorado,Simples,Curva,Não,1,0,0,1,0,0,1,1,"-16,82885665","-43,92602929",SPRF-MG,DEL12-MG,UOP01-DEL12-MG
365358.0,2021-06-20,domingo,15:30:00,MG,40.0,"671,1",CARANDAI,Manobra de mudança de faixa,Colisão com objeto,Com Vítimas Feridas,Pleno dia,Decrescente,Sol,Simples,Não Informado,Não,1,0,1,0,0,0,1,1,"-20,98352925","-43,78098349",SPRF-MG,DEL05-MG,UOP02-DEL05-MG
365368.0,2021-06-20,domingo,15:45:00,MG,381.0,391,BARAO DE COCAIS,Retorno proibido,Colisão lateral mesmo sentido,Com Vítimas Feridas,Pleno dia,Crescente,Céu Claro,Dupla,Reta,Sim,2,0,0,1,1,0,1,2,"-19,76956291","-43,45039195",SPRF-MG,DEL01-MG,UOP01-DEL01-MG
365370.0,2021-06-20,domingo,16:40:00,MG,40.0,"765,7",JUIZ DE FORA,Condutor Dormindo,Saída de leito carroçável,Com Vítimas Feridas,Pleno dia,Crescente,Céu Claro,Simples,Reta,Não,3,0,2,0,1,0,2,1,"-21,56418921","-43,4884611",SPRF-MG,DEL05-MG,UOP01-DEL05-MG
365390.0,2021-06-20,domingo,16:50:00,MG,262.0,479,BOM DESPACHO,Ausência de reação do condutor,Colisão traseira,Sem Vítimas,Pleno dia,Decrescente,Sol,Simples,Reta,Não,3,0,0,0,3,0,0,2,"-19,78628062","-45,23887303",SPRF-MG,DEL08-MG,UOP03-DEL08-MG
365408.0,2021-06-20,domingo,16:35:00,MG,116.0,"562,9",MANHUACU,Acessar a via sem observar a presença dos outros veículos,Colisão transversal,Com Vítimas Fatais,Pleno dia,Crescente,Céu Claro,Simples,Reta,Não,4,1,0,0,1,2,0,2,"-20,04682025","-42,17884094",SPRF-MG,DEL06-MG,UOP04-DEL06-MG
365432.0,2021-06-20,domingo,21:00:00,MG,40.0,"734,2",SANTOS DUMONT,Deficiência do Sistema de Iluminação/Sinalização,Colisão lateral mesmo sentido,Com Vítimas Feridas,Plena Noite,Decrescente,Nublado,Simples,Reta,Não,2,0,1,1,0,0,2,2,"-21,38296999","-43,57033542",SPRF-MG,DEL05-MG,UOP01-DEL05-MG
365438.0,2021-06-20,domingo,21:45:00,MG,50.0,146,UBERABA,Condutor Dormindo,Saída de leito carroçável,Com Vítimas Feridas,Plena Noite,Decrescente,Céu Claro,Dupla,Curva,Não,1,0,1,0,0,0,1,1,"-19,52881302","-48,03811615",SPRF-MG,DEL13-MG,UOP01-DEL13-MG
365460.0,2021-06-20,domingo,21:40:00,MG,381.0,235,BELO ORIENTE,Acostamento em desnível,Tombamento,Com Vítimas Feridas,Plena Noite,Decrescente,Céu Claro,Simples,Reta,Não,1,0,1,0,0,0,1,1,"-19,35985811","-42,43772995",SPRF-MG,DEL06-MG,UOP01-DEL06-MG
365468.0,2021-06-21,segunda-feira,01:00:00,MG,381.0,"922,1",CAMANDUCAIA,Ingestão de álcool pelo condutor,Saída de leito carroçável,Sem Vítimas,Plena Noite,Crescente,Céu Claro,Dupla,Reta,Não,1,0,0,0,0,1,0,1,"-22,76707833","-46,21789606",SPRF-MG,DEL16-MG,UOP03-DEL16-MG
365471.0,2021-06-21,segunda-feira,02:40:00,MG,40.0,511,RIBEIRAO DAS NEVES,Ausência de reação do condutor,Capotamento,Sem Vítimas,Plena Noite,Crescente,Céu Claro,Dupla,Reta,Não,1,0,0,0,0,1,0,1,"-19,77463885","-44,12321882",SPRF-MG,DEL01-MG,UOP02-DEL01-MG
365482.0,2021-06-21,segunda-feira,05:40:00,MG,116.0,"503,5",INHAPIM,Acostamento em desnível,Colisão com objeto,Com Vítimas Feridas,Amanhecer,Crescente,Nublado,Simples,Reta,Não,5,0,2,2,1,0,4,1,"-19,58559493","-42,11244886",SPRF-MG,DEL06-MG,UOP02-DEL06-MG
365514.0,2021-06-21,segunda-feira,06:50:00,MG,381.0,431,SABARA,Condutor deixou de manter distância do veículo da frente,Tombamento,Com Vítimas Feridas,Amanhecer,Crescente,Céu Claro,Simples,Não Informado,Não,1,0,1,0,0,0,1,1,"-19,78831547","-43,73175712",SPRF-MG,DEL01-MG,UOP01-DEL01-MG
365517.0,2021-06-21,segunda-feira,04:00:00,MG,381.0,263,CORONEL FABRICIANO,Condutor Dormindo,Saída de leito carroçável,Com Vítimas Feridas,Plena Noite,Crescente,Céu Claro,Simples,Curva,Não,3,0,2,0,1,0,2,1,"-19,52523097","-42,645528",SPRF-MG,DEL03-MG,UOP02-DEL03-MG
365549.0,2021-06-21,segunda-feira,12:20:00,MG,116.0,"771,5",LEOPOLDINA,Reação tardia ou ineficiente do condutor,Saída de leito carroçável,Com Vítimas Feridas,Pleno dia,Crescente,Sol,Simples,Curva,Não,2,0,2,0,0,0,2,1,"-21,55638202","-42,67583002",SPRF-MG,DEL07-MG,UOP01-DEL07-MG
365558.0,2021-06-21,segunda-feira,13:40:00,MG,40.0,522,CONTAGEM,Objeto estático sobre o leito carroçável,Queda de ocupante de veículo,Com Vítimas Feridas,Pleno dia,Crescente,Sol,Dupla,Curva,Sim,1,0,0,1,0,0,1,1,"-19,8638731","-44,06749809",SPRF-MG,DEL01-MG,UOP02-DEL01-MG
365578.0,2021-06-21,segunda-feira,12:50:00,MG,356.0,"267,3",MURIAE,Desrespeitar a preferência no cruzamento,Colisão transversal,Com Vítimas Feridas,Pleno dia,Decrescente,Céu Claro,Simples,Interseção de vias,Sim,2,0,0,1,1,0,1,2,"-21,12556863","-42,35313546",SPRF-MG,DEL07-MG,UOP02-DEL07-MG
365588.0,2021-06-21,segunda-feira,14:00:00,MG,262.0,772,UBERABA,Demais falhas mecânicas ou elétricas,Incêndio,Sem Vítimas,Pleno dia,Decrescente,Céu Claro,Simples,Reta,Não,1,0,0,0,1,0,0,1,"-19,70754792","-47,70151607",SPRF-MG,DEL13-MG,UOP01-DEL13-MG
365611.0,2021-06-21,segunda-feira,15:00:00,MG,50.0,128,UBERABA,Ausência de reação do condutor,Colisão traseira,Com Vítimas Feridas,Pleno dia,Decrescente,Céu Claro,Dupla,Reta,Não,2,0,0,1,0,1,1,2,"-19,35661694","-48,08567397",SPRF-MG,DEL13-MG,UOP01-DEL13-MG
365622.0,2021-06-21,segunda-feira,19:30:00,MG,50.0,45,ARAGUARI,Obras na pista,Tombamento,Com Vítimas Feridas,Plena Noite,Crescente,Céu Claro,Dupla,Não Informado,Não,1,0,1,0,0,0,1,1,"-18,71289097","-48,19662304",SPRF-MG,DEL15-MG,UOP02-DEL15-MG
365628.0,2021-06-21,segunda-feira,19:00:00,MG,116.0,"286,6",TEOFILO OTONI,Acessar a via sem observar a presença dos outros veículos,Colisão transversal,Sem Vítimas,Plena Noite,Crescente,Nublado,Simples,Reta,Não,2,0,0,0,2,0,0,2,"-17,93577075","-41,52783055",SPRF-MG,DEL11-MG,UOP01-DEL11-MG
365724.0,2021-06-22,terça-feira,10:00:00,MG,381.0,943,EXTREMA,Chuva,Capotamento,Com Vítimas Feridas,Pleno dia,Decrescente,Chuva,Dupla,Reta,Não,1,0,1,0,0,0,1,1,"-22,87018424","-46,3581479",SPRF-MG,DEL16-MG,UOP03-DEL16-MG
365741.0,2021-06-22,terça-feira,12:40:00,MG,40.0,"749,8",SANTOS DUMONT,Chuva,Tombamento,Sem Vítimas,Pleno dia,Crescente,Chuva,Simples,Reta,Não,3,0,0,0,3,0,0,1,"-21,447874","-43,55738803",SPRF-MG,DEL05-MG,UOP01-DEL05-MG
365755.0,2021-06-22,terça-feira,12:40:00,MG,116.0,"276,3",TEOFILO OTONI,Acessar a via sem observar a presença dos outros veículos,Tombamento,Com Vítimas Feridas,Pleno dia,Decrescente,Céu Claro,Simples,Curva,Sim,1,0,1,0,0,0,1,1,"-17,85105696","-41,51454492",SPRF-MG,DEL11-MG,UOP01-DEL11-MG
365757.0,2021-06-22,terça-feira,14:23:00,MG,381.0,"690,9",LAVRAS,Chuva,Queda de ocupante de veículo,Com Vítimas Feridas,Pleno dia,Decrescente,Chuva,Dupla,Reta,Não,1,0,1,0,0,0,1,1,"-21,23347701","-45,13482496",SPRF-MG,DEL04-MG,UOP02-DEL04-MG
365770.0,2021-05-17,segunda-feira,14:15:00,MG,365.0,614,UBERLANDIA,Conversão proibida,Colisão traseira,Com Vítimas Feridas,Pleno dia,Crescente,Sol,Simples,Não Informado,Sim,3,0,2,0,0,1,2,2,"-18,91195566","-48,22017616",SPRF-MG,DEL15-MG,UOP01-DEL15-MG
365772.0,2021-06-22,terça-feira,16:40:00,MG,365.0,"55,1",CLARO DOS POCOES,Velocidade Incompatível,Colisão transversal,Com Vítimas Feridas,Pleno dia,Crescente,Céu Claro,Simples,Curva,Não,4,0,2,0,2,0,2,2,"-16,97517712","-44,26784362",SPRF-MG,DEL12-MG,UOP01-DEL12-MG
365800.0,2021-06-22,terça-feira,19:10:00,MG,262.0,442,NOVA SERRANA,Desrespeitar a preferência no cruzamento,Colisão transversal,Com Vítimas Feridas,Plena Noite,Decrescente,Céu Claro,Dupla,Reta,Sim,2,0,2,0,0,0,2,2,"-19,8806236","-44,91232265",SPRF-MG,DEL08-MG,UOP03-DEL08-MG
365804.0,2021-06-22,terça-feira,17:00:00,MG,40.0,"631,3",CONSELHEIRO LAFAIETE,Ausência de reação do condutor,Colisão lateral mesmo sentido,Com Vítimas Feridas,Anoitecer,Decrescente,Céu Claro,Simples,Reta,Não,2,0,1,0,1,0,1,2,"-20,66692199","-43,80314095",SPRF-MG,DEL05-MG,UOP02-DEL05-MG
365827.0,2021-06-22,terça-feira,18:00:00,MG,262.0,"31,4",REDUTO,Falta de acostamento,Colisão traseira,Com Vítimas Feridas,Anoitecer,Decrescente,Céu Claro,Simples,Reta,Não,2,0,1,1,0,0,2,2,"-20,2532742","-41,992629",SPRF-MG,DEL06-MG,UOP04-DEL06-MG
365848.0,2021-06-23,quarta-feira,06:30:00,MG,40.0,515,RIBEIRAO DAS NEVES,Demais falhas mecânicas ou elétricas,Queda de ocupante de veículo,Com Vítimas Feridas,Pleno dia,Crescente,Céu Claro,Dupla,Reta,Sim,2,0,2,0,0,0,2,1,"-19,8090079","-44,09493479",SPRF-MG,DEL01-MG,UOP02-DEL01-MG
365860.0,2021-06-22,terça-feira,17:45:00,MG,262.0,"56,9",MANHUACU,Ausência de reação do condutor,Atropelamento de Pedestre,Com Vítimas Feridas,Anoitecer,Crescente,Céu Claro,Simples,Reta,Sim,3,0,0,1,1,1,1,1,"-20,26638115","-42,18214384",SPRF-MG,DEL06-MG,UOP04-DEL06-MG
365865.0,2021-06-23,quarta-feira,05:05:00,MG,365.0,"156,3",PIRAPORA,Animais na Pista,Atropelamento de Animal,Com Vítimas Feridas,Pleno dia,Decrescente,Céu Claro,Simples,Reta,Sim,1,0,1,0,0,0,1,1,"-17,33324402","-44,89769078",SPRF-MG,DEL12-MG,UOP01-DEL12-MG
365868.0,2021-06-23,quarta-feira,08:00:00,MG,381.0,498,BETIM,Reação tardia ou ineficiente do condutor,Tombamento,Com Vítimas Feridas,Pleno dia,Decrescente,Céu Claro,Múltipla,Interseção de vias,Sim,1,0,1,0,0,0,1,1,"-20,01172662","-44,21976041",SPRF-MG,DEL01-MG,UOP03-DEL01-MG
365878.0,2021-06-23,quarta-feira,09:00:00,MG,381.0,"673,7",PERDOES,Avarias e/ou desgaste excessivo no pneu,Saída de leito carroçável,Com Vítimas Feridas,Pleno dia,Decrescente,Nublado,Dupla,Não Informado,Não,2,0,1,0,1,0,1,1,"-21,09966091","-45,08510908",SPRF-MG,DEL04-MG,UOP02-DEL04-MG
365889.0,2021-05-09,domingo,14:00:00,MG,365.0,626,UBERLANDIA,Ausência de reação do condutor,Saída de leito carroçável,Com Vítimas Feridas,Pleno dia,Crescente,Céu Claro,Dupla,Reta,Sim,1,0,1,0,0,0,1,1,"-18,90659356","-48,33469405",SPRF-MG,DEL15-MG,UOP01-DEL15-MG
365927.0,2021-05-17,segunda-feira,15:20:00,MG,50.0,"47,9",ARAGUARI,Demais falhas mecânicas ou elétricas,Tombamento,Com Vítimas Feridas,Pleno dia,Decrescente,Céu Claro,Dupla,Não Informado,Não,2,0,2,0,0,0,2,1,"-18,72799811","-48,20659169",SPRF-MG,DEL15-MG,UOP02-DEL15-MG
365930.0,2021-06-23,quarta-feira,13:05:00,MG,40.0,"511,2",RIBEIRAO DAS NEVES,Reação tardia ou ineficiente do condutor,Saída de leito carroçável,Com Vítimas Feridas,Pleno dia,Decrescente,Céu Claro,Dupla,Não Informado,Sim,1,0,0,1,0,0,1,1,"-19,78164295","-44,11733194",SPRF-MG,DEL01-MG,UOP02-DEL01-MG
365952.0,2021-06-20,domingo,03:00:00,MG,262.0,"59,2",MANHUACU,Animais na Pista,Atropelamento de Animal,Sem Vítimas,Plena Noite,Decrescente,Céu Claro,Simples,Reta,Não,1,0,0,0,1,0,0,1,"-20,28276197","-42,20329303",SPRF-MG,DEL06-MG,UOP04-DEL06-MG
365959.0,2021-06-23,quarta-feira,16:00:00,MG,354.0,"752,7",ITAMONTE,Ingestão de álcool pelo condutor,Colisão traseira,Com Vítimas Feridas,Pleno dia,Crescente,Céu Claro,Simples,Reta,Sim,2,0,1,0,1,0,1,2,"-22,29340799","-44,86366398",SPRF-MG,DEL17-MG,UOP01-DEL17-MG
365987.0,2021-06-23,quarta-feira,18:00:00,MG,153.0,"210,2",FRUTAL,Acessar a via sem observar a presença dos outros veículos,Colisão transversal,Com Vítimas Feridas,Anoitecer,Crescente,Céu Claro,Simples,Reta,Não,2,0,0,1,1,0,1,2,"-20,02404","-49,04786",SPRF-MG,DEL13-MG,UOP02-DEL13-MG
365998.0,2021-06-23,quarta-feira,18:40:00,MG,40.0,434,PARAOPEBA,Manobra de mudança de faixa,Colisão lateral mesmo sentido,Com Vítimas Feridas,Plena Noite,Crescente,Céu Claro,Dupla,Reta,Não,3,0,1,0,2,0,1,3,"-19,21421334","-44,45770226",SPRF-MG,DEL02-MG,UOP01-DEL02-MG
366009.0,2021-06-23,quarta-feira,12:00:00,MG,116.0,393,GOVERNADOR VALADARES,Velocidade Incompatível,Saída de leito carroçável,Com Vítimas Feridas,Pleno dia,Crescente,Céu Claro,Simples,Curva,Não,1,0,0,1,0,0,1,1,"-18,72499706","-41,98860609",SPRF-MG,DEL06-MG,UOP01-DEL06-MG
366074.0,2021-06-24,quinta-feira,07:20:00,MG,381.0,852,POUSO ALEGRE,Reação tardia ou ineficiente do condutor,Tombamento,Com Vítimas Feridas,Pleno dia,Crescente,Céu Claro,Dupla,Reta,Não,1,0,0,1,0,0,1,1,"-22,29622613","-45,89935251",SPRF-MG,DEL16-MG,UOP01-DEL16-MG
366087.0,2021-06-24,quinta-feira,09:00:00,MG,381.0,446,SABARA,Ausência de reação do condutor,Queda de ocupante de veículo,Com Vítimas Feridas,Pleno dia,Decrescente,Céu Claro,Simples,Reta,Não,1,0,0,1,0,0,1,1,"-19,81564467","-43,8074255",SPRF-MG,DEL01-MG,UOP01-DEL01-MG
366105.0,2021-06-24,quinta-feira,08:30:00,MG,262.0,"792,8",UBERABA,Demais falhas mecânicas ou elétricas,Eventos atípicos,Com Vítimas Feridas,Pleno dia,Decrescente,Céu Claro,Simples,Reta,Não,1,0,1,0,0,0,1,1,"-19,757408","-47,822311",SPRF-MG,DEL13-MG,UOP01-DEL13-MG
366111.0,2021-06-24,quinta-feira,08:00:00,MG,262.0,179,SAO DOMINGOS DO PRATA,Ultrapassagem Indevida,Colisão transversal,Com Vítimas Feridas,Pleno dia,Decrescente,Céu Claro,Simples,Reta,Não,3,0,3,0,0,0,3,2,"-19,92881848","-42,99046914",SPRF-MG,DEL03-MG,UOP01-DEL03-MG
366127.0,2021-06-24,quinta-feira,12:00:00,MG,40.0,577,ITABIRITO,Condutor deixou de manter distância do veículo da frente,Colisão traseira,Sem Vítimas,Pleno dia,Decrescente,Céu Claro,Simples,Reta,Não,2,0,0,0,2,0,0,2,"-20,27233504","-43,95198504",SPRF-MG,DEL01-MG,UOP02-DEL01-MG
366140.0,2021-06-24,quinta-feira,12:40:00,MG,262.0,"50,6",MANHUACU,Velocidade Incompatível,Colisão com objeto,Com Vítimas Feridas,Pleno dia,Decrescente,Sol,Dupla,Reta,Sim,1,0,1,0,0,0,1,1,"-20,2428055","-42,13652397",SPRF-MG,DEL06-MG,UOP04-DEL06-MG
366148.0,2021-03-05,sexta-feira,04:50:00,MG,40.0,530,CONTAGEM,Ausência de sinalização,Colisão lateral mesmo sentido,Com Vítimas Feridas,Plena Noite,Decrescente,Ignorado,Dupla,Reta,Sim,2,0,1,0,0,1,1,2,"-19,92111","-44,034515",SPRF-MG,DEL01-MG,UOP02-DEL01-MG
366183.0,2021-06-24,quinta-feira,17:53:00,MG,40.0,"546,3",NOVA LIMA,Ausência de reação do condutor,Colisão traseira,Com Vítimas Feridas,Plena Noite,Crescente,Céu Claro,Dupla,Reta,Não,2,0,0,1,1,0,1,2,"-20,01444685","-43,96893823",SPRF-MG,DEL01-MG,UOP02-DEL01-MG
366204.0,2021-06-24,quinta-feira,19:20:00,MG,40.0,529,CONTAGEM,Reação tardia ou ineficiente do condutor,Tombamento,Com Vítimas Feridas,Plena Noite,Crescente,Céu Claro,Dupla,Curva,Sim,1,0,1,0,0,0,1,1,"-19,91635592","-44,03966566",SPRF-MG,DEL01-MG,UOP02-DEL01-MG
366238.0,2021-03-21,domingo,00:15:00,MG,40.0,554,NOVA LIMA,Ausência de reação do condutor,Colisão traseira,Com Vítimas Feridas,Plena Noite,Decrescente,Céu Claro,Dupla,Reta,Sim,3,0,1,0,2,0,1,2,"-20,07715896","-43,98213593",SPRF-MG,DEL01-MG,UOP02-DEL01-MG
366268.0,2021-06-25,sexta-feira,06:45:00,MG,116.0,"276,1",TEOFILO OTONI,Condutor deixou de manter distância do veículo da frente,Colisão traseira,Com Vítimas Feridas,Pleno dia,Crescente,Nublado,Dupla,Reta,Sim,2,0,1,0,1,0,1,2,"-17,85105696","-41,51454492",SPRF-MG,DEL11-MG,UOP01-DEL11-MG
366273.0,2021-06-25,sexta-feira,06:40:00,MG,50.0,"178,6",UBERABA,Desvio temporário,Tombamento,Com Vítimas Feridas,Pleno dia,Decrescente,Céu Claro,Dupla,Túnel,Não,1,0,0,1,0,0,1,1,"-19,778436","-47,935553",SPRF-MG,DEL13-MG,UOP01-DEL13-MG
366298.0,2021-05-01,sábado,05:30:00,MG,365.0,"607,6",UBERLANDIA,Acessar a via sem observar a presença dos outros veículos,Colisão transversal,Com Vítimas Fatais,Plena Noite,Decrescente,Céu Claro,Simples,Reta,Não,3,1,0,0,2,0,0,2,"-18,91091484","-48,17060709",SPRF-MG,DEL15-MG,UOP01-DEL15-MG
366301.0,2021-05-08,sábado,18:20:00,MG,50.0,"51,7",ARAGUARI,Estacionar ou parar em local proibido,Colisão traseira,Com Vítimas Feridas,Anoitecer,Decrescente,Céu Claro,Dupla,Reta,Não,5,0,3,0,2,0,3,2,"-18,75042157","-48,23611736",SPRF-MG,DEL15-MG,UOP02-DEL15-MG
366329.0,2021-06-25,sexta-feira,11:35:00,MG,381.0,500,BETIM,Ausência de reação do condutor,Colisão lateral mesmo sentido,Com Vítimas Feridas,Pleno dia,Crescente,Céu Claro,Dupla,Reta,Sim,2,0,1,0,1,0,1,2,"-20,02513493","-44,23112709",SPRF-MG,DEL01-MG,UOP03-DEL01-MG
366344.0,2021-05-12,quarta-feira,14:30:00,MG,50.0,34,ARAGUARI,Acessar a via sem observar a presença dos outros veículos,Colisão traseira,Com Vítimas Feridas,Pleno dia,Crescente,Céu Claro,Dupla,Reta,Não,5,0,1,0,4,0,1,2,"-18,64695507","-48,13009097",SPRF-MG,DEL15-MG,UOP02-DEL15-MG
366349.0,2021-06-25,sexta-feira,13:00:00,MG,40.0,"472,9",SETE LAGOAS,Manobra de mudança de faixa,Tombamento,Com Vítimas Feridas,Pleno dia,Crescente,Céu Claro,Dupla,Reta,Sim,1,0,1,0,0,0,1,1,"-19,47543632","-44,29066576",SPRF-MG,DEL02-MG,UOP01-DEL02-MG
366350.0,2021-06-25,sexta-feira,13:30:00,MG,262.0,"36,5",MANHUACU,Manobra de mudança de faixa,Colisão transversal,Com Vítimas Feridas,Pleno dia,Decrescente,Céu Claro,Simples,Reta,Sim,2,0,1,0,1,0,1,2,"-20,25932046","-42,02298331",SPRF-MG,DEL06-MG,UOP04-DEL06-MG
366352.0,2021-06-25,sexta-feira,13:40:00,MG,354.0,"705,9",CAXAMBU,Acessar a via sem observar a presença dos outros veículos,Colisão transversal,Com Vítimas Feridas,Pleno dia,Crescente,Céu Claro,Simples,Rotatória,Sim,3,0,2,1,0,0,3,2,"-21,99205276","-44,9251702",SPRF-MG,DEL17-MG,UOP01-DEL17-MG
366355.0,2021-05-25,terça-feira,02:00:00,MG,365.0,625,UBERLANDIA,Demais falhas mecânicas ou elétricas,Incêndio,Sem Vítimas,Plena Noite,Decrescente,Céu Claro,Múltipla,Curva,Sim,2,0,0,0,0,2,0,1,"-18,908712","-48,302333",SPRF-MG,DEL15-MG,UOP01-DEL15-MG