id,data_inversa,dia_semana,horario,uf,br,km,municipio,causa_acidente,tipo_acidente,classificacao_acidente,fase_dia,sentido_via,condicao_metereologica,tipo_pista,tracado_via,uso_solo,pessoas,mortos,feridos_leves,feridos_graves,ilesos,ignorados,feridos,veiculos,latitude,longitude,regional,delegacia,uop
366357.0,2021-06-25,sexta-feira,12:00:00,MG,262.0,"851,4",CONCEICAO DAS ALAGOAS,Ausência de reação do condutor,Saída de leito carroçável,Com Vítimas Feridas,Pleno dia,Crescente,Céu Claro,Simples,Curva,Não,1,0,0,1,0,0,1,1,"-19,76007812","-48,34156687",SPRF-MG,DEL13-MG,UOP01-DEL13-MG
366371.0,2021-06-25,sexta-feira,15:40:00,MG,50.0,71,UBERLANDIA,Ausência de reação do condutor,Saída de leito carroçável,Com Vítimas Feridas,Pleno dia,Decrescente,Céu Claro,Dupla,Reta,Sim,2,0,1,0,0,1,1,1,"-18,89514141","-48,24853063",SPRF-MG,DEL15-MG,UOP01-DEL15-MG
366372.0,2021-06-25,sexta-feira,14:55:00,MG,381.0,"887,4",CAMBUI,Condutor Dormindo,Capotamento,Com Vítimas Feridas,Pleno dia,Crescente,Céu Claro,Dupla,Curva,Não,2,0,1,0,1,0,1,1,"-22,56149195","-46,0408143",SPRF-MG,DEL16-MG,UOP03-DEL16-MG
366388.0,2021-06-24,quinta-feira,23:00:00,MG,459.0,102,POUSO ALEGRE,Ausência de reação do condutor,Saída de leito carroçável,Com Vítimas Feridas,Plena Noite,Crescente,Céu Claro,Dupla,Reta,Sim,1,0,1,0,0,0,1,1,"-22,211775","-45,924671",SPRF-MG,DEL16-MG,UOP01-DEL16-MG
366398.0,2021-06-25,sexta-feira,11:10:00,MG,116.0,"274,8",TEOFILO OTONI,Desrespeitar a preferência no cruzamento,Colisão transversal,Com Vítimas Feridas,Pleno dia,Crescente,Nublado,Dupla,Não Informado,Sim,2,0,1,0,0,1,1,2,"-17,839723","-41,513149",SPRF-MG,DEL11-MG,UOP01-DEL11-MG
366410.0,2021-06-25,sexta-feira,18:00:00,MG,116.0,"529,5",CARATINGA,Condutor deixou de manter distância do veículo da frente,Colisão traseira,Com Vítimas Feridas,Plena Noite,Crescente,Céu Claro,Simples,Reta,Não,2,0,1,0,1,0,1,2,"-19,80209596","-42,13678193",SPRF-MG,DEL06-MG,UOP02-DEL06-MG
366414.0,2021-06-25,sexta-feira,17:30:00,MG,381.0,"907,4",CAMBUI,Ausência de reação do condutor,Queda de ocupante de veículo,Com Vítimas Feridas,Anoitecer,Crescente,Céu Claro,Dupla,Curva,Não,1,0,1,0,0,0,1,1,"-22,71022398","-46,12178305",SPRF-MG,DEL16-MG,UOP03-DEL16-MG
366447.0,2021-06-25,sexta-feira,20:30:00,MG,262.0,"439,7",NOVA SERRANA,Ingestão de álcool pelo condutor,Tombamento,Sem Vítimas,Plena Noite,Decrescente,Vento,Dupla,Reta,Sim,1,0,0,0,1,0,0,1,"-19,89197285","-44,88685183",SPRF-MG,DEL08-MG,UOP03-DEL08-MG
366448.0,2021-06-25,sexta-feira,20:40:00,MG,116.0,"681,9",MIRADOURO,Condutor Dormindo,Colisão frontal,Com Vítimas Feridas,Plena Noite,Crescente,Céu Claro,Simples,Curva,Não,2,0,0,1,1,0,1,2,"-20,94105995","-42,34390497",SPRF-MG,DEL07-MG,UOP02-DEL07-MG
366456.0,2021-06-25,sexta-feira,21:50:00,MG,381.0,568,ITAGUARA,Animais na Pista,Atropelamento de Animal,Com Vítimas Feridas,Plena Noite,Crescente,Céu Claro,Dupla,Reta,Não,7,0,3,1,3,0,4,4,"-20,42649228","-44,54458383",SPRF-MG,DEL04-MG,UOP03-DEL04-MG
366464.0,2021-06-25,sexta-feira,22:15:00,MG,116.0,"800,7",ALEM PARAIBA,Ingestão de álcool pelo condutor,Colisão com objeto,Com Vítimas Feridas,Plena Noite,Decrescente,Céu Claro,Simples,Não Informado,Não,1,0,1,0,0,0,1,1,"-21,762259","-42,73448298",SPRF-MG,DEL07-MG,UOP01-DEL07-MG
366473.0,2021-06-25,sexta-feira,23:46:00,MG,116.0,"530,9",CARATINGA,Pedestre cruzava a pista fora da faixa,Atropelamento de Pedestre,Com Vítimas Feridas,Plena Noite,Decrescente,Céu Claro,Simples,Reta,Não,3,0,0,1,1,1,1,1,"-19,804824","-42,13634491",SPRF-MG,DEL06-MG,UOP02-DEL06-MG
366502.0,2021-06-26,sábado,05:30:00,MG,381.0,"191,2",PERIQUITO,Animais na Pista,Atropelamento de Animal,Com Vítimas Feridas,Amanhecer,Decrescente,Nevoeiro/Neblina,Simples,Reta,Não,2,0,1,0,1,0,1,1,"-19,11352521","-42,20478692",SPRF-MG,DEL06-MG,UOP01-DEL06-MG
366504.0,2021-06-26,sábado,03:00:00,MG,381.0,7,BETIM,Ausência de reação do condutor,Saída de leito carroçável,Com Vítimas Feridas,Plena Noite,Crescente,Nevoeiro/Neblina,Dupla,Reta,Sim,1,0,1,0,0,0,1,1,"-19,96825","-44,198708",SPRF-MG,DEL01-MG,UOP03-DEL01-MG
366506.0,2021-06-26,sábado,02:20:00,MG,381.0,855,POUSO ALEGRE,Ausência de reação do condutor,Saída de leito carroçável,Sem Vítimas,Plena Noite,Decrescente,Céu Claro,Dupla,Reta,Não,1,0,0,0,1,0,0,1,"-22,32218405","-45,90735795",SPRF-MG,DEL16-MG,UOP01-DEL16-MG
366518.0,2021-06-22,terça-feira,13:00:00,MG,116.0,"415,5",GOVERNADOR VALADARES,Condutor deixou de manter distância do veículo da frente,Colisão traseira,Com Vítimas Feridas,Pleno dia,Decrescente,Céu Claro,Simples,Reta,Sim,2,0,1,0,1,0,1,2,"-18,88401297","-41,94924399",SPRF-MG,DEL06-MG,UOP01-DEL06-MG
366520.0,2021-05-26,quarta-feira,05:20:00,MG,50.0,"85,2",UBERLANDIA,Condutor Dormindo,Capotamento,Com Vítimas Feridas,Plena Noite,Decrescente,Céu Claro,Dupla,Reta,Não,1,0,0,1,0,0,1,1,"-19,009569","-48,208355",SPRF-MG,DEL15-MG,UOP01-DEL15-MG
366523.0,2021-06-26,sábado,07:50:00,MG,365.0,"643,6",UBERLANDIA,Reação tardia ou ineficiente do condutor,Tombamento,Com Vítimas Feridas,Pleno dia,Crescente,Sol,Dupla,Não Informado,Não,2,0,2,0,0,0,2,1,"-18,8808611","-48,49354102",SPRF-MG,DEL15-MG,UOP01-DEL15-MG
366527.0,2021-05-06,quinta-feira,06:20:00,MG,50.0,"78,8",UBERLANDIA,Demais falhas mecânicas ou elétricas,Saída de leito carroçável,Com Vítimas Feridas,Pleno dia,Crescente,Céu Claro,Dupla,Reta,Sim,2,0,2,0,0,0,2,1,"-18,953471","-48,217115",SPRF-MG,DEL15-MG,UOP01-DEL15-MG
366529.0,2021-06-26,sábado,09:20:00,MG,262.0,195,JOAO MONLEVADE,Demais falhas mecânicas ou elétricas,Queda de ocupante de veículo,Com Vítimas Feridas,Pleno dia,Decrescente,Céu Claro,Simples,Curva,Não,2,0,2,0,0,0,2,1,"-19,86097658","-43,10750503",SPRF-MG,DEL03-MG,UOP01-DEL03-MG
366540.0,2021-06-26,sábado,10:15:00,MG,40.0,561,NOVA LIMA,Condutor deixou de manter distância do veículo da frente,Colisão traseira,Com Vítimas Feridas,Pleno dia,Crescente,Céu Claro,Dupla,Reta,Não,2,0,1,0,1,0,1,2,"-20,13588082","-43,96237943",SPRF-MG,DEL01-MG,UOP02-DEL01-MG
366550.0,2021-06-26,sábado,10:45:00,MG,40.0,"617,8",CONGONHAS,Reação tardia ou ineficiente do condutor,Colisão traseira,Com Vítimas Feridas,Pleno dia,Crescente,Sol,Simples,Reta,Sim,2,0,1,0,1,0,1,2,"-20,56169497","-43,81235922",SPRF-MG,DEL05-MG,UOP02-DEL05-MG
366556.0,2021-06-26,sábado,09:50:00,MG,116.0,"415,1",GOVERNADOR VALADARES,Condutor deixou de manter distância do veículo da frente,Colisão traseira,Com Vítimas Feridas,Pleno dia,Decrescente,Céu Claro,Simples,Reta,Não,3,0,2,0,1,0,2,2,"-18,88401297","-41,94924399",SPRF-MG,DEL06-MG,UOP01-DEL06-MG
366569.0,2021-06-26,sábado,11:40:00,MG,40.0,"626,9",CONSELHEIRO LAFAIETE,Acessar a via sem observar a presença dos outros veículos,Colisão transversal,Com Vítimas Feridas,Pleno dia,Crescente,Céu Claro,Simples,Curva,Não,2,0,1,0,1,0,1,2,"-20,62801922","-43,80896769",SPRF-MG,DEL05-MG,UOP02-DEL05-MG
366592.0,2021-06-26,sábado,13:00:00,MG,40.0,"632,1",CONSELHEIRO LAFAIETE,Velocidade Incompatível,Colisão transversal,Com Vítimas Feridas,Pleno dia,Decrescente,Sol,Dupla,Não Informado,Sim,2,0,1,1,0,0,2,2,"-20,67755145","-43,7943616",SPRF-MG,DEL05-MG,UOP02-DEL05-MG
366593.0,2021-06-26,sábado,14:25:00,MG,116.0,"705,5",MURIAE,Acessar a via sem observar a presença dos outros veículos,Colisão transversal,Com Vítimas Feridas,Pleno dia,Crescente,Sol,Simples,Não Informado,Sim,2,0,1,0,1,0,1,2,"-21,13064429","-42,38640281",SPRF-MG,DEL07-MG,UOP02-DEL07-MG
366599.0,2021-06-26,sábado,15:30:00,MG,381.0,519,IGARAPE,Velocidade Incompatível,Saída de leito carroçável,Com Vítimas Feridas,Pleno dia,Decrescente,Céu Claro,Dupla,Não Informado,Não,1,0,1,0,0,0,1,1,"-20,12834104","-44,30330781",SPRF-MG,DEL04-MG,UOP03-DEL04-MG
366618.0,2021-06-26,sábado,16:45:00,MG,459.0,"39,7",SANTA RITA DE CALDAS,Velocidade Incompatível,Colisão com objeto,Com Vítimas Feridas,Pleno dia,Decrescente,Céu Claro,Simples,Não Informado,Não,2,0,1,0,1,0,1,1,"-22,000642","-46,318664",SPRF-MG,DEL09-MG,UOP01-DEL09-MG
366626.0,2021-06-26,sábado,17:35:00,MG,40.0,"649,4",CRISTIANO OTONI,Ausência de reação do condutor,Colisão traseira,Sem Vítimas,Anoitecer,Crescente,Céu Claro,Simples,Reta,Não,2,0,0,0,1,1,0,2,"-20,81734393","-43,81138816",SPRF-MG,DEL05-MG,UOP02-DEL05-MG
366633.0,2021-06-26,sábado,14:20:00,MG,116.0,"550,1",SANTA BARBARA DO LESTE,Manobra de mudança de faixa,Colisão lateral mesmo sentido,Com Vítimas Feridas,Pleno dia,Crescente,Céu Claro,Simples,Reta,Não,3,0,1,1,1,0,2,2,"-19,96878195","-42,1364542",SPRF-MG,DEL06-MG,UOP02-DEL06-MG
366639.0,2021-06-26,sábado,18:45:00,MG,40.0,"551,7",NOVA LIMA,Pedestre cruzava a pista fora da faixa,Atropelamento de Pedestre,Com Vítimas Fatais,Plena Noite,Crescente,Céu Claro,Dupla,Reta,Sim,3,1,0,0,1,1,0,1,"-20,05411435","-43,97101875",SPRF-MG,DEL01-MG,UOP02-DEL01-MG
366651.0,2021-06-26,sábado,20:00:00,MG,381.0,"830,9",SAO SEBASTIAO DA BELA VISTA,Pedestre cruzava a pista fora da faixa,Atropelamento de Pedestre,Com Vítimas Fatais,Plena Noite,Crescente,Céu Claro,Dupla,Reta,Não,3,1,0,0,1,1,0,1,"-22,13939205","-45,81344194",SPRF-MG,DEL16-MG,UOP01-DEL16-MG
366663.0,2021-06-26,sábado,20:45:00,MG,381.0,"450,1",SABARA,Velocidade Incompatível,Colisão com objeto,Com Vítimas Feridas,Plena Noite,Crescente,Céu Claro,Simples,Curva,Sim,1,0,1,0,0,0,1,1,"-19,84130639","-43,87176902",SPRF-MG,DEL01-MG,UOP01-DEL01-MG
366678.0,2021-06-26,sábado,20:15:00,MG,50.0,"190,6",UBERABA,Condutor usando celular,Colisão traseira,Com Vítimas Feridas,Plena Noite,Crescente,Céu Claro,Dupla,Reta,Não,3,0,0,2,1,0,2,2,"-19,85630175","-47,86944462",SPRF-MG,DEL13-MG,UOP01-DEL13-MG
366681.0,2021-06-26,sábado,22:30:00,MG,40.0,"498,2",ESMERALDAS,Transitar na contramão,Colisão frontal,Com Vítimas Feridas,Plena Noite,Decrescente,Céu Claro,Dupla,Não Informado,Sim,3,0,3,0,0,0,3,2,"-19,686006","-44,180829",SPRF-MG,DEL02-MG,UOP01-DEL02-MG
366687.0,2021-06-26,sábado,23:30:00,MG,50.0,"70,5",UBERLANDIA,Ingestão de álcool pelo condutor,Colisão traseira,Com Vítimas Feridas,Plena Noite,Decrescente,Céu Claro,Dupla,Não Informado,Sim,4,0,2,0,2,0,2,4,"-18,85140204","-48,25345932",SPRF-MG,DEL15-MG,UOP01-DEL15-MG
366745.0,2021-06-27,domingo,06:50:00,MG,116.0,685,MIRADOURO,Ausência de reação do condutor,Colisão com objeto,Com Vítimas Feridas,Amanhecer,Decrescente,Nublado,Simples,Curva,Não,2,0,1,0,0,1,1,1,"-20,98224297","-42,35482631",SPRF-MG,DEL07-MG,UOP02-DEL07-MG
366747.0,2021-06-27,domingo,06:30:00,MG,50.0,69,UBERLANDIA,Reação tardia ou ineficiente do condutor,Colisão com objeto,Com Vítimas Feridas,Pleno dia,Decrescente,Céu Claro,Dupla,Não Informado,Sim,3,0,2,0,1,0,2,2,"-18,85140204","-48,25345932",SPRF-MG,DEL15-MG,UOP01-DEL15-MG
366749.0,2021-06-27,domingo,06:00:00,MG,40.0,"44,7",PARACATU,Acessar a via sem observar a presença dos outros veículos,Colisão transversal,Com Vítimas Feridas,Amanhecer,Crescente,Céu Claro,Simples,Interseção de vias,Sim,3,0,2,0,1,0,2,2,"-17,23101648","-46,85390396",SPRF-MG,DEL14-MG,UOP01-DEL14-MG
366757.0,2021-06-27,domingo,03:00:00,MG,459.0,"22,5",CALDAS,Condutor Dormindo,Saída de leito carroçável,Com Vítimas Feridas,Plena Noite,Decrescente,Céu Claro,Simples,Curva,Não,1,0,1,0,0,0,1,1,"-21,869846","-46,401051",SPRF-MG,DEL09-MG,UOP01-DEL09-MG
366760.0,2021-06-27,domingo,07:30:00,MG,40.0,"545,6",NOVA LIMA,Ingestão de álcool pelo condutor,Colisão com objeto,Com Vítimas Feridas,Pleno dia,Crescente,Céu Claro,Dupla,Reta,Não,7,0,0,1,6,0,1,1,"-20,00670404","-43,96418668",SPRF-MG,DEL01-MG,UOP02-DEL01-MG
366762.0,2021-05-01,sábado,17:45:00,MG,365.0,603,UBERLANDIA,Ausência de reação do condutor,Saída de leito carroçável,Com Vítimas Feridas,Anoitecer,Crescente,Céu Claro,Simples,Rotatória,Não,2,0,1,0,1,0,1,1,"-18,89734796","-48,15671403",SPRF-MG,DEL15-MG,UOP01-DEL15-MG
366774.0,2021-06-27,domingo,09:15:00,MG,381.0,"537,3",ITATIAIUCU,Velocidade Incompatível,Colisão traseira,Com Vítimas Feridas,Pleno dia,Crescente,Céu Claro,Dupla,Reta,Não,2,0,0,1,1,0,1,2,"-20,23206636","-44,39955388",SPRF-MG,DEL04-MG,UOP03-DEL04-MG
366792.0,2021-06-27,domingo,11:10:00,MG,50.0,"6,5",ARAGUARI,Ingestão de álcool pelo condutor,Saída de leito carroçável,Sem Vítimas,Pleno dia,Crescente,Sol,Dupla,Não Informado,Não,1,0,0,0,1,0,0,1,"-18,47678021","-48,04961801",SPRF-MG,DEL15-MG,UOP02-DEL15-MG
366799.0,2021-06-27,domingo,13:50:00,MG,50.0,"62,8",UBERLANDIA,Ausência de reação do condutor,Saída de leito carroçável,Com Vítimas Feridas,Pleno dia,Decrescente,Céu Claro,Dupla,Curva,Não,1,0,0,1,0,0,1,1,"-18,82501599","-48,24975071",SPRF-MG,DEL15-MG,UOP02-DEL15-MG
366806.0,2021-06-27,domingo,13:30:00,MG,40.0,180,JOAO PINHEIRO,Velocidade Incompatível,Saída de leito carroçável,Com Vítimas Feridas,Pleno dia,Decrescente,Céu Claro,Simples,Não Informado,Não,1,0,1,0,0,0,1,1,"-17,9694458","-45,98046692",SPRF-MG,DEL14-MG,UOP02-DEL14-MG
366812.0,2021-06-27,domingo,14:50:00,MG,116.0,419,GOVERNADOR VALADARES,Acessar a via sem observar a presença dos outros veículos,Colisão transversal,Com Vítimas Feridas,Pleno dia,Crescente,Céu Claro,Simples,Interseção de vias,Não,3,0,0,1,2,0,1,2,"-18,92044406","-41,94023945",SPRF-MG,DEL06-MG,UOP01-DEL06-MG
366827.0,2021-06-27,domingo,16:30:00,MG,459.0,"102,8",POUSO ALEGRE,Acessar a via sem observar a presença dos outros veículos,Colisão traseira,Com Vítimas Feridas,Pleno dia,Crescente,Céu Claro,Dupla,Interseção de vias,Sim,2,0,1,0,1,0,1,2,"-22,22778344","-45,90568018",SPRF-MG,DEL16-MG,UOP01-DEL16-MG
366838.0,2021-06-27,domingo,18:30:00,MG,459.0,"105,9",POUSO ALEGRE,Entrada inopinada do pedestre,Atropelamento de Pedestre,Com Vítimas Feridas,Plena Noite,Decrescente,Céu Claro,Simples,Reta,Sim,4,0,1,0,3,0,1,1,"-22,24088164","-45,88044047",SPRF-MG,DEL16-MG,UOP01-DEL16-MG
366851.0,2021-05-04,terça-feira,05:40:00,MG,365.0,627,UBERLANDIA,Manobra de mudança de faixa,Capotamento,Com Vítimas Feridas,Amanhecer,Crescente,Céu Claro,Múltipla,Não Informado,Sim,1,0,1,0,0,0,1,1,"-18,90359335","-48,34361612",SPRF-MG,DEL15-MG,UOP01-DEL15-MG
366864.0,2021-06-27,domingo,18:45:00,MG,50.0,"35,6",ARAGUARI,Reação tardia ou ineficiente do condutor,Tombamento,Com Vítimas Feridas,Plena Noite,Crescente,Céu Claro,Dupla,Reta,Sim,2,0,1,0,0,1,1,1,"-18,65075062","-48,13867716",SPRF-MG,DEL15-MG,UOP02-DEL15-MG
366874.0,2021-06-27,domingo,19:10:00,MG,116.0,"577,9",MANHUACU,Ingestão de álcool e/ou substâncias psicoativas pelo pedestre,Colisão com objeto,Com Vítimas Feridas,Plena Noite,Crescente,Nublado,Simples,Reta,Não,2,0,1,1,0,0,2,1,"-20,31596699","-42,14564902",SPRF-MG,DEL06-MG,UOP04-DEL06-MG
366875.0,2021-05-07,sexta-feira,22:00:00,MG,153.0,22,CENTRALINA,Ausência de reação do condutor,Capotamento,Com Vítimas Feridas,Plena Noite,Crescente,Céu Claro,Múltipla,Desvio Temporário,Não,4,0,4,0,0,0,4,1,"-18,61511099","-49,19148491",SPRF-MG,DEL15-MG,UOP03-DEL15-MG
366876.0,2021-06-27,domingo,20:30:00,MG,40.0,628,CONSELHEIRO LAFAIETE,Condutor deixou de manter distância do veículo da frente,Colisão traseira,Com Vítimas Feridas,Plena Noite,Decrescente,Céu Claro,Simples,Reta,Sim,2,0,0,1,1,0,1,2,"-20,645105","-43,810704",SPRF-MG,DEL05-MG,UOP02-DEL05-MG
366888.0,2021-05-23,domingo,16:10:00,MG,50.0,94,UBERLANDIA,Manobra de mudança de faixa,Saída de leito carroçável,Com Vítimas Fatais,Pleno dia,Crescente,Céu Claro,Múltipla,Curva,Não,1,1,0,0,0,0,0,1,"-19,08366097","-48,18631791",SPRF-MG,DEL15-MG,UOP01-DEL15-MG
366889.0,2021-05-23,domingo,12:15:00,MG,50.0,3,ARAGUARI,Ausência de reação do condutor,Tombamento,Com Vítimas Feridas,Pleno dia,Crescente,Céu Claro,Múltipla,Curva,Não,2,0,2,0,0,0,2,1,"-18,44503579","-48,0519047",SPRF-MG,DEL15-MG,UOP02-DEL15-MG
366905.0,2021-06-27,domingo,23:00:00,MG,365.0,343,VARJAO DE MINAS,Acessar a via sem observar a presença dos outros veículos,Colisão transversal,Sem Vítimas,Plena Noite,Crescente,Céu Claro,Simples,Reta,Sim,2,0,0,0,2,0,0,2,"-18,31597199","-45,977263",SPRF-MG,DEL10-MG,UOP01-DEL10-MG
366913.0,2021-06-27,domingo,21:35:00,MG,40.0,616,CONGONHAS,Falta de acostamento,Saída de leito carroçável,Com Vítimas Feridas,Plena Noite,Decrescente,Céu Claro,Simples,Ponte,Não,1,0,1,0,0,0,1,1,"-20,54605704","-43,81990003",SPRF-MG,DEL05-MG,UOP02-DEL05-MG
366929.0,2021-06-28,segunda-feira,00:05:00,MG,40.0,"511,9",RIBEIRAO DAS NEVES,Reação tardia ou ineficiente do condutor,Saída de leito carroçável,Sem Vítimas,Plena Noite,Decrescente,Céu Claro,Dupla,Não Informado,Sim,1,0,0,0,0,1,0,1,"-19,78164295","-44,11733194",SPRF-MG,DEL01-MG,UOP02-DEL01-MG
366935.0,2021-06-28,segunda-feira,03:30:00,MG,116.0,"704,3",MURIAE,Condutor deixou de manter distância do veículo da frente,Colisão traseira,Com Vítimas Feridas,Plena Noite,Decrescente,Nublado,Simples,Interseção de vias,Sim,2,0,1,0,1,0,1,2,"-21,12998106","-42,38559723",SPRF-MG,DEL07-MG,UOP02-DEL07-MG
366951.0,2021-06-28,segunda-feira,06:40:00,MG,381.0,487,BETIM,Demais falhas mecânicas ou elétricas,Tombamento,Com Vítimas Feridas,Amanhecer,Crescente,Céu Claro,Múltipla,Reta,Sim,2,0,1,0,1,0,1,1,"-19,95586853","-44,14609501",SPRF-MG,DEL01-MG,UOP03-DEL01-MG
366971.0,2021-06-28,segunda-feira,08:50:00,MG,381.0,"477,7",CONTAGEM,Condutor deixou de manter distância do veículo da frente,Colisão traseira,Com Vítimas Feridas,Pleno dia,Decrescente,Céu Claro,Dupla,Reta,Sim,2,0,1,0,1,0,1,2,"-19,96179268","-44,05041676",SPRF-MG,DEL01-MG,UOP03-DEL01-MG
366976.0,2021-06-28,segunda-feira,07:55:00,MG,40.0,"632,1",CONSELHEIRO LAFAIETE,Acessar a via sem observar a presença dos outros veículos,Colisão traseira,Com Vítimas Feridas,Pleno dia,Decrescente,Sol,Dupla,Retorno Regulamentado,Sim,4,0,0,1,2,1,1,3,"-20,67348593","-43,7968977",SPRF-MG,DEL05-MG,UOP02-DEL05-MG
366989.0,2021-04-05,segunda-feira,08:15:00,MG,381.0,498,BETIM,Velocidade Incompatível,Colisão traseira,Com Vítimas Feridas,Pleno dia,Decrescente,Céu Claro,Simples,Reta,Sim,2,0,1,0,1,0,1,2,"-19,98776755","-44,20407057",SPRF-MG,DEL01-MG,UOP03-DEL01-MG
367000.0,2021-06-28,segunda-feira,11:50:00,MG,40.0,"609,1",CONGONHAS,Conversão proibida,Colisão transversal,Com Vítimas Feridas,Pleno dia,Decrescente,Céu Claro,Simples,Curva,Não,3,0,0,3,0,0,3,2,"-20,49789854","-43,83669376",SPRF-MG,DEL05-MG,UOP02-DEL05-MG
367001.0,2021-06-28,segunda-feira,12:25:00,MG,356.0,"266,3",MURIAE,Desrespeitar a preferência no cruzamento,Colisão transversal,Com Vítimas Feridas,Pleno dia,Decrescente,Sol,Simples,Não Informado,Sim,2,0,1,0,1,0,1,2,"-21,12867781","-42,36269209",SPRF-MG,DEL07-MG,UOP02-DEL07-MG
367007.0,2021-06-28,segunda-feira,08:40:00,MG,381.0,266,TIMOTEO,Demais Fenômenos da natureza,Colisão frontal,Com Vítimas Feridas,Pleno dia,Decrescente,Céu Claro,Simples,Reta,Não,2,0,0,1,1,0,1,2,"-19,52951513","-42,67168275",SPRF-MG,DEL03-MG,UOP02-DEL03-MG
367008.0,2021-06-28,segunda-feira,13:09:00,MG,40.0,527,CONTAGEM,Acumulo de água sobre o pavimento,Queda de ocupante de veículo,Com Vítimas Feridas,Pleno dia,Crescente,Céu Claro,Dupla,Reta,Sim,1,0,1,0,0,0,1,1,"-19,90149502","-44,04938939",SPRF-MG,DEL01-MG,UOP02-DEL01-MG
367011.0,2021-06-28,segunda-feira,12:40:00,MG,381.0,"480,8",BETIM,Acesso irregular,Colisão lateral mesmo sentido,Com Vítimas Feridas,Pleno dia,Decrescente,Céu Claro,Dupla,Reta,Sim,2,0,1,0,1,0,1,2,"-19,95749597","-44,07899901",SPRF-MG,DEL01-MG,UOP03-DEL01-MG
367049.0,2021-06-20,domingo,19:00:00,MG,365.0,510,PATROCINIO,Condutor usando celular,Colisão traseira,Sem Vítimas,Plena Noite,Decrescente,Céu Claro,Simples,Reta,Não,3,0,0,0,3,0,0,2,"-18,93549895","-47,31753098",SPRF-MG,DEL10-MG,UOP01-DEL10-MG
367060.0,2021-05-03,segunda-feira,11:30:00,MG,365.0,611,UBERLANDIA,Reação tardia ou ineficiente do condutor,Colisão traseira,Com Vítimas Feridas,Pleno dia,Decrescente,Céu Claro,Simples,Reta,Sim,2,0,1,0,1,0,1,2,"-18,92793854","-48,19198317",SPRF-MG,DEL15-MG,UOP01-DEL15-MG
367071.0,2021-06-28,segunda-feira,17:40:00,MG,459.0,"84,3",CONGONHAL,Conversão proibida,Colisão lateral mesmo sentido,Com Vítimas Feridas,Anoitecer,Decrescente,Céu Claro,Simples,Não Informado,Sim,3,0,0,2,1,0,2,2,"-22,15043","-46,041255",SPRF-MG,DEL09-MG,UOP01-DEL09-MG
367083.0,2021-06-28,segunda-feira,18:45:00,MG,381.0,477,CONTAGEM,Manobra de mudança de faixa,Colisão lateral mesmo sentido,Com Vítimas Feridas,Plena Noite,Decrescente,Céu Claro,Dupla,Reta,Sim,2,0,1,0,1,0,1,2,"-19,95971529","-44,03386831",SPRF-MG,DEL01-MG,UOP03-DEL01-MG
367145.0,2021-06-29,terça-feira,05:30:00,MG,116.0,"295,7",TEOFILO OTONI,Condutor Dormindo,Colisão frontal,Com Vítimas Fatais,Amanhecer,Decrescente,Nublado,Simples,Curva,Não,6,1,0,1,4,0,1,2,"-17,99801182","-41,57578804",SPRF-MG,DEL11-MG,UOP01-DEL11-MG
367153.0,2021-06-29,terça-feira,08:00:00,MG,40.0,"799,4",JUIZ DE FORA,Acumulo de óleo sobre o pavimento,Saída de leito carroçável,Com Vítimas Feridas,Pleno dia,Crescente,Céu Claro,Múltipla,Curva,Não,1,0,1,0,0,0,1,1,"-21,82857001","-43,37364401",SPRF-MG,DEL05-MG,UOP01-DEL05-MG
367169.0,2021-06-29,terça-feira,08:50:00,MG,381.0,"488,6",BETIM,Manobra de mudança de faixa,Queda de ocupante de veículo,Com Vítimas Feridas,Pleno dia,Decrescente,Céu Claro,Múltipla,Curva,Sim,1,0,1,0,0,0,1,1,"-19,9598656","-44,15489715",SPRF-MG,DEL01-MG,UOP03-DEL01-MG
367171.0,2021-05-03,segunda-feira,07:05:00,MG,50.0,74,UBERLANDIA,Velocidade Incompatível,Engavetamento,Com Vítimas Feridas,Pleno dia,Decrescente,Céu Claro,Dupla,Reta,Não,4,0,1,0,3,0,1,4,"-18,85140204","-48,25345932",SPRF-MG,DEL15-MG,UOP01-DEL15-MG
367175.0,2021-05-18,terça-feira,21:30:00,MG,50.0,83,UBERLANDIA,Ingestão de álcool pelo condutor,Tombamento,Com Vítimas Feridas,Plena Noite,Crescente,Céu Claro,Dupla,Reta,Não,1,0,1,0,0,0,1,1,"-18,986906","-48,211853",SPRF-MG,DEL15-MG,UOP01-DEL15-MG
367179.0,2021-05-23,domingo,00:30:00,MG,459.0,"81,8",CONGONHAL,Manobra de mudança de faixa,Saída de leito carroçável,Com Vítimas Feridas,Plena Noite,Decrescente,Céu Claro,Simples,Reta,Não,4,0,2,0,1,1,2,2,"-22,157059","-46,091141",SPRF-MG,DEL09-MG,UOP01-DEL09-MG
367181.0,2021-05-30,domingo,15:10:00,MG,365.0,824,SANTA VITORIA,Velocidade Incompatível,Capotamento,Com Vítimas Feridas,Pleno dia,Crescente,Céu Claro,Simples,Reta,Não,1,0,1,0,0,0,1,1,"-18,87978493","-50,13252903",SPRF-MG,DEL15-MG,UOP03-DEL15-MG