id,data_inversa,dia_semana,horario,uf,br,km,municipio,causa_acidente,tipo_acidente,classificacao_acidente,fase_dia,sentido_via,condicao_metereologica,tipo_pista,tracado_via,uso_solo,pessoas,mortos,feridos_leves,feridos_graves,ilesos,ignorados,feridos,veiculos,latitude,longitude,regional,delegacia,uop
367183.0,2021-06-29,terça-feira,08:40:00,MG,262.0,"38,5",MANHUACU,Ausência de reação do condutor,Colisão traseira,Com Vítimas Feridas,Pleno dia,Decrescente,Sol,Simples,Reta,Sim,3,0,1,0,2,0,1,3,"-20,26305859","-42,03684948",SPRF-MG,DEL06-MG,UOP04-DEL06-MG
367202.0,2021-06-29,terça-feira,11:30:00,MG,381.0,"671,2",PERDOES,Condutor Dormindo,Saída de leito carroçável,Com Vítimas Feridas,Pleno dia,Crescente,Céu Claro,Dupla,Não Informado,Não,2,0,2,0,0,0,2,1,"-21,08945416","-45,06864195",SPRF-MG,DEL04-MG,UOP02-DEL04-MG
367204.0,2021-06-29,terça-feira,12:15:00,MG,153.0,22,CENTRALINA,Condutor Dormindo,Saída de leito carroçável,Com Vítimas Feridas,Pleno dia,Decrescente,Céu Claro,Dupla,Reta,Não,4,0,3,1,0,0,4,1,"-18,61511099","-49,19148491",SPRF-MG,DEL15-MG,UOP03-DEL15-MG
367207.0,2021-06-29,terça-feira,10:50:00,MG,40.0,"560,5",NOVA LIMA,Ausência de reação do condutor,Queda de ocupante de veículo,Com Vítimas Feridas,Pleno dia,Crescente,Céu Claro,Dupla,Reta,Sim,3,0,1,0,2,0,1,3,"-20,13675791","-43,96227479",SPRF-MG,DEL01-MG,UOP02-DEL01-MG
367218.0,2021-06-29,terça-feira,13:30:00,MG,381.0,"871,6",POUSO ALEGRE,Velocidade Incompatível,Tombamento,Com Vítimas Feridas,Pleno dia,Decrescente,Céu Claro,Dupla,Reta,Não,2,0,2,0,0,0,2,1,"-22,40135763","-45,96149683",SPRF-MG,DEL16-MG,UOP01-DEL16-MG
367228.0,2021-06-29,terça-feira,14:20:00,MG,381.0,386,SAO GONCALO DO RIO ABAIXO,Ultrapassagem Indevida,Saída de leito carroçável,Com Vítimas Feridas,Pleno dia,Decrescente,Céu Claro,Simples,Reta,Não,3,0,2,0,1,0,2,1,"-19,79738383","-43,41740299",SPRF-MG,DEL01-MG,UOP01-DEL01-MG
367244.0,2021-06-29,terça-feira,18:15:00,MG,381.0,504,BETIM,Acessar a via sem observar a presença dos outros veículos,Colisão traseira,Com Vítimas Feridas,Plena Noite,Crescente,Céu Claro,Dupla,Reta,Sim,2,0,0,1,1,0,1,2,"-20,04164508","-44,26386697",SPRF-MG,DEL01-MG,UOP03-DEL01-MG
367258.0,2021-06-29,terça-feira,16:10:00,MG,262.0,813,UBERABA,Acumulo de areia ou detritos sobre o pavimento,Tombamento,Com Vítimas Feridas,Pleno dia,Crescente,Nublado,Simples,Curva,Não,3,0,2,0,0,1,2,2,"-19,76009757","-48,07322705",SPRF-MG,DEL13-MG,UOP01-DEL13-MG
367260.0,2021-06-29,terça-feira,16:00:00,MG,40.0,"129,8",JOAO PINHEIRO,Acessar a via sem observar a presença dos outros veículos,Colisão transversal,Sem Vítimas,Pleno dia,Decrescente,Céu Claro,Simples,Não Informado,Sim,6,0,0,0,6,0,0,2,"-17,70574474","-46,2874496",SPRF-MG,DEL14-MG,UOP01-DEL14-MG
367268.0,2021-06-29,terça-feira,20:15:00,MG,50.0,79,UBERLANDIA,Condutor deixou de manter distância do veículo da frente,Colisão traseira,Com Vítimas Feridas,Plena Noite,Decrescente,Céu Claro,Dupla,Reta,Sim,3,0,1,0,1,1,1,2,"-18,986906","-48,211853",SPRF-MG,DEL15-MG,UOP01-DEL15-MG
367291.0,2021-06-29,terça-feira,21:15:00,MG,262.0,159,SAO DOMINGOS DO PRATA,Velocidade Incompatível,Saída de leito carroçável,Com Vítimas Feridas,Plena Noite,Decrescente,Céu Claro,Simples,Não Informado,Não,1,0,0,1,0,0,1,1,"-19,95907975","-42,82841881",SPRF-MG,DEL03-MG,UOP03-DEL03-MG
367300.0,2021-06-30,quarta-feira,02:40:00,MG,116.0,"777,1",LEOPOLDINA,Condutor Dormindo,Colisão com objeto,Com Vítimas Fatais,Plena Noite,Decrescente,Céu Claro,Simples,Viaduto,Não,4,1,0,3,0,0,3,1,"-21,59632074","-42,69196405",SPRF-MG,DEL07-MG,UOP01-DEL07-MG
367304.0,2021-06-30,quarta-feira,04:00:00,MG,40.0,"447,9",PARAOPEBA,Velocidade Incompatível,Saída de leito carroçável,Com Vítimas Feridas,Plena Noite,Decrescente,Céu Claro,Simples,Rotatória,Não,2,0,1,0,1,0,1,1,"-19,29359592","-44,38358492",SPRF-MG,DEL02-MG,UOP01-DEL02-MG
367311.0,2021-06-30,quarta-feira,05:40:00,MG,40.0,530,BELO HORIZONTE,Mal súbito do condutor,Queda de ocupante de veículo,Com Vítimas Feridas,Pleno dia,Crescente,Céu Claro,Dupla,Curva,Sim,1,0,1,0,0,0,1,1,"-19,92064782","-44,0335681",SPRF-MG,DEL01-MG,UOP02-DEL01-MG
367326.0,2021-06-29,terça-feira,19:00:00,MG,365.0,"588,4",ARAGUARI,Demais falhas mecânicas ou elétricas,Incêndio,Sem Vítimas,Plena Noite,Decrescente,Céu Claro,Simples,Reta,Não,1,0,0,0,1,0,0,1,"-18,87511406","-48,02851694",SPRF-MG,DEL15-MG,UOP02-DEL15-MG
367365.0,2021-06-30,quarta-feira,11:50:00,MG,40.0,"447,9",CAETANOPOLIS,Velocidade Incompatível,Tombamento,Com Vítimas Feridas,Pleno dia,Decrescente,Céu Claro,Dupla,Não Informado,Não,2,0,2,0,0,0,2,1,"-19,29359592","-44,38358492",SPRF-MG,DEL02-MG,UOP01-DEL02-MG
367369.0,2021-06-30,quarta-feira,09:25:00,MG,116.0,537,SANTA RITA DE MINAS,Demais falhas mecânicas ou elétricas,Tombamento,Com Vítimas Feridas,Pleno dia,Decrescente,Céu Claro,Simples,Curva,Não,2,0,1,1,0,0,2,1,"-19,86620285","-42,1352356",SPRF-MG,DEL06-MG,UOP02-DEL06-MG
367378.0,2021-06-30,quarta-feira,14:30:00,MG,40.0,"751,1",SANTOS DUMONT,Manobra de mudança de faixa,Saída de leito carroçável,Com Vítimas Feridas,Pleno dia,Decrescente,Nublado,Simples,Reta,Não,1,0,1,0,0,0,1,1,"-21,46537559","-43,56167779",SPRF-MG,DEL05-MG,UOP01-DEL05-MG
367415.0,2021-06-30,quarta-feira,14:45:00,MG,381.0,"943,5",EXTREMA,Velocidade Incompatível,Capotamento,Com Vítimas Feridas,Pleno dia,Crescente,Céu Claro,Dupla,Não Informado,Não,1,0,1,0,0,0,1,1,"-22,87018424","-46,3581479",SPRF-MG,DEL16-MG,UOP03-DEL16-MG
367424.0,2021-06-30,quarta-feira,17:30:00,MG,381.0,"499,3",BETIM,Condutor deixou de manter distância do veículo da frente,Colisão traseira,Com Vítimas Feridas,Pleno dia,Decrescente,Sol,Dupla,Reta,Sim,3,0,1,0,2,0,1,2,"-20,01792651","-44,2261448",SPRF-MG,DEL01-MG,UOP03-DEL01-MG
367482.0,2021-07-01,quinta-feira,00:10:00,MG,116.0,"416,5",GOVERNADOR VALADARES,Ingestão de álcool pelo condutor,Tombamento,Com Vítimas Feridas,Plena Noite,Decrescente,Céu Claro,Dupla,Reta,Sim,1,0,0,1,0,0,1,1,"-18,89215187","-41,94699543",SPRF-MG,DEL06-MG,UOP01-DEL06-MG
367499.0,2021-07-01,quinta-feira,04:30:00,MG,40.0,"598,8",OURO PRETO,Acumulo de areia ou detritos sobre o pavimento,Tombamento,Com Vítimas Feridas,Plena Noite,Crescente,Nublado,Simples,Não Informado,Não,1,0,1,0,0,0,1,1,"-20,4232172","-43,86779358",SPRF-MG,DEL05-MG,UOP02-DEL05-MG
367502.0,2021-07-01,quinta-feira,05:45:00,MG,381.0,487,BETIM,Condutor deixou de manter distância do veículo da frente,Colisão traseira,Com Vítimas Feridas,Amanhecer,Decrescente,Céu Claro,Dupla,Reta,Sim,2,0,1,0,1,0,1,2,"-19,95586853","-44,14609501",SPRF-MG,DEL01-MG,UOP03-DEL01-MG
367506.0,2021-07-01,quinta-feira,07:00:00,MG,381.0,"919,8",CAMANDUCAIA,Condutor Dormindo,Capotamento,Com Vítimas Feridas,Pleno dia,Crescente,Céu Claro,Dupla,Reta,Não,2,0,1,1,0,0,2,1,"-22,7716591","-46,19193618",SPRF-MG,DEL16-MG,UOP03-DEL16-MG
367522.0,2021-07-01,quinta-feira,08:00:00,MG,262.0,15,MARTINS SOARES,Condutor deixou de manter distância do veículo da frente,Colisão traseira,Com Vítimas Feridas,Pleno dia,Decrescente,Céu Claro,Simples,Curva,Sim,2,0,0,1,1,0,1,2,"-20,26054008","-41,87631604",SPRF-MG,DEL06-MG,UOP04-DEL06-MG
367532.0,2021-07-01,quinta-feira,06:17:00,MG,40.0,"512,8",RIBEIRAO DAS NEVES,Frear bruscamente,Engavetamento,Sem Vítimas,Pleno dia,Crescente,Céu Claro,Dupla,Reta,Não,3,0,0,0,3,0,0,3,"-19,78946999","-44,11290699",SPRF-MG,DEL01-MG,UOP02-DEL01-MG
367559.0,2021-07-01,quinta-feira,11:50:00,MG,40.0,"522,6",CONTAGEM,Avarias e/ou desgaste excessivo no pneu,Saída de leito carroçável,Com Vítimas Feridas,Pleno dia,Decrescente,Céu Claro,Dupla,Reta,Sim,2,0,1,1,0,0,2,1,"-19,8638731","-44,06749809",SPRF-MG,DEL01-MG,UOP02-DEL01-MG
367599.0,2021-07-01,quinta-feira,15:40:00,MG,50.0,"71,2",UBERLANDIA,Condutor deixou de manter distância do veículo da frente,Colisão traseira,Com Vítimas Feridas,Pleno dia,Crescente,Céu Claro,Dupla,Reta,Sim,5,0,1,0,4,0,1,3,"-18,85140204","-48,25345932",SPRF-MG,DEL15-MG,UOP01-DEL15-MG
367607.0,2021-07-01,quinta-feira,14:00:00,MG,116.0,36,CACHOEIRA DE PAJEU,Velocidade Incompatível,Saída de leito carroçável,Com Vítimas Feridas,Pleno dia,Decrescente,Garoa/Chuvisco,Simples,Curva,Não,1,0,1,0,0,0,1,1,"-15,94950705","-41,40264747",SPRF-MG,DEL11-MG,UOP02-DEL11-MG
367608.0,2021-07-01,quinta-feira,06:30:00,MG,116.0,"84,8",MEDINA,Ultrapassagem Indevida,Saída de leito carroçável,Com Vítimas Feridas,Amanhecer,Decrescente,Garoa/Chuvisco,Simples,Reta,Não,3,0,2,1,0,0,3,1,"-16,30408709","-41,46990681",SPRF-MG,DEL11-MG,UOP02-DEL11-MG
367609.0,2021-07-01,quinta-feira,15:20:00,MG,40.0,583,ITABIRITO,Avarias e/ou desgaste excessivo no pneu,Saída de leito carroçável,Com Vítimas Feridas,Pleno dia,Crescente,Céu Claro,Dupla,Reta,Não,1,0,1,0,0,0,1,1,"-20,31930517","-43,93397532",SPRF-MG,DEL01-MG,UOP02-DEL01-MG
367615.0,2021-07-01,quinta-feira,16:50:00,MG,40.0,686,RESSAQUINHA,Conversão proibida,Colisão transversal,Com Vítimas Feridas,Anoitecer,Crescente,Céu Claro,Simples,Não Informado,Não,2,0,0,1,1,0,1,2,"-21,07382701","-43,766731",SPRF-MG,DEL05-MG,UOP02-DEL05-MG
367620.0,2021-07-01,quinta-feira,17:45:00,MG,50.0,180,UBERABA,Condutor deixou de manter distância do veículo da frente,Tombamento,Com Vítimas Feridas,Anoitecer,Crescente,Céu Claro,Dupla,Curva,Sim,1,0,0,1,0,0,1,1,"-19,77848216","-47,92194709",SPRF-MG,DEL13-MG,UOP01-DEL13-MG
367621.0,2021-07-01,quinta-feira,17:05:00,MG,40.0,"780,4",JUIZ DE FORA,Acessar a via sem observar a presença dos outros veículos,Colisão traseira,Com Vítimas Feridas,Anoitecer,Decrescente,Ignorado,Simples,Reta,Não,2,0,1,0,1,0,1,2,"-21,67939981","-43,44987329",SPRF-MG,DEL05-MG,UOP01-DEL05-MG
367628.0,2021-07-01,quinta-feira,18:00:00,MG,381.0,"821,8",CAREACU,Problema na suspensão,Saída de leito carroçável,Com Vítimas Feridas,Anoitecer,Decrescente,Ignorado,Dupla,Curva,Não,3,0,1,0,2,0,1,1,"-22,11209226","-45,74742779",SPRF-MG,DEL16-MG,UOP01-DEL16-MG
367650.0,2021-07-01,quinta-feira,19:40:00,MG,40.0,"465,8",SETE LAGOAS,Acumulo de areia ou detritos sobre o pavimento,Queda de ocupante de veículo,Com Vítimas Feridas,Anoitecer,Decrescente,Céu Claro,Simples,Retorno Regulamentado,Sim,1,0,1,0,0,0,1,1,"-19,43835777","-44,33103681",SPRF-MG,DEL02-MG,UOP01-DEL02-MG
367675.0,2021-07-01,quinta-feira,17:00:00,MG,381.0,"250,3",SANTANA DO PARAISO,Desrespeitar a preferência no cruzamento,Colisão transversal,Com Vítimas Feridas,Anoitecer,Decrescente,Nublado,Simples,Reta,Sim,2,0,1,0,1,0,1,2,"-19,48378419","-42,55378491",SPRF-MG,DEL06-MG,UOP01-DEL06-MG
367694.0,2021-07-02,sexta-feira,04:45:00,MG,50.0,"58,2",UBERLANDIA,Velocidade Incompatível,Saída de leito carroçável,Sem Vítimas,Plena Noite,Decrescente,Céu Claro,Dupla,Não Informado,Não,1,0,0,0,1,0,0,1,"-18,79947433","-48,23740482",SPRF-MG,DEL15-MG,UOP02-DEL15-MG
367706.0,2021-07-02,sexta-feira,05:25:00,MG,365.0,384,PATOS DE MINAS,Reação tardia ou ineficiente do condutor,Colisão frontal,Com Vítimas Feridas,Amanhecer,Crescente,Céu Claro,Simples,Reta,Não,4,0,1,2,1,0,3,3,"-18,58048314","-46,26999779",SPRF-MG,DEL10-MG,UOP01-DEL10-MG
367715.0,2021-07-02,sexta-feira,05:30:00,MG,40.0,"257,1",SAO GONCALO DO ABAETE,Acessar a via sem observar a presença dos outros veículos,Colisão transversal,Com Vítimas Feridas,Amanhecer,Decrescente,Céu Claro,Simples,Reta,Não,7,0,2,0,5,0,2,2,"-18,13557504","-45,38218",SPRF-MG,DEL14-MG,UOP02-DEL14-MG
367725.0,2021-07-02,sexta-feira,07:10:00,MG,262.0,43,MANHUACU,Condutor deixou de manter distância do veículo da frente,Colisão lateral mesmo sentido,Com Vítimas Feridas,Pleno dia,Crescente,Nublado,Simples,Reta,Não,2,0,1,0,1,0,1,2,"-20,26409492","-42,07800593",SPRF-MG,DEL06-MG,UOP04-DEL06-MG
367732.0,2021-07-02,sexta-feira,07:30:00,MG,40.0,529,CONTAGEM,Trafegar com motocicleta (ou similar) entre as faixas,Colisão lateral mesmo sentido,Com Vítimas Feridas,Pleno dia,Crescente,Céu Claro,Dupla,Reta,Sim,2,0,1,0,1,0,1,2,"-19,91635592","-44,03966566",SPRF-MG,DEL01-MG,UOP02-DEL01-MG
367744.0,2021-05-19,quarta-feira,14:37:00,MG,50.0,29,ARAGUARI,Reação tardia ou ineficiente do condutor,Saída de leito carroçável,Com Vítimas Feridas,Pleno dia,Crescente,Céu Claro,Múltipla,Curva,Não,1,0,1,0,0,0,1,1,"-18,62034416","-48,11087208",SPRF-MG,DEL15-MG,UOP02-DEL15-MG
367800.0,2021-07-02,sexta-feira,13:50:00,MG,116.0,"703,4",MURIAE,Desrespeitar a preferência no cruzamento,Colisão transversal,Com Vítimas Feridas,Pleno dia,Crescente,Sol,Simples,Interseção de vias,Sim,2,0,1,0,1,0,1,2,"-21,12682309","-42,3832189",SPRF-MG,DEL07-MG,UOP02-DEL07-MG
367802.0,2021-07-02,sexta-feira,14:40:00,MG,365.0,"642,2",UBERLANDIA,Avarias e/ou desgaste excessivo no pneu,Queda de ocupante de veículo,Com Vítimas Feridas,Pleno dia,Decrescente,Céu Claro,Dupla,Desvio Temporário,Não,1,0,1,0,0,0,1,1,"-18,8823832","-48,48418103",SPRF-MG,DEL15-MG,UOP01-DEL15-MG
367832.0,2021-07-02,sexta-feira,17:40:00,MG,40.0,525,CONTAGEM,Trafegar com motocicleta (ou similar) entre as faixas,Colisão lateral mesmo sentido,Com Vítimas Feridas,Anoitecer,Decrescente,Céu Claro,Dupla,Reta,Sim,2,0,1,0,1,0,1,2,"-19,8754469","-44,05345586",SPRF-MG,DEL01-MG,UOP02-DEL01-MG
367843.0,2021-07-02,sexta-feira,18:30:00,MG,381.0,510,SAO JOAQUIM DE BICAS,Demais falhas mecânicas ou elétricas,Queda de ocupante de veículo,Com Vítimas Feridas,Plena Noite,Decrescente,Céu Claro,Dupla,Reta,Sim,1,0,1,0,0,0,1,1,"-20,07738209","-44,30434488",SPRF-MG,DEL01-MG,UOP03-DEL01-MG
367845.0,2021-07-02,sexta-feira,18:40:00,MG,381.0,"852,4",POUSO ALEGRE,Ausência de reação do condutor,Colisão traseira,Com Vítimas Fatais,Plena Noite,Decrescente,Céu Claro,Dupla,Reta,Não,3,2,0,0,1,0,0,2,"-22,29622613","-45,89935251",SPRF-MG,DEL16-MG,UOP01-DEL16-MG
367848.0,2021-07-02,sexta-feira,17:00:00,MG,381.0,"428,8",CAETE,Mal súbito do condutor,Colisão traseira,Com Vítimas Feridas,Pleno dia,Decrescente,Céu Claro,Dupla,Curva,Não,4,0,1,0,3,0,1,3,"-19,78885371","-43,70613892",SPRF-MG,DEL01-MG,UOP01-DEL01-MG
367860.0,2021-07-02,sexta-feira,19:30:00,MG,40.0,515,RIBEIRAO DAS NEVES,Ausência de reação do condutor,Colisão traseira,Com Vítimas Feridas,Plena Noite,Decrescente,Céu Claro,Dupla,Não Informado,Sim,4,0,2,0,2,0,2,2,"-19,8090079","-44,09493479",SPRF-MG,DEL01-MG,UOP02-DEL01-MG
367871.0,2021-07-02,sexta-feira,20:00:00,MG,262.0,37,MANHUACU,Trafegar com motocicleta (ou similar) entre as faixas,Colisão lateral mesmo sentido,Com Vítimas Feridas,Plena Noite,Crescente,Céu Claro,Simples,Reta,Sim,2,0,1,0,1,0,1,2,"-20,25748975","-42,03048732",SPRF-MG,DEL06-MG,UOP04-DEL06-MG
367877.0,2021-07-02,sexta-feira,17:40:00,MG,262.0,815,UBERABA,Acessar a via sem observar a presença dos outros veículos,Colisão traseira,Sem Vítimas,Anoitecer,Decrescente,Céu Claro,Dupla,Não Informado,Sim,2,0,0,0,2,0,0,2,"-19,76466268","-48,12500294",SPRF-MG,DEL13-MG,UOP01-DEL13-MG
367881.0,2021-07-02,sexta-feira,20:05:00,MG,116.0,"530,4",CARATINGA,Pedestre cruzava a pista fora da faixa,Atropelamento de Pedestre,Com Vítimas Feridas,Plena Noite,Decrescente,Nublado,Simples,Reta,Sim,2,0,2,0,0,0,2,1,"-19,81067298","-42,13539446",SPRF-MG,DEL06-MG,UOP02-DEL06-MG
367889.0,2021-07-02,sexta-feira,21:20:00,MG,262.0,"359,8",BETIM,Velocidade Incompatível,Tombamento,Com Vítimas Feridas,Plena Noite,Crescente,Céu Claro,Dupla,Reta,Não,2,0,1,1,0,0,2,1,"-19,98332234","-44,20214426",SPRF-MG,DEL01-MG,UOP03-DEL01-MG
367948.0,2021-07-03,sábado,05:03:00,MG,116.0,"524,5",CARATINGA,Transitar na contramão,Queda de ocupante de veículo,Com Vítimas Feridas,Plena Noite,Crescente,Céu Claro,Simples,Interseção de vias,Não,1,0,1,0,0,0,1,1,"-19,75119432","-42,13256836",SPRF-MG,DEL06-MG,UOP02-DEL06-MG
367955.0,2021-07-03,sábado,06:50:00,MG,381.0,490,BETIM,Ausência de reação do condutor,Queda de ocupante de veículo,Com Vítimas Feridas,Pleno dia,Decrescente,Céu Claro,Dupla,Reta,Sim,1,0,1,0,0,0,1,1,"-19,96502819","-44,17422195",SPRF-MG,DEL01-MG,UOP03-DEL01-MG
367971.0,2021-07-03,sábado,07:45:00,MG,116.0,"525,9",CARATINGA,Acessar a via sem observar a presença dos outros veículos,Colisão frontal,Com Vítimas Feridas,Pleno dia,Decrescente,Céu Claro,Simples,Reta,Sim,2,0,2,0,0,0,2,2,"-19,76833785","-42,13105238",SPRF-MG,DEL06-MG,UOP02-DEL06-MG
367973.0,2021-07-03,sábado,06:30:00,MG,116.0,"780,8",LEOPOLDINA,Reação tardia ou ineficiente do condutor,Saída de leito carroçável,Com Vítimas Feridas,Amanhecer,Decrescente,Céu Claro,Simples,Curva,Não,5,0,5,0,0,0,5,1,"-21,61482397","-42,69263203",SPRF-MG,DEL07-MG,UOP01-DEL07-MG
367977.0,2021-07-03,sábado,05:30:00,MG,116.0,"810,4",ALEM PARAIBA,Ingestão de álcool pelo condutor,Saída de leito carroçável,Com Vítimas Feridas,Amanhecer,Crescente,Céu Claro,Simples,Curva,Não,1,0,1,0,0,0,1,1,"-21,8327779","-42,67715755",SPRF-MG,DEL07-MG,UOP01-DEL07-MG
367980.0,2021-07-03,sábado,09:00:00,MG,40.0,"60,9",PARACATU,Reação tardia ou ineficiente do condutor,Saída de leito carroçável,Com Vítimas Feridas,Pleno dia,Crescente,Céu Claro,Simples,Reta,Não,3,0,3,0,0,0,3,1,"-17,31938481","-46,76590061",SPRF-MG,DEL14-MG,UOP01-DEL14-MG
367994.0,2021-07-03,sábado,10:00:00,MG,40.0,"665,3",CARANDAI,Desrespeitar a preferência no cruzamento,Colisão transversal,Com Vítimas Fatais,Pleno dia,Crescente,Sol,Simples,Não Informado,Sim,6,1,4,1,0,0,5,2,"-20,943405","-43,810041",SPRF-MG,DEL05-MG,UOP02-DEL05-MG
367999.0,2021-07-03,sábado,09:30:00,MG,381.0,"185,7",PERIQUITO,Condutor deixou de manter distância do veículo da frente,Colisão traseira,Com Vítimas Feridas,Pleno dia,Crescente,Céu Claro,Simples,Reta,Não,3,0,1,0,2,0,1,2,"-19,07143196","-42,17623006",SPRF-MG,DEL06-MG,UOP01-DEL06-MG
368000.0,2021-07-03,sábado,07:40:00,MG,262.0,"35,4",MANHUACU,Acessar a via sem observar a presença dos outros veículos,Colisão lateral mesmo sentido,Com Vítimas Feridas,Pleno dia,Decrescente,Céu Claro,Simples,Reta,Sim,2,0,1,0,1,0,1,2,"-20,2592562","-42,01698194",SPRF-MG,DEL06-MG,UOP04-DEL06-MG
368001.0,2021-07-03,sábado,10:10:00,MG,50.0,46,ARAGUARI,Obras na pista,Queda de ocupante de veículo,Com Vítimas Feridas,Pleno dia,Crescente,Céu Claro,Dupla,Não Informado,Não,1,0,1,0,0,0,1,1,"-18,72016606","-48,20216392",SPRF-MG,DEL15-MG,UOP02-DEL15-MG
368037.0,2021-07-03,sábado,13:30:00,MG,40.0,528,CONTAGEM,Ausência de reação do condutor,Colisão com objeto,Com Vítimas Fatais,Pleno dia,Crescente,Céu Claro,Dupla,Reta,Sim,2,1,0,1,0,0,1,1,"-19,90883179","-44,04436577",SPRF-MG,DEL01-MG,UOP02-DEL01-MG
368049.0,2021-07-03,sábado,14:40:00,MG,365.0,"612,9",UBERLANDIA,Ausência de reação do condutor,Colisão traseira,Com Vítimas Feridas,Pleno dia,Decrescente,Céu Claro,Simples,Reta,Sim,3,0,1,1,1,0,2,2,"-18,918477","-48,209265",SPRF-MG,DEL15-MG,UOP01-DEL15-MG
368050.0,2021-07-03,sábado,14:00:00,MG,40.0,"511,7",RIBEIRAO DAS NEVES,Manobra de mudança de faixa,Colisão transversal,Com Vítimas Feridas,Pleno dia,Crescente,Céu Claro,Dupla,Retorno Regulamentado,Não,2,0,1,0,1,0,1,2,"-19,78164295","-44,11733194",SPRF-MG,DEL01-MG,UOP02-DEL01-MG
368056.0,2021-07-03,sábado,14:15:00,MG,,,ABRE CAMPO,Acessar a via sem observar a presença dos outros veículos,Colisão frontal,Com Vítimas Feridas,Pleno dia,Não Informado,Céu Claro,Simples,Curva,Não,2,0,1,1,0,0,2,2,"-20,33875205","-42,43160248",SPRF-MG,DEL03-MG,UOP03-DEL03-MG
368078.0,2021-07-03,sábado,14:30:00,MG,262.0,"37,8",MANHUACU,Transitar na contramão,Colisão lateral sentido oposto,Sem Vítimas,Pleno dia,Crescente,Sol,Simples,Curva,Sim,3,0,0,0,2,1,0,2,"-20,25748975","-42,03048732",SPRF-MG,DEL06-MG,UOP04-DEL06-MG
368079.0,2021-07-03,sábado,15:30:00,MG,50.0,12,ARAGUARI,Objeto estático sobre o leito carroçável,Colisão com objeto,Sem Vítimas,Pleno dia,Decrescente,Céu Claro,Dupla,Reta,Não,2,0,0,0,2,0,0,1,"-18,52177385","-48,04049838",SPRF-MG,DEL15-MG,UOP02-DEL15-MG
368102.0,2021-07-03,sábado,18:45:00,MG,40.0,"622,3",CONSELHEIRO LAFAIETE,Acumulo de óleo sobre o pavimento,Queda de ocupante de veículo,Com Vítimas Feridas,Plena Noite,Decrescente,Céu Claro,Simples,Reta,Não,1,0,1,0,0,0,1,1,"-20,601614","-43,806628",SPRF-MG,DEL05-MG,UOP02-DEL05-MG
368107.0,2021-07-03,sábado,19:35:00,MG,116.0,"437,1",ENGENHEIRO CALDAS,Ingestão de álcool pelo condutor,Atropelamento de Pedestre,Com Vítimas Feridas,Plena Noite,Decrescente,Céu Claro,Simples,Reta,Não,2,0,1,1,0,0,2,1,"-19,05204696","-41,99990712",SPRF-MG,DEL06-MG,UOP01-DEL06-MG
368108.0,2021-07-03,sábado,18:40:00,MG,365.0,464,PATROCINIO,Ingestão de álcool pelo condutor,Colisão traseira,Sem Vítimas,Plena Noite,Crescente,Céu Claro,Dupla,Reta,Não,2,0,0,0,2,0,0,2,"-18,89425188","-46,94298207",SPRF-MG,DEL10-MG,UOP01-DEL10-MG
368110.0,2021-07-03,sábado,18:55:00,MG,251.0,468,FRANCISCO SA,Deficiência do Sistema de Iluminação/Sinalização,Colisão traseira,Com Vítimas Feridas,Plena Noite,Crescente,Céu Claro,Simples,Reta,Não,4,0,1,1,2,0,2,2,"-16,48154143","-43,41101901",SPRF-MG,DEL12-MG,UOP01-DEL12-MG
368115.0,2021-07-03,sábado,19:30:00,MG,381.0,609,OLIVEIRA,Reação tardia ou ineficiente do condutor,Colisão traseira,Com Vítimas Feridas,Plena Noite,Decrescente,Céu Claro,Dupla,Reta,Sim,2,0,1,0,1,0,1,2,"-20,70021201","-44,74879926",SPRF-MG,DEL04-MG,UOP01-DEL04-MG
368120.0,2021-07-03,sábado,19:00:00,MG,50.0,161,UBERABA,Demais falhas mecânicas ou elétricas,Saída de leito carroçável,Sem Vítimas,Plena Noite,Crescente,Céu Claro,Dupla,Reta,Não,1,0,0,0,1,0,0,1,"-19,65927188","-48,00251569",SPRF-MG,DEL13-MG,UOP01-DEL13-MG
368122.0,2021-07-03,sábado,20:00:00,MG,381.0,584,CARMOPOLIS DE MINAS,Acessar a via sem observar a presença dos outros veículos,Colisão frontal,Com Vítimas Fatais,Plena Noite,Decrescente,Céu Claro,Dupla,Reta,Não,4,1,0,0,3,0,0,2,"-20,52949002","-44,63874994",SPRF-MG,DEL04-MG,UOP01-DEL04-MG
368123.0,2021-07-03,sábado,20:00:00,MG,381.0,491,BETIM,Manobra de mudança de faixa,Colisão lateral mesmo sentido,Com Vítimas Feridas,Plena Noite,Decrescente,Céu Claro,Dupla,Reta,Não,4,0,1,0,3,0,1,2,"-19,97018187","-44,18210416",SPRF-MG,DEL01-MG,UOP03-DEL01-MG