id,data_inversa,dia_semana,horario,uf,br,km,municipio,causa_acidente,tipo_acidente,classificacao_acidente,fase_dia,sentido_via,condicao_metereologica,tipo_pista,tracado_via,uso_solo,pessoas,mortos,feridos_leves,feridos_graves,ilesos,ignorados,feridos,veiculos,latitude,longitude,regional,delegacia,uop
368168.0,2021-07-03,sábado,23:00:00,MG,40.0,"513,1",RIBEIRAO DAS NEVES,Pedestre cruzava a pista fora da faixa,Atropelamento de Pedestre,Com Vítimas Feridas,Plena Noite,Decrescente,Céu Claro,Dupla,Não Informado,Sim,2,0,0,1,1,0,1,1,"-19,7970544","-44,1080512",SPRF-MG,DEL01-MG,UOP02-DEL01-MG
368171.0,2021-07-03,sábado,20:30:00,MG,262.0,90,ABRE CAMPO,Velocidade Incompatível,Colisão traseira,Com Vítimas Feridas,Plena Noite,Crescente,Céu Claro,Dupla,Rotatória,Não,3,0,2,0,1,0,2,3,"-20,331908","-42,465708",SPRF-MG,DEL03-MG,UOP03-DEL03-MG
368173.0,2021-07-03,sábado,23:00:00,MG,116.0,"521,8",CARATINGA,Ingestão de álcool e/ou substâncias psicoativas pelo pedestre,Tombamento,Com Vítimas Feridas,Plena Noite,Crescente,Nublado,Simples,Curva,Não,1,0,1,0,0,0,1,1,"-19,7341039","-42,13264957",SPRF-MG,DEL06-MG,UOP02-DEL06-MG
368177.0,2021-07-03,sábado,22:00:00,MG,40.0,421,CURVELO,Reação tardia ou ineficiente do condutor,Saída de leito carroçável,Sem Vítimas,Plena Noite,Decrescente,Céu Claro,Simples,Não Informado,Não,1,0,0,0,1,0,0,1,"-19,15478812","-44,55712798",SPRF-MG,DEL02-MG,UOP01-DEL02-MG
368190.0,2021-07-04,domingo,01:05:00,MG,381.0,935,EXTREMA,Ausência de reação do condutor,Saída de leito carroçável,Com Vítimas Feridas,Plena Noite,Decrescente,Céu Claro,Simples,Reta,Não,1,0,1,0,0,0,1,1,"-22,82329661","-46,30805019",SPRF-MG,DEL16-MG,UOP03-DEL16-MG
368191.0,2021-07-04,domingo,00:30:00,MG,40.0,"128,6",JOAO PINHEIRO,Reação tardia ou ineficiente do condutor,Colisão lateral mesmo sentido,Com Vítimas Feridas,Plena Noite,Crescente,Céu Claro,Simples,Reta,Sim,2,0,1,1,0,0,2,2,"-17,70328434","-46,29786047",SPRF-MG,DEL14-MG,UOP01-DEL14-MG
368202.0,2021-07-04,domingo,04:35:00,MG,40.0,"780,8",JUIZ DE FORA,Ingestão de álcool pelo condutor,Saída de leito carroçável,Com Vítimas Feridas,Plena Noite,Crescente,Céu Claro,Dupla,Interseção de vias,Não,4,0,1,1,0,2,2,1,"-21,7026914","-43,4529941",SPRF-MG,DEL05-MG,UOP01-DEL05-MG
368204.0,2021-07-04,domingo,05:00:00,MG,40.0,"769,4",JUIZ DE FORA,Ingestão de álcool pelo condutor,Saída de leito carroçável,Com Vítimas Feridas,Plena Noite,Decrescente,Céu Claro,Simples,Reta,Sim,3,0,3,0,0,0,3,1,"-21,62192545","-43,45461845",SPRF-MG,DEL05-MG,UOP01-DEL05-MG
368226.0,2021-05-22,sábado,17:50:00,MG,365.0,613,UBERLANDIA,Manobra de mudança de faixa,Colisão lateral mesmo sentido,Sem Vítimas,Anoitecer,Decrescente,Chuva,Simples,Reta,Sim,2,0,0,0,1,1,0,2,"-18,884602","-48,26594",SPRF-MG,DEL15-MG,UOP01-DEL15-MG
368235.0,2021-07-04,domingo,06:10:00,MG,381.0,"943,5",EXTREMA,Velocidade Incompatível,Saída de leito carroçável,Com Vítimas Feridas,Amanhecer,Decrescente,Céu Claro,Múltipla,Reta,Não,4,0,3,1,0,0,4,1,"-22,86605259","-46,34857178",SPRF-MG,DEL16-MG,UOP03-DEL16-MG
368237.0,2021-07-04,domingo,08:50:00,MG,116.0,"704,5",MURIAE,Desrespeitar a preferência no cruzamento,Colisão transversal,Com Vítimas Feridas,Pleno dia,Decrescente,Sol,Simples,Interseção de vias,Sim,3,0,1,0,2,0,1,2,"-21,13416858","-42,38722798",SPRF-MG,DEL07-MG,UOP02-DEL07-MG
368247.0,2021-05-14,sexta-feira,17:15:00,MG,365.0,642,UBERLANDIA,Velocidade Incompatível,Capotamento,Com Vítimas Feridas,Pleno dia,Decrescente,Céu Claro,Dupla,Reta,Não,1,0,0,1,0,0,1,1,"-18,8823832","-48,48418103",SPRF-MG,DEL15-MG,UOP01-DEL15-MG
368253.0,2021-05-14,sexta-feira,23:00:00,MG,365.0,613,UBERLANDIA,Velocidade Incompatível,Colisão traseira,Com Vítimas Feridas,Plena Noite,Crescente,Nublado,Simples,Reta,Sim,2,0,1,0,1,0,1,2,"-18,884602","-48,26594",SPRF-MG,DEL15-MG,UOP01-DEL15-MG
368261.0,2021-07-04,domingo,13:50:00,MG,365.0,0,MONTES CLAROS,Ausência de reação do condutor,Queda de ocupante de veículo,Com Vítimas Feridas,Pleno dia,Decrescente,Céu Claro,Simples,Reta,Não,1,0,1,0,0,0,1,1,"-16,716154","-43,863327",SPRF-MG,DEL12-MG,UOP01-DEL12-MG
368272.0,2021-07-04,domingo,14:40:00,MG,381.0,"435,3",SABARA,Acumulo de óleo sobre o pavimento,Tombamento,Com Vítimas Feridas,Pleno dia,Decrescente,Sol,Simples,Não Informado,Não,2,0,1,1,0,0,2,1,"-19,7863028","-43,7341593",SPRF-MG,DEL01-MG,UOP01-DEL01-MG
368273.0,2021-07-04,domingo,15:10:00,MG,146.0,445,MUZAMBINHO,Velocidade Incompatível,Saída de leito carroçável,Com Vítimas Feridas,Pleno dia,Decrescente,Céu Claro,Simples,Curva,Não,2,0,1,0,1,0,1,1,"-21,33654208","-46,55951142",SPRF-MG,DEL09-MG,UOP01-DEL09-MG
368293.0,2021-07-04,domingo,16:00:00,MG,381.0,593,CARMOPOLIS DE MINAS,Velocidade Incompatível,Saída de leito carroçável,Com Vítimas Fatais,Pleno dia,Decrescente,Céu Claro,Dupla,Curva,Não,2,1,0,1,0,0,1,1,"-20,58527993","-44,69380008",SPRF-MG,DEL04-MG,UOP01-DEL04-MG
368314.0,2021-07-04,domingo,16:55:00,MG,50.0,28,ARAGUARI,Ingestão de álcool pelo condutor,Saída de leito carroçável,Sem Vítimas,Pleno dia,Crescente,Céu Claro,Dupla,Não Informado,Não,1,0,0,0,1,0,0,1,"-18,61851284","-48,1028889",SPRF-MG,DEL15-MG,UOP02-DEL15-MG
368318.0,2021-07-04,domingo,18:50:00,MG,381.0,"477,8",CONTAGEM,Manobra de mudança de faixa,Colisão lateral mesmo sentido,Com Vítimas Feridas,Anoitecer,Decrescente,Céu Claro,Dupla,Não Informado,Sim,1,0,0,1,0,0,1,1,"-19,96179268","-44,05041676",SPRF-MG,DEL01-MG,UOP03-DEL01-MG
368319.0,2021-07-04,domingo,19:15:00,MG,40.0,552,NOVA LIMA,Velocidade Incompatível,Colisão traseira,Com Vítimas Feridas,Plena Noite,Decrescente,Céu Claro,Dupla,Reta,Sim,6,0,2,0,4,0,2,4,"-20,06084086","-43,97716423",SPRF-MG,DEL01-MG,UOP02-DEL01-MG
368335.0,2021-07-04,domingo,17:40:00,MG,116.0,"607,1",SAO JOAO DO MANHUACU,Transitar na contramão,Colisão frontal,Com Vítimas Feridas,Anoitecer,Decrescente,Nublado,Simples,Reta,Não,4,0,2,1,0,1,3,2,"-20,38752606","-42,14687854",SPRF-MG,DEL06-MG,UOP04-DEL06-MG
368338.0,2021-07-04,domingo,20:05:00,MG,40.0,"658,1",CARANDAI,Demais falhas mecânicas ou elétricas,Tombamento,Com Vítimas Feridas,Plena Noite,Decrescente,Céu Claro,Simples,Reta,Não,2,0,2,0,0,0,2,1,"-20,88523519","-43,80990585",SPRF-MG,DEL05-MG,UOP02-DEL05-MG
368346.0,2021-07-04,domingo,20:20:00,MG,40.0,509,RIBEIRAO DAS NEVES,Reação tardia ou ineficiente do condutor,Colisão traseira,Com Vítimas Feridas,Plena Noite,Decrescente,Céu Claro,Dupla,Reta,Sim,3,0,1,0,2,0,1,2,"-19,76728744","-44,12855905",SPRF-MG,DEL01-MG,UOP02-DEL01-MG
368349.0,2021-07-04,domingo,20:30:00,MG,365.0,"656,5",UBERLANDIA,Velocidade Incompatível,Queda de ocupante de veículo,Com Vítimas Feridas,Plena Noite,Crescente,Nublado,Dupla,Reta,Não,2,0,1,0,1,0,1,1,"-18,88179209","-48,6075449",SPRF-MG,DEL15-MG,UOP01-DEL15-MG
368350.0,2021-07-04,domingo,19:13:00,MG,262.0,456,NOVA SERRANA,Condutor deixou de manter distância do veículo da frente,Colisão traseira,Com Vítimas Feridas,Plena Noite,Crescente,Nublado,Simples,Reta,Não,2,0,1,0,1,0,1,2,"-19,84401343","-45,04068778",SPRF-MG,DEL08-MG,UOP03-DEL08-MG
368360.0,2021-07-04,domingo,20:30:00,MG,365.0,541,ROMARIA,Velocidade Incompatível,Saída de leito carroçável,Com Vítimas Feridas,Plena Noite,Crescente,Céu Claro,Simples,Interseção de vias,Não,3,0,3,0,0,0,3,1,"-18,93291188","-47,59094623",SPRF-MG,DEL10-MG,UOP01-DEL10-MG
368365.0,2021-07-04,domingo,18:40:00,MG,381.0,300,ANTONIO DIAS,Velocidade Incompatível,Saída de leito carroçável,Com Vítimas Feridas,Anoitecer,Decrescente,Céu Claro,Dupla,Curva,Não,2,0,1,1,0,0,2,1,"-19,636885","-42,89911294",SPRF-MG,DEL03-MG,UOP02-DEL03-MG
368386.0,2021-07-04,domingo,17:50:00,MG,262.0,863,CAMPO FLORIDO,Ausência de reação do condutor,Colisão com objeto,Com Vítimas Feridas,Anoitecer,Crescente,Céu Claro,Dupla,Reta,Não,2,0,1,0,0,1,1,1,"-19,789562","-48,419999",SPRF-MG,DEL13-MG,UOP01-DEL13-MG
368389.0,2021-07-04,domingo,22:15:00,MG,116.0,"414,2",GOVERNADOR VALADARES,Ingestão de álcool e/ou substâncias psicoativas pelo pedestre,Queda de ocupante de veículo,Com Vítimas Feridas,Plena Noite,Crescente,Céu Claro,Dupla,Reta,Não,1,0,1,0,0,0,1,1,"-18,88102703","-41,95910802",SPRF-MG,DEL06-MG,UOP01-DEL06-MG
368410.0,2021-07-04,domingo,20:10:00,MG,153.0,239,FRONTEIRA,Acessar a via sem observar a presença dos outros veículos,Colisão transversal,Com Vítimas Fatais,Plena Noite,Crescente,Céu Claro,Simples,Reta,Sim,6,1,4,0,0,1,4,2,"-20,283735","-49,196402",SPRF-MG,DEL13-MG,UOP02-DEL13-MG
368432.0,2021-07-04,domingo,21:30:00,MG,262.0,"400,3",PARA DE MINAS,Velocidade Incompatível,Colisão com objeto,Com Vítimas Feridas,Plena Noite,Crescente,Céu Claro,Dupla,Reta,Não,1,0,0,1,0,0,1,1,"-19,90293517","-44,54364505",SPRF-MG,DEL01-MG,UOP03-DEL01-MG
368433.0,2021-07-05,segunda-feira,05:50:00,MG,40.0,560,NOVA LIMA,Ausência de reação do condutor,Engavetamento,Com Vítimas Feridas,Amanhecer,Crescente,Céu Claro,Dupla,Reta,Não,6,0,1,0,4,1,1,3,"-20,12725188","-43,96512161",SPRF-MG,DEL01-MG,UOP02-DEL01-MG
368443.0,2021-07-05,segunda-feira,06:10:00,MG,381.0,"404,5",BOM JESUS DO AMPARO,Velocidade Incompatível,Saída de leito carroçável,Com Vítimas Feridas,Amanhecer,Decrescente,Céu Claro,Dupla,Desvio Temporário,Não,3,0,1,0,2,0,1,1,"-19,7490622","-43,54398027",SPRF-MG,DEL01-MG,UOP01-DEL01-MG
368464.0,2021-07-05,segunda-feira,07:25:00,MG,50.0,"174,2",UBERABA,Ausência de reação do condutor,Colisão traseira,Com Vítimas Feridas,Pleno dia,Decrescente,Céu Claro,Dupla,Viaduto,Sim,1,0,1,0,0,0,1,1,"-19,77121212","-47,97353446",SPRF-MG,DEL13-MG,UOP01-DEL13-MG
368497.0,2021-03-19,sexta-feira,13:10:00,MG,40.0,"511,2",RIBEIRAO DAS NEVES,Condutor deixou de manter distância do veículo da frente,Tombamento,Com Vítimas Feridas,Pleno dia,Decrescente,Céu Claro,Dupla,Reta,Sim,2,0,1,0,1,0,1,2,"-19,782945","-44,116148",SPRF-MG,DEL01-MG,UOP02-DEL01-MG
368507.0,2021-07-05,segunda-feira,07:40:00,MG,262.0,647,IBIA,Velocidade Incompatível,Saída de leito carroçável,Com Vítimas Feridas,Pleno dia,Crescente,Céu Claro,Simples,Reta,Não,1,0,0,1,0,0,1,1,"-19,58696273","-46,62151337",SPRF-MG,DEL08-MG,UOP01-DEL08-MG
368517.0,2021-07-05,segunda-feira,12:30:00,MG,365.0,"845,5",SANTA VITORIA,Ausência de reação do condutor,Saída de leito carroçável,Com Vítimas Feridas,Pleno dia,Crescente,Céu Claro,Simples,Reta,Não,2,0,1,1,0,0,2,1,"-18,97554974","-50,2941564",SPRF-MG,DEL15-MG,UOP03-DEL15-MG
368551.0,2021-07-05,segunda-feira,15:15:00,MG,364.0,"30,1",FRUTAL,Acessar a via sem observar a presença dos outros veículos,Colisão transversal,Com Vítimas Feridas,Pleno dia,Crescente,Céu Claro,Simples,Reta,Sim,2,0,0,1,1,0,1,2,"-20,025185","-48,94096",SPRF-MG,DEL13-MG,UOP02-DEL13-MG
368554.0,2021-07-05,segunda-feira,15:50:00,MG,116.0,"542,7",SANTA RITA DE MINAS,Condutor usando celular,Saída de leito carroçável,Com Vítimas Feridas,Pleno dia,Crescente,Céu Claro,Simples,Curva,Não,2,0,2,0,0,0,2,1,"-19,90319206","-42,13408157",SPRF-MG,DEL06-MG,UOP02-DEL06-MG
368564.0,2021-07-05,segunda-feira,06:50:00,MG,262.0,"443,7",NOVA SERRANA,Desrespeitar a preferência no cruzamento,Tombamento,Com Vítimas Feridas,Pleno dia,Crescente,Céu Claro,Simples,Não Informado,Sim,1,0,1,0,0,0,1,1,"-19,88065393","-44,92197102",SPRF-MG,DEL08-MG,UOP03-DEL08-MG
368571.0,2021-07-05,segunda-feira,17:00:00,MG,40.0,526,CONTAGEM,Reação tardia ou ineficiente do condutor,Colisão traseira,Com Vítimas Feridas,Anoitecer,Decrescente,Céu Claro,Dupla,Reta,Sim,2,0,0,1,1,0,1,2,"-19,89255399","-44,04985478",SPRF-MG,DEL01-MG,UOP02-DEL01-MG
368582.0,2021-07-05,segunda-feira,17:30:00,MG,116.0,"621,2",ORIZANIA,Reação tardia ou ineficiente do condutor,Saída de leito carroçável,Com Vítimas Feridas,Anoitecer,Decrescente,Céu Claro,Simples,Curva,Não,1,0,0,1,0,0,1,1,"-20,50546795","-42,19283022",SPRF-MG,DEL07-MG,UOP03-DEL07-MG
368591.0,2021-07-05,segunda-feira,18:15:00,MG,381.0,"489,8",BETIM,Animais na Pista,Atropelamento de Animal,Com Vítimas Feridas,Anoitecer,Crescente,Céu Claro,Dupla,Reta,Sim,1,0,1,0,0,0,1,1,"-19,9598656","-44,15489715",SPRF-MG,DEL01-MG,UOP03-DEL01-MG
368596.0,2021-07-05,segunda-feira,17:45:00,MG,146.0,"518,6",POCOS DE CALDAS,Conversão proibida,Colisão lateral mesmo sentido,Com Vítimas Feridas,Pleno dia,Decrescente,Céu Claro,Simples,Reta,Não,2,0,0,1,1,0,1,2,"-21,80790851","-46,48017168",SPRF-MG,DEL09-MG,UOP01-DEL09-MG
368597.0,2021-07-05,segunda-feira,18:36:00,MG,381.0,"684,4",RIBEIRAO VERMELHO,Manobra de mudança de faixa,Colisão traseira,Com Vítimas Feridas,Plena Noite,Crescente,Céu Claro,Dupla,Curva,Não,3,0,1,0,2,0,1,2,"-21,1604701","-45,11877398",SPRF-MG,DEL04-MG,UOP02-DEL04-MG
368607.0,2021-07-05,segunda-feira,13:50:00,MG,381.0,598,CARMOPOLIS DE MINAS,Mal súbito do condutor,Saída de leito carroçável,Com Vítimas Feridas,Pleno dia,Crescente,Céu Claro,Dupla,Reta,Não,1,0,1,0,0,0,1,1,"-20,60716895","-44,73310303",SPRF-MG,DEL04-MG,UOP01-DEL04-MG
368653.0,2021-07-06,terça-feira,06:50:00,MG,381.0,"452,9",SABARA,Entrada inopinada do pedestre,Atropelamento de Pedestre,Com Vítimas Feridas,Amanhecer,Decrescente,Sol,Simples,Não Informado,Sim,3,0,2,1,0,0,3,1,"-19,84339604","-43,88596993",SPRF-MG,DEL01-MG,UOP01-DEL01-MG
368654.0,2021-07-06,terça-feira,06:45:00,MG,381.0,"484,2",CONTAGEM,Demais falhas mecânicas ou elétricas,Tombamento,Com Vítimas Feridas,Pleno dia,Decrescente,Céu Claro,Dupla,Reta,Sim,2,0,1,1,0,0,2,1,"-19,95924226","-44,09013402",SPRF-MG,DEL01-MG,UOP03-DEL01-MG
368658.0,2021-07-06,terça-feira,06:50:00,MG,40.0,515,RIBEIRAO DAS NEVES,Manobra de mudança de faixa,Colisão lateral mesmo sentido,Com Vítimas Feridas,Pleno dia,Crescente,Céu Claro,Dupla,Não Informado,Sim,2,0,1,0,1,0,1,2,"-19,8090079","-44,09493479",SPRF-MG,DEL01-MG,UOP02-DEL01-MG
368661.0,2021-07-06,terça-feira,07:30:00,MG,381.0,"482,9",BETIM,Demais falhas mecânicas ou elétricas,Colisão com objeto,Com Vítimas Feridas,Pleno dia,Decrescente,Céu Claro,Múltipla,Curva,Sim,4,0,2,0,2,0,2,2,"-19,955532","-44,097209",SPRF-MG,DEL01-MG,UOP03-DEL01-MG
368705.0,2021-07-06,terça-feira,11:45:00,MG,40.0,"195,1",JOAO PINHEIRO,Velocidade Incompatível,Saída de leito carroçável,Com Vítimas Feridas,Pleno dia,Crescente,Céu Claro,Simples,Curva,Não,2,0,0,1,1,0,1,1,"-18,00023672","-45,85150407",SPRF-MG,DEL14-MG,UOP02-DEL14-MG
368722.0,2021-07-06,terça-feira,12:50:00,MG,116.0,"277,1",TEOFILO OTONI,Manobra de mudança de faixa,Colisão lateral mesmo sentido,Com Vítimas Feridas,Pleno dia,Crescente,Céu Claro,Simples,Reta,Sim,2,0,0,1,1,0,1,2,"-17,859945","-41,515144",SPRF-MG,DEL11-MG,UOP01-DEL11-MG
368724.0,2021-07-06,terça-feira,13:50:00,MG,381.0,481,CONTAGEM,Condutor deixou de manter distância do veículo da frente,Colisão traseira,Com Vítimas Feridas,Pleno dia,Decrescente,Céu Claro,Dupla,Reta,Sim,2,0,2,0,0,0,2,2,"-19,95931561","-44,08825597",SPRF-MG,DEL01-MG,UOP03-DEL01-MG
368730.0,2021-07-06,terça-feira,14:40:00,MG,40.0,"611,8",CONGONHAS,Condutor deixou de manter distância do veículo da frente,Colisão traseira,Com Vítimas Feridas,Pleno dia,Decrescente,Céu Claro,Simples,Não Informado,Sim,2,0,0,1,1,0,1,2,"-20,51043545","-43,84039195",SPRF-MG,DEL05-MG,UOP02-DEL05-MG
368733.0,2021-07-06,terça-feira,14:40:00,MG,381.0,"786,9",SAO GONCALO DO SAPUCAI,Velocidade Incompatível,Tombamento,Com Vítimas Feridas,Pleno dia,Decrescente,Nublado,Dupla,Reta,Não,2,0,2,0,0,0,2,1,"-21,89946215","-45,55428277",SPRF-MG,DEL16-MG,UOP02-DEL16-MG
368743.0,2021-07-06,terça-feira,14:35:00,MG,116.0,524,CARATINGA,Acessar a via sem observar a presença dos outros veículos,Colisão lateral mesmo sentido,Com Vítimas Feridas,Pleno dia,Crescente,Céu Claro,Simples,Reta,Sim,2,0,1,0,1,0,1,2,"-19,76027352","-42,13398823",SPRF-MG,DEL06-MG,UOP02-DEL06-MG
368747.0,2021-07-06,terça-feira,15:40:00,MG,40.0,"508,9",RIBEIRAO DAS NEVES,Acessar a via sem observar a presença dos outros veículos,Colisão traseira,Com Vítimas Feridas,Pleno dia,Decrescente,Céu Claro,Dupla,Reta,Sim,3,0,2,0,1,0,2,2,"-19,76061249","-44,1347544",SPRF-MG,DEL01-MG,UOP02-DEL01-MG
368782.0,2021-07-06,terça-feira,18:05:00,MG,364.0,34,FRUTAL,Acessar a via sem observar a presença dos outros veículos,Colisão transversal,Com Vítimas Feridas,Anoitecer,Decrescente,Céu Claro,Simples,Não Informado,Não,3,0,1,0,2,0,1,2,"-19,99894","-48,95211",SPRF-MG,DEL13-MG,UOP02-DEL13-MG
368805.0,2021-07-06,terça-feira,19:00:00,MG,50.0,"179,2",UBERABA,Pista esburacada,Tombamento,Com Vítimas Feridas,Plena Noite,Crescente,Céu Claro,Dupla,Não Informado,Sim,2,0,2,0,0,0,2,1,"-19,77827047","-47,93140998",SPRF-MG,DEL13-MG,UOP01-DEL13-MG
368825.0,2021-07-06,terça-feira,20:00:00,MG,381.0,290,ANTONIO DIAS,Obras na pista,Queda de ocupante de veículo,Com Vítimas Feridas,Plena Noite,Decrescente,Céu Claro,Simples,Reta,Não,1,0,1,0,0,0,1,1,"-19,61946677","-42,80058861",SPRF-MG,DEL03-MG,UOP02-DEL03-MG
368867.0,2021-07-07,quarta-feira,00:14:00,MG,365.0,"705,6",MONTE ALEGRE DE MINAS,Ingestão de álcool ou de substâncias psicoativas pelo pedestre,Colisão com objeto,Sem Vítimas,Plena Noite,Decrescente,Céu Claro,Simples,Interseção de vias,Não,1,0,0,0,1,0,0,1,"-18,87860512","-49,05735612",SPRF-MG,DEL15-MG,UOP03-DEL15-MG
368894.0,2021-07-07,quarta-feira,05:00:00,MG,381.0,705,LAVRAS,Velocidade Incompatível,Capotamento,Com Vítimas Feridas,Amanhecer,Crescente,Nevoeiro/Neblina,Dupla,Curva,Não,2,0,2,0,0,0,2,1,"-21,34965018","-45,17946289",SPRF-MG,DEL04-MG,UOP02-DEL04-MG
368901.0,2021-07-06,terça-feira,14:00:00,MG,381.0,250,SANTANA DO PARAISO,Desrespeitar a preferência no cruzamento,Colisão transversal,Com Vítimas Feridas,Pleno dia,Decrescente,Céu Claro,Simples,Retorno Regulamentado,Sim,2,0,1,0,1,0,1,2,"-19,45381581","-42,52117753",SPRF-MG,DEL06-MG,UOP01-DEL06-MG
368911.0,2021-05-08,sábado,10:40:00,MG,365.0,"625,5",UBERLANDIA,Condutor deixou de manter distância do veículo da frente,Colisão traseira,Sem Vítimas,Pleno dia,Decrescente,Céu Claro,Dupla,Reta,Sim,3,0,0,0,2,1,0,3,"-18,91014346","-48,30649853",SPRF-MG,DEL15-MG,UOP01-DEL15-MG
368915.0,2021-07-03,sábado,20:40:00,MG,262.0,"429,2",SAO GONCALO DO PARA,Condutor Dormindo,Saída de leito carroçável,Com Vítimas Feridas,Plena Noite,Decrescente,Céu Claro,Dupla,Reta,Não,1,0,1,0,0,0,1,1,"-19,88839281","-44,79613504",SPRF-MG,DEL08-MG,UOP03-DEL08-MG
368926.0,2021-07-07,quarta-feira,07:30:00,MG,40.0,517,RIBEIRAO DAS NEVES,Condutor deixou de manter distância do veículo da frente,Colisão traseira,Com Vítimas Feridas,Pleno dia,Crescente,Céu Claro,Dupla,Reta,Não,2,0,1,0,0,1,1,2,"-19,82351202","-44,08438913",SPRF-MG,DEL01-MG,UOP02-DEL01-MG
368927.0,2021-07-07,quarta-feira,09:15:00,MG,365.0,"663,8",MONTE ALEGRE DE MINAS,Demais falhas mecânicas ou elétricas,Queda de ocupante de veículo,Com Vítimas Feridas,Pleno dia,Crescente,Céu Claro,Dupla,Curva,Não,2,0,0,1,1,0,1,1,"-18,89100473","-48,67040895",SPRF-MG,DEL15-MG,UOP01-DEL15-MG
368930.0,2021-07-07,quarta-feira,09:10:00,MG,381.0,"488,1",BETIM,Condutor deixou de manter distância do veículo da frente,Colisão traseira,Com Vítimas Feridas,Pleno dia,Crescente,Céu Claro,Dupla,Reta,Não,3,0,2,0,1,0,2,2,"-19,95785975","-44,1248703",SPRF-MG,DEL01-MG,UOP03-DEL01-MG
368949.0,2021-04-10,sábado,07:00:00,MG,381.0,455,BELO HORIZONTE,Conversão proibida,Colisão frontal,Com Vítimas Feridas,Pleno dia,Decrescente,Céu Claro,Simples,Reta,Não,2,0,0,1,1,0,1,2,"-19,84015547","-43,87615979",SPRF-MG,DEL01-MG,UOP01-DEL01-MG
368960.0,2021-07-07,quarta-feira,12:15:00,MG,381.0,"377,1",SAO GONCALO DO RIO ABAIXO,Ultrapassagem Indevida,Colisão frontal,Com Vítimas Feridas,Pleno dia,Decrescente,Nublado,Simples,Não Informado,Não,4,0,3,0,1,0,3,2,"-19,832064","-43,35244",SPRF-MG,DEL01-MG,UOP01-DEL01-MG
369004.0,2021-07-07,quarta-feira,16:50:00,MG,365.0,"620,8",UBERLANDIA,Condutor deixou de manter distância do veículo da frente,Colisão traseira,Com Vítimas Feridas,Pleno dia,Decrescente,Céu Claro,Dupla,Não Informado,Sim,2,0,1,0,1,0,1,2,"-18,891619","-48,271074",SPRF-MG,DEL15-MG,UOP01-DEL15-MG
369012.0,2021-07-07,quarta-feira,17:00:00,MG,381.0,501,BETIM,Reação tardia ou ineficiente do condutor,Colisão traseira,Com Vítimas Feridas,Anoitecer,Crescente,Céu Claro,Dupla,Reta,Sim,3,0,2,0,1,0,2,2,"-20,02513493","-44,23112709",SPRF-MG,DEL01-MG,UOP03-DEL01-MG
369013.0,2021-07-07,quarta-feira,14:50:00,MG,50.0,115,UBERABA,Velocidade Incompatível,Colisão com objeto,Com Vítimas Feridas,Pleno dia,Decrescente,Céu Claro,Dupla,Curva,Não,1,0,1,0,0,0,1,1,"-19,26611991","-48,12839379",SPRF-MG,DEL13-MG,UOP01-DEL13-MG
369067.0,2021-07-07,quarta-feira,17:30:00,MG,50.0,79,UBERLANDIA,Carga excessiva e/ou mal acondicionada,Saída de leito carroçável,Com Vítimas Feridas,Pleno dia,Crescente,Céu Claro,Dupla,Reta,Sim,1,0,1,0,0,0,1,1,"-18,94792681","-48,21814656",SPRF-MG,DEL15-MG,UOP01-DEL15-MG
369070.0,2021-07-07,quarta-feira,23:15:00,MG,40.0,464,SETE LAGOAS,Avarias e/ou desgaste excessivo no pneu,Saída de leito carroçável,Com Vítimas Fatais,Plena Noite,Decrescente,Céu Claro,Dupla,Não Informado,Não,3,1,0,2,0,0,2,1,"-19,43110896","-44,33657482",SPRF-MG,DEL02-MG,UOP01-DEL02-MG
369078.0,2021-07-07,quarta-feira,17:00:00,MG,,,PARACATU,Acessar a via sem observar a presença dos outros veículos,Colisão lateral mesmo sentido,Com Vítimas Feridas,Pleno dia,Não Informado,Céu Claro,Simples,Rotatória,Sim,2,0,0,1,1,0,1,2,"-17,210789","-46,882526",SPRF-MG,DEL14-MG,UOP01-DEL14-MG
369095.0,2021-07-08,quinta-feira,06:40:00,MG,40.0,517,RIBEIRAO DAS NEVES,Desrespeitar a preferência no cruzamento,Colisão transversal,Com Vítimas Feridas,Pleno dia,Decrescente,Céu Claro,Dupla,Reta,Não,2,0,1,0,1,0,1,2,"-19,82351202","-44,08438913",SPRF-MG,DEL01-MG,UOP02-DEL01-MG
369104.0,2021-07-08,quinta-feira,08:04:00,MG,381.0,499,BETIM,Reação tardia ou ineficiente do condutor,Colisão traseira,Com Vítimas Feridas,Pleno dia,Decrescente,Sol,Dupla,Reta,Sim,2,0,1,0,1,0,1,2,"-20,01792651","-44,2261448",SPRF-MG,DEL01-MG,UOP03-DEL01-MG
369112.0,2021-07-08,quinta-feira,08:40:00,MG,381.0,"940,3",EXTREMA,Acumulo de óleo sobre o pavimento,Atropelamento de Pedestre,Com Vítimas Feridas,Pleno dia,Decrescente,Céu Claro,Dupla,Curva,Sim,4,0,0,2,1,1,2,2,"-22,85421396","-46,33740277",SPRF-MG,DEL16-MG,UOP03-DEL16-MG