id,data_inversa,dia_semana,horario,uf,br,km,municipio,causa_acidente,tipo_acidente,classificacao_acidente,fase_dia,sentido_via,condicao_metereologica,tipo_pista,tracado_via,uso_solo,pessoas,mortos,feridos_leves,feridos_graves,ilesos,ignorados,feridos,veiculos,latitude,longitude,regional,delegacia,uop
369119.0,2021-07-08,quinta-feira,09:05:00,MG,381.0,816,CAREACU,Condutor Dormindo,Saída de leito carroçável,Com Vítimas Feridas,Pleno dia,Crescente,Céu Claro,Dupla,Curva,Não,3,0,2,0,1,0,2,1,"-22,0934877","-45,71077521",SPRF-MG,DEL16-MG,UOP02-DEL16-MG
369130.0,2021-07-08,quinta-feira,07:55:00,MG,365.0,706,MONTE ALEGRE DE MINAS,Demais falhas mecânicas ou elétricas,Incêndio,Sem Vítimas,Pleno dia,Decrescente,Sol,Dupla,Reta,Não,1,0,0,0,1,0,0,1,"-18,879537","-49,05059",SPRF-MG,DEL15-MG,UOP03-DEL15-MG
369131.0,2021-07-08,quinta-feira,09:00:00,MG,365.0,"710,8",MONTE ALEGRE DE MINAS,Ausência de reação do condutor,Colisão traseira,Com Vítimas Feridas,Pleno dia,Crescente,Sol,Simples,Reta,Não,3,0,1,0,2,0,1,2,"-18,879314","-49,096302",SPRF-MG,DEL15-MG,UOP03-DEL15-MG
369170.0,2021-07-08,quinta-feira,11:10:00,MG,381.0,"594,2",CARMOPOLIS DE MINAS,Reação tardia ou ineficiente do condutor,Saída de leito carroçável,Com Vítimas Feridas,Pleno dia,Crescente,Céu Claro,Dupla,Reta,Não,1,0,1,0,0,0,1,1,"-20,59143674","-44,70067816",SPRF-MG,DEL04-MG,UOP01-DEL04-MG
369202.0,2021-07-08,quinta-feira,17:15:00,MG,365.0,"699,5",MONTE ALEGRE DE MINAS,Velocidade Incompatível,Capotamento,Com Vítimas Fatais,Pleno dia,Crescente,Céu Claro,Dupla,Reta,Não,3,1,2,0,0,0,2,1,"-18,879581","-48,989012",SPRF-MG,DEL15-MG,UOP03-DEL15-MG
369214.0,2021-07-08,quinta-feira,18:10:00,MG,40.0,529,CONTAGEM,Trafegar com motocicleta (ou similar) entre as faixas,Atropelamento de Pedestre,Com Vítimas Feridas,Plena Noite,Crescente,Céu Claro,Dupla,Reta,Sim,1,0,1,0,0,0,1,1,"-19,91635592","-44,03966566",SPRF-MG,DEL01-MG,UOP02-DEL01-MG
369217.0,2021-07-08,quinta-feira,18:20:00,MG,146.0,519,POCOS DE CALDAS,Acessar a via sem observar a presença dos outros veículos,Colisão transversal,Com Vítimas Feridas,Plena Noite,Crescente,Céu Claro,Simples,Não Informado,Sim,3,0,1,0,2,0,1,2,"-21,806958","-46,488093",SPRF-MG,DEL09-MG,UOP01-DEL09-MG
369256.0,2021-07-08,quinta-feira,18:00:00,MG,381.0,340,NOVA ERA,Pedestre andava na pista,Atropelamento de Pedestre,Com Vítimas Feridas,Anoitecer,Decrescente,Céu Claro,Simples,Não Informado,Sim,2,0,2,0,0,0,2,1,"-19,84087497","-43,09635354",SPRF-MG,DEL03-MG,UOP01-DEL03-MG
369292.0,2021-07-09,sexta-feira,06:10:00,MG,40.0,514,RIBEIRAO DAS NEVES,Ausência de reação do condutor,Engavetamento,Com Vítimas Feridas,Amanhecer,Crescente,Céu Claro,Dupla,Reta,Sim,8,0,2,0,6,0,2,4,"-19,80151928","-44,10000333",SPRF-MG,DEL01-MG,UOP02-DEL01-MG
369302.0,2021-07-09,sexta-feira,05:45:00,MG,116.0,"527,7",CARATINGA,Desrespeitar a preferência no cruzamento,Colisão transversal,Com Vítimas Feridas,Amanhecer,Decrescente,Céu Claro,Dupla,Reta,Sim,2,0,1,0,1,0,1,2,"-19,78510701","-42,13445297",SPRF-MG,DEL06-MG,UOP02-DEL06-MG
369339.0,2021-07-09,sexta-feira,08:40:00,MG,50.0,167,UBERABA,Velocidade Incompatível,Tombamento,Com Vítimas Feridas,Pleno dia,Crescente,Céu Claro,Dupla,Viaduto,Não,1,0,1,0,0,0,1,1,"-19,709829","-47,98364639",SPRF-MG,DEL13-MG,UOP01-DEL13-MG
369350.0,2021-03-07,domingo,19:00:00,MG,40.0,"57,9",PARACATU,Chuva,Colisão traseira,Com Vítimas Feridas,Plena Noite,Crescente,Chuva,Simples,Reta,Não,2,0,1,0,0,1,1,2,"-17,29349791","-46,77346153",SPRF-MG,DEL14-MG,UOP01-DEL14-MG
369360.0,2021-07-09,sexta-feira,09:20:00,MG,381.0,"752,4",TRES CORACOES,Ausência de reação do condutor,Colisão com objeto,Com Vítimas Feridas,Pleno dia,Decrescente,Céu Claro,Dupla,Não Informado,Não,1,0,1,0,0,0,1,1,"-21,65758774","-45,30148029",SPRF-MG,DEL16-MG,UOP02-DEL16-MG
369383.0,2021-07-09,sexta-feira,13:45:00,MG,116.0,"414,4",GOVERNADOR VALADARES,Acessar a via sem observar a presença dos outros veículos,Colisão transversal,Com Vítimas Feridas,Pleno dia,Crescente,Céu Claro,Dupla,Não Informado,Sim,2,0,1,1,0,0,2,2,"-18,88102703","-41,95910802",SPRF-MG,DEL06-MG,UOP01-DEL06-MG
369386.0,2021-07-05,segunda-feira,16:00:00,MG,116.0,551,SANTA BARBARA DO LESTE,Pedestre andava na pista,Atropelamento de Pedestre,Com Vítimas Feridas,Pleno dia,Decrescente,Céu Claro,Simples,Curva,Não,2,0,0,1,1,0,1,1,"-19,97728983","-42,13901923",SPRF-MG,DEL06-MG,UOP02-DEL06-MG
369391.0,2021-07-09,sexta-feira,07:30:00,MG,116.0,"482,1",DOM CAVATI,Pedestre andava na pista,Atropelamento de Pedestre,Com Vítimas Feridas,Pleno dia,Decrescente,Céu Claro,Simples,Reta,Sim,2,0,1,0,1,0,1,1,"-19,41146103","-42,11788982",SPRF-MG,DEL06-MG,UOP02-DEL06-MG
369410.0,2021-07-09,sexta-feira,15:00:00,MG,116.0,"277,1",TEOFILO OTONI,Ingestão de álcool pelo condutor,Colisão lateral mesmo sentido,Com Vítimas Feridas,Pleno dia,Crescente,Sol,Dupla,Reta,Sim,2,0,1,0,0,1,1,2,"-17,860367","-41,51519",SPRF-MG,DEL11-MG,UOP01-DEL11-MG
369412.0,2021-07-09,sexta-feira,14:50:00,MG,153.0,27,CENTRALINA,Objeto estático sobre o leito carroçável,Colisão traseira,Com Vítimas Feridas,Pleno dia,Crescente,Céu Claro,Dupla,Não Informado,Não,3,0,3,0,0,0,3,2,"-18,6552691","-49,16986317",SPRF-MG,DEL15-MG,UOP03-DEL15-MG
369418.0,2021-07-09,sexta-feira,13:45:00,MG,262.0,823,UBERABA,Avarias e/ou desgaste excessivo no pneu,Saída de leito carroçável,Com Vítimas Feridas,Pleno dia,Decrescente,Sol,Dupla,Reta,Não,1,0,1,0,0,0,1,1,"-19,75760422","-48,1522031",SPRF-MG,DEL13-MG,UOP01-DEL13-MG
369419.0,2021-07-09,sexta-feira,15:50:00,MG,381.0,"911,8",CAMANDUCAIA,Velocidade Incompatível,Colisão com objeto,Sem Vítimas,Pleno dia,Crescente,Sol,Dupla,Curva,Não,1,0,0,0,0,1,0,1,"-22,70332998","-46,11794699",SPRF-MG,DEL16-MG,UOP03-DEL16-MG
369421.0,2021-07-09,sexta-feira,16:00:00,MG,381.0,"293,6",ANTONIO DIAS,Demais falhas mecânicas ou elétricas,Incêndio,Sem Vítimas,Anoitecer,Decrescente,Céu Claro,Simples,Não Informado,Não,1,0,0,0,1,0,0,1,"-19,63854143","-42,81141092",SPRF-MG,DEL03-MG,UOP02-DEL03-MG
369447.0,2021-07-09,sexta-feira,19:00:00,MG,364.0,29,FRUTAL,Manobra de mudança de faixa,Saída de leito carroçável,Com Vítimas Feridas,Plena Noite,Crescente,Céu Claro,Simples,Desvio Temporário,Sim,2,0,0,1,1,0,1,1,"-20,017925","-48,909191",SPRF-MG,DEL13-MG,UOP02-DEL13-MG
369454.0,2021-07-09,sexta-feira,18:35:00,MG,381.0,361,JOAO MONLEVADE,Conversão proibida,Colisão lateral mesmo sentido,Com Vítimas Feridas,Plena Noite,Crescente,Céu Claro,Simples,Curva,Não,4,0,1,1,2,0,2,2,"-19,85881293","-43,234108",SPRF-MG,DEL03-MG,UOP01-DEL03-MG
369463.0,2021-07-09,sexta-feira,19:45:00,MG,50.0,73,UBERLANDIA,Demais falhas mecânicas ou elétricas,Tombamento,Com Vítimas Feridas,Plena Noite,Decrescente,Céu Claro,Dupla,Reta,Sim,2,0,2,0,0,0,2,1,"-18,85140204","-48,25345932",SPRF-MG,DEL15-MG,UOP01-DEL15-MG
369471.0,2021-07-09,sexta-feira,20:00:00,MG,40.0,508,RIBEIRAO DAS NEVES,Condutor deixou de manter distância do veículo da frente,Colisão traseira,Com Vítimas Feridas,Plena Noite,Decrescente,Céu Claro,Dupla,Reta,Não,2,0,1,0,1,0,1,2,"-19,76061249","-44,1347544",SPRF-MG,DEL02-MG,UOP01-DEL02-MG
369474.0,2021-07-09,sexta-feira,19:30:00,MG,381.0,"938,2",EXTREMA,Acessar a via sem observar a presença dos outros veículos,Colisão traseira,Com Vítimas Feridas,Plena Noite,Crescente,Céu Claro,Múltipla,Reta,Sim,3,0,1,0,2,0,1,2,"-22,83909203","-46,32850893",SPRF-MG,DEL16-MG,UOP03-DEL16-MG
369485.0,2021-07-09,sexta-feira,18:45:00,MG,116.0,279,TEOFILO OTONI,Ausência de reação do condutor,Colisão com objeto,Com Vítimas Feridas,Plena Noite,Crescente,Céu Claro,Múltipla,Reta,Sim,2,0,1,0,0,1,1,1,"-17,87634412","-41,52080762",SPRF-MG,DEL11-MG,UOP01-DEL11-MG
369489.0,2021-07-09,sexta-feira,21:00:00,MG,381.0,"484,2",BETIM,Velocidade Incompatível,Colisão com objeto,Com Vítimas Fatais,Plena Noite,Crescente,Céu Claro,Dupla,Não Informado,Sim,2,1,1,0,0,0,1,2,"-19,95905106","-44,09054232",SPRF-MG,DEL01-MG,UOP03-DEL01-MG
369500.0,2021-07-09,sexta-feira,19:00:00,MG,365.0,"700,2",MONTE ALEGRE DE MINAS,Acumulo de areia ou detritos sobre o pavimento,Saída de leito carroçável,Com Vítimas Feridas,Plena Noite,Decrescente,Céu Claro,Dupla,Não Informado,Não,2,0,0,1,0,1,1,1,"-18,88013775","-48,99816201",SPRF-MG,DEL15-MG,UOP03-DEL15-MG
369521.0,2021-07-09,sexta-feira,17:30:00,MG,381.0,"248,4",SANTANA DO PARAISO,Retorno proibido,Colisão transversal,Com Vítimas Feridas,Anoitecer,Crescente,Céu Claro,Simples,Não Informado,Não,2,0,0,1,1,0,1,2,"-19,47088645","-42,53935557",SPRF-MG,DEL06-MG,UOP01-DEL06-MG
369524.0,2021-07-09,sexta-feira,18:45:00,MG,116.0,"256,4",TEOFILO OTONI,Velocidade Incompatível,Colisão com objeto,Com Vítimas Feridas,Plena Noite,Decrescente,Nublado,Simples,Curva,Não,4,0,2,0,2,0,2,1,"-17,694704","-41,484955",SPRF-MG,DEL11-MG,UOP01-DEL11-MG
369537.0,2021-07-10,sábado,03:10:00,MG,40.0,"718,1",BARBACENA,Ingestão de álcool pelo condutor,Capotamento,Com Vítimas Feridas,Plena Noite,Crescente,Nevoeiro/Neblina,Dupla,Curva,Não,2,0,2,0,0,0,2,1,"-21,2656332","-43,65557499",SPRF-MG,DEL05-MG,UOP01-DEL05-MG
369538.0,2021-07-10,sábado,04:00:00,MG,381.0,"726,7",CARMO DA CACHOEIRA,Pedestre andava na pista,Atropelamento de Pedestre,Com Vítimas Fatais,Plena Noite,Crescente,Nublado,Dupla,Reta,Não,2,1,0,0,1,0,0,1,"-21,47686292","-45,2024003",SPRF-MG,DEL04-MG,UOP02-DEL04-MG
369561.0,2021-07-10,sábado,07:05:00,MG,381.0,"0,5",BETIM,Ausência de reação do condutor,Tombamento,Com Vítimas Fatais,Pleno dia,Crescente,Sol,Dupla,Não Informado,Sim,3,1,0,1,1,0,1,2,"-19,97173542","-44,16040421",SPRF-MG,DEL01-MG,UOP03-DEL01-MG
369562.0,2021-07-10,sábado,07:10:00,MG,381.0,"477,9",CONTAGEM,Ausência de reação do condutor,Engavetamento,Com Vítimas Feridas,Pleno dia,Decrescente,Céu Claro,Dupla,Reta,Sim,3,0,1,0,2,0,1,3,"-19,96125819","-44,03723717",SPRF-MG,DEL01-MG,UOP03-DEL01-MG
369565.0,2021-07-05,segunda-feira,18:45:00,MG,116.0,552,SANTA BARBARA DO LESTE,Animais na Pista,Atropelamento de Animal,Com Vítimas Feridas,Plena Noite,Crescente,Céu Claro,Simples,Reta,Sim,1,0,0,1,0,0,1,1,"-19,98476697","-42,1434265",SPRF-MG,DEL06-MG,UOP02-DEL06-MG
369566.0,2021-07-10,sábado,08:05:00,MG,40.0,"437,2",PARAOPEBA,Sinalização mal posicionada,Saída de leito carroçável,Sem Vítimas,Pleno dia,Crescente,Céu Claro,Dupla,Curva,Não,1,0,0,0,1,0,0,1,"-19,23100428","-44,43562244",SPRF-MG,DEL02-MG,UOP01-DEL02-MG
369567.0,2021-07-10,sábado,07:50:00,MG,381.0,342,BELA VISTA DE MINAS,Estacionar ou parar em local proibido,Colisão traseira,Sem Vítimas,Amanhecer,Decrescente,Céu Claro,Simples,Não Informado,Não,2,0,0,0,2,0,0,2,"-19,84962291","-43,10954212",SPRF-MG,DEL03-MG,UOP01-DEL03-MG
369569.0,2021-07-09,sexta-feira,18:30:00,MG,116.0,"551,1",SANTA BARBARA DO LESTE,Reação tardia ou ineficiente do condutor,Saída de leito carroçável,Com Vítimas Feridas,Plena Noite,Decrescente,Céu Claro,Simples,Curva,Não,3,0,3,0,0,0,3,1,"-19,97728983","-42,13901923",SPRF-MG,DEL06-MG,UOP02-DEL06-MG
369573.0,2021-07-10,sábado,09:05:00,MG,116.0,"701,9",MURIAE,Objeto estático sobre o leito carroçável,Tombamento,Com Vítimas Feridas,Pleno dia,Crescente,Céu Claro,Simples,Reta,Sim,1,0,1,0,0,0,1,1,"-21,11084891","-42,3806104",SPRF-MG,DEL07-MG,UOP02-DEL07-MG
369590.0,2021-07-10,sábado,09:15:00,MG,50.0,22,ARAGUARI,Velocidade Incompatível,Tombamento,Com Vítimas Feridas,Pleno dia,Decrescente,Sol,Simples,Não Informado,Não,1,0,1,0,0,0,1,1,"-18,60474","-48,051437",SPRF-MG,DEL15-MG,UOP02-DEL15-MG
369591.0,2021-07-09,sexta-feira,16:30:00,MG,381.0,"163,3",GOVERNADOR VALADARES,Ausência de reação do condutor,Colisão traseira,Com Vítimas Feridas,Pleno dia,Crescente,Céu Claro,Simples,Reta,Não,3,0,0,1,2,0,1,2,"-18,95969298","-42,07583292",SPRF-MG,DEL06-MG,UOP01-DEL06-MG
369601.0,2021-07-10,sábado,11:20:00,MG,40.0,545,NOVA LIMA,Manobra de mudança de faixa,Colisão lateral mesmo sentido,Com Vítimas Feridas,Pleno dia,Decrescente,Céu Claro,Dupla,Reta,Sim,3,0,1,1,0,1,2,2,"-20,00670404","-43,96418668",SPRF-MG,DEL01-MG,UOP02-DEL01-MG
369625.0,2021-07-10,sábado,14:15:00,MG,40.0,509,RIBEIRAO DAS NEVES,Condutor deixou de manter distância do veículo da frente,Colisão traseira,Com Vítimas Feridas,Pleno dia,Crescente,Céu Claro,Dupla,Reta,Não,2,0,1,0,1,0,1,2,"-19,76728744","-44,12855905",SPRF-MG,DEL01-MG,UOP02-DEL01-MG
369632.0,2021-04-05,segunda-feira,17:45:00,MG,116.0,417,GOVERNADOR VALADARES,Acesso irregular,Colisão transversal,Com Vítimas Feridas,Plena Noite,Crescente,Céu Claro,Simples,Reta,Sim,2,0,0,1,1,0,1,2,"-18,90130308","-41,94492414",SPRF-MG,DEL06-MG,UOP01-DEL06-MG
369638.0,2021-07-10,sábado,13:00:00,MG,116.0,"515,8",UBAPORANGA,Reação tardia ou ineficiente do condutor,Saída de leito carroçável,Com Vítimas Feridas,Pleno dia,Crescente,Céu Claro,Simples,Desvio Temporário,Não,1,0,1,0,0,0,1,1,"-19,68778501","-42,11758577",SPRF-MG,DEL06-MG,UOP02-DEL06-MG
369649.0,2021-07-10,sábado,14:30:00,MG,381.0,"452,5",SABARA,Ausência de reação do condutor,Tombamento,Com Vítimas Feridas,Pleno dia,Crescente,Céu Claro,Simples,Curva,Sim,1,0,1,0,0,0,1,1,"-19,83430933","-43,85973126",SPRF-MG,DEL01-MG,UOP01-DEL01-MG
369656.0,2021-07-10,sábado,16:10:00,MG,381.0,"499,3",BETIM,Ausência de reação do condutor,Colisão lateral mesmo sentido,Sem Vítimas,Pleno dia,Decrescente,Céu Claro,Múltipla,Reta,Não,2,0,0,0,2,0,0,2,"-19,9904495","-44,20589447",SPRF-MG,DEL01-MG,UOP03-DEL01-MG
369662.0,2021-07-10,sábado,15:20:00,MG,262.0,476,BOM DESPACHO,Reação tardia ou ineficiente do condutor,Saída de leito carroçável,Com Vítimas Feridas,Pleno dia,Decrescente,Céu Claro,Simples,Reta,Não,1,0,0,1,0,0,1,1,"-19,7879943","-45,21134295",SPRF-MG,DEL08-MG,UOP03-DEL08-MG
369674.0,2021-07-10,sábado,17:40:00,MG,262.0,362,JUATUBA,Reação tardia ou ineficiente do condutor,Saída de leito carroçável,Com Vítimas Feridas,Plena Noite,Decrescente,Céu Claro,Dupla,Reta,Sim,1,0,1,0,0,0,1,1,"-19,97186","-44,28389",SPRF-MG,DEL01-MG,UOP03-DEL01-MG
369685.0,2021-07-10,sábado,19:06:00,MG,50.0,"70,2",UBERLANDIA,Reação tardia ou ineficiente do condutor,Tombamento,Com Vítimas Feridas,Anoitecer,Crescente,Céu Claro,Simples,Interseção de vias,Sim,1,0,1,0,0,0,1,1,"-18,89563974","-48,24740779",SPRF-MG,DEL15-MG,UOP01-DEL15-MG
369686.0,2021-07-10,sábado,18:00:00,MG,381.0,297,ANTONIO DIAS,Pista esburacada,Queda de ocupante de veículo,Com Vítimas Feridas,Anoitecer,Decrescente,Ignorado,Simples,Reta,Não,2,0,2,0,0,0,2,1,"-19,63049511","-42,87799502",SPRF-MG,DEL03-MG,UOP02-DEL03-MG
369705.0,2021-07-10,sábado,15:50:00,MG,40.0,"784,8",JUIZ DE FORA,Reação tardia ou ineficiente do condutor,Saída de leito carroçável,Com Vítimas Feridas,Pleno dia,Crescente,Céu Claro,Dupla,Reta,Não,5,0,5,0,0,0,5,1,"-21,71178893","-43,44743099",SPRF-MG,DEL05-MG,UOP01-DEL05-MG
369726.0,2021-07-10,sábado,20:50:00,MG,381.0,350,JOAO MONLEVADE,Velocidade Incompatível,Tombamento,Com Vítimas Feridas,Plena Noite,Decrescente,Céu Claro,Simples,Não Informado,Não,2,0,2,0,0,0,2,1,"-19,84953832","-43,15779198",SPRF-MG,DEL03-MG,UOP01-DEL03-MG
369733.0,2021-07-10,sábado,11:30:00,MG,116.0,"788,5",LEOPOLDINA,Demais falhas mecânicas ou elétricas,Saída de leito carroçável,Com Vítimas Feridas,Pleno dia,Crescente,Céu Claro,Simples,Curva,Não,3,0,3,0,0,0,3,1,"-21,65956391","-42,72605628",SPRF-MG,DEL07-MG,UOP01-DEL07-MG
369754.0,2021-07-10,sábado,22:45:00,MG,381.0,"482,8",BETIM,Condutor deixou de manter distância do veículo da frente,Colisão traseira,Com Vítimas Feridas,Pleno dia,Crescente,Céu Claro,Dupla,Reta,Sim,3,0,1,0,1,1,1,2,"-19,955532","-44,097209",SPRF-MG,DEL01-MG,UOP03-DEL01-MG
369764.0,2021-07-10,sábado,23:30:00,MG,262.0,802,UBERABA,Condutor deixou de manter distância do veículo da frente,Colisão traseira,Com Vítimas Feridas,Plena Noite,Decrescente,Céu Claro,Dupla,Reta,Sim,2,0,1,0,1,0,1,2,"-19,779234","-47,964844",SPRF-MG,DEL13-MG,UOP01-DEL13-MG
369813.0,2021-07-11,domingo,01:06:00,MG,381.0,"898,7",CAMBUI,Velocidade Incompatível,Saída de leito carroçável,Com Vítimas Feridas,Plena Noite,Decrescente,Ignorado,Dupla,Reta,Sim,2,0,1,0,1,0,1,1,"-22,64587158","-46,08720615",SPRF-MG,DEL16-MG,UOP03-DEL16-MG
369814.0,2021-07-11,domingo,02:00:00,MG,381.0,"482,5",BETIM,Ingestão de álcool pelo condutor,Saída de leito carroçável,Com Vítimas Feridas,Plena Noite,Decrescente,Céu Claro,Múltipla,Não Informado,Sim,1,0,1,0,0,0,1,1,"-19,95903963","-44,07217026",SPRF-MG,DEL01-MG,UOP03-DEL01-MG
369818.0,2021-07-11,domingo,03:50:00,MG,381.0,"592,5",CARMOPOLIS DE MINAS,Condutor Dormindo,Capotamento,Com Vítimas Feridas,Plena Noite,Decrescente,Ignorado,Dupla,Reta,Não,1,0,1,0,0,0,1,1,"-20,57880683","-44,6872411",SPRF-MG,DEL04-MG,UOP01-DEL04-MG
369821.0,2021-07-11,domingo,00:30:00,MG,262.0,409,IGARATINGA,Velocidade Incompatível,Saída de leito carroçável,Com Vítimas Feridas,Plena Noite,Crescente,Céu Claro,Dupla,Curva,Não,2,0,1,1,0,0,2,1,"-19,8901412","-44,62313102",SPRF-MG,DEL08-MG,UOP03-DEL08-MG
369831.0,2021-07-10,sábado,12:45:00,MG,153.0,35,CANAPOLIS,Demais falhas mecânicas ou elétricas,Queda de ocupante de veículo,Com Vítimas Feridas,Pleno dia,Crescente,Sol,Dupla,Reta,Não,2,0,1,0,1,0,1,1,"-18,714819","-49,131468",SPRF-MG,DEL15-MG,UOP03-DEL15-MG
369833.0,2021-07-10,sábado,19:30:00,MG,153.0,"6,3",ARAPORA,Velocidade Incompatível,Colisão traseira,Sem Vítimas,Plena Noite,Crescente,Céu Claro,Simples,Reta,Não,2,0,0,0,1,1,0,2,"-18,469534","-49,18824998",SPRF-MG,DEL15-MG,UOP03-DEL15-MG
369834.0,2021-07-11,domingo,07:00:00,MG,262.0,"638,2",IBIA,Animais na Pista,Queda de ocupante de veículo,Com Vítimas Feridas,Amanhecer,Decrescente,Nublado,Simples,Reta,Não,1,0,0,1,0,0,1,1,"-19,57976803","-46,52571101",SPRF-MG,DEL08-MG,UOP01-DEL08-MG
369836.0,2021-07-11,domingo,01:45:00,MG,365.0,755,ITUIUTABA,Ingestão de substâncias psicoativas pelo condutor,Queda de ocupante de veículo,Com Vítimas Feridas,Plena Noite,Crescente,Céu Claro,Simples,Interseção de vias,Sim,2,0,1,0,0,1,1,1,"-18,94544066","-49,45519209",SPRF-MG,DEL15-MG,UOP03-DEL15-MG
369848.0,2021-07-11,domingo,09:00:00,MG,40.0,"40,8",PARACATU,Acessar a via sem observar a presença dos outros veículos,Colisão transversal,Com Vítimas Feridas,Pleno dia,Crescente,Céu Claro,Simples,Não Informado,Sim,2,0,1,0,1,0,1,2,"-17,2106159","-46,87501431",SPRF-MG,DEL14-MG,UOP01-DEL14-MG
369856.0,2021-07-11,domingo,07:40:00,MG,40.0,524,CONTAGEM,Velocidade Incompatível,Colisão com objeto,Sem Vítimas,Pleno dia,Decrescente,Céu Claro,Dupla,Reta,Sim,1,0,0,0,0,1,0,1,"-19,8754469","-44,05345586",SPRF-MG,DEL01-MG,UOP02-DEL01-MG
369862.0,2021-07-11,domingo,08:45:00,MG,381.0,535,ITATIAIUCU,Velocidade Incompatível,Queda de ocupante de veículo,Com Vítimas Feridas,Pleno dia,Crescente,Céu Claro,Dupla,Reta,Não,1,0,0,1,0,0,1,1,"-20,21567611","-44,39359676",SPRF-MG,DEL04-MG,UOP03-DEL04-MG
369891.0,2021-07-11,domingo,10:00:00,MG,262.0,"802,2",UBERABA,Obstrução na via,Colisão com objeto,Com Vítimas Feridas,Pleno dia,Crescente,Céu Claro,Dupla,Não Informado,Não,1,0,1,0,0,0,1,1,"-19,779234","-47,964844",SPRF-MG,DEL13-MG,UOP01-DEL13-MG
369901.0,2021-07-11,domingo,12:30:00,MG,40.0,"167,7",JOAO PINHEIRO,Demais falhas mecânicas ou elétricas,Incêndio,Sem Vítimas,Pleno dia,Decrescente,Céu Claro,Dupla,Reta,Não,1,0,0,0,1,0,0,1,"-17,92333075","-46,07469484",SPRF-MG,DEL14-MG,UOP02-DEL14-MG
369904.0,2021-07-11,domingo,12:45:00,MG,365.0,"24,2",MONTES CLAROS,Velocidade Incompatível,Saída de leito carroçável,Com Vítimas Fatais,Pleno dia,Decrescente,Céu Claro,Simples,Reta,Não,2,1,0,0,0,1,0,1,"-16,85651501","-44,052111",SPRF-MG,DEL12-MG,UOP01-DEL12-MG
369908.0,2021-07-11,domingo,10:30:00,MG,116.0,"185,2",CARAI,Condutor deixou de manter distância do veículo da frente,Colisão traseira,Com Vítimas Feridas,Pleno dia,Decrescente,Sol,Simples,Curva,Não,3,0,1,0,2,0,1,2,"-17,1000871","-41,49594088",SPRF-MG,DEL11-MG,UOP01-DEL11-MG
369916.0,2021-07-11,domingo,14:25:00,MG,40.0,"768,9",JUIZ DE FORA,Acessar a via sem observar a presença dos outros veículos,Colisão transversal,Com Vítimas Fatais,Pleno dia,Crescente,Céu Claro,Simples,Reta,Sim,6,1,1,1,2,1,2,2,"-21,61786601","-43,45480621",SPRF-MG,DEL05-MG,UOP01-DEL05-MG
369919.0,2021-06-25,sexta-feira,13:00:00,MG,40.0,550,NOVA LIMA,Ausência de reação do condutor,Colisão traseira,Com Vítimas Feridas,Pleno dia,Crescente,Céu Claro,Dupla,Reta,Não,2,0,1,0,0,1,1,2,"-20,0477638","-43,96439441",SPRF-MG,DEL01-MG,UOP02-DEL01-MG
369929.0,2021-07-11,domingo,15:05:00,MG,262.0,"49,8",MANHUACU,Ingestão de álcool e/ou substâncias psicoativas pelo pedestre,Colisão lateral mesmo sentido,Sem Vítimas,Pleno dia,Decrescente,Céu Claro,Simples,Reta,Não,2,0,0,0,2,0,0,2,"-20,24782001","-42,12958192",SPRF-MG,DEL06-MG,UOP04-DEL06-MG
369932.0,2021-07-11,domingo,16:20:00,MG,365.0,"610,5",UBERLANDIA,Entrada inopinada do pedestre,Atropelamento de Pedestre,Com Vítimas Fatais,Pleno dia,Decrescente,Sol,Dupla,Reta,Sim,3,1,0,0,1,1,0,1,"-18,921595","-48,183252",SPRF-MG,DEL15-MG,UOP01-DEL15-MG
369944.0,2021-07-11,domingo,16:30:00,MG,262.0,380,JUATUBA,Reação tardia ou ineficiente do condutor,Tombamento,Com Vítimas Feridas,Pleno dia,Crescente,Céu Claro,Dupla,Curva,Não,2,0,0,2,0,0,2,1,"-19,947864","-44,381226",SPRF-MG,DEL01-MG,UOP03-DEL01-MG
369947.0,2021-07-11,domingo,17:45:00,MG,40.0,479,SETE LAGOAS,Demais falhas mecânicas ou elétricas,Incêndio,Com Vítimas Feridas,Anoitecer,Crescente,Céu Claro,Dupla,Reta,Não,1,0,1,0,0,0,1,1,"-19,53622599","-44,25468498",SPRF-MG,DEL02-MG,UOP01-DEL02-MG
369969.0,2021-07-11,domingo,18:50:00,MG,381.0,328,NOVA ERA,Acessar a via sem observar a presença dos outros veículos,Colisão traseira,Com Vítimas Feridas,Plena Noite,Decrescente,Céu Claro,Dupla,Não Informado,Não,3,0,0,2,1,0,2,2,"-19,75456232","-43,02714055",SPRF-MG,DEL03-MG,UOP01-DEL03-MG
369972.0,2021-07-11,domingo,19:00:00,MG,50.0,179,UBERABA,Ingestão de álcool ou de substâncias psicoativas pelo pedestre,Saída de leito carroçável,Com Vítimas Feridas,Plena Noite,Decrescente,Céu Claro,Dupla,Curva,Não,2,0,0,2,0,0,2,1,"-19,77827047","-47,93140998",SPRF-MG,DEL13-MG,UOP01-DEL13-MG