id,data_inversa,dia_semana,horario,uf,br,km,municipio,causa_acidente,tipo_acidente,classificacao_acidente,fase_dia,sentido_via,condicao_metereologica,tipo_pista,tracado_via,uso_solo,pessoas,mortos,feridos_leves,feridos_graves,ilesos,ignorados,feridos,veiculos,latitude,longitude,regional,delegacia,uop
369975.0,2021-07-11,domingo,19:00:00,MG,40.0,568,NOVA LIMA,Condutor deixou de manter distância do veículo da frente,Colisão traseira,Com Vítimas Feridas,Plena Noite,Decrescente,Céu Claro,Dupla,Reta,Não,2,0,0,1,1,0,1,2,"-20,19509609","-43,97360482",SPRF-MG,DEL01-MG,UOP02-DEL01-MG
369994.0,2021-05-16,domingo,00:20:00,MG,50.0,36,ARAGUARI,Ausência de reação do condutor,Engavetamento,Com Vítimas Feridas,Plena Noite,Crescente,Céu Claro,Dupla,Reta,Sim,4,0,1,1,2,0,2,3,"-18,65453092","-48,14727203",SPRF-MG,DEL15-MG,UOP02-DEL15-MG
370004.0,2021-07-11,domingo,20:00:00,MG,262.0,"661,8",IBIA,Velocidade Incompatível,Colisão com objeto,Sem Vítimas,Plena Noite,Crescente,Céu Claro,Simples,Não Informado,Não,1,0,0,0,1,0,0,1,"-19,57766396","-46,72788197",SPRF-MG,DEL08-MG,UOP01-DEL08-MG
370010.0,2021-07-11,domingo,07:20:00,MG,381.0,"832,8",SAO SEBASTIAO DA BELA VISTA,Ingestão de álcool pelo condutor,Engavetamento,Com Vítimas Feridas,Plena Noite,Crescente,Céu Claro,Dupla,Reta,Não,12,0,4,0,8,0,4,4,"-22,15829896","-45,82738805",SPRF-MG,DEL16-MG,UOP01-DEL16-MG
370028.0,2021-07-11,domingo,20:45:00,MG,116.0,"491,8",INHAPIM,Velocidade Incompatível,Colisão com objeto,Com Vítimas Feridas,Plena Noite,Crescente,Céu Claro,Simples,Curva,Não,1,0,0,1,0,0,1,1,"-19,48334","-42,12988723",SPRF-MG,DEL06-MG,UOP02-DEL06-MG
370040.0,2021-07-11,domingo,20:15:00,MG,40.0,"670,9",CARANDAI,Conversão proibida,Colisão transversal,Com Vítimas Fatais,Plena Noite,Crescente,Céu Claro,Simples,Reta,Não,2,1,0,0,1,0,0,2,"-20,980477","-43,78118",SPRF-MG,DEL05-MG,UOP02-DEL05-MG
370042.0,2021-07-11,domingo,22:00:00,MG,40.0,"613,5",CONGONHAS,Manobra de mudança de faixa,Colisão lateral mesmo sentido,Com Vítimas Feridas,Plena Noite,Decrescente,Céu Claro,Simples,Curva,Não,4,0,2,0,2,0,2,2,"-20,530283","-43,823253",SPRF-MG,DEL05-MG,UOP02-DEL05-MG
370045.0,2021-07-11,domingo,23:10:00,MG,381.0,479,CONTAGEM,Reação tardia ou ineficiente do condutor,Colisão com objeto,Com Vítimas Feridas,Plena Noite,Crescente,Céu Claro,Múltipla,Não Informado,Sim,2,0,1,0,1,0,1,1,"-19,95889605","-44,069202",SPRF-MG,DEL01-MG,UOP03-DEL01-MG
370082.0,2021-07-12,segunda-feira,06:00:00,MG,381.0,366,JOAO MONLEVADE,Ingestão de álcool pelo condutor,Colisão transversal,Com Vítimas Feridas,Amanhecer,Crescente,Céu Claro,Simples,Interseção de vias,Não,3,0,1,0,2,0,1,2,"-19,85100858","-43,21643829",SPRF-MG,DEL03-MG,UOP01-DEL03-MG
370086.0,2021-07-12,segunda-feira,06:25:00,MG,50.0,61,UBERLANDIA,Ausência de reação do condutor,Saída de leito carroçável,Com Vítimas Feridas,Amanhecer,Decrescente,Céu Claro,Dupla,Não Informado,Não,1,0,1,0,0,0,1,1,"-18,81539893","-48,24988246",SPRF-MG,DEL15-MG,UOP02-DEL15-MG
370112.0,2021-07-12,segunda-feira,05:30:00,MG,262.0,"448,3",NOVA SERRANA,Objeto estático sobre o leito carroçável,Eventos atípicos,Com Vítimas Feridas,Amanhecer,Crescente,Céu Claro,Simples,Reta,Não,1,0,0,1,0,0,1,1,"-19,87174184","-44,96984197",SPRF-MG,DEL08-MG,UOP03-DEL08-MG
370114.0,2021-07-11,domingo,07:30:00,MG,40.0,"745,9",SANTOS DUMONT,Velocidade Incompatível,Saída de leito carroçável,Com Vítimas Feridas,Pleno dia,Decrescente,Céu Claro,Simples,Curva,Sim,2,0,1,0,1,0,1,1,"-21,42474901","-43,55706568",SPRF-MG,DEL05-MG,UOP01-DEL05-MG
370130.0,2021-07-12,segunda-feira,08:15:00,MG,40.0,509,RIBEIRAO DAS NEVES,Avarias e/ou desgaste excessivo no pneu,Tombamento,Com Vítimas Feridas,Pleno dia,Crescente,Céu Claro,Dupla,Reta,Sim,1,0,1,0,0,0,1,1,"-19,76728744","-44,12855905",SPRF-MG,DEL01-MG,UOP02-DEL01-MG
370174.0,2021-07-12,segunda-feira,12:30:00,MG,40.0,276,TRES MARIAS,Área urbana sem a presença de local apropriado para a travessia de pedestres,Atropelamento de Pedestre,Com Vítimas Feridas,Pleno dia,Crescente,Céu Claro,Simples,Reta,Sim,2,0,1,0,1,0,1,1,"-18,20602828","-45,23123233",SPRF-MG,DEL14-MG,UOP02-DEL14-MG
370185.0,2021-07-12,segunda-feira,14:20:00,MG,40.0,"521,1",CONTAGEM,Manobra de mudança de faixa,Colisão traseira,Com Vítimas Feridas,Pleno dia,Crescente,Céu Claro,Dupla,Curva,Não,3,0,1,0,1,1,1,2,"-19,85651501","-44,07213222",SPRF-MG,DEL01-MG,UOP02-DEL01-MG
370191.0,2021-07-12,segunda-feira,13:45:00,MG,381.0,"657,2",SANTO ANTONIO DO AMPARO,Reação tardia ou ineficiente do condutor,Saída de leito carroçável,Com Vítimas Feridas,Pleno dia,Crescente,Céu Claro,Dupla,Não Informado,Não,2,0,1,0,1,0,1,1,"-21,01108617","-44,98405087",SPRF-MG,DEL04-MG,UOP02-DEL04-MG
370219.0,2021-07-12,segunda-feira,14:40:00,MG,381.0,481,CONTAGEM,Ausência de reação do condutor,Colisão traseira,Com Vítimas Feridas,Pleno dia,Crescente,Céu Claro,Múltipla,Reta,Sim,3,0,1,0,2,0,1,3,"-19,95931561","-44,08825597",SPRF-MG,DEL01-MG,UOP03-DEL01-MG
370245.0,2021-05-09,domingo,19:00:00,MG,40.0,555,NOVA LIMA,Velocidade Incompatível,Colisão traseira,Sem Vítimas,Anoitecer,Decrescente,Céu Claro,Dupla,Reta,Sim,3,0,0,0,3,0,0,3,"-20,08472706","-43,97697012",SPRF-MG,DEL01-MG,UOP02-DEL01-MG
370255.0,2021-07-12,segunda-feira,19:45:00,MG,262.0,"439,4",NOVA SERRANA,Ausência de reação do condutor,Queda de ocupante de veículo,Com Vítimas Feridas,Plena Noite,Decrescente,Céu Claro,Dupla,Reta,Sim,1,0,0,1,0,0,1,1,"-19,89197285","-44,88685183",SPRF-MG,DEL08-MG,UOP03-DEL08-MG
370302.0,2021-07-13,terça-feira,05:50:00,MG,381.0,"939,2",EXTREMA,Animais na Pista,Colisão com objeto,Com Vítimas Feridas,Amanhecer,Crescente,Céu Claro,Dupla,Reta,Não,1,0,1,0,0,0,1,1,"-22,84701434","-46,33321175",SPRF-MG,DEL16-MG,UOP03-DEL16-MG
370322.0,2021-07-13,terça-feira,08:00:00,MG,365.0,623,UBERLANDIA,Reação tardia ou ineficiente do condutor,Tombamento,Sem Vítimas,Pleno dia,Decrescente,Céu Claro,Dupla,Reta,Sim,1,0,0,0,0,1,0,1,"-18,9100325","-48,30694985",SPRF-MG,DEL15-MG,UOP01-DEL15-MG
370330.0,2021-07-13,terça-feira,09:15:00,MG,354.0,"735,8",POUSO ALTO,Condutor Dormindo,Colisão com objeto,Com Vítimas Feridas,Pleno dia,Crescente,Céu Claro,Simples,Reta,Sim,4,0,1,0,1,2,1,2,"-22,19756752","-44,9732101",SPRF-MG,DEL17-MG,UOP01-DEL17-MG
370339.0,2021-07-13,terça-feira,09:03:00,MG,40.0,762,JUIZ DE FORA,Reação tardia ou ineficiente do condutor,Capotamento,Sem Vítimas,Pleno dia,Crescente,Céu Claro,Simples,Curva,Não,1,0,0,0,1,0,0,1,"-21,5460179","-43,50917993",SPRF-MG,DEL05-MG,UOP01-DEL05-MG
370347.0,2021-07-13,terça-feira,09:00:00,MG,50.0,190,UBERABA,Reação tardia ou ineficiente do condutor,Colisão traseira,Com Vítimas Feridas,Pleno dia,Decrescente,Céu Claro,Dupla,Reta,Não,3,0,1,0,2,0,1,2,"-19,85656422","-47,8695184",SPRF-MG,DEL13-MG,UOP01-DEL13-MG
370360.0,2021-07-13,terça-feira,13:20:00,MG,116.0,419,GOVERNADOR VALADARES,Velocidade Incompatível,Colisão com objeto,Com Vítimas Feridas,Pleno dia,Decrescente,Sol,Simples,Não Informado,Sim,1,0,1,0,0,0,1,1,"-18,92044406","-41,94023945",SPRF-MG,DEL06-MG,UOP01-DEL06-MG
370365.0,2021-04-12,segunda-feira,16:00:00,MG,381.0,158,GOVERNADOR VALADARES,Ausência de reação do condutor,Tombamento,Com Vítimas Feridas,Pleno dia,Decrescente,Céu Claro,Simples,Reta,Sim,1,0,0,1,0,0,1,1,"-18,91795246","-42,01337465",SPRF-MG,DEL06-MG,UOP01-DEL06-MG
370374.0,2021-04-09,sexta-feira,07:10:00,MG,381.0,566,ITAGUARA,Velocidade Incompatível,Queda de ocupante de veículo,Com Vítimas Feridas,Pleno dia,Decrescente,Sol,Dupla,Curva,Não,1,0,1,0,0,0,1,1,"-20,41642409","-44,52998184",SPRF-MG,DEL04-MG,UOP03-DEL04-MG
370379.0,2021-07-13,terça-feira,15:10:00,MG,365.0,"607,7",UBERLANDIA,Ausência de reação do condutor,Colisão com objeto,Com Vítimas Feridas,Pleno dia,Decrescente,Sol,Dupla,Reta,Sim,2,0,1,0,1,0,1,2,"-18,91414242","-48,1739974",SPRF-MG,DEL15-MG,UOP01-DEL15-MG
370391.0,2021-07-13,terça-feira,09:00:00,MG,116.0,"704,8",MURIAE,Área urbana sem a presença de local apropriado para a travessia de pedestres,Atropelamento de Pedestre,Com Vítimas Feridas,Pleno dia,Decrescente,Sol,Simples,Reta,Sim,2,0,1,0,1,0,1,1,"-21,13416858","-42,38722798",SPRF-MG,DEL07-MG,UOP02-DEL07-MG
370403.0,2021-07-13,terça-feira,16:00:00,MG,146.0,513,POCOS DE CALDAS,Carga excessiva e/ou mal acondicionada,Tombamento,Com Vítimas Feridas,Pleno dia,Decrescente,Céu Claro,Simples,Reta,Não,1,0,1,0,0,0,1,1,"-21,79296713","-46,44413352",SPRF-MG,DEL09-MG,UOP01-DEL09-MG
370411.0,2021-07-13,terça-feira,17:50:00,MG,251.0,"437,5",GRAO MOGOL,Acessar a via sem observar a presença dos outros veículos,Colisão transversal,Com Vítimas Feridas,Anoitecer,Crescente,Céu Claro,Simples,Não Informado,Não,3,0,1,1,1,0,2,2,"-16,39529722","-43,20402292",SPRF-MG,DEL12-MG,UOP01-DEL12-MG
370413.0,2021-07-13,terça-feira,16:00:00,MG,262.0,83,ABRE CAMPO,Ultrapassagem Indevida,Colisão frontal,Com Vítimas Feridas,Pleno dia,Crescente,Céu Claro,Simples,Reta,Não,4,0,1,0,3,0,1,2,"-20,33791823","-42,40216697",SPRF-MG,DEL03-MG,UOP03-DEL03-MG
370415.0,2021-07-13,terça-feira,17:30:00,MG,40.0,"630,8",CONSELHEIRO LAFAIETE,Conversão proibida,Colisão transversal,Com Vítimas Feridas,Anoitecer,Crescente,Céu Claro,Simples,Não Informado,Sim,3,0,0,1,1,1,1,2,"-20,6694082","-43,80146027",SPRF-MG,DEL05-MG,UOP02-DEL05-MG
370426.0,2021-07-13,terça-feira,18:45:00,MG,40.0,"597,9",OURO PRETO,Conversão proibida,Colisão transversal,Com Vítimas Feridas,Plena Noite,Crescente,Céu Claro,Simples,Não Informado,Não,2,0,0,1,1,0,1,2,"-20,41730221","-43,88841571",SPRF-MG,DEL05-MG,UOP02-DEL05-MG
370448.0,2021-07-13,terça-feira,18:00:00,MG,116.0,"422,5",ALPERCATA,Conversão proibida,Colisão transversal,Com Vítimas Feridas,Plena Noite,Decrescente,Céu Claro,Simples,Interseção de vias,Não,3,0,0,1,2,0,1,2,"-18,94601944","-41,95023848",SPRF-MG,DEL06-MG,UOP01-DEL06-MG
370454.0,2021-07-13,terça-feira,20:30:00,MG,40.0,"556,7",NOVA LIMA,Velocidade Incompatível,Saída de leito carroçável,Com Vítimas Feridas,Plena Noite,Crescente,Céu Claro,Múltipla,Reta,Sim,4,0,4,0,0,0,4,1,"-20,09356202","-43,97554136",SPRF-MG,DEL01-MG,UOP02-DEL01-MG
370471.0,2021-07-13,terça-feira,18:20:00,MG,116.0,"486,6",DOM CAVATI,Animais na Pista,Atropelamento de Animal,Com Vítimas Feridas,Plena Noite,Decrescente,Céu Claro,Simples,Interseção de vias,Não,2,0,2,0,0,0,2,2,"-19,44118002","-42,12957501",SPRF-MG,DEL06-MG,UOP02-DEL06-MG
370474.0,2021-07-14,quarta-feira,00:10:00,MG,381.0,913,CAMANDUCAIA,Velocidade Incompatível,Colisão com objeto,Com Vítimas Feridas,Plena Noite,Crescente,Céu Claro,Dupla,Curva,Não,1,0,0,1,0,0,1,1,"-22,75390001","-46,146503",SPRF-MG,DEL16-MG,UOP03-DEL16-MG
370488.0,2021-07-14,quarta-feira,06:20:00,MG,116.0,"251,1",TEOFILO OTONI,Condutor Dormindo,Colisão frontal,Com Vítimas Fatais,Amanhecer,Decrescente,Nublado,Simples,Reta,Não,8,2,0,4,0,2,4,2,"-17,65137591","-41,49335386",SPRF-MG,DEL11-MG,UOP01-DEL11-MG
370492.0,2021-07-14,quarta-feira,06:45:00,MG,262.0,357,JUATUBA,Ultrapassagem Indevida,Colisão frontal,Com Vítimas Feridas,Pleno dia,Decrescente,Céu Claro,Simples,Reta,Não,2,0,0,1,1,0,1,2,"-19,98376219","-44,24632072",SPRF-MG,DEL01-MG,UOP03-DEL01-MG
370533.0,2021-07-14,quarta-feira,08:40:00,MG,116.0,729,MURIAE,Animais na Pista,Atropelamento de Animal,Sem Vítimas,Pleno dia,Decrescente,Céu Claro,Simples,Reta,Não,1,0,0,0,1,0,0,1,"-21,30969372","-42,43657622",SPRF-MG,DEL07-MG,UOP02-DEL07-MG
370541.0,2021-07-14,quarta-feira,11:05:00,MG,40.0,696,BARBACENA,Ausência de reação do condutor,Tombamento,Com Vítimas Feridas,Pleno dia,Decrescente,Céu Claro,Simples,Curva,Não,1,0,1,0,0,0,1,1,"-21,17928973","-43,75622749",SPRF-MG,DEL05-MG,UOP02-DEL05-MG
370551.0,2021-07-14,quarta-feira,14:15:00,MG,40.0,"798,9",JUIZ DE FORA,Velocidade Incompatível,Colisão com objeto,Com Vítimas Feridas,Pleno dia,Crescente,Céu Claro,Dupla,Reta,Não,1,0,1,0,0,0,1,1,"-21,81971699","-43,37705799",SPRF-MG,DEL05-MG,UOP01-DEL05-MG
370579.0,2021-07-14,quarta-feira,17:00:00,MG,40.0,"447,7",CAETANOPOLIS,Reação tardia ou ineficiente do condutor,Colisão traseira,Com Vítimas Feridas,Anoitecer,Decrescente,Céu Claro,Dupla,Reta,Sim,2,0,1,0,1,0,1,2,"-19,29359592","-44,38358492",SPRF-MG,DEL02-MG,UOP01-DEL02-MG
370597.0,2021-07-14,quarta-feira,18:00:00,MG,381.0,"489,2",BETIM,Ausência de reação do condutor,Engavetamento,Com Vítimas Feridas,Anoitecer,Crescente,Céu Claro,Múltipla,Reta,Sim,4,0,1,0,3,0,1,3,"-19,95675045","-44,13699389",SPRF-MG,DEL01-MG,UOP03-DEL01-MG
370612.0,2021-07-14,quarta-feira,19:20:00,MG,459.0,"84,5",CONGONHAL,Acessar a via sem observar a presença dos outros veículos,Colisão transversal,Com Vítimas Feridas,Plena Noite,Decrescente,Céu Claro,Simples,Não Informado,Sim,2,0,1,0,1,0,1,2,"-22,153194","-46,06242",SPRF-MG,DEL09-MG,UOP01-DEL09-MG
370616.0,2021-07-14,quarta-feira,18:35:00,MG,40.0,"518,3",RIBEIRAO DAS NEVES,Ausência de reação do condutor,Colisão traseira,Sem Vítimas,Plena Noite,Decrescente,Céu Claro,Dupla,Reta,Sim,2,0,0,0,2,0,0,2,"-19,8321242","-44,08208533",SPRF-MG,DEL01-MG,UOP02-DEL01-MG
370617.0,2021-07-14,quarta-feira,18:55:00,MG,381.0,478,CONTAGEM,Ingestão de álcool pelo condutor,Colisão traseira,Sem Vítimas,Plena Noite,Decrescente,Céu Claro,Dupla,Reta,Sim,2,0,0,0,2,0,0,2,"-19,95826094","-44,05921101",SPRF-MG,DEL01-MG,UOP03-DEL01-MG
370655.0,2021-07-14,quarta-feira,20:30:00,MG,116.0,"710,9",MURIAE,Mal súbito do condutor,Saída de leito carroçável,Com Vítimas Feridas,Plena Noite,Decrescente,Céu Claro,Simples,Reta,Não,1,0,1,0,0,0,1,1,"-21,18310032","-42,37036434",SPRF-MG,DEL07-MG,UOP02-DEL07-MG
370665.0,2021-07-15,quinta-feira,01:30:00,MG,381.0,"486,5",BETIM,Ausência de reação do condutor,Tombamento,Com Vítimas Feridas,Plena Noite,Crescente,Céu Claro,Dupla,Não Informado,Sim,1,0,1,0,0,0,1,1,"-19,95771857","-44,12135124",SPRF-MG,DEL01-MG,UOP03-DEL01-MG
370666.0,2021-07-15,quinta-feira,00:40:00,MG,40.0,522,CONTAGEM,Ausência de reação do condutor,Colisão com objeto,Sem Vítimas,Plena Noite,Decrescente,Céu Claro,Dupla,Reta,Sim,1,0,0,0,0,1,0,1,"-19,8638731","-44,06749809",SPRF-MG,DEL01-MG,UOP02-DEL01-MG
370696.0,2021-07-15,quinta-feira,07:50:00,MG,40.0,520,CONTAGEM,Condutor deixou de manter distância do veículo da frente,Colisão traseira,Com Vítimas Feridas,Plena Noite,Crescente,Céu Claro,Simples,Reta,Não,3,0,1,0,2,0,1,2,"-19,84761911","-44,07276144",SPRF-MG,DEL01-MG,UOP02-DEL01-MG
370704.0,2021-07-15,quinta-feira,08:30:00,MG,116.0,408,GOVERNADOR VALADARES,Demais falhas mecânicas ou elétricas,Tombamento,Com Vítimas Feridas,Pleno dia,Crescente,Nublado,Dupla,Reta,Não,2,0,2,0,0,0,2,1,"-18,84221919","-41,98289416",SPRF-MG,DEL06-MG,UOP01-DEL06-MG
370716.0,2021-07-15,quinta-feira,08:00:00,MG,116.0,"284,1",TEOFILO OTONI,Velocidade Incompatível,Saída de leito carroçável,Com Vítimas Feridas,Pleno dia,Decrescente,Sol,Simples,Reta,Não,1,0,0,1,0,0,1,1,"-17,91853602","-41,52729437",SPRF-MG,DEL11-MG,UOP01-DEL11-MG
370719.0,2021-06-07,segunda-feira,20:14:00,MG,365.0,634,UBERLANDIA,Reação tardia ou ineficiente do condutor,Saída de leito carroçável,Com Vítimas Feridas,Plena Noite,Decrescente,Vento,Dupla,Não Informado,Não,3,0,0,3,0,0,3,1,"-18,894428","-48,406766",SPRF-MG,DEL15-MG,UOP01-DEL15-MG
370748.0,2021-07-15,quinta-feira,10:20:00,MG,356.0,"274,4",EUGENOPOLIS,Condutor deixou de manter distância do veículo da frente,Colisão traseira,Com Vítimas Feridas,Pleno dia,Crescente,Sol,Simples,Curva,Não,2,0,1,0,1,0,1,2,"-21,13526491","-42,29650497",SPRF-MG,DEL07-MG,UOP02-DEL07-MG
370751.0,2021-07-15,quinta-feira,13:55:00,MG,381.0,351,JOAO MONLEVADE,Condutor deixou de manter distância do veículo da frente,Colisão traseira,Com Vítimas Feridas,Pleno dia,Crescente,Céu Claro,Simples,Reta,Não,2,0,1,0,1,0,1,2,"-19,84644336","-43,16611234",SPRF-MG,DEL03-MG,UOP01-DEL03-MG
370754.0,2021-06-04,sexta-feira,21:35:00,MG,365.0,726,MONTE ALEGRE DE MINAS,Condutor Dormindo,Saída de leito carroçável,Sem Vítimas,Plena Noite,Crescente,Céu Claro,Simples,Reta,Não,1,0,0,0,1,0,0,1,"-18,89350281","-49,24240805",SPRF-MG,DEL15-MG,UOP03-DEL15-MG
370791.0,2021-07-15,quinta-feira,17:30:00,MG,40.0,"523,5",CONTAGEM,Manobra de mudança de faixa,Colisão lateral mesmo sentido,Com Vítimas Feridas,Pleno dia,Decrescente,Céu Claro,Dupla,Reta,Sim,2,0,1,0,1,0,1,2,"-19,86874894","-44,05962197",SPRF-MG,DEL01-MG,UOP02-DEL01-MG
370816.0,2021-07-15,quinta-feira,18:40:00,MG,116.0,"277,1",TEOFILO OTONI,Ingestão de álcool pelo condutor,Colisão transversal,Sem Vítimas,Plena Noite,Crescente,Céu Claro,Dupla,Reta,Sim,2,0,0,0,2,0,0,2,"-17,859945","-41,515144",SPRF-MG,DEL11-MG,UOP01-DEL11-MG
370836.0,2021-07-15,quinta-feira,21:30:00,MG,381.0,546,ITATIAIUCU,Acessar a via sem observar a presença dos outros veículos,Atropelamento de Pedestre,Sem Vítimas,Pleno dia,Decrescente,Céu Claro,Dupla,Reta,Não,2,0,0,0,2,0,0,1,"-20,29622787","-44,43842914",SPRF-MG,DEL04-MG,UOP03-DEL04-MG
370839.0,2021-07-15,quinta-feira,18:05:00,MG,381.0,"209,4",NAQUE,Animais na Pista,Atropelamento de Animal,Com Vítimas Feridas,Plena Noite,Decrescente,Céu Claro,Simples,Reta,Não,1,0,1,0,0,0,1,1,"-19,2217212","-42,3220738",SPRF-MG,DEL06-MG,UOP01-DEL06-MG
370867.0,2021-06-13,domingo,22:00:00,MG,153.0,"134,7",PRATA,Condutor Dormindo,Colisão com objeto,Sem Vítimas,Plena Noite,Crescente,Céu Claro,Simples,Reta,Não,1,0,0,0,1,0,0,1,"-19,51436207","-48,84030206",SPRF-MG,DEL15-MG,UOP03-DEL15-MG
370884.0,2021-07-16,sexta-feira,06:45:00,MG,40.0,"274,5",TRES MARIAS,Condutor deixou de manter distância do veículo da frente,Colisão traseira,Com Vítimas Feridas,Pleno dia,Decrescente,Céu Claro,Simples,Reta,Sim,2,0,1,0,1,0,1,2,"-18,19286003","-45,24415203",SPRF-MG,DEL14-MG,UOP02-DEL14-MG
370887.0,2021-06-20,domingo,21:15:00,MG,365.0,679,MONTE ALEGRE DE MINAS,Condutor Dormindo,Saída de leito carroçável,Com Vítimas Feridas,Plena Noite,Decrescente,Céu Claro,Dupla,Reta,Não,2,0,2,0,0,0,2,1,"-18,849754","-48,81474",SPRF-MG,DEL15-MG,UOP01-DEL15-MG
370928.0,2021-07-16,sexta-feira,11:40:00,MG,381.0,940,EXTREMA,Condutor deixou de manter distância do veículo da frente,Colisão traseira,Sem Vítimas,Pleno dia,Crescente,Céu Claro,Dupla,Não Informado,Não,2,0,0,0,2,0,0,2,"-22,859418","-46,339689",SPRF-MG,DEL16-MG,UOP03-DEL16-MG
370940.0,2021-07-16,sexta-feira,12:45:00,MG,50.0,"71,2",UBERLANDIA,Estacionar ou parar em local proibido,Engavetamento,Sem Vítimas,Pleno dia,Crescente,Sol,Múltipla,Não Informado,Sim,3,0,0,0,3,0,0,3,"-18,89054864","-48,25642889",SPRF-MG,DEL15-MG,UOP01-DEL15-MG
370958.0,2021-07-16,sexta-feira,13:00:00,MG,50.0,"69,5",UBERLANDIA,Reação tardia ou ineficiente do condutor,Colisão traseira,Com Vítimas Feridas,Pleno dia,Crescente,Sol,Múltipla,Reta,Sim,3,0,1,0,2,0,1,2,"-18,88657956","-48,26270526",SPRF-MG,DEL15-MG,UOP01-DEL15-MG
370988.0,2021-07-16,sexta-feira,16:20:00,MG,40.0,"485,9",ESMERALDAS,Ultrapassagem Indevida,Saída de leito carroçável,Com Vítimas Feridas,Pleno dia,Crescente,Céu Claro,Dupla,Curva,Sim,1,0,1,0,0,0,1,1,"-19,5896","-44,22723",SPRF-MG,DEL02-MG,UOP01-DEL02-MG
370999.0,2021-07-16,sexta-feira,16:40:00,MG,459.0,"23,7",CALDAS,Pista Escorregadia,Saída de leito carroçável,Com Vítimas Feridas,Pleno dia,Crescente,Nublado,Simples,Curva,Não,2,0,1,0,1,0,1,1,"-21,870333","-46,391647",SPRF-MG,DEL09-MG,UOP01-DEL09-MG
371009.0,2021-07-16,sexta-feira,16:00:00,MG,116.0,704,MURIAE,Acessar a via sem observar a presença dos outros veículos,Colisão transversal,Com Vítimas Feridas,Pleno dia,Crescente,Céu Claro,Simples,Interseção de vias,Não,2,0,1,1,0,0,2,2,"-21,13416858","-42,38722798",SPRF-MG,DEL07-MG,UOP02-DEL07-MG
371010.0,2021-07-16,sexta-feira,14:20:00,MG,116.0,"373,4",FREI INOCENCIO,Ultrapassagem Indevida,Colisão lateral mesmo sentido,Com Vítimas Feridas,Pleno dia,Crescente,Céu Claro,Dupla,Reta,Sim,3,0,1,0,2,0,1,2,"-18,56390406","-41,90695775",SPRF-MG,DEL11-MG,UOP01-DEL11-MG
371020.0,2021-07-16,sexta-feira,17:00:00,MG,40.0,"469,9",SETE LAGOAS,Demais falhas mecânicas ou elétricas,Saída de leito carroçável,Sem Vítimas,Pleno dia,Decrescente,Céu Claro,Múltipla,Curva,Não,1,0,0,0,1,0,0,1,"-19,46285956","-44,29788351",SPRF-MG,DEL02-MG,UOP01-DEL02-MG
371033.0,2021-07-16,sexta-feira,17:15:00,MG,116.0,"115,9",ITAOBIM,Ausência de reação do condutor,Colisão traseira,Com Vítimas Feridas,Anoitecer,Decrescente,Céu Claro,Simples,Reta,Sim,3,0,0,2,1,0,2,2,"-16,56743","-41,505066",SPRF-MG,DEL11-MG,UOP02-DEL11-MG
371037.0,2021-07-16,sexta-feira,19:00:00,MG,364.0,30,FRUTAL,Acessar a via sem observar a presença dos outros veículos,Colisão transversal,Com Vítimas Feridas,Plena Noite,Crescente,Céu Claro,Simples,Reta,Não,4,0,2,1,0,1,3,2,"-20,01437421","-48,91749501",SPRF-MG,DEL13-MG,UOP02-DEL13-MG
371057.0,2021-07-16,sexta-feira,19:30:00,MG,262.0,394,FLORESTAL,Desrespeitar a preferência no cruzamento,Colisão transversal,Com Vítimas Feridas,Plena Noite,Crescente,Céu Claro,Dupla,Reta,Não,2,0,1,0,1,0,1,2,"-19,91870373","-44,49079292",SPRF-MG,DEL01-MG,UOP03-DEL01-MG
371060.0,2021-07-16,sexta-feira,17:40:00,MG,40.0,420,CURVELO,Transitar no acostamento,Saída de leito carroçável,Com Vítimas Feridas,Pleno dia,Decrescente,Céu Claro,Simples,Não Informado,Não,1,0,1,0,0,0,1,1,"-19,15573","-44,56393",SPRF-MG,DEL02-MG,UOP01-DEL02-MG
371070.0,2021-07-16,sexta-feira,21:35:00,MG,116.0,"277,9",TEOFILO OTONI,Desrespeitar a preferência no cruzamento,Colisão transversal,Com Vítimas Feridas,Plena Noite,Crescente,Ignorado,Simples,Reta,Sim,3,0,1,0,2,0,1,2,"-17,859945","-41,515144",SPRF-MG,DEL11-MG,UOP01-DEL11-MG
371111.0,2021-07-17,sábado,03:45:00,MG,116.0,"276,4",TEOFILO OTONI,Ingestão de álcool pelo condutor,Colisão lateral mesmo sentido,Com Vítimas Feridas,Plena Noite,Crescente,Céu Claro,Simples,Reta,Sim,3,0,2,0,0,1,2,2,"-17,85105696","-41,51454492",SPRF-MG,DEL11-MG,UOP01-DEL11-MG
371129.0,2021-06-07,segunda-feira,01:30:00,MG,153.0,"41,9",CANAPOLIS,Ausência de reação do condutor,Capotamento,Sem Vítimas,Plena Noite,Crescente,Nublado,Dupla,Reta,Não,1,0,0,0,0,1,0,1,"-18,7497043","-49,08485322",SPRF-MG,DEL15-MG,UOP03-DEL15-MG