id,data_inversa,dia_semana,horario,uf,br,km,municipio,causa_acidente,tipo_acidente,classificacao_acidente,fase_dia,sentido_via,condicao_metereologica,tipo_pista,tracado_via,uso_solo,pessoas,mortos,feridos_leves,feridos_graves,ilesos,ignorados,feridos,veiculos,latitude,longitude,regional,delegacia,uop
371133.0,2021-07-17,sábado,06:40:00,MG,381.0,"686,3",LAVRAS,Condutor Dormindo,Saída de leito carroçável,Com Vítimas Feridas,Pleno dia,Crescente,Céu Claro,Dupla,Curva,Não,3,0,2,0,1,0,2,1,"-21,20030689","-45,11944438",SPRF-MG,DEL04-MG,UOP02-DEL04-MG
371144.0,2021-07-17,sábado,08:10:00,MG,40.0,"518,4",RIBEIRAO DAS NEVES,Demais falhas mecânicas ou elétricas,Incêndio,Com Vítimas Feridas,Pleno dia,Crescente,Céu Claro,Dupla,Reta,Não,1,0,0,1,0,0,1,1,"-19,8321242","-44,08208533",SPRF-MG,DEL01-MG,UOP02-DEL01-MG
371146.0,2021-07-17,sábado,08:40:00,MG,40.0,414,CURVELO,Desrespeitar a preferência no cruzamento,Colisão transversal,Com Vítimas Feridas,Pleno dia,Decrescente,Céu Claro,Simples,Reta,Não,5,0,2,1,2,0,3,2,"-19,13829649","-44,61526051",SPRF-MG,DEL02-MG,UOP01-DEL02-MG
371152.0,2021-04-04,domingo,09:01:00,MG,381.0,"544,1",ITATIAIUCU,Velocidade Incompatível,Colisão traseira,Com Vítimas Feridas,Pleno dia,Crescente,Sol,Dupla,Reta,Não,2,0,1,0,1,0,1,2,"-20,28193579","-44,42882633",SPRF-MG,DEL04-MG,UOP03-DEL04-MG
371156.0,2021-07-17,sábado,09:00:00,MG,50.0,3,UBERLANDIA,Reação tardia ou ineficiente do condutor,Tombamento,Com Vítimas Feridas,Pleno dia,Decrescente,Céu Claro,Dupla,Não Informado,Não,1,0,1,0,0,0,1,1,"-18,8624327","-48,20903778",SPRF-MG,DEL15-MG,UOP01-DEL15-MG
371163.0,2021-07-17,sábado,10:30:00,MG,40.0,"559,8",NOVA LIMA,Reação tardia ou ineficiente do condutor,Colisão com objeto,Com Vítimas Fatais,Pleno dia,Crescente,Sol,Múltipla,Reta,Sim,1,1,0,0,0,0,0,1,"-20,11861708","-43,96783926",SPRF-MG,DEL01-MG,UOP02-DEL01-MG
371164.0,2021-07-17,sábado,07:30:00,MG,116.0,744,LEOPOLDINA,Demais falhas mecânicas ou elétricas,Saída de leito carroçável,Sem Vítimas,Pleno dia,Crescente,Céu Claro,Simples,Reta,Não,1,0,0,0,1,0,0,1,"-21,42227206","-42,50880191",SPRF-MG,DEL07-MG,UOP01-DEL07-MG
371203.0,2021-07-17,sábado,14:30:00,MG,40.0,"421,7",CURVELO,Acessar a via sem observar a presença dos outros veículos,Atropelamento de Pedestre,Com Vítimas Fatais,Pleno dia,Decrescente,Céu Claro,Simples,Reta,Não,2,1,0,0,1,0,0,2,"-19,15478812","-44,55712798",SPRF-MG,DEL02-MG,UOP01-DEL02-MG
371229.0,2021-07-17,sábado,16:00:00,MG,40.0,"523,4",RIBEIRAO DAS NEVES,Demais falhas mecânicas ou elétricas,Incêndio,Sem Vítimas,Pleno dia,Decrescente,Céu Claro,Dupla,Reta,Sim,1,0,0,0,0,1,0,1,"-19,86874894","-44,05962197",SPRF-MG,DEL01-MG,UOP02-DEL01-MG
371231.0,2021-07-17,sábado,16:00:00,MG,40.0,"369,8",FELIXLANDIA,Demais falhas mecânicas ou elétricas,Eventos atípicos,Com Vítimas Feridas,Plena Noite,Crescente,Céu Claro,Simples,Reta,Não,1,0,1,0,0,0,1,1,"-18,80797985","-44,79616366",SPRF-MG,DEL02-MG,UOP01-DEL02-MG
371232.0,2021-07-17,sábado,17:10:00,MG,262.0,"510,5",LUZ,Objeto estático sobre o leito carroçável,Colisão com objeto,Com Vítimas Fatais,Anoitecer,Crescente,Nublado,Simples,Reta,Não,2,1,1,0,0,0,1,1,"-19,77574127","-45,5287619",SPRF-MG,DEL08-MG,UOP03-DEL08-MG
371238.0,2021-07-17,sábado,13:45:00,MG,365.0,392,PATOS DE MINAS,Condutor deixou de manter distância do veículo da frente,Colisão traseira,Com Vítimas Feridas,Pleno dia,Decrescente,Céu Claro,Simples,Curva,Não,6,0,0,1,5,0,1,2,"-18,64008028","-46,33747013",SPRF-MG,DEL10-MG,UOP01-DEL10-MG
371242.0,2021-07-17,sábado,10:45:00,MG,262.0,823,UBERABA,Reação tardia ou ineficiente do condutor,Tombamento,Com Vítimas Feridas,Pleno dia,Crescente,Céu Claro,Dupla,Reta,Não,2,0,1,0,1,0,1,1,"-19,75760422","-48,1522031",SPRF-MG,DEL13-MG,UOP01-DEL13-MG
371244.0,2021-07-17,sábado,15:55:00,MG,50.0,180,UBERABA,Pedestre andava na pista,Atropelamento de Pedestre,Com Vítimas Feridas,Pleno dia,Decrescente,Céu Claro,Dupla,Interseção de vias,Sim,2,0,1,0,0,1,1,1,"-19,77701286","-47,9220736",SPRF-MG,DEL13-MG,UOP01-DEL13-MG
371246.0,2021-07-17,sábado,15:35:00,MG,356.0,266,MURIAE,Problema com o freio,Tombamento,Com Vítimas Feridas,Pleno dia,Crescente,Céu Claro,Simples,Reta,Sim,2,0,1,1,0,0,2,1,"-21,12670857","-42,37340927",SPRF-MG,DEL07-MG,UOP02-DEL07-MG
371248.0,2021-07-17,sábado,17:10:00,MG,116.0,278,TEOFILO OTONI,Ausência de reação do condutor,Colisão transversal,Com Vítimas Feridas,Anoitecer,Decrescente,Céu Claro,Simples,Interseção de vias,Sim,2,0,1,0,1,0,1,2,"-17,86846089","-41,5171394",SPRF-MG,DEL11-MG,UOP01-DEL11-MG
371253.0,2021-07-17,sábado,18:40:00,MG,381.0,5,BETIM,Ausência de reação do condutor,Colisão frontal,Com Vítimas Feridas,Plena Noite,Crescente,Nublado,Dupla,Curva,Não,4,0,2,2,0,0,4,2,"-19,99007477","-44,19133008",SPRF-MG,DEL01-MG,UOP03-DEL01-MG
371262.0,2021-07-17,sábado,19:10:00,MG,381.0,"754,7",TRES CORACOES,Condutor Dormindo,Saída de leito carroçável,Com Vítimas Feridas,Plena Noite,Decrescente,Céu Claro,Dupla,Curva,Sim,1,0,1,0,0,0,1,1,"-21,68626885","-45,34601116",SPRF-MG,DEL16-MG,UOP02-DEL16-MG
371268.0,2021-07-17,sábado,19:20:00,MG,50.0,81,UBERLANDIA,Velocidade Incompatível,Saída de leito carroçável,Com Vítimas Fatais,Plena Noite,Decrescente,Céu Claro,Simples,Viaduto,Não,1,1,0,0,0,0,0,1,"-18,97155863","-48,21418762",SPRF-MG,DEL15-MG,UOP01-DEL15-MG
371289.0,2021-07-17,sábado,20:20:00,MG,262.0,365,JUATUBA,Pedestre cruzava a pista fora da faixa,Atropelamento de Pedestre,Com Vítimas Feridas,Plena Noite,Crescente,Céu Claro,Dupla,Não Informado,Não,3,0,0,1,1,1,1,2,"-19,97856934","-44,25336717",SPRF-MG,DEL01-MG,UOP03-DEL01-MG
371297.0,2021-07-17,sábado,19:45:00,MG,262.0,802,UBERABA,Demais falhas mecânicas ou elétricas,Incêndio,Sem Vítimas,Plena Noite,Crescente,Céu Claro,Dupla,Reta,Sim,1,0,0,0,1,0,0,1,"-19,77061643","-47,90625393",SPRF-MG,DEL13-MG,UOP01-DEL13-MG
371301.0,2021-07-17,sábado,22:00:00,MG,354.0,"753,8",ITAMONTE,Condutor deixou de manter distância do veículo da frente,Colisão lateral mesmo sentido,Com Vítimas Feridas,Plena Noite,Decrescente,Céu Claro,Simples,Reta,Não,2,0,1,0,1,0,1,2,"-22,30480233","-44,85575196",SPRF-MG,DEL17-MG,UOP01-DEL17-MG
371308.0,2021-07-17,sábado,18:00:00,MG,251.0,"245,8",CURRAL DE DENTRO,Ausência de reação do condutor,Capotamento,Com Vítimas Feridas,Anoitecer,Crescente,Céu Claro,Simples,Reta,Não,1,0,0,1,0,0,1,1,"-15,99103453","-41,8209875",SPRF-MG,DEL11-MG,UOP02-DEL11-MG
371337.0,2021-07-18,domingo,03:30:00,MG,381.0,"501,9",BETIM,Velocidade Incompatível,Capotamento,Com Vítimas Feridas,Plena Noite,Crescente,Nublado,Dupla,Curva,Sim,3,0,1,0,2,0,1,1,"-20,01639648","-44,22301787",SPRF-MG,DEL01-MG,UOP03-DEL01-MG
371343.0,2021-07-18,domingo,00:00:00,MG,381.0,948,EXTREMA,Pedestre andava na pista,Atropelamento de Pedestre,Com Vítimas Feridas,Plena Noite,Decrescente,Céu Claro,Dupla,Reta,Sim,2,0,0,1,1,0,1,1,"-22,87479042","-46,36655782",SPRF-MG,DEL16-MG,UOP03-DEL16-MG
371359.0,2021-07-17,sábado,22:00:00,MG,116.0,419,GOVERNADOR VALADARES,Reação tardia ou ineficiente do condutor,Colisão traseira,Com Vítimas Feridas,Plena Noite,Crescente,Céu Claro,Simples,Reta,Sim,2,0,1,0,1,0,1,2,"-18,92044406","-41,94023945",SPRF-MG,DEL06-MG,UOP01-DEL06-MG
371361.0,2021-07-18,domingo,06:10:00,MG,50.0,179,UBERABA,Ingestão de álcool pelo condutor,Colisão com objeto,Sem Vítimas,Pleno dia,Crescente,Céu Claro,Simples,Reta,Sim,1,0,0,0,1,0,0,1,"-19,77827047","-47,93140998",SPRF-MG,DEL13-MG,UOP01-DEL13-MG
371391.0,2021-07-18,domingo,12:10:00,MG,40.0,552,NOVA LIMA,Ausência de reação do condutor,Colisão traseira,Com Vítimas Feridas,Pleno dia,Decrescente,Céu Claro,Dupla,Reta,Sim,2,0,1,0,1,0,1,2,"-20,06084086","-43,97716423",SPRF-MG,DEL01-MG,UOP02-DEL01-MG
371403.0,2021-06-30,quarta-feira,16:40:00,MG,153.0,81,PRATA,Reação tardia ou ineficiente do condutor,Saída de leito carroçável,Sem Vítimas,Pleno dia,Decrescente,Nublado,Simples,Reta,Não,1,0,0,0,1,0,0,1,"-19,07458012","-49,00127649",SPRF-MG,DEL15-MG,UOP03-DEL15-MG
371404.0,2021-07-18,domingo,09:55:00,MG,116.0,"540,5",SANTA RITA DE MINAS,Acessar a via sem observar a presença dos outros veículos,Colisão transversal,Com Vítimas Fatais,Pleno dia,Crescente,Céu Claro,Simples,Reta,Não,3,1,0,0,1,1,0,2,"-19,886814","-42,13777186",SPRF-MG,DEL06-MG,UOP02-DEL06-MG
371429.0,2021-07-18,domingo,15:45:00,MG,40.0,"704,9",BARBACENA,Demais falhas mecânicas ou elétricas,Saída de leito carroçável,Com Vítimas Feridas,Pleno dia,Crescente,Céu Claro,Dupla,Curva,Não,3,0,3,0,0,0,3,1,"-21,20817","-43,74966601",SPRF-MG,DEL05-MG,UOP02-DEL05-MG
371435.0,2021-07-18,domingo,17:00:00,MG,50.0,73,UBERLANDIA,Condutor deixou de manter distância do veículo da frente,Colisão traseira,Com Vítimas Feridas,Pleno dia,Decrescente,Céu Claro,Dupla,Reta,Sim,2,0,1,0,1,0,1,2,"-18,85140204","-48,25345932",SPRF-MG,DEL15-MG,UOP01-DEL15-MG
371463.0,2021-07-18,domingo,18:40:00,MG,116.0,280,TEOFILO OTONI,Condutor deixou de manter distância do veículo da frente,Colisão traseira,Com Vítimas Feridas,Anoitecer,Decrescente,Céu Claro,Simples,Reta,Não,2,0,2,0,0,0,2,2,"-17,88475805","-41,52257715",SPRF-MG,DEL11-MG,UOP01-DEL11-MG
371477.0,2021-07-18,domingo,19:00:00,MG,40.0,516,RIBEIRAO DAS NEVES,Velocidade Incompatível,Colisão traseira,Com Vítimas Feridas,Plena Noite,Crescente,Céu Claro,Dupla,Reta,Não,4,0,2,0,1,1,2,2,"-19,81628624","-44,08960124",SPRF-MG,DEL01-MG,UOP02-DEL01-MG
371484.0,2021-07-18,domingo,18:40:00,MG,40.0,"513,8",RIBEIRAO DAS NEVES,Ausência de reação do condutor,Colisão traseira,Sem Vítimas,Plena Noite,Crescente,Céu Claro,Dupla,Reta,Sim,3,0,0,0,3,0,0,2,"-19,7970544","-44,1080512",SPRF-MG,DEL01-MG,UOP02-DEL01-MG
371490.0,2021-07-18,domingo,20:45:00,MG,365.0,672,MONTE ALEGRE DE MINAS,Reação tardia ou ineficiente do condutor,Colisão traseira,Com Vítimas Feridas,Plena Noite,Decrescente,Céu Claro,Múltipla,Reta,Não,3,0,1,0,2,0,1,2,"-18,87383013","-48,75091309",SPRF-MG,DEL15-MG,UOP01-DEL15-MG
371512.0,2021-07-18,domingo,17:30:00,MG,116.0,"801,4",ALEM PARAIBA,Reação tardia ou ineficiente do condutor,Saída de leito carroçável,Com Vítimas Feridas,Anoitecer,Crescente,Céu Claro,Simples,Reta,Não,5,0,4,1,0,0,5,1,"-21,77056499","-42,73102799",SPRF-MG,DEL07-MG,UOP01-DEL07-MG
371541.0,2021-07-18,domingo,23:30:00,MG,116.0,"805,9",ALEM PARAIBA,Transitar na contramão,Tombamento,Com Vítimas Fatais,Plena Noite,Crescente,Ignorado,Simples,Reta,Não,1,1,0,0,0,0,0,1,"-21,79939622","-42,70870435",SPRF-MG,DEL07-MG,UOP01-DEL07-MG
371546.0,2021-07-19,segunda-feira,04:15:00,MG,381.0,359,SAO GONCALO DO RIO ABAIXO,Ingestão de álcool pelo condutor,Colisão frontal,Com Vítimas Feridas,Plena Noite,Decrescente,Céu Claro,Simples,Reta,Sim,3,0,2,0,1,0,2,2,"-19,85508542","-43,22309017",SPRF-MG,DEL03-MG,UOP01-DEL03-MG
371552.0,2021-07-19,segunda-feira,06:30:00,MG,381.0,"483,3",BETIM,Ausência de reação do condutor,Engavetamento,Com Vítimas Feridas,Pleno dia,Decrescente,Céu Claro,Dupla,Reta,Sim,4,0,2,0,0,2,2,4,"-19,95915056","-44,09070969",SPRF-MG,DEL01-MG,UOP03-DEL01-MG
371568.0,2021-07-19,segunda-feira,07:50:00,MG,116.0,"527,8",CARATINGA,Reação tardia ou ineficiente do condutor,Queda de ocupante de veículo,Com Vítimas Feridas,Pleno dia,Crescente,Céu Claro,Simples,Interseção de vias,Não,2,0,1,0,1,0,1,1,"-19,78510701","-42,13445297",SPRF-MG,DEL06-MG,UOP02-DEL06-MG
371576.0,2021-07-19,segunda-feira,08:00:00,MG,381.0,490,BETIM,Reação tardia ou ineficiente do condutor,Colisão traseira,Com Vítimas Feridas,Pleno dia,Decrescente,Céu Claro,Múltipla,Reta,Sim,2,0,1,0,1,0,1,2,"-19,96502819","-44,17422195",SPRF-MG,DEL01-MG,UOP03-DEL01-MG
371595.0,2021-05-12,quarta-feira,23:10:00,MG,262.0,811,UBERABA,Condutor deixou de manter distância do veículo da frente,Colisão traseira,Com Vítimas Feridas,Plena Noite,Crescente,Céu Claro,Dupla,Reta,Sim,2,0,0,1,1,0,1,2,"-19,76527861","-48,11638905",SPRF-MG,DEL13-MG,UOP01-DEL13-MG
371619.0,2021-06-09,quarta-feira,07:00:00,MG,365.0,"581,1",ARAGUARI,Ausência de reação do condutor,Colisão transversal,Com Vítimas Feridas,Amanhecer,Crescente,Céu Claro,Simples,Interseção de vias,Não,2,0,1,1,0,0,2,2,"-18,87729555","-47,94545174",SPRF-MG,DEL15-MG,UOP02-DEL15-MG
371623.0,2021-07-03,sábado,18:45:00,MG,40.0,"779,9",JUIZ DE FORA,Entrada inopinada do pedestre,Atropelamento de Pedestre,Com Vítimas Fatais,Plena Noite,Crescente,Céu Claro,Dupla,Reta,Sim,3,1,0,0,1,1,0,1,"-21,67252614","-43,44374992",SPRF-MG,DEL05-MG,UOP01-DEL05-MG
371654.0,2021-07-19,segunda-feira,15:50:00,MG,40.0,431,PARAOPEBA,Demais falhas mecânicas ou elétricas,Capotamento,Com Vítimas Feridas,Pleno dia,Crescente,Céu Claro,Dupla,Reta,Não,5,0,1,0,4,0,1,1,"-19,19728375","-44,47966179",SPRF-MG,DEL02-MG,UOP01-DEL02-MG
371657.0,2021-07-19,segunda-feira,16:00:00,MG,40.0,"623,2",CONSELHEIRO LAFAIETE,Manobra de mudança de faixa,Colisão lateral mesmo sentido,Sem Vítimas,Pleno dia,Crescente,Sol,Simples,Reta,Não,1,0,0,0,1,0,0,1,"-20,605235","-43,807536",SPRF-MG,DEL05-MG,UOP02-DEL05-MG
371660.0,2021-07-19,segunda-feira,13:30:00,MG,381.0,273,CORONEL FABRICIANO,Velocidade Incompatível,Saída de leito carroçável,Com Vítimas Feridas,Pleno dia,Decrescente,Céu Claro,Simples,Curva,Não,2,0,2,0,0,0,2,1,"-19,5389628","-42,67722845",SPRF-MG,DEL03-MG,UOP02-DEL03-MG
371674.0,2021-07-19,segunda-feira,15:20:00,MG,116.0,"276,1",TEOFILO OTONI,Desrespeitar a preferência no cruzamento,Colisão transversal,Com Vítimas Feridas,Pleno dia,Decrescente,Sol,Múltipla,Não Informado,Sim,2,0,1,0,1,0,1,2,"-17,85137021","-41,51442647",SPRF-MG,DEL11-MG,UOP01-DEL11-MG
371677.0,2021-07-19,segunda-feira,17:00:00,MG,262.0,399,PARA DE MINAS,Ingestão de álcool e/ou substâncias psicoativas pelo pedestre,Colisão lateral mesmo sentido,Sem Vítimas,Pleno dia,Crescente,Céu Claro,Múltipla,Reta,Sim,2,0,0,0,2,0,0,2,"-19,88684888","-44,59934235",SPRF-MG,DEL01-MG,UOP03-DEL01-MG
371686.0,2021-07-19,segunda-feira,18:25:00,MG,381.0,866,POUSO ALEGRE,Condutor Dormindo,Saída de leito carroçável,Com Vítimas Feridas,Plena Noite,Decrescente,Céu Claro,Dupla,Não Informado,Não,1,0,1,0,0,0,1,1,"-22,402894","-45,96207",SPRF-MG,DEL16-MG,UOP01-DEL16-MG
371691.0,2021-06-20,domingo,04:30:00,MG,153.0,8,ARAPORA,Condutor Dormindo,Saída de leito carroçável,Com Vítimas Feridas,Plena Noite,Decrescente,Céu Claro,Dupla,Reta,Não,3,0,1,0,2,0,1,1,"-18,48778001","-49,18862284",SPRF-MG,DEL15-MG,UOP03-DEL15-MG
371693.0,2021-07-19,segunda-feira,19:00:00,MG,262.0,754,SACRAMENTO,Entrada inopinada do pedestre,Atropelamento de Pedestre,Com Vítimas Fatais,Plena Noite,Crescente,Céu Claro,Simples,Reta,Não,2,1,0,0,1,0,0,1,"-19,65112859","-47,54557012",SPRF-MG,DEL13-MG,UOP01-DEL13-MG
371695.0,2021-07-19,segunda-feira,17:00:00,MG,262.0,138,RIO CASCA,Acessar a via sem observar a presença dos outros veículos,Colisão frontal,Com Vítimas Feridas,Pleno dia,Decrescente,Céu Claro,Simples,Reta,Não,5,0,2,0,3,0,2,2,"-20,09004736","-42,70739228",SPRF-MG,DEL03-MG,UOP03-DEL03-MG
371706.0,2021-07-19,segunda-feira,17:25:00,MG,381.0,156,GOVERNADOR VALADARES,Animais na Pista,Colisão traseira,Com Vítimas Feridas,Pleno dia,Decrescente,Céu Claro,Simples,Curva,Não,2,0,1,0,1,0,1,2,"-18,90327004","-42,00340423",SPRF-MG,DEL06-MG,UOP01-DEL06-MG
371721.0,2021-07-19,segunda-feira,21:30:00,MG,40.0,"615,2",CONGONHAS,Pedestre andava na pista,Atropelamento de Pedestre,Com Vítimas Feridas,Plena Noite,Crescente,Céu Claro,Simples,Reta,Não,2,0,0,1,0,1,1,1,"-20,543974","-43,820922",SPRF-MG,DEL05-MG,UOP02-DEL05-MG
371746.0,2021-07-20,terça-feira,06:40:00,MG,381.0,"535,3",ITATIAIUCU,Reação tardia ou ineficiente do condutor,Colisão traseira,Com Vítimas Feridas,Amanhecer,Crescente,Céu Claro,Dupla,Reta,Sim,1,0,1,0,0,0,1,1,"-20,21567611","-44,39359676",SPRF-MG,DEL04-MG,UOP03-DEL04-MG
371748.0,2021-07-20,terça-feira,05:30:00,MG,365.0,"162,3",PIRAPORA,Manobra de mudança de faixa,Colisão frontal,Com Vítimas Fatais,Amanhecer,Decrescente,Céu Claro,Simples,Reta,Não,3,1,0,1,1,0,1,2,"-17,366379","-44,93767",SPRF-MG,DEL12-MG,UOP01-DEL12-MG
371751.0,2021-07-20,terça-feira,07:30:00,MG,40.0,"446,4",CAETANOPOLIS,Ausência de reação do condutor,Saída de leito carroçável,Com Vítimas Feridas,Pleno dia,Decrescente,Céu Claro,Múltipla,Reta,Não,1,0,1,0,0,0,1,1,"-19,2914","-44,38601",SPRF-MG,DEL02-MG,UOP01-DEL02-MG
371804.0,2021-07-20,terça-feira,11:35:00,MG,40.0,"149,8",JOAO PINHEIRO,Acessar a via sem observar a presença dos outros veículos,Colisão transversal,Com Vítimas Feridas,Pleno dia,Decrescente,Céu Claro,Simples,Reta,Não,4,0,1,0,3,0,1,2,"-17,78039598","-46,13709081",SPRF-MG,DEL14-MG,UOP02-DEL14-MG
371806.0,2021-07-20,terça-feira,11:45:00,MG,50.0,"99,7",UBERABA,Velocidade Incompatível,Saída de leito carroçável,Com Vítimas Feridas,Pleno dia,Crescente,Sol,Dupla,Curva,Não,5,0,3,2,0,0,5,1,"-19,127352","-48,173278",SPRF-MG,DEL15-MG,UOP01-DEL15-MG
371819.0,2021-07-20,terça-feira,14:49:00,MG,381.0,"780,5",CAMPANHA,Reação tardia ou ineficiente do condutor,Saída de leito carroçável,Com Vítimas Feridas,Pleno dia,Crescente,Sol,Dupla,Reta,Não,2,0,2,0,0,0,2,1,"-21,84206093","-45,51803619",SPRF-MG,DEL16-MG,UOP02-DEL16-MG
371834.0,2021-07-20,terça-feira,15:10:00,MG,40.0,528,CONTAGEM,Reação tardia ou ineficiente do condutor,Colisão lateral mesmo sentido,Com Vítimas Feridas,Pleno dia,Crescente,Céu Claro,Dupla,Reta,Sim,2,0,1,0,1,0,1,2,"-19,90883179","-44,04436577",SPRF-MG,DEL01-MG,UOP02-DEL01-MG
371839.0,2021-07-20,terça-feira,16:00:00,MG,381.0,501,BETIM,Condutor deixou de manter distância do veículo da frente,Engavetamento,Com Vítimas Feridas,Pleno dia,Decrescente,Chuva,Dupla,Reta,Sim,4,0,1,0,3,0,1,4,"-20,03146447","-44,2377893",SPRF-MG,DEL01-MG,UOP03-DEL01-MG
371867.0,2021-07-20,terça-feira,19:10:00,MG,40.0,"416,7",CURVELO,Reação tardia ou ineficiente do condutor,Colisão traseira,Sem Vítimas,Plena Noite,Decrescente,Céu Claro,Simples,Não Informado,Não,2,0,0,0,2,0,0,2,"-19,15557","-44,59602",SPRF-MG,DEL02-MG,UOP01-DEL02-MG
371871.0,2021-07-20,terça-feira,19:10:00,MG,116.0,"415,5",GOVERNADOR VALADARES,Objeto estático sobre o leito carroçável,Colisão com objeto,Com Vítimas Feridas,Plena Noite,Crescente,Nublado,Múltipla,Curva,Sim,2,0,1,0,0,1,1,1,"-18,88401297","-41,94924399",SPRF-MG,DEL06-MG,UOP01-DEL06-MG
371906.0,2021-07-20,terça-feira,22:30:00,MG,40.0,"277,4",TRES MARIAS,Ultrapassagem Indevida,Colisão lateral sentido oposto,Com Vítimas Feridas,Plena Noite,Crescente,Céu Claro,Simples,Curva,Sim,1,0,1,0,0,0,1,1,"-18,21264695","-45,22480595",SPRF-MG,DEL14-MG,UOP02-DEL14-MG
371956.0,2021-07-21,quarta-feira,08:10:00,MG,116.0,"683,8",MURIAE,Condutor Dormindo,Saída de leito carroçável,Com Vítimas Feridas,Pleno dia,Decrescente,Sol,Simples,Curva,Não,1,0,1,0,0,0,1,1,"-20,95751994","-42,34981212",SPRF-MG,DEL07-MG,UOP02-DEL07-MG
371959.0,2021-07-21,quarta-feira,09:20:00,MG,116.0,"416,9",GOVERNADOR VALADARES,Conversão proibida,Colisão transversal,Com Vítimas Feridas,Pleno dia,Crescente,Céu Claro,Simples,Curva,Sim,3,0,2,0,1,0,2,2,"-18,89215187","-41,94699543",SPRF-MG,DEL06-MG,UOP01-DEL06-MG
371988.0,2021-07-21,quarta-feira,11:35:00,MG,262.0,870,CAMPO FLORIDO,Ausência de reação do condutor,Capotamento,Com Vítimas Feridas,Pleno dia,Crescente,Céu Claro,Dupla,Reta,Não,1,0,1,0,0,0,1,1,"-19,77587187","-48,46640595",SPRF-MG,DEL13-MG,UOP01-DEL13-MG
371993.0,2021-07-21,quarta-feira,14:30:00,MG,40.0,"741,4",SANTOS DUMONT,Velocidade Incompatível,Colisão com objeto,Com Vítimas Feridas,Pleno dia,Decrescente,Céu Claro,Simples,Curva,Sim,2,0,0,2,0,0,2,1,"-21,40505399","-43,56732403",SPRF-MG,DEL05-MG,UOP01-DEL05-MG
372014.0,2021-07-21,quarta-feira,15:00:00,MG,40.0,"498,6",ESMERALDAS,Velocidade Incompatível,Colisão com objeto,Sem Vítimas,Pleno dia,Crescente,Céu Claro,Dupla,Reta,Não,1,0,0,0,1,0,0,1,"-19,6889","-44,18",SPRF-MG,DEL02-MG,UOP01-DEL02-MG
372021.0,2021-06-18,sexta-feira,20:30:00,MG,381.0,508,SAO JOAQUIM DE BICAS,Ausência de reação do condutor,Colisão com objeto,Com Vítimas Feridas,Plena Noite,Decrescente,Céu Claro,Dupla,Reta,Não,1,0,1,0,0,0,1,1,"-20,06277698","-44,29329002",SPRF-MG,DEL01-MG,UOP03-DEL01-MG
372059.0,2021-07-21,quarta-feira,19:30:00,MG,262.0,394,PARA DE MINAS,Ausência de reação do condutor,Colisão traseira,Com Vítimas Feridas,Plena Noite,Crescente,Céu Claro,Dupla,Reta,Não,3,0,2,0,1,0,2,2,"-19,91870373","-44,49079292",SPRF-MG,DEL01-MG,UOP03-DEL01-MG
372065.0,2021-07-21,quarta-feira,15:00:00,MG,116.0,"413,9",GOVERNADOR VALADARES,Ausência de reação do condutor,Saída de leito carroçável,Com Vítimas Feridas,Pleno dia,Decrescente,Sol,Simples,Reta,Sim,1,0,1,0,0,0,1,1,"-18,873907","-41,966366",SPRF-MG,DEL06-MG,UOP01-DEL06-MG
372067.0,2021-07-21,quarta-feira,14:45:00,MG,116.0,413,GOVERNADOR VALADARES,Acessar a via sem observar a presença dos outros veículos,Colisão transversal,Com Vítimas Feridas,Pleno dia,Decrescente,Céu Claro,Simples,Interseção de vias,Não,2,0,0,1,1,0,1,2,"-18,873907","-41,966366",SPRF-MG,DEL06-MG,UOP01-DEL06-MG
372069.0,2021-07-21,quarta-feira,20:20:00,MG,116.0,413,GOVERNADOR VALADARES,Acesso irregular,Colisão transversal,Com Vítimas Feridas,Plena Noite,Crescente,Céu Claro,Simples,Reta,Não,3,0,0,2,1,0,2,2,"-18,873907","-41,966366",SPRF-MG,DEL06-MG,UOP01-DEL06-MG
372078.0,2021-07-21,quarta-feira,21:20:00,MG,381.0,509,SAO JOAQUIM DE BICAS,Reação tardia ou ineficiente do condutor,Colisão com objeto,Sem Vítimas,Plena Noite,Decrescente,Céu Claro,Dupla,Reta,Não,1,0,0,0,1,0,0,1,"-20,07008","-44,298819",SPRF-MG,DEL01-MG,UOP03-DEL01-MG
372081.0,2021-07-21,quarta-feira,22:00:00,MG,40.0,"529,9",CONTAGEM,Reação tardia ou ineficiente do condutor,Colisão transversal,Com Vítimas Feridas,Plena Noite,Decrescente,Céu Claro,Dupla,Reta,Sim,3,0,1,1,1,0,2,2,"-19,92064782","-44,0335681",SPRF-MG,DEL01-MG,UOP02-DEL01-MG
372090.0,2021-07-21,quarta-feira,18:50:00,MG,365.0,"755,1",ITUIUTABA,Ausência de reação do condutor,Queda de ocupante de veículo,Com Vítimas Feridas,Plena Noite,Decrescente,Céu Claro,Dupla,Reta,Sim,2,0,1,0,1,0,1,1,"-18,96603909","-49,50568199",SPRF-MG,DEL15-MG,UOP03-DEL15-MG