id,data_inversa,dia_semana,horario,uf,br,km,municipio,causa_acidente,tipo_acidente,classificacao_acidente,fase_dia,sentido_via,condicao_metereologica,tipo_pista,tracado_via,uso_solo,pessoas,mortos,feridos_leves,feridos_graves,ilesos,ignorados,feridos,veiculos,latitude,longitude,regional,delegacia,uop
372104.0,2021-07-19,segunda-feira,21:30:00,MG,381.0,378,SAO GONCALO DO RIO ABAIXO,Ausência de reação do condutor,Colisão lateral mesmo sentido,Com Vítimas Feridas,Plena Noite,Decrescente,Céu Claro,Simples,Curva,Não,2,0,2,0,0,0,2,2,"-19,83376284","-43,36060015",SPRF-MG,DEL01-MG,UOP01-DEL01-MG
372124.0,2021-07-22,quinta-feira,08:00:00,MG,381.0,"479,7",CONTAGEM,Ausência de reação do condutor,Atropelamento de Pedestre,Com Vítimas Feridas,Pleno dia,Decrescente,Sol,Múltipla,Reta,Sim,3,0,2,0,1,0,2,2,"-19,95889605","-44,069202",SPRF-MG,DEL01-MG,UOP03-DEL01-MG
372163.0,2021-07-22,quinta-feira,10:40:00,MG,381.0,652,SANTO ANTONIO DO AMPARO,Velocidade Incompatível,Saída de leito carroçável,Com Vítimas Feridas,Pleno dia,Crescente,Céu Claro,Dupla,Reta,Não,1,0,0,1,0,0,1,1,"-20,98384831","-44,94479972",SPRF-MG,DEL04-MG,UOP02-DEL04-MG
372180.0,2021-07-22,quinta-feira,11:20:00,MG,356.0,269,MURIAE,Desrespeitar a preferência no cruzamento,Colisão transversal,Com Vítimas Feridas,Pleno dia,Crescente,Sol,Simples,Interseção de vias,Sim,3,0,1,0,2,0,1,2,"-21,12686964","-42,34066855",SPRF-MG,DEL07-MG,UOP02-DEL07-MG
372205.0,2021-07-22,quinta-feira,17:45:00,MG,40.0,530,CONTAGEM,Ausência de reação do condutor,Colisão traseira,Sem Vítimas,Plena Noite,Decrescente,Céu Claro,Dupla,Curva,Sim,2,0,0,0,2,0,0,2,"-19,92064782","-44,0335681",SPRF-MG,DEL01-MG,UOP02-DEL01-MG
372207.0,2021-06-13,domingo,20:15:00,MG,40.0,355,FELIXLANDIA,Conversão proibida,Colisão transversal,Com Vítimas Feridas,Plena Noite,Decrescente,Céu Claro,Simples,Reta,Não,5,0,5,0,0,0,5,1,"-18,72999125","-44,89215101",SPRF-MG,DEL02-MG,UOP01-DEL02-MG
372215.0,2021-07-22,quinta-feira,18:40:00,MG,381.0,"515,5",IGARAPE,Ingestão de álcool pelo condutor,Saída de leito carroçável,Com Vítimas Feridas,Plena Noite,Decrescente,Céu Claro,Dupla,Não Informado,Não,1,0,1,0,0,0,1,1,"-20,094081","-44,315032",SPRF-MG,DEL01-MG,UOP03-DEL01-MG
372223.0,2021-07-22,quinta-feira,10:45:00,MG,50.0,174,UBERABA,Reação tardia ou ineficiente do condutor,Queda de ocupante de veículo,Com Vítimas Feridas,Pleno dia,Decrescente,Céu Claro,Dupla,Interseção de vias,Não,2,0,0,1,0,1,1,1,"-19,770817","-47,973434",SPRF-MG,DEL13-MG,UOP01-DEL13-MG
372248.0,2021-07-22,quinta-feira,21:30:00,MG,40.0,"523,6",CONTAGEM,Acessar a via sem observar a presença dos outros veículos,Colisão transversal,Com Vítimas Feridas,Plena Noite,Crescente,Céu Claro,Dupla,Reta,Não,2,0,2,0,0,0,2,2,"-19,86874894","-44,05962197",SPRF-MG,DEL01-MG,UOP02-DEL01-MG
372254.0,2021-07-22,quinta-feira,22:30:00,MG,381.0,503,BETIM,Entrada inopinada do pedestre,Atropelamento de Pedestre,Com Vítimas Fatais,Plena Noite,Decrescente,Céu Claro,Múltipla,Curva,Sim,2,1,0,0,1,0,0,1,"-20,03855134","-44,25495493",SPRF-MG,DEL01-MG,UOP03-DEL01-MG
372270.0,2021-07-23,sexta-feira,00:40:00,MG,381.0,"496,5",BETIM,Ingestão de álcool pelo condutor,Colisão com objeto,Sem Vítimas,Plena Noite,Crescente,Céu Claro,Dupla,Não Informado,Sim,1,0,0,0,1,0,0,1,"-19,99676497","-44,20958506",SPRF-MG,DEL01-MG,UOP03-DEL01-MG
372303.0,2021-07-23,sexta-feira,06:40:00,MG,116.0,"532,2",CARATINGA,Velocidade Incompatível,Colisão traseira,Com Vítimas Feridas,Pleno dia,Decrescente,Céu Claro,Simples,Reta,Não,2,0,1,0,1,0,1,2,"-19,81645215","-42,13613033",SPRF-MG,DEL06-MG,UOP02-DEL06-MG
372319.0,2021-07-23,sexta-feira,09:30:00,MG,381.0,457,BELO HORIZONTE,Acessar a via sem observar a presença dos outros veículos,Colisão transversal,Sem Vítimas,Pleno dia,Decrescente,Sol,Dupla,Não Informado,Sim,2,0,0,0,2,0,0,2,"-19,84497386","-43,88653994",SPRF-MG,DEL01-MG,UOP01-DEL01-MG
372323.0,2021-07-23,sexta-feira,10:00:00,MG,40.0,40,PARACATU,Acumulo de óleo sobre o pavimento,Tombamento,Com Vítimas Feridas,Pleno dia,Crescente,Céu Claro,Simples,Reta,Sim,1,0,1,0,0,0,1,1,"-17,21013894","-46,88089301",SPRF-MG,DEL14-MG,UOP01-DEL14-MG
372329.0,2021-07-23,sexta-feira,07:15:00,MG,50.0,6,UBERLANDIA,Ausência de reação do condutor,Capotamento,Sem Vítimas,Pleno dia,Decrescente,Céu Claro,Dupla,Curva,Não,1,0,0,0,1,0,0,1,"-18,92324121","-48,18336368",SPRF-MG,DEL15-MG,UOP01-DEL15-MG
372356.0,2021-07-23,sexta-feira,11:30:00,MG,116.0,"509,7",UBAPORANGA,Condutor deixou de manter distância do veículo da frente,Colisão traseira,Com Vítimas Feridas,Pleno dia,Decrescente,Céu Claro,Simples,Não Informado,Sim,3,0,2,0,1,0,2,2,"-19,63654904","-42,10593182",SPRF-MG,DEL06-MG,UOP02-DEL06-MG
372357.0,2021-07-23,sexta-feira,11:50:00,MG,40.0,"523,5",CONTAGEM,Reação tardia ou ineficiente do condutor,Saída de leito carroçável,Com Vítimas Feridas,Pleno dia,Decrescente,Céu Claro,Dupla,Reta,Sim,4,0,4,0,0,0,4,2,"-19,868041","-44,060935",SPRF-MG,DEL01-MG,UOP02-DEL01-MG
372404.0,2021-07-23,sexta-feira,18:30:00,MG,40.0,"509,8",RIBEIRAO DAS NEVES,Reação tardia ou ineficiente do condutor,Colisão traseira,Com Vítimas Feridas,Plena Noite,Decrescente,Nublado,Dupla,Reta,Não,3,0,2,0,1,0,2,2,"-19,76728744","-44,12855905",SPRF-MG,DEL01-MG,UOP02-DEL01-MG
372407.0,2021-07-23,sexta-feira,16:45:00,MG,116.0,"400,3",GOVERNADOR VALADARES,Manobra de mudança de faixa,Colisão transversal,Com Vítimas Feridas,Pleno dia,Crescente,Céu Claro,Simples,Reta,Não,5,0,1,0,4,0,1,2,"-18,77998197","-41,98781122",SPRF-MG,DEL06-MG,UOP01-DEL06-MG
372436.0,2021-07-23,sexta-feira,20:30:00,MG,381.0,481,CONTAGEM,Reação tardia ou ineficiente do condutor,Colisão com objeto,Com Vítimas Feridas,Plena Noite,Crescente,Céu Claro,Múltipla,Não Informado,Sim,1,0,1,0,0,0,1,1,"-19,95825304","-44,0594995",SPRF-MG,DEL01-MG,UOP03-DEL01-MG
372456.0,2021-07-23,sexta-feira,21:00:00,MG,381.0,481,CONTAGEM,Entrada inopinada do pedestre,Atropelamento de Pedestre,Com Vítimas Feridas,Plena Noite,Crescente,Céu Claro,Dupla,Reta,Sim,2,0,0,1,1,0,1,1,"-19,96076406","-44,05380249",SPRF-MG,DEL01-MG,UOP03-DEL01-MG
372507.0,2021-07-24,sábado,06:00:00,MG,40.0,546,NOVA LIMA,Reação tardia ou ineficiente do condutor,Colisão traseira,Com Vítimas Feridas,Pleno dia,Crescente,Céu Claro,Dupla,Não Informado,Sim,4,0,3,0,1,0,3,2,"-20,01444685","-43,96893823",SPRF-MG,DEL01-MG,UOP02-DEL01-MG
372540.0,2021-07-24,sábado,08:44:00,MG,381.0,"639,9",SANTO ANTONIO DO AMPARO,Condutor Dormindo,Saída de leito carroçável,Com Vítimas Feridas,Pleno dia,Crescente,Céu Claro,Dupla,Curva,Não,3,0,1,2,0,0,3,1,"-20,91429316","-44,86508575",SPRF-MG,DEL04-MG,UOP01-DEL04-MG
372544.0,2021-04-23,sexta-feira,08:20:00,MG,40.0,"699,9",BARBACENA,Manobra de mudança de faixa,Colisão lateral mesmo sentido,Com Vítimas Feridas,Pleno dia,Crescente,Céu Claro,Dupla,Curva,Sim,2,0,0,1,1,0,1,2,"-21,20341777","-43,74948978",SPRF-MG,DEL05-MG,UOP02-DEL05-MG
372557.0,2021-07-24,sábado,09:45:00,MG,365.0,"146,8",PIRAPORA,Acessar a via sem observar a presença dos outros veículos,Colisão transversal,Com Vítimas Feridas,Pleno dia,Decrescente,Céu Claro,Simples,Interseção de vias,Não,2,0,0,2,0,0,2,2,"-17,26133688","-44,84929511",SPRF-MG,DEL12-MG,UOP01-DEL12-MG
372560.0,2021-06-02,quarta-feira,14:20:00,MG,365.0,626,UBERLANDIA,Ausência de reação do condutor,Tombamento,Com Vítimas Feridas,Pleno dia,Crescente,Sol,Dupla,Reta,Sim,1,0,0,1,0,0,1,1,"-18,90659356","-48,33469405",SPRF-MG,DEL15-MG,UOP01-DEL15-MG
372588.0,2021-07-24,sábado,14:10:00,MG,262.0,118,RIO CASCA,Ingestão de álcool pelo condutor,Colisão traseira,Sem Vítimas,Pleno dia,Crescente,Sol,Simples,Reta,Não,3,0,0,0,3,0,0,2,"-20,22994826","-42,63698814",SPRF-MG,DEL03-MG,UOP03-DEL03-MG
372593.0,2021-07-24,sábado,15:00:00,MG,40.0,"811,5",MATIAS BARBOSA,Demais falhas mecânicas ou elétricas,Capotamento,Com Vítimas Feridas,Pleno dia,Decrescente,Céu Claro,Dupla,Reta,Não,3,0,3,0,0,0,3,2,"-21,87989765","-43,33577276",SPRF-MG,DEL05-MG,UOP01-DEL05-MG
372594.0,2021-07-24,sábado,15:11:00,MG,381.0,360,JOAO MONLEVADE,Acessar a via sem observar a presença dos outros veículos,Colisão transversal,Sem Vítimas,Pleno dia,Decrescente,Céu Claro,Simples,Curva,Não,2,0,0,0,1,1,0,2,"-19,85985912","-43,22566968",SPRF-MG,DEL03-MG,UOP01-DEL03-MG
372600.0,2021-07-24,sábado,15:55:00,MG,40.0,"784,4",JUIZ DE FORA,Demais falhas mecânicas ou elétricas,Tombamento,Com Vítimas Feridas,Pleno dia,Decrescente,Céu Claro,Dupla,Curva,Não,2,0,1,0,1,0,1,1,"-21,71178893","-43,44743099",SPRF-MG,DEL05-MG,UOP01-DEL05-MG
372608.0,2021-07-24,sábado,14:00:00,MG,365.0,783,ITUIUTABA,Reação tardia ou ineficiente do condutor,Colisão traseira,Com Vítimas Feridas,Pleno dia,Crescente,Sol,Simples,Reta,Não,3,0,1,0,2,0,1,2,"-18,95116","-49,75985",SPRF-MG,DEL15-MG,UOP03-DEL15-MG
372625.0,2021-07-24,sábado,11:15:00,MG,365.0,241,BURITIZEIRO,Condutor Dormindo,Saída de leito carroçável,Com Vítimas Feridas,Pleno dia,Decrescente,Céu Claro,Simples,Reta,Não,4,0,3,1,0,0,4,1,"-17,76908394","-45,41775659",SPRF-MG,DEL12-MG,UOP01-DEL12-MG
372627.0,2021-07-24,sábado,18:45:00,MG,262.0,"451,2",NOVA SERRANA,Entrada inopinada do pedestre,Atropelamento de Pedestre,Com Vítimas Fatais,Plena Noite,Decrescente,Nublado,Simples,Não Informado,Não,2,1,0,0,1,0,0,1,"-19,86372828","-44,99796931",SPRF-MG,DEL08-MG,UOP03-DEL08-MG
372641.0,2021-07-24,sábado,15:50:00,MG,40.0,"50,5",PARACATU,Ausência de reação do condutor,Saída de leito carroçável,Com Vítimas Feridas,Pleno dia,Decrescente,Céu Claro,Simples,Reta,Não,4,0,3,0,1,0,3,1,"-17,23931275","-46,80040697",SPRF-MG,DEL14-MG,UOP01-DEL14-MG
372644.0,2021-07-24,sábado,16:25:00,MG,116.0,"440,1",ENGENHEIRO CALDAS,Conversão proibida,Colisão transversal,Com Vítimas Feridas,Pleno dia,Decrescente,Céu Claro,Simples,Curva,Não,3,0,1,1,1,0,2,2,"-19,07026398","-42,00346114",SPRF-MG,DEL06-MG,UOP01-DEL06-MG
372672.0,2021-07-24,sábado,20:30:00,MG,262.0,354,BETIM,Avarias e/ou desgaste excessivo no pneu,Tombamento,Com Vítimas Feridas,Plena Noite,Crescente,Céu Claro,Dupla,Reta,Não,2,0,2,0,0,0,2,1,"-19,97914349","-44,21699504",SPRF-MG,DEL01-MG,UOP03-DEL01-MG
372677.0,2021-07-24,sábado,16:30:00,MG,40.0,"706,5",BARBACENA,Velocidade Incompatível,Colisão com objeto,Com Vítimas Feridas,Pleno dia,Decrescente,Céu Claro,Dupla,Curva,Não,2,0,1,0,1,0,1,1,"-21,24307336","-43,71323001",SPRF-MG,DEL05-MG,UOP02-DEL05-MG
372708.0,2021-07-25,domingo,00:20:00,MG,50.0,"36,5",ARAGUARI,Pista Escorregadia,Colisão transversal,Sem Vítimas,Plena Noite,Crescente,Céu Claro,Simples,Reta,Sim,2,0,0,0,1,1,0,2,"-18,65584128","-48,15153122",SPRF-MG,DEL15-MG,UOP02-DEL15-MG
372739.0,2021-07-25,domingo,03:10:00,MG,381.0,497,BETIM,Manobra de mudança de faixa,Colisão com objeto,Com Vítimas Feridas,Plena Noite,Crescente,Ignorado,Dupla,Reta,Sim,2,0,1,0,1,0,1,1,"-19,98029161","-44,2008323",SPRF-MG,DEL01-MG,UOP03-DEL01-MG
372749.0,2021-07-25,domingo,04:00:00,MG,50.0,81,UBERLANDIA,Velocidade Incompatível,Colisão com objeto,Sem Vítimas,Plena Noite,Decrescente,Céu Claro,Simples,Não Informado,Não,1,0,0,0,1,0,0,1,"-18,986906","-48,211853",SPRF-MG,DEL15-MG,UOP01-DEL15-MG
372763.0,2021-07-25,domingo,02:00:00,MG,365.0,"739,6",ITUIUTABA,Ausência de reação do condutor,Saída de leito carroçável,Com Vítimas Feridas,Plena Noite,Crescente,Céu Claro,Simples,Ponte,Não,2,0,2,0,0,0,2,1,"-18,911365","-49,363242",SPRF-MG,DEL15-MG,UOP03-DEL15-MG
372777.0,2021-07-25,domingo,07:00:00,MG,40.0,554,NOVA LIMA,Velocidade Incompatível,Saída de leito carroçável,Sem Vítimas,Pleno dia,Crescente,Céu Claro,Simples,Curva,Não,1,0,0,0,0,1,0,1,"-20,07715896","-43,98213593",SPRF-MG,DEL01-MG,UOP02-DEL01-MG
372784.0,2021-07-25,domingo,07:05:00,MG,381.0,333,NOVA ERA,Velocidade Incompatível,Saída de leito carroçável,Com Vítimas Feridas,Pleno dia,Decrescente,Céu Claro,Simples,Curva,Não,4,0,4,0,0,0,4,1,"-19,80306599","-43,06083702",SPRF-MG,DEL03-MG,UOP01-DEL03-MG
372801.0,2021-07-25,domingo,09:30:00,MG,381.0,528,ITATIAIUCU,Velocidade Incompatível,Tombamento,Com Vítimas Feridas,Pleno dia,Crescente,Céu Claro,Dupla,Reta,Não,2,0,2,0,0,0,2,1,"-20,16368096","-44,36025002",SPRF-MG,DEL04-MG,UOP03-DEL04-MG
372806.0,2021-07-25,domingo,11:00:00,MG,262.0,"525,4",LUZ,Condutor usando celular,Saída de leito carroçável,Com Vítimas Feridas,Pleno dia,Decrescente,Sol,Simples,Reta,Não,2,0,2,0,0,0,2,1,"-19,78419002","-45,70385456",SPRF-MG,DEL08-MG,UOP03-DEL08-MG
372828.0,2021-07-25,domingo,13:45:00,MG,365.0,"432,2",PATOS DE MINAS,Acessar a via sem observar a presença dos outros veículos,Colisão transversal,Com Vítimas Feridas,Pleno dia,Crescente,Céu Claro,Simples,Não Informado,Não,7,0,1,0,6,0,1,2,"-18,75918313","-46,66376046",SPRF-MG,DEL10-MG,UOP01-DEL10-MG
372839.0,2021-07-24,sábado,11:15:00,MG,267.0,"185,8",OLARIA,Reação tardia ou ineficiente do condutor,Saída de leito carroçável,Com Vítimas Feridas,Pleno dia,Crescente,Céu Claro,Simples,Curva,Não,2,0,1,1,0,0,2,1,"-21,91670125","-43,97837801",SPRF-MG,DEL05-MG,UOP01-DEL05-MG
372861.0,2021-07-25,domingo,17:00:00,MG,50.0,"47,3",ARAGUARI,Acumulo de óleo sobre o pavimento,Colisão com objeto,Com Vítimas Feridas,Pleno dia,Crescente,Céu Claro,Dupla,Não Informado,Não,3,0,3,0,0,0,3,1,"-18,72799811","-48,20659169",SPRF-MG,DEL15-MG,UOP02-DEL15-MG
372863.0,2021-07-25,domingo,16:50:00,MG,381.0,"755,8",TRES CORACOES,Manobra de mudança de faixa,Colisão traseira,Sem Vítimas,Pleno dia,Crescente,Sol,Dupla,Reta,Não,2,0,0,0,2,0,0,2,"-21,67049021","-45,33094168",SPRF-MG,DEL16-MG,UOP02-DEL16-MG
372867.0,2021-06-18,sexta-feira,13:30:00,MG,381.0,630,OLIVEIRA,Velocidade Incompatível,Saída de leito carroçável,Com Vítimas Feridas,Pleno dia,Crescente,Céu Claro,Dupla,Curva,Não,2,0,2,0,0,0,2,1,"-20,84702065","-44,83281432",SPRF-MG,DEL04-MG,UOP01-DEL04-MG
372871.0,2021-07-25,domingo,16:40:00,MG,381.0,"477,5",CONTAGEM,Condutor deixou de manter distância do veículo da frente,Colisão traseira,Sem Vítimas,Pleno dia,Decrescente,Céu Claro,Dupla,Não Informado,Sim,2,0,0,0,2,0,0,2,"-19,96179268","-44,05041676",SPRF-MG,DEL01-MG,UOP03-DEL01-MG
372875.0,2021-07-25,domingo,17:00:00,MG,50.0,"0,3",ARAGUARI,Ingestão de álcool e/ou substâncias psicoativas pelo pedestre,Tombamento,Com Vítimas Feridas,Anoitecer,Crescente,Céu Claro,Dupla,Não Informado,Não,1,0,1,0,0,0,1,1,"-18,42689125","-48,06329727",SPRF-MG,DEL15-MG,UOP02-DEL15-MG
372906.0,2021-07-25,domingo,20:00:00,MG,40.0,"632,6",CONSELHEIRO LAFAIETE,Retorno proibido,Colisão transversal,Com Vítimas Feridas,Plena Noite,Crescente,Céu Claro,Dupla,Não Informado,Não,2,0,0,2,0,0,2,2,"-20,67348593","-43,7968977",SPRF-MG,DEL05-MG,UOP02-DEL05-MG
372909.0,2021-07-25,domingo,20:00:00,MG,262.0,"371,1",JUATUBA,Velocidade Incompatível,Capotamento,Com Vítimas Feridas,Plena Noite,Crescente,Nublado,Dupla,Curva,Não,3,0,1,0,2,0,1,1,"-19,95668537","-44,36368883",SPRF-MG,DEL01-MG,UOP03-DEL01-MG
372919.0,2021-07-25,domingo,20:20:00,MG,381.0,"897,2",CAMBUI,Ingestão de álcool pelo condutor,Saída de leito carroçável,Com Vítimas Feridas,Plena Noite,Crescente,Céu Claro,Dupla,Reta,Sim,2,0,2,0,0,0,2,1,"-22,60034453","-46,05778838",SPRF-MG,DEL16-MG,UOP03-DEL16-MG
372923.0,2021-07-25,domingo,20:00:00,MG,116.0,"371,7",FREI INOCENCIO,Entrada inopinada do pedestre,Atropelamento de Pedestre,Com Vítimas Fatais,Plena Noite,Crescente,Céu Claro,Simples,Reta,Não,3,1,0,0,2,0,0,1,"-18,546749","-41,902725",SPRF-MG,DEL11-MG,UOP01-DEL11-MG
372957.0,2021-07-25,domingo,22:35:00,MG,40.0,735,SANTOS DUMONT,Reação tardia ou ineficiente do condutor,Tombamento,Com Vítimas Feridas,Plena Noite,Decrescente,Ignorado,Simples,Curva,Sim,1,0,1,0,0,0,1,1,"-21,37012696","-43,57558994",SPRF-MG,DEL05-MG,UOP01-DEL05-MG
372960.0,2021-07-26,segunda-feira,01:00:00,MG,40.0,"562,6",NOVA LIMA,Ausência de reação do condutor,Capotamento,Com Vítimas Feridas,Plena Noite,Decrescente,Céu Claro,Dupla,Curva,Não,3,0,1,0,2,0,1,1,"-20,14451602","-43,95966007",SPRF-MG,DEL01-MG,UOP02-DEL01-MG
372961.0,2021-07-26,segunda-feira,01:00:00,MG,50.0,178,UBERABA,Reação tardia ou ineficiente do condutor,Tombamento,Com Vítimas Feridas,Plena Noite,Decrescente,Céu Claro,Dupla,Não Informado,Sim,1,0,1,0,0,0,1,1,"-19,77896821","-47,94093599",SPRF-MG,DEL13-MG,UOP01-DEL13-MG
372967.0,2021-07-26,segunda-feira,01:00:00,MG,116.0,"273,9",TEOFILO OTONI,Ausência de reação do condutor,Colisão com objeto,Sem Vítimas,Plena Noite,Crescente,Céu Claro,Dupla,Reta,Sim,3,0,0,0,1,2,0,1,"-17,83249689","-41,51046753",SPRF-MG,DEL11-MG,UOP01-DEL11-MG
373007.0,2021-07-26,segunda-feira,07:50:00,MG,262.0,142,RIO CASCA,Velocidade Incompatível,Saída de leito carroçável,Com Vítimas Feridas,Pleno dia,Decrescente,Garoa/Chuvisco,Simples,Não Informado,Não,3,0,1,0,2,0,1,1,"-20,05797999","-42,72123709",SPRF-MG,DEL03-MG,UOP03-DEL03-MG
373011.0,2021-07-26,segunda-feira,06:48:00,MG,40.0,"523,5",CONTAGEM,Trafegar com motocicleta (ou similar) entre as faixas,Colisão lateral mesmo sentido,Com Vítimas Fatais,Pleno dia,Crescente,Céu Claro,Dupla,Reta,Não,4,1,0,0,0,3,0,3,"-19,86874894","-44,05962197",SPRF-MG,DEL01-MG,UOP02-DEL01-MG
373045.0,2021-07-26,segunda-feira,13:30:00,MG,50.0,67,UBERLANDIA,Manobra de mudança de faixa,Colisão traseira,Com Vítimas Feridas,Pleno dia,Crescente,Céu Claro,Dupla,Não Informado,Sim,2,0,1,0,1,0,1,2,"-18,85140204","-48,25345932",SPRF-MG,DEL15-MG,UOP02-DEL15-MG
373055.0,2021-07-26,segunda-feira,13:45:00,MG,40.0,"638,5",CONSELHEIRO LAFAIETE,Fumaça,Colisão traseira,Com Vítimas Feridas,Pleno dia,Crescente,Céu Claro,Simples,Não Informado,Não,3,0,1,0,2,0,1,2,"-20,72342022","-43,80026653",SPRF-MG,DEL05-MG,UOP02-DEL05-MG
373077.0,2021-07-26,segunda-feira,15:35:00,MG,381.0,"791,9",SAO GONCALO DO SAPUCAI,Demais falhas mecânicas ou elétricas,Colisão com objeto,Com Vítimas Feridas,Pleno dia,Crescente,Céu Claro,Dupla,Curva,Não,4,0,3,0,1,0,3,2,"-21,91694596","-45,58909701",SPRF-MG,DEL16-MG,UOP02-DEL16-MG
373097.0,2021-07-26,segunda-feira,17:55:00,MG,381.0,353,JOAO MONLEVADE,Mal súbito do condutor,Tombamento,Com Vítimas Feridas,Plena Noite,Crescente,Céu Claro,Simples,Reta,Não,3,0,2,0,0,1,2,1,"-19,83894801","-43,18248641",SPRF-MG,DEL03-MG,UOP01-DEL03-MG
373106.0,2021-07-26,segunda-feira,18:20:00,MG,40.0,"608,6",CONGONHAS,Ausência de reação do condutor,Tombamento,Com Vítimas Feridas,Plena Noite,Crescente,Céu Claro,Simples,Reta,Não,1,0,1,0,0,0,1,1,"-20,48427186","-43,83895771",SPRF-MG,DEL05-MG,UOP02-DEL05-MG
373122.0,2021-07-26,segunda-feira,17:40:00,MG,381.0,"169,9",GOVERNADOR VALADARES,Ingestão de álcool pelo condutor,Colisão lateral sentido oposto,Sem Vítimas,Anoitecer,Crescente,Nublado,Simples,Ponte,Não,3,0,0,0,3,0,0,3,"-18,96700208","-42,09033791",SPRF-MG,DEL06-MG,UOP01-DEL06-MG
373141.0,2021-07-26,segunda-feira,19:10:00,MG,267.0,"61,9",BICAS,Acessar a via sem observar a presença dos outros veículos,Colisão transversal,Com Vítimas Feridas,Plena Noite,Decrescente,Céu Claro,Simples,Reta,Sim,2,0,1,0,1,0,1,2,"-21,72573003","-43,05888101",SPRF-MG,DEL07-MG,UOP01-DEL07-MG
373145.0,2021-06-12,sábado,13:28:00,MG,153.0,112,PRATA,Frear bruscamente,Colisão traseira,Com Vítimas Feridas,Pleno dia,Crescente,Céu Claro,Simples,Reta,Não,2,0,1,0,1,0,1,2,"-19,33228987","-48,90407174",SPRF-MG,DEL15-MG,UOP03-DEL15-MG
373148.0,2021-07-26,segunda-feira,13:00:00,MG,116.0,"542,1",SANTA RITA DE MINAS,Acessar a via sem observar a presença dos outros veículos,Colisão transversal,Com Vítimas Feridas,Pleno dia,Decrescente,Sol,Simples,Reta,Não,5,0,4,0,1,0,4,3,"-19,90319206","-42,13408157",SPRF-MG,DEL06-MG,UOP02-DEL06-MG
373172.0,2021-07-27,terça-feira,06:45:00,MG,381.0,"502,3",BETIM,Velocidade Incompatível,Saída de leito carroçável,Com Vítimas Feridas,Pleno dia,Decrescente,Céu Claro,Dupla,Curva,Sim,1,0,1,0,0,0,1,1,"-20,03619694","-44,24586303",SPRF-MG,DEL01-MG,UOP03-DEL01-MG
373174.0,2021-07-27,terça-feira,06:30:00,MG,40.0,531,CONTAGEM,Acessar a via sem observar a presença dos outros veículos,Colisão transversal,Com Vítimas Feridas,Pleno dia,Crescente,Céu Claro,Dupla,Interseção de vias,Sim,2,0,0,1,1,0,1,2,"-19,91933224","-44,02637959",SPRF-MG,DEL01-MG,UOP02-DEL01-MG
373204.0,2021-07-27,terça-feira,09:30:00,MG,365.0,656,MONTE ALEGRE DE MINAS,Reação tardia ou ineficiente do condutor,Capotamento,Com Vítimas Feridas,Pleno dia,Decrescente,Céu Claro,Dupla,Reta,Não,5,0,1,0,4,0,1,1,"-18,88179209","-48,6075449",SPRF-MG,DEL15-MG,UOP01-DEL15-MG
373209.0,2021-06-01,terça-feira,12:00:00,MG,50.0,27,ARAGUARI,Condutor deixou de manter distância do veículo da frente,Colisão traseira,Com Vítimas Feridas,Pleno dia,Decrescente,Céu Claro,Dupla,Curva,Não,3,0,1,0,2,0,1,2,"-18,61943321","-48,09375199",SPRF-MG,DEL15-MG,UOP02-DEL15-MG
373210.0,2021-07-27,terça-feira,10:30:00,MG,267.0,"61,9",BICAS,Acessar a via sem observar a presença dos outros veículos,Colisão transversal,Com Vítimas Feridas,Pleno dia,Crescente,Céu Claro,Simples,Não Informado,Sim,3,0,1,0,2,0,1,2,"-21,72573003","-43,05888101",SPRF-MG,DEL07-MG,UOP01-DEL07-MG
373219.0,2021-07-27,terça-feira,12:05:00,MG,381.0,358,JOAO MONLEVADE,Desrespeitar a preferência no cruzamento,Queda de ocupante de veículo,Com Vítimas Feridas,Pleno dia,Decrescente,Céu Claro,Simples,Reta,Sim,2,0,1,0,0,1,1,2,"-19,85592801","-43,21689055",SPRF-MG,DEL03-MG,UOP01-DEL03-MG
373253.0,2021-07-27,terça-feira,13:00:00,MG,116.0,"252,7",TEOFILO OTONI,Acessar a via sem observar a presença dos outros veículos,Colisão transversal,Com Vítimas Fatais,Pleno dia,Crescente,Sol,Simples,Reta,Não,3,1,0,1,1,0,1,2,"-17,664074","-41,495237",SPRF-MG,DEL11-MG,UOP01-DEL11-MG
373257.0,2021-07-27,terça-feira,17:05:00,MG,365.0,2,MONTES CLAROS,Frear bruscamente,Queda de ocupante de veículo,Com Vítimas Feridas,Anoitecer,Crescente,Céu Claro,Simples,Reta,Não,2,0,1,0,1,0,1,2,"-16,72627608","-43,88021191",SPRF-MG,DEL12-MG,UOP01-DEL12-MG
373277.0,2021-07-27,terça-feira,19:30:00,MG,40.0,"738,8",SANTOS DUMONT,Ausência de reação do condutor,Saída de leito carroçável,Com Vítimas Feridas,Plena Noite,Decrescente,Céu Claro,Simples,Curva,Não,1,0,1,0,0,0,1,1,"-21,42127129","-43,55865598",SPRF-MG,DEL05-MG,UOP01-DEL05-MG