id,data_inversa,dia_semana,horario,uf,br,km,municipio,causa_acidente,tipo_acidente,classificacao_acidente,fase_dia,sentido_via,condicao_metereologica,tipo_pista,tracado_via,uso_solo,pessoas,mortos,feridos_leves,feridos_graves,ilesos,ignorados,feridos,veiculos,latitude,longitude,regional,delegacia,uop
373301.0,2021-07-28,quarta-feira,00:20:00,MG,381.0,"510,2",SAO JOAQUIM DE BICAS,Pista Escorregadia,Tombamento,Com Vítimas Feridas,Plena Noite,Crescente,Céu Claro,Múltipla,Rotatória,Sim,1,0,1,0,0,0,1,1,"-20,05565915","-44,28658605",SPRF-MG,DEL01-MG,UOP03-DEL01-MG
373318.0,2021-07-28,quarta-feira,05:30:00,MG,381.0,496,BETIM,Velocidade Incompatível,Colisão com objeto,Sem Vítimas,Amanhecer,Decrescente,Céu Claro,Dupla,Curva,Não,1,0,0,0,0,1,0,1,"-19,99676497","-44,20958506",SPRF-MG,DEL01-MG,UOP03-DEL01-MG
373331.0,2021-07-28,quarta-feira,07:50:00,MG,381.0,"500,3",BETIM,Ausência de reação do condutor,Colisão traseira,Com Vítimas Feridas,Pleno dia,Decrescente,Sol,Dupla,Reta,Sim,2,0,1,0,1,0,1,2,"-20,02513493","-44,23112709",SPRF-MG,DEL01-MG,UOP03-DEL01-MG
373366.0,2021-07-28,quarta-feira,09:40:00,MG,381.0,874,ESTIVA,Acumulo de água sobre o pavimento,Capotamento,Com Vítimas Feridas,Pleno dia,Crescente,Chuva,Dupla,Reta,Não,2,0,2,0,0,0,2,1,"-22,45619351","-46,00792634",SPRF-MG,DEL16-MG,UOP01-DEL16-MG
373371.0,2021-07-28,quarta-feira,11:50:00,MG,381.0,452,SABARA,Ausência de reação do condutor,Queda de ocupante de veículo,Com Vítimas Feridas,Pleno dia,Decrescente,Céu Claro,Simples,Curva,Sim,1,0,1,0,0,0,1,1,"-19,84339604","-43,88596993",SPRF-MG,DEL01-MG,UOP01-DEL01-MG
373372.0,2021-07-28,quarta-feira,12:45:00,MG,381.0,"929,2",ITAPEVA,Acumulo de óleo sobre o pavimento,Saída de leito carroçável,Sem Vítimas,Pleno dia,Decrescente,Garoa/Chuvisco,Dupla,Curva,Sim,1,0,0,0,1,0,0,1,"-22,79911462","-46,26123692",SPRF-MG,DEL16-MG,UOP03-DEL16-MG
373379.0,2021-07-28,quarta-feira,08:00:00,MG,381.0,"876,7",ESTIVA,Chuva,Saída de leito carroçável,Com Vítimas Feridas,Pleno dia,Decrescente,Chuva,Dupla,Curva,Não,2,0,2,0,0,0,2,1,"-22,56149195","-46,0408143",SPRF-MG,DEL16-MG,UOP01-DEL16-MG
373406.0,2021-07-28,quarta-feira,16:00:00,MG,381.0,"778,5",CAMPANHA,Condutor Dormindo,Saída de leito carroçável,Com Vítimas Feridas,Pleno dia,Decrescente,Nublado,Dupla,Curva,Não,1,0,1,0,0,0,1,1,"-21,80493512","-45,47469117",SPRF-MG,DEL16-MG,UOP02-DEL16-MG
373410.0,2021-07-28,quarta-feira,16:00:00,MG,40.0,"425,8",PARAOPEBA,Obras na pista,Atropelamento de Pedestre,Com Vítimas Feridas,Pleno dia,Crescente,Céu Claro,Dupla,Não Informado,Não,2,0,0,1,1,0,1,2,"-19,1681","-44,51577",SPRF-MG,DEL02-MG,UOP01-DEL02-MG
373417.0,2021-07-04,domingo,16:00:00,MG,267.0,72,BICAS,Velocidade Incompatível,Saída de leito carroçável,Com Vítimas Feridas,Anoitecer,Decrescente,Céu Claro,Simples,Curva,Não,1,0,0,1,0,0,1,1,"-21,74232735","-43,1142744",SPRF-MG,DEL05-MG,UOP01-DEL05-MG
373451.0,2021-07-28,quarta-feira,15:20:00,MG,50.0,80,UBERLANDIA,Reação tardia ou ineficiente do condutor,Saída de leito carroçável,Com Vítimas Feridas,Pleno dia,Crescente,Céu Claro,Dupla,Curva,Não,1,0,1,0,0,0,1,1,"-18,97058461","-48,21556091",SPRF-MG,DEL15-MG,UOP01-DEL15-MG
373470.0,2021-07-28,quarta-feira,21:55:00,MG,365.0,"619,8",UBERLANDIA,Ingestão de álcool pelo condutor,Tombamento,Com Vítimas Feridas,Plena Noite,Crescente,Céu Claro,Dupla,Não Informado,Sim,1,0,1,0,0,0,1,1,"-18,89926195","-48,27319804",SPRF-MG,DEL15-MG,UOP01-DEL15-MG
373472.0,2021-07-28,quarta-feira,17:00:00,MG,262.0,375,JUATUBA,Condutor Dormindo,Saída de leito carroçável,Com Vítimas Feridas,Pleno dia,Crescente,Céu Claro,Dupla,Reta,Não,1,0,1,0,0,0,1,1,"-19,959929","-44,337997",SPRF-MG,DEL01-MG,UOP03-DEL01-MG
373473.0,2021-07-28,quarta-feira,20:20:00,MG,116.0,"192,6",CARAI,Pedestre andava na pista,Atropelamento de Pedestre,Com Vítimas Fatais,Plena Noite,Decrescente,Céu Claro,Simples,Reta,Não,2,1,0,0,1,0,0,1,"-17,17971924","-41,49345216",SPRF-MG,DEL11-MG,UOP01-DEL11-MG
373510.0,2021-07-29,quinta-feira,04:00:00,MG,40.0,518,RIBEIRAO DAS NEVES,Condutor Dormindo,Capotamento,Sem Vítimas,Plena Noite,Decrescente,Céu Claro,Dupla,Reta,Sim,1,0,0,0,0,1,0,1,"-19,8321242","-44,08208533",SPRF-MG,DEL01-MG,UOP02-DEL01-MG
373514.0,2021-07-29,quinta-feira,07:05:00,MG,50.0,69,UBERLANDIA,Manobra de mudança de faixa,Tombamento,Com Vítimas Feridas,Pleno dia,Crescente,Céu Claro,Dupla,Reta,Sim,1,0,1,0,0,0,1,1,"-18,88586342","-48,26405525",SPRF-MG,DEL15-MG,UOP01-DEL15-MG
373515.0,2021-07-29,quinta-feira,07:00:00,MG,381.0,774,CAMPANHA,Demais falhas mecânicas ou elétricas,Capotamento,Com Vítimas Feridas,Pleno dia,Decrescente,Céu Claro,Dupla,Reta,Não,4,0,4,0,0,0,4,1,"-21,80533771","-45,47582709",SPRF-MG,DEL16-MG,UOP02-DEL16-MG
373523.0,2021-07-29,quinta-feira,07:55:00,MG,381.0,"477,5",CONTAGEM,Reação tardia ou ineficiente do condutor,Engavetamento,Com Vítimas Feridas,Pleno dia,Decrescente,Céu Claro,Dupla,Reta,Sim,3,0,1,0,2,0,1,3,"-19,95838414","-44,03135777",SPRF-MG,DEL01-MG,UOP03-DEL01-MG
373545.0,2021-07-29,quinta-feira,09:15:00,MG,381.0,"481,3",CONTAGEM,Condutor usando celular,Saída de leito carroçável,Com Vítimas Feridas,Pleno dia,Decrescente,Sol,Simples,Não Informado,Sim,1,0,1,0,0,0,1,1,"-19,959212","-44,064099",SPRF-MG,DEL01-MG,UOP03-DEL01-MG
373551.0,2021-07-29,quinta-feira,10:40:00,MG,40.0,532,BELO HORIZONTE,Trafegar com motocicleta (ou similar) entre as faixas,Colisão lateral mesmo sentido,Com Vítimas Feridas,Pleno dia,Crescente,Céu Claro,Dupla,Reta,Não,2,0,1,0,1,0,1,2,"-19,92372561","-44,01700789",SPRF-MG,DEL01-MG,UOP02-DEL01-MG
373567.0,2021-07-29,quinta-feira,13:10:00,MG,116.0,"276,2",TEOFILO OTONI,Condutor deixou de manter distância do veículo da frente,Colisão lateral mesmo sentido,Com Vítimas Feridas,Pleno dia,Decrescente,Céu Claro,Múltipla,Reta,Sim,3,0,1,0,1,1,1,2,"-17,85105696","-41,51454492",SPRF-MG,DEL11-MG,UOP01-DEL11-MG
373586.0,2021-07-29,quinta-feira,12:50:00,MG,50.0,69,UBERLANDIA,Reação tardia ou ineficiente do condutor,Tombamento,Com Vítimas Feridas,Pleno dia,Decrescente,Céu Claro,Dupla,Reta,Sim,1,0,1,0,0,0,1,1,"-18,85140204","-48,25345932",SPRF-MG,DEL15-MG,UOP01-DEL15-MG
373591.0,2021-07-29,quinta-feira,15:00:00,MG,381.0,"733,8",TRES CORACOES,Condutor Dormindo,Saída de leito carroçável,Com Vítimas Feridas,Pleno dia,Crescente,Céu Claro,Dupla,Reta,Não,2,0,1,1,0,0,2,1,"-21,56277607","-45,24379974",SPRF-MG,DEL16-MG,UOP02-DEL16-MG
373596.0,2021-07-29,quinta-feira,16:05:00,MG,40.0,531,CONTAGEM,Velocidade Incompatível,Colisão traseira,Com Vítimas Feridas,Pleno dia,Crescente,Céu Claro,Dupla,Não Informado,Não,2,0,1,0,1,0,1,2,"-19,91962483","-44,02522683",SPRF-MG,DEL01-MG,UOP02-DEL01-MG
373598.0,2021-07-29,quinta-feira,14:50:00,MG,40.0,"513,5",RIBEIRAO DAS NEVES,Demais falhas mecânicas ou elétricas,Incêndio,Sem Vítimas,Pleno dia,Decrescente,Sol,Dupla,Reta,Sim,1,0,0,0,1,0,0,1,"-19,7970544","-44,1080512",SPRF-MG,DEL01-MG,UOP02-DEL01-MG
373623.0,2021-07-29,quinta-feira,18:25:00,MG,40.0,"525,5",CONTAGEM,Trafegar com motocicleta (ou similar) entre as faixas,Queda de ocupante de veículo,Com Vítimas Feridas,Anoitecer,Decrescente,Céu Claro,Dupla,Reta,Não,2,0,1,0,0,1,1,2,"-19,88361702","-44,05039336",SPRF-MG,DEL01-MG,UOP02-DEL01-MG
373630.0,2021-07-27,terça-feira,14:30:00,MG,381.0,512,IGARAPE,Demais falhas mecânicas ou elétricas,Incêndio,Sem Vítimas,Pleno dia,Crescente,Céu Claro,Múltipla,Reta,Sim,1,0,0,0,0,1,0,1,"-20,06672915","-44,29659605",SPRF-MG,DEL01-MG,UOP03-DEL01-MG
373645.0,2021-06-07,segunda-feira,13:10:00,MG,365.0,"677,4",MONTE ALEGRE DE MINAS,Reação tardia ou ineficiente do condutor,Saída de leito carroçável,Com Vítimas Feridas,Pleno dia,Decrescente,Céu Claro,Dupla,Curva,Não,1,0,1,0,0,0,1,1,"-18,85178767","-48,79093697",SPRF-MG,DEL15-MG,UOP01-DEL15-MG
373663.0,2021-07-29,quinta-feira,21:50:00,MG,381.0,"704,3",LAVRAS,Ingestão de álcool pelo condutor,Capotamento,Com Vítimas Feridas,Plena Noite,Crescente,Céu Claro,Dupla,Curva,Não,3,0,2,0,1,0,2,2,"-21,34177704","-45,17643719",SPRF-MG,DEL04-MG,UOP02-DEL04-MG
373666.0,2021-07-29,quinta-feira,19:30:00,MG,262.0,"163,3",SAO DOMINGOS DO PRATA,Demais falhas mecânicas ou elétricas,Incêndio,Sem Vítimas,Plena Noite,Crescente,Céu Claro,Simples,Não Informado,Não,1,0,0,0,1,0,0,1,"-19,95885148","-42,86157307",SPRF-MG,DEL03-MG,UOP03-DEL03-MG
373675.0,2021-07-29,quinta-feira,18:00:00,MG,116.0,"419,9",GOVERNADOR VALADARES,Acessar a via sem observar a presença dos outros veículos,Colisão transversal,Com Vítimas Feridas,Plena Noite,Crescente,Céu Claro,Simples,Reta,Não,3,0,3,0,0,0,3,2,"-18,92183559","-41,94005013",SPRF-MG,DEL06-MG,UOP01-DEL06-MG
373678.0,2021-07-29,quinta-feira,18:05:00,MG,381.0,224,BELO ORIENTE,Transitar na contramão,Colisão frontal,Com Vítimas Fatais,Plena Noite,Crescente,Céu Claro,Simples,Reta,Não,2,1,1,0,0,0,1,2,"-19,32195575","-42,40678723",SPRF-MG,DEL06-MG,UOP01-DEL06-MG
373682.0,2021-07-29,quinta-feira,23:50:00,MG,40.0,"548,2",NOVA LIMA,Sinalização mal posicionada,Colisão traseira,Com Vítimas Feridas,Plena Noite,Decrescente,Céu Claro,Dupla,Não Informado,Sim,5,0,0,2,2,1,2,3,"-20,03136499","-43,96967792",SPRF-MG,DEL01-MG,UOP02-DEL01-MG
373692.0,2021-07-30,sexta-feira,02:00:00,MG,50.0,170,UBERABA,Reação tardia ou ineficiente do condutor,Tombamento,Com Vítimas Feridas,Plena Noite,Decrescente,Céu Claro,Dupla,Reta,Sim,1,0,0,1,0,0,1,1,"-19,73661208","-47,98290957",SPRF-MG,DEL13-MG,UOP01-DEL13-MG
373694.0,2021-07-29,quinta-feira,05:45:00,MG,116.0,"77,5",MEDINA,Ausência de reação do condutor,Tombamento,Sem Vítimas,Amanhecer,Crescente,Céu Claro,Simples,Não Informado,Não,1,0,0,0,0,1,0,1,"-16,26106991","-41,47145408",SPRF-MG,DEL11-MG,UOP02-DEL11-MG
373697.0,2021-07-30,sexta-feira,01:50:00,MG,40.0,"638,5",CONSELHEIRO LAFAIETE,Reação tardia ou ineficiente do condutor,Colisão com objeto,Com Vítimas Feridas,Plena Noite,Decrescente,Céu Claro,Simples,Reta,Não,2,0,1,1,0,0,2,1,"-20,72342022","-43,80026653",SPRF-MG,DEL05-MG,UOP02-DEL05-MG
373733.0,2021-07-30,sexta-feira,07:25:00,MG,365.0,610,UBERLANDIA,Conversão proibida,Colisão transversal,Com Vítimas Feridas,Amanhecer,Crescente,Céu Claro,Simples,Reta,Sim,3,0,2,0,1,0,2,2,"-18,91133148","-48,22170049",SPRF-MG,DEL15-MG,UOP01-DEL15-MG
373734.0,2021-07-01,quinta-feira,19:30:00,MG,365.0,53,CLARO DOS POCOES,Reação tardia ou ineficiente do condutor,Colisão lateral sentido oposto,Com Vítimas Feridas,Plena Noite,Decrescente,Céu Claro,Simples,Reta,Não,3,0,1,1,1,0,2,2,"-16,98423358","-44,27043915",SPRF-MG,DEL12-MG,UOP01-DEL12-MG
373743.0,2021-07-30,sexta-feira,07:16:00,MG,262.0,813,UBERABA,Ausência de reação do condutor,Tombamento,Com Vítimas Feridas,Pleno dia,Decrescente,Céu Claro,Dupla,Reta,Sim,1,0,1,0,0,0,1,1,"-19,76009757","-48,07322705",SPRF-MG,DEL13-MG,UOP01-DEL13-MG
373752.0,2021-07-06,terça-feira,17:00:00,MG,40.0,"40,9",PARACATU,Acessar a via sem observar a presença dos outros veículos,Colisão transversal,Com Vítimas Feridas,Pleno dia,Crescente,Céu Claro,Simples,Interseção de vias,Sim,2,0,1,0,1,0,1,2,"-17,21013894","-46,88089301",SPRF-MG,DEL14-MG,UOP01-DEL14-MG
373771.0,2021-07-30,sexta-feira,10:54:00,MG,381.0,"741,8",TRES CORACOES,Condutor Dormindo,Saída de leito carroçável,Com Vítimas Feridas,Pleno dia,Crescente,Sol,Dupla,Reta,Não,3,0,3,0,0,0,3,1,"-21,61577478","-45,25777775",SPRF-MG,DEL16-MG,UOP02-DEL16-MG
373780.0,2021-07-30,sexta-feira,11:50:00,MG,40.0,"557,8",NOVA LIMA,Demais falhas mecânicas ou elétricas,Queda de ocupante de veículo,Com Vítimas Feridas,Pleno dia,Crescente,Céu Claro,Dupla,Reta,Não,2,0,2,0,0,0,2,1,"-20,10255103","-43,9749284",SPRF-MG,DEL01-MG,UOP02-DEL01-MG
373795.0,2021-07-30,sexta-feira,09:50:00,MG,116.0,"723,7",MURIAE,Mal súbito do condutor,Tombamento,Com Vítimas Feridas,Pleno dia,Decrescente,Céu Claro,Simples,Curva,Não,1,0,1,0,0,0,1,1,"-21,26905706","-42,40484367",SPRF-MG,DEL07-MG,UOP02-DEL07-MG
373812.0,2021-07-30,sexta-feira,13:45:00,MG,262.0,"36,6",MANHUACU,Acessar a via sem observar a presença dos outros veículos,Colisão traseira,Com Vítimas Feridas,Pleno dia,Crescente,Nublado,Simples,Reta,Sim,2,0,1,0,1,0,1,2,"-20,25932046","-42,02298331",SPRF-MG,DEL06-MG,UOP04-DEL06-MG
373815.0,2021-07-30,sexta-feira,14:15:00,MG,116.0,"526,5",CARATINGA,Acessar a via sem observar a presença dos outros veículos,Colisão lateral mesmo sentido,Com Vítimas Feridas,Pleno dia,Decrescente,Céu Claro,Simples,Interseção de vias,Não,2,0,1,0,1,0,1,2,"-19,76615833","-42,13104486",SPRF-MG,DEL06-MG,UOP02-DEL06-MG
373845.0,2021-07-30,sexta-feira,17:15:00,MG,40.0,522,CONTAGEM,Avarias e/ou desgaste excessivo no pneu,Queda de ocupante de veículo,Com Vítimas Feridas,Anoitecer,Decrescente,Céu Claro,Dupla,Reta,Não,2,0,1,1,0,0,2,1,"-19,8638731","-44,06749809",SPRF-MG,DEL01-MG,UOP02-DEL01-MG
373862.0,2021-07-30,sexta-feira,18:00:00,MG,40.0,"451,5",CAETANOPOLIS,Reação tardia ou ineficiente do condutor,Saída de leito carroçável,Com Vítimas Feridas,Plena Noite,Decrescente,Céu Claro,Dupla,Reta,Não,1,0,0,1,0,0,1,1,"-19,32547602","-44,36467416",SPRF-MG,DEL02-MG,UOP01-DEL02-MG
373868.0,2021-07-30,sexta-feira,16:10:00,MG,116.0,704,MURIAE,Condutor deixou de manter distância do veículo da frente,Colisão traseira,Com Vítimas Feridas,Pleno dia,Crescente,Céu Claro,Simples,Reta,Sim,2,0,1,0,1,0,1,2,"-21,12682309","-42,3832189",SPRF-MG,DEL07-MG,UOP02-DEL07-MG
373878.0,2021-07-30,sexta-feira,16:10:00,MG,40.0,552,NOVA LIMA,Ultrapassagem Indevida,Colisão lateral mesmo sentido,Com Vítimas Feridas,Anoitecer,Crescente,Céu Claro,Simples,Interseção de vias,Sim,2,0,0,1,1,0,1,2,"-20,07214172","-43,98373431",SPRF-MG,DEL01-MG,UOP02-DEL01-MG
373921.0,2021-07-30,sexta-feira,21:20:00,MG,262.0,"35,9",MANHUACU,Ultrapassagem Indevida,Tombamento,Com Vítimas Feridas,Plena Noite,Crescente,Nublado,Simples,Reta,Sim,1,0,1,0,0,0,1,1,"-20,2592562","-42,01698194",SPRF-MG,DEL06-MG,UOP04-DEL06-MG
373945.0,2021-07-31,sábado,00:30:00,MG,262.0,"441,9",NOVA SERRANA,Ingestão de álcool pelo condutor,Saída de leito carroçável,Com Vítimas Feridas,Plena Noite,Decrescente,Céu Claro,Simples,Reta,Sim,2,0,2,0,0,0,2,1,"-19,88296154","-44,90293014",SPRF-MG,DEL08-MG,UOP03-DEL08-MG
373947.0,2021-07-30,sexta-feira,22:15:00,MG,262.0,"444,1",NOVA SERRANA,Velocidade Incompatível,Queda de ocupante de veículo,Com Vítimas Feridas,Plena Noite,Crescente,Céu Claro,Simples,Reta,Sim,1,0,1,0,0,0,1,1,"-19,86910679","-44,98433774",SPRF-MG,DEL08-MG,UOP03-DEL08-MG
373966.0,2021-07-31,sábado,05:20:00,MG,365.0,440,GUIMARANIA,Condutor Dormindo,Saída de leito carroçável,Com Vítimas Feridas,Amanhecer,Decrescente,Céu Claro,Simples,Curva,Não,2,0,0,2,0,0,2,1,"-18,7983917","-46,74343004",SPRF-MG,DEL10-MG,UOP01-DEL10-MG
373979.0,2021-07-31,sábado,07:50:00,MG,40.0,634,CONSELHEIRO LAFAIETE,Ausência de reação do condutor,Colisão com objeto,Sem Vítimas,Pleno dia,Decrescente,Céu Claro,Simples,Reta,Sim,2,0,0,0,2,0,0,1,"-20,68976185","-43,79012462",SPRF-MG,DEL05-MG,UOP02-DEL05-MG
373985.0,2021-07-31,sábado,07:20:00,MG,50.0,180,UBERABA,Trafegar com motocicleta (ou similar) entre as faixas,Colisão lateral mesmo sentido,Com Vítimas Feridas,Pleno dia,Crescente,Céu Claro,Dupla,Rotatória,Sim,2,0,1,0,1,0,1,2,"-19,77848216","-47,92194709",SPRF-MG,DEL13-MG,UOP01-DEL13-MG
374003.0,2021-07-31,sábado,06:50:00,MG,116.0,"534,9",SANTA RITA DE MINAS,Ingestão de álcool pelo condutor,Saída de leito carroçável,Com Vítimas Feridas,Amanhecer,Crescente,Nublado,Simples,Curva,Não,1,0,1,0,0,0,1,1,"-19,84469501","-42,13981698",SPRF-MG,DEL06-MG,UOP02-DEL06-MG
374011.0,2021-07-31,sábado,09:30:00,MG,381.0,831,SAO SEBASTIAO DA BELA VISTA,Demais falhas mecânicas ou elétricas,Incêndio,Sem Vítimas,Pleno dia,Decrescente,Céu Claro,Dupla,Reta,Não,3,0,0,0,3,0,0,1,"-22,14509897","-45,81876904",SPRF-MG,DEL16-MG,UOP01-DEL16-MG
374038.0,2021-07-31,sábado,13:40:00,MG,40.0,527,CONTAGEM,Pedestre cruzava a pista fora da faixa,Atropelamento de Pedestre,Com Vítimas Feridas,Pleno dia,Crescente,Céu Claro,Dupla,Curva,Sim,2,0,0,1,1,0,1,1,"-19,90149502","-44,04938939",SPRF-MG,DEL01-MG,UOP02-DEL01-MG
374046.0,2021-07-31,sábado,11:15:00,MG,262.0,"414,3",PARA DE MINAS,Condutor Dormindo,Saída de leito carroçável,Com Vítimas Feridas,Pleno dia,Crescente,Céu Claro,Dupla,Reta,Não,2,0,2,0,0,0,2,1,"-19,90339593","-44,66308607",SPRF-MG,DEL08-MG,UOP03-DEL08-MG
374070.0,2021-07-31,sábado,16:00:00,MG,262.0,"15,3",MARTINS SOARES,Condutor deixou de manter distância do veículo da frente,Colisão traseira,Com Vítimas Feridas,Pleno dia,Crescente,Sol,Simples,Curva,Sim,2,0,1,0,1,0,1,2,"-20,26054008","-41,87631604",SPRF-MG,DEL06-MG,UOP04-DEL06-MG
374076.0,2021-07-31,sábado,18:30:00,MG,267.0,"60,5",BICAS,Transitar na contramão,Colisão frontal,Com Vítimas Fatais,Plena Noite,Crescente,Céu Claro,Simples,Não Informado,Não,3,1,1,0,1,0,1,3,"-21,72932823","-43,05146694",SPRF-MG,DEL07-MG,UOP01-DEL07-MG
374091.0,2021-07-31,sábado,13:00:00,MG,50.0,69,UBERLANDIA,Condutor deixou de manter distância do veículo da frente,Colisão traseira,Sem Vítimas,Pleno dia,Decrescente,Céu Claro,Dupla,Reta,Sim,2,0,0,0,2,0,0,2,"-18,85140204","-48,25345932",SPRF-MG,DEL15-MG,UOP01-DEL15-MG
374096.0,2021-07-31,sábado,20:00:00,MG,381.0,497,BETIM,Demais falhas na via,Tombamento,Com Vítimas Feridas,Plena Noite,Decrescente,Céu Claro,Múltipla,Retorno Regulamentado,Sim,1,0,1,0,0,0,1,1,"-19,98754573","-44,2017746",SPRF-MG,DEL01-MG,UOP03-DEL01-MG
374126.0,2021-07-31,sábado,19:50:00,MG,262.0,"75,6",MATIPO,Reação tardia ou ineficiente do condutor,Colisão traseira,Sem Vítimas,Plena Noite,Decrescente,Céu Claro,Simples,Reta,Não,4,0,0,0,4,0,0,2,"-20,32380719","-42,3388569",SPRF-MG,DEL03-MG,UOP03-DEL03-MG
374130.0,2021-07-31,sábado,21:30:00,MG,40.0,548,NOVA LIMA,Ausência de reação do condutor,Colisão traseira,Sem Vítimas,Plena Noite,Crescente,Ignorado,Dupla,Não Informado,Não,2,0,0,0,0,2,0,2,"-20,03136499","-43,96967792",SPRF-MG,DEL01-MG,UOP02-DEL01-MG
374147.0,2021-07-31,sábado,21:30:00,MG,116.0,420,ALPERCATA,Ausência de reação do condutor,Colisão transversal,Com Vítimas Fatais,Plena Noite,Decrescente,Ignorado,Simples,Curva,Não,2,1,1,0,0,0,1,2,"-18,93018991","-41,93992714",SPRF-MG,DEL06-MG,UOP01-DEL06-MG
374160.0,2021-07-31,sábado,21:15:00,MG,116.0,"417,5",GOVERNADOR VALADARES,Ausência de sinalização,Colisão transversal,Com Vítimas Feridas,Plena Noite,Decrescente,Céu Claro,Simples,Reta,Sim,2,0,1,0,1,0,1,2,"-18,90130308","-41,94492414",SPRF-MG,DEL06-MG,UOP01-DEL06-MG
374175.0,2021-07-31,sábado,23:00:00,MG,116.0,"412,8",GOVERNADOR VALADARES,Ausência de reação do condutor,Colisão com objeto,Sem Vítimas,Plena Noite,Decrescente,Céu Claro,Dupla,Reta,Sim,1,0,0,0,1,0,0,1,"-18,86882342","-41,97144241",SPRF-MG,DEL06-MG,UOP01-DEL06-MG
374210.0,2021-08-01,domingo,05:25:00,MG,364.0,29,FRUTAL,Demais falhas mecânicas ou elétricas,Incêndio,Sem Vítimas,Amanhecer,Decrescente,Céu Claro,Simples,Reta,Sim,1,0,0,0,0,1,0,1,"-20,025185","-48,94096",SPRF-MG,DEL13-MG,UOP02-DEL13-MG
374237.0,2021-07-15,quinta-feira,06:50:00,MG,381.0,481,CONTAGEM,Reação tardia ou ineficiente do condutor,Engavetamento,Com Vítimas Feridas,Pleno dia,Decrescente,Céu Claro,Dupla,Reta,Sim,3,0,1,0,2,0,1,3,"-19,95836431","-44,05880749",SPRF-MG,DEL01-MG,UOP03-DEL01-MG
374238.0,2021-08-01,domingo,11:30:00,MG,50.0,58,UBERLANDIA,Reação tardia ou ineficiente do condutor,Colisão traseira,Com Vítimas Feridas,Pleno dia,Crescente,Céu Claro,Dupla,Não Informado,Sim,3,0,2,0,1,0,2,2,"-18,80816805","-48,24319839",SPRF-MG,DEL15-MG,UOP02-DEL15-MG
374244.0,2021-08-01,domingo,10:00:00,MG,381.0,413,NOVA UNIAO,Velocidade Incompatível,Tombamento,Com Vítimas Feridas,Pleno dia,Crescente,Céu Claro,Dupla,Reta,Não,1,0,1,0,0,0,1,1,"-19,72396874","-43,57993126",SPRF-MG,DEL01-MG,UOP01-DEL01-MG
374251.0,2021-08-01,domingo,11:35:00,MG,116.0,"508,7",UBAPORANGA,Condutor deixou de manter distância do veículo da frente,Colisão traseira,Com Vítimas Feridas,Pleno dia,Decrescente,Céu Claro,Simples,Reta,Sim,2,0,1,0,1,0,1,2,"-19,62776197","-42,10624519",SPRF-MG,DEL06-MG,UOP02-DEL06-MG
374256.0,2021-08-01,domingo,12:50:00,MG,381.0,431,CAETE,Velocidade Incompatível,Saída de leito carroçável,Com Vítimas Feridas,Pleno dia,Crescente,Céu Claro,Simples,Curva,Não,3,0,1,2,0,0,3,1,"-19,78831547","-43,73175712",SPRF-MG,DEL01-MG,UOP01-DEL01-MG
374262.0,2021-08-01,domingo,12:55:00,MG,267.0,"11,5",LEOPOLDINA,Demais falhas mecânicas ou elétricas,Saída de leito carroçável,Com Vítimas Feridas,Pleno dia,Decrescente,Nublado,Simples,Reta,Não,1,0,1,0,0,0,1,1,"-21,56999426","-42,70830382",SPRF-MG,DEL07-MG,UOP01-DEL07-MG
374277.0,2021-08-01,domingo,15:00:00,MG,50.0,"104,9",UBERLANDIA,Demais falhas mecânicas ou elétricas,Colisão com objeto,Com Vítimas Feridas,Pleno dia,Decrescente,Céu Claro,Dupla,Reta,Não,3,0,1,0,2,0,1,2,"-19,17105604","-48,16028013",SPRF-MG,DEL13-MG,UOP01-DEL13-MG
374283.0,2021-08-01,domingo,16:50:00,MG,262.0,"35,5",MANHUACU,Ultrapassagem Indevida,Colisão lateral mesmo sentido,Com Vítimas Feridas,Pleno dia,Decrescente,Céu Claro,Simples,Reta,Não,3,0,1,0,1,1,1,2,"-20,2592562","-42,01698194",SPRF-MG,DEL06-MG,UOP04-DEL06-MG
374299.0,2021-08-01,domingo,18:05:00,MG,381.0,"478,5",CONTAGEM,Ingestão de álcool pelo condutor,Colisão traseira,Com Vítimas Feridas,Plena Noite,Decrescente,Céu Claro,Dupla,Desvio Temporário,Sim,4,0,3,0,1,0,3,2,"-19,95826094","-44,05921101",SPRF-MG,DEL01-MG,UOP03-DEL01-MG
374307.0,2021-08-01,domingo,18:35:00,MG,381.0,"503,6",BETIM,Velocidade Incompatível,Saída de leito carroçável,Com Vítimas Feridas,Anoitecer,Crescente,Céu Claro,Dupla,Reta,Sim,1,0,1,0,0,0,1,1,"-20,03855134","-44,25495493",SPRF-MG,DEL01-MG,UOP03-DEL01-MG
374308.0,2021-08-01,domingo,18:40:00,MG,262.0,"428,6",SAO GONCALO DO PARA,Ingestão de álcool pelo condutor,Saída de leito carroçável,Sem Vítimas,Plena Noite,Decrescente,Céu Claro,Dupla,Não Informado,Não,1,0,0,0,1,0,0,1,"-19,88673132","-44,78673594",SPRF-MG,DEL08-MG,UOP03-DEL08-MG
374314.0,2021-08-01,domingo,19:10:00,MG,153.0,107,PRATA,Ausência de reação do condutor,Colisão traseira,Com Vítimas Feridas,Plena Noite,Crescente,Céu Claro,Simples,Reta,Não,2,0,0,1,1,0,1,2,"-19,29074","-48,90998",SPRF-MG,DEL15-MG,UOP03-DEL15-MG