id,data_inversa,dia_semana,horario,uf,br,km,municipio,causa_acidente,tipo_acidente,classificacao_acidente,fase_dia,sentido_via,condicao_metereologica,tipo_pista,tracado_via,uso_solo,pessoas,mortos,feridos_leves,feridos_graves,ilesos,ignorados,feridos,veiculos,latitude,longitude,regional,delegacia,uop
374318.0,2021-08-01,domingo,16:20:00,MG,40.0,"10,8",PARACATU,Demais falhas mecânicas ou elétricas,Colisão frontal,Com Vítimas Fatais,Pleno dia,Crescente,Céu Claro,Simples,Reta,Não,5,1,2,2,0,0,4,2,"-17,06783722","-47,07867999",SPRF-MG,DEL14-MG,UOP01-DEL14-MG
374334.0,2021-08-01,domingo,19:30:00,MG,381.0,"505,5",BETIM,Manobra de mudança de faixa,Colisão lateral mesmo sentido,Com Vítimas Feridas,Plena Noite,Decrescente,Céu Claro,Dupla,Reta,Sim,3,0,1,0,2,0,1,2,"-20,04478441","-44,27276484",SPRF-MG,DEL01-MG,UOP03-DEL01-MG
374356.0,2021-08-01,domingo,19:45:00,MG,381.0,328,NOVA ERA,Ingestão de álcool pelo condutor,Colisão traseira,Sem Vítimas,Plena Noite,Crescente,Céu Claro,Dupla,Reta,Não,2,0,0,0,2,0,0,2,"-19,83324687","-43,01902771",SPRF-MG,DEL03-MG,UOP01-DEL03-MG
374386.0,2021-08-01,domingo,22:20:00,MG,40.0,281,TRES MARIAS,Ingestão de álcool e/ou substâncias psicoativas pelo pedestre,Atropelamento de Pedestre,Com Vítimas Feridas,Plena Noite,Decrescente,Céu Claro,Simples,Reta,Não,2,0,0,1,0,1,1,1,"-18,24214561","-45,2080525",SPRF-MG,DEL14-MG,UOP02-DEL14-MG
374393.0,2021-08-01,domingo,23:50:00,MG,116.0,"650,1",FERVEDOURO,Ausência de reação do condutor,Colisão com objeto,Com Vítimas Fatais,Plena Noite,Crescente,Nublado,Simples,Curva,Não,2,1,0,0,0,1,0,1,"-20,71848513","-42,27851814",SPRF-MG,DEL07-MG,UOP03-DEL07-MG
374414.0,2021-08-02,segunda-feira,04:30:00,MG,40.0,619,CONGONHAS,Condutor Dormindo,Saída de leito carroçável,Com Vítimas Feridas,Plena Noite,Decrescente,Céu Claro,Simples,Curva,Sim,5,0,1,0,4,0,1,1,"-20,57051498","-43,81191334",SPRF-MG,DEL05-MG,UOP02-DEL05-MG
374434.0,2021-08-02,segunda-feira,07:30:00,MG,381.0,"742,8",TRES CORACOES,Condutor Dormindo,Saída de leito carroçável,Com Vítimas Feridas,Pleno dia,Crescente,Céu Claro,Dupla,Reta,Não,1,0,1,0,0,0,1,1,"-21,60709827","-45,24095109",SPRF-MG,DEL16-MG,UOP02-DEL16-MG
374435.0,2021-08-02,segunda-feira,06:40:00,MG,356.0,269,MURIAE,Desrespeitar a preferência no cruzamento,Colisão transversal,Com Vítimas Feridas,Pleno dia,Decrescente,Céu Claro,Simples,Interseção de vias,Sim,5,0,4,0,1,0,4,2,"-21,12665618","-42,33310204",SPRF-MG,DEL07-MG,UOP02-DEL07-MG
374440.0,2021-07-25,domingo,17:15:00,MG,40.0,"504,5",ESMERALDAS,Condutor deixou de manter distância do veículo da frente,Colisão traseira,Com Vítimas Feridas,Pleno dia,Crescente,Céu Claro,Dupla,Reta,Não,2,0,1,0,1,0,1,2,"-19,72987888","-44,15253368",SPRF-MG,DEL02-MG,UOP01-DEL02-MG
374448.0,2021-08-02,segunda-feira,08:50:00,MG,50.0,70,UBERLANDIA,Condutor deixou de manter distância do veículo da frente,Colisão traseira,Sem Vítimas,Pleno dia,Decrescente,Céu Claro,Dupla,Reta,Sim,2,0,0,0,1,1,0,2,"-18,88907119","-48,25881958",SPRF-MG,DEL15-MG,UOP01-DEL15-MG
374460.0,2021-08-02,segunda-feira,10:20:00,MG,40.0,"670,9",CARANDAI,Conversão proibida,Colisão transversal,Com Vítimas Feridas,Pleno dia,Decrescente,Céu Claro,Simples,Reta,Não,2,0,0,1,1,0,1,2,"-20,9669552","-43,78631951",SPRF-MG,DEL05-MG,UOP02-DEL05-MG
374465.0,2021-08-02,segunda-feira,10:00:00,MG,50.0,"178,8",UBERABA,Pista esburacada,Tombamento,Com Vítimas Feridas,Pleno dia,Crescente,Céu Claro,Simples,Túnel,Sim,1,0,1,0,0,0,1,1,"-19,77896821","-47,94093599",SPRF-MG,DEL13-MG,UOP01-DEL13-MG
374479.0,2021-07-18,domingo,06:25:00,MG,365.0,"757,2",ITUIUTABA,Velocidade Incompatível,Colisão com objeto,Com Vítimas Feridas,Pleno dia,Decrescente,Céu Claro,Simples,Não Informado,Não,2,0,2,0,0,0,2,1,"-18,96358968","-49,4773831",SPRF-MG,DEL15-MG,UOP03-DEL15-MG
374496.0,2021-08-02,segunda-feira,07:40:00,MG,116.0,"411,9",GOVERNADOR VALADARES,Condutor deixou de manter distância do veículo da frente,Colisão traseira,Com Vítimas Feridas,Pleno dia,Crescente,Céu Claro,Simples,Reta,Sim,2,0,1,0,1,0,1,2,"-18,86244705","-41,97405237",SPRF-MG,DEL06-MG,UOP01-DEL06-MG
374500.0,2021-08-02,segunda-feira,07:30:00,MG,262.0,"34,9",MANHUACU,Acessar a via sem observar a presença dos outros veículos,Colisão transversal,Com Vítimas Feridas,Pleno dia,Crescente,Nublado,Simples,Não Informado,Sim,2,0,1,0,1,0,1,2,"-20,25692664","-42,01099203",SPRF-MG,DEL06-MG,UOP04-DEL06-MG
374503.0,2021-08-02,segunda-feira,15:00:00,MG,40.0,692,ALFREDO VASCONCELOS,Velocidade Incompatível,Tombamento,Com Vítimas Feridas,Pleno dia,Crescente,Céu Claro,Simples,Curva,Não,1,0,1,0,0,0,1,1,"-21,11655499","-43,7587449",SPRF-MG,DEL05-MG,UOP02-DEL05-MG
374513.0,2021-08-02,segunda-feira,15:00:00,MG,381.0,"933,5",EXTREMA,Velocidade Incompatível,Saída de leito carroçável,Com Vítimas Feridas,Pleno dia,Decrescente,Céu Claro,Dupla,Curva,Não,4,0,0,2,2,0,2,1,"-22,79851807","-46,25558267",SPRF-MG,DEL16-MG,UOP03-DEL16-MG
374515.0,2021-08-02,segunda-feira,16:10:00,MG,365.0,"454,9",PATROCINIO,Desrespeitar a preferência no cruzamento,Colisão transversal,Com Vítimas Fatais,Pleno dia,Crescente,Céu Claro,Simples,Reta,Não,3,1,1,0,1,0,1,2,"-18,84134","-46,85429",SPRF-MG,DEL10-MG,UOP01-DEL10-MG
374539.0,2021-08-02,segunda-feira,18:00:00,MG,40.0,511,RIBEIRAO DAS NEVES,Condutor deixou de manter distância do veículo da frente,Engavetamento,Com Vítimas Feridas,Plena Noite,Decrescente,Céu Claro,Dupla,Retorno Regulamentado,Sim,8,0,4,0,4,0,4,3,"-19,78164295","-44,11733194",SPRF-MG,DEL01-MG,UOP02-DEL01-MG
374624.0,2021-08-03,terça-feira,09:30:00,MG,381.0,509,SAO JOAQUIM DE BICAS,Velocidade Incompatível,Saída de leito carroçável,Com Vítimas Feridas,Pleno dia,Decrescente,Céu Claro,Dupla,Reta,Sim,1,0,0,1,0,0,1,1,"-20,07008","-44,298819",SPRF-MG,DEL01-MG,UOP03-DEL01-MG
374645.0,2021-08-03,terça-feira,09:30:00,MG,50.0,20,ARAGUARI,Objeto estático sobre o leito carroçável,Colisão com objeto,Com Vítimas Feridas,Pleno dia,Decrescente,Céu Claro,Dupla,Não Informado,Não,1,0,1,0,0,0,1,1,"-18,58721011","-48,05645629",SPRF-MG,DEL15-MG,UOP02-DEL15-MG
374677.0,2021-08-03,terça-feira,14:30:00,MG,381.0,"709,8",NEPOMUCENO,Condutor Dormindo,Saída de leito carroçável,Sem Vítimas,Pleno dia,Crescente,Céu Claro,Dupla,Curva,Não,1,0,0,0,1,0,0,1,"-21,37772086","-45,19419525",SPRF-MG,DEL04-MG,UOP02-DEL04-MG
374681.0,2021-06-13,domingo,17:50:00,MG,50.0,"29,3",ARAGUARI,Ausência de reação do condutor,Saída de leito carroçável,Com Vítimas Feridas,Plena Noite,Crescente,Céu Claro,Dupla,Curva,Não,1,0,1,0,0,0,1,1,"-18,62034416","-48,11087208",SPRF-MG,DEL15-MG,UOP02-DEL15-MG
374685.0,2021-06-13,domingo,23:00:00,MG,50.0,12,UBERLANDIA,Velocidade Incompatível,Colisão com objeto,Com Vítimas Fatais,Plena Noite,Decrescente,Céu Claro,Simples,Rotatória,Não,1,1,0,0,0,0,0,1,"-18,90410768","-48,18812795",SPRF-MG,DEL15-MG,UOP01-DEL15-MG
374695.0,2021-08-03,terça-feira,13:10:00,MG,381.0,"552,6",ITAGUARA,Demais falhas mecânicas ou elétricas,Colisão com objeto,Sem Vítimas,Pleno dia,Crescente,Céu Claro,Dupla,Não Informado,Não,2,0,0,0,2,0,0,1,"-20,318886","-44,454885",SPRF-MG,DEL04-MG,UOP03-DEL04-MG
374698.0,2021-06-01,terça-feira,09:00:00,MG,50.0,65,UBERLANDIA,Ausência de reação do condutor,Tombamento,Com Vítimas Feridas,Pleno dia,Decrescente,Céu Claro,Dupla,Reta,Não,1,0,1,0,0,0,1,1,"-18,85140204","-48,25345932",SPRF-MG,DEL15-MG,UOP02-DEL15-MG
374709.0,2021-06-04,sexta-feira,20:10:00,MG,50.0,80,UBERLANDIA,Demais falhas mecânicas ou elétricas,Saída de leito carroçável,Com Vítimas Feridas,Plena Noite,Crescente,Céu Claro,Dupla,Reta,Não,1,0,1,0,0,0,1,1,"-18,986906","-48,211853",SPRF-MG,DEL15-MG,UOP01-DEL15-MG
374714.0,2021-06-13,domingo,01:55:00,MG,50.0,36,ARAGUARI,Ingestão de álcool pelo condutor,Colisão com objeto,Com Vítimas Feridas,Plena Noite,Crescente,Céu Claro,Dupla,Reta,Não,1,0,1,0,0,0,1,1,"-18,65453092","-48,14727203",SPRF-MG,DEL15-MG,UOP02-DEL15-MG
374716.0,2021-08-03,terça-feira,18:50:00,MG,40.0,"652,9",CRISTIANO OTONI,Objeto estático sobre o leito carroçável,Tombamento,Com Vítimas Feridas,Pleno dia,Crescente,Céu Claro,Simples,Reta,Não,1,0,0,1,0,0,1,1,"-20,85438038","-43,80096674",SPRF-MG,DEL05-MG,UOP02-DEL05-MG
374717.0,2021-08-03,terça-feira,17:15:00,MG,116.0,"652,9",FERVEDOURO,Desrespeitar a preferência no cruzamento,Colisão transversal,Com Vítimas Feridas,Anoitecer,Decrescente,Nublado,Simples,Interseção de vias,Sim,2,0,1,0,1,0,1,2,"-20,73485295","-42,2842334",SPRF-MG,DEL07-MG,UOP03-DEL07-MG
374724.0,2021-08-03,terça-feira,19:20:00,MG,116.0,"415,3",GOVERNADOR VALADARES,Entrada inopinada do pedestre,Atropelamento de Pedestre,Com Vítimas Feridas,Plena Noite,Crescente,Céu Claro,Simples,Não Informado,Sim,2,0,1,0,1,0,1,1,"-18,88401297","-41,94924399",SPRF-MG,DEL06-MG,UOP01-DEL06-MG
374729.0,2021-06-20,domingo,19:45:00,MG,365.0,623,UBERLANDIA,Pista em desnível,Tombamento,Com Vítimas Feridas,Plena Noite,Crescente,Céu Claro,Dupla,Reta,Sim,2,0,0,2,0,0,2,1,"-18,9100325","-48,30694985",SPRF-MG,DEL15-MG,UOP01-DEL15-MG
374735.0,2021-08-03,terça-feira,16:20:00,MG,116.0,"227,4",TEOFILO OTONI,Velocidade Incompatível,Capotamento,Com Vítimas Feridas,Pleno dia,Crescente,Céu Claro,Simples,Curva,Não,3,0,1,0,2,0,1,1,"-17,46112209","-41,49712931",SPRF-MG,DEL11-MG,UOP01-DEL11-MG
374781.0,2021-08-04,quarta-feira,07:40:00,MG,365.0,626,UBERLANDIA,Ausência de reação do condutor,Colisão traseira,Com Vítimas Feridas,Pleno dia,Decrescente,Céu Claro,Dupla,Não Informado,Sim,2,0,1,0,1,0,1,2,"-18,90659356","-48,33469405",SPRF-MG,DEL15-MG,UOP01-DEL15-MG
374802.0,2021-08-04,quarta-feira,10:13:00,MG,116.0,"415,5",GOVERNADOR VALADARES,Desrespeitar a preferência no cruzamento,Colisão transversal,Com Vítimas Feridas,Pleno dia,Decrescente,Céu Claro,Simples,Retorno Regulamentado,Sim,3,0,1,1,1,0,2,2,"-18,88401297","-41,94924399",SPRF-MG,DEL06-MG,UOP01-DEL06-MG
374822.0,2021-08-04,quarta-feira,12:00:00,MG,365.0,626,UBERLANDIA,Reação tardia ou ineficiente do condutor,Saída de leito carroçável,Com Vítimas Feridas,Pleno dia,Crescente,Céu Claro,Dupla,Reta,Sim,1,0,0,1,0,0,1,1,"-18,90659356","-48,33469405",SPRF-MG,DEL15-MG,UOP01-DEL15-MG
374853.0,2021-08-04,quarta-feira,16:00:00,MG,40.0,511,RIBEIRAO DAS NEVES,Reação tardia ou ineficiente do condutor,Colisão lateral mesmo sentido,Com Vítimas Feridas,Pleno dia,Crescente,Céu Claro,Dupla,Não Informado,Sim,2,0,0,1,1,0,1,2,"-19,78164295","-44,11733194",SPRF-MG,DEL01-MG,UOP02-DEL01-MG
374912.0,2021-08-04,quarta-feira,17:10:00,MG,116.0,"635,3",DIVINO,Reação tardia ou ineficiente do condutor,Saída de leito carroçável,Com Vítimas Feridas,Anoitecer,Decrescente,Céu Claro,Simples,Reta,Não,2,0,2,0,0,0,2,1,"-20,61198955","-42,21215855",SPRF-MG,DEL07-MG,UOP03-DEL07-MG
374944.0,2021-08-04,quarta-feira,23:40:00,MG,40.0,512,RIBEIRAO DAS NEVES,Ausência de reação do condutor,Tombamento,Com Vítimas Feridas,Plena Noite,Decrescente,Nublado,Dupla,Desvio Temporário,Não,1,0,1,0,0,0,1,1,"-19,78946999","-44,11290699",SPRF-MG,DEL01-MG,UOP02-DEL01-MG
374954.0,2021-06-27,domingo,06:30:00,MG,153.0,58,MONTE ALEGRE DE MINAS,Condutor deixou de manter distância do veículo da frente,Colisão traseira,Com Vítimas Feridas,Amanhecer,Decrescente,Céu Claro,Simples,Desvio Temporário,Não,2,0,1,0,1,0,1,2,"-18,878386","-49,056637",SPRF-MG,DEL15-MG,UOP03-DEL15-MG
374974.0,2021-08-05,quinta-feira,07:35:00,MG,40.0,529,CONTAGEM,Área urbana sem a presença de local apropriado para a travessia de pedestres,Atropelamento de Pedestre,Com Vítimas Feridas,Pleno dia,Crescente,Céu Claro,Dupla,Reta,Sim,2,0,1,0,1,0,1,1,"-19,91635592","-44,03966566",SPRF-MG,DEL01-MG,UOP02-DEL01-MG
374994.0,2021-08-05,quinta-feira,09:00:00,MG,381.0,"559,4",ITAGUARA,Velocidade Incompatível,Colisão com objeto,Com Vítimas Fatais,Pleno dia,Crescente,Sol,Dupla,Curva,Não,2,1,0,0,1,0,0,1,"-20,38230203","-44,48068397",SPRF-MG,DEL04-MG,UOP03-DEL04-MG
375010.0,2021-08-05,quinta-feira,10:00:00,MG,40.0,"509,7",RIBEIRAO DAS NEVES,Condutor Dormindo,Colisão com objeto,Com Vítimas Feridas,Pleno dia,Crescente,Céu Claro,Dupla,Não Informado,Sim,1,0,0,1,0,0,1,1,"-19,76728744","-44,12855905",SPRF-MG,DEL01-MG,UOP02-DEL01-MG
375024.0,2021-08-05,quinta-feira,09:40:00,MG,116.0,"226,7",CATUJI,Ausência de reação do condutor,Saída de leito carroçável,Com Vítimas Feridas,Pleno dia,Crescente,Nublado,Simples,Não Informado,Não,4,0,3,0,1,0,3,1,"-17,458199","-41,49771",SPRF-MG,DEL11-MG,UOP01-DEL11-MG
375027.0,2021-08-05,quinta-feira,12:45:00,MG,40.0,714,BARBACENA,Ausência de reação do condutor,Colisão traseira,Com Vítimas Feridas,Pleno dia,Crescente,Céu Claro,Dupla,Reta,Não,3,0,1,0,1,1,1,2,"-21,24829882","-43,67987366",SPRF-MG,DEL05-MG,UOP02-DEL05-MG
375048.0,2021-08-05,quinta-feira,14:50:00,MG,381.0,"803,1",CAREACU,Ausência de reação do condutor,Saída de leito carroçável,Com Vítimas Feridas,Pleno dia,Crescente,Sol,Dupla,Reta,Não,4,0,2,1,1,0,3,1,"-21,99042653","-45,66660933",SPRF-MG,DEL16-MG,UOP02-DEL16-MG
375058.0,2021-08-05,quinta-feira,13:30:00,MG,116.0,"302,2",ITAMBACURI,Pista Escorregadia,Colisão frontal,Sem Vítimas,Pleno dia,Decrescente,Chuva,Simples,Curva,Não,2,0,0,0,2,0,0,2,"-18,018133","-41,636077",SPRF-MG,DEL11-MG,UOP01-DEL11-MG
375074.0,2021-08-05,quinta-feira,18:20:00,MG,40.0,"523,2",CONTAGEM,Reação tardia ou ineficiente do condutor,Saída de leito carroçável,Com Vítimas Feridas,Plena Noite,Decrescente,Céu Claro,Dupla,Reta,Sim,1,0,1,0,0,0,1,1,"-19,86874894","-44,05962197",SPRF-MG,DEL01-MG,UOP02-DEL01-MG
375093.0,2021-08-05,quinta-feira,19:40:00,MG,267.0,"138,2",JUIZ DE FORA,Velocidade Incompatível,Colisão traseira,Com Vítimas Feridas,Plena Noite,Crescente,Céu Claro,Simples,Reta,Não,6,0,4,0,2,0,4,2,"-21,79071223","-43,67401443",SPRF-MG,DEL05-MG,UOP01-DEL05-MG
375119.0,2021-08-05,quinta-feira,19:00:00,MG,381.0,334,NOVA ERA,Velocidade Incompatível,Capotamento,Com Vítimas Feridas,Plena Noite,Decrescente,Nublado,Simples,Não Informado,Não,2,0,0,2,0,0,2,1,"-19,81025584","-43,06303471",SPRF-MG,DEL03-MG,UOP01-DEL03-MG
375123.0,2021-08-05,quinta-feira,20:40:00,MG,116.0,"236,6",TEOFILO OTONI,Velocidade Incompatível,Colisão com objeto,Com Vítimas Feridas,Plena Noite,Crescente,Chuva,Simples,Reta,Não,2,0,0,2,0,0,2,1,"-17,53796419","-41,47966256",SPRF-MG,DEL11-MG,UOP01-DEL11-MG
375138.0,2021-08-06,sexta-feira,05:20:00,MG,40.0,"128,3",JOAO PINHEIRO,Pedestre andava na pista,Atropelamento de Pedestre,Com Vítimas Fatais,Amanhecer,Decrescente,Céu Claro,Simples,Reta,Sim,3,1,0,0,1,1,0,1,"-17,70131701","-46,303719",SPRF-MG,DEL14-MG,UOP01-DEL14-MG
375157.0,2021-08-06,sexta-feira,06:00:00,MG,40.0,"739,5",OLIVEIRA FORTES,Condutor usando celular,Colisão com objeto,Com Vítimas Feridas,Amanhecer,Decrescente,Garoa/Chuvisco,Simples,Curva,Não,1,0,1,0,0,0,1,1,"-21,394039","-43,56680295",SPRF-MG,DEL05-MG,UOP01-DEL05-MG
375163.0,2021-08-06,sexta-feira,08:00:00,MG,381.0,"478,5",CONTAGEM,Frear bruscamente,Colisão traseira,Com Vítimas Feridas,Pleno dia,Decrescente,Céu Claro,Múltipla,Reta,Sim,4,0,1,0,1,2,1,2,"-19,95826094","-44,05921101",SPRF-MG,DEL01-MG,UOP03-DEL01-MG
375209.0,2021-08-06,sexta-feira,11:30:00,MG,50.0,"16,4",UBERLANDIA,Ausência de reação do condutor,Colisão traseira,Com Vítimas Feridas,Pleno dia,Crescente,Sol,Dupla,Reta,Sim,2,0,1,0,1,0,1,2,"-18,91875025","-48,17968369",SPRF-MG,DEL15-MG,UOP01-DEL15-MG
375212.0,2021-08-06,sexta-feira,13:05:00,MG,459.0,"104,7",POUSO ALEGRE,Velocidade Incompatível,Colisão com objeto,Com Vítimas Feridas,Pleno dia,Crescente,Céu Claro,Dupla,Curva,Não,1,0,0,1,0,0,1,1,"-22,23904617","-45,89180002",SPRF-MG,DEL16-MG,UOP01-DEL16-MG
375238.0,2021-08-06,sexta-feira,14:40:00,MG,381.0,441,SABARA,Desrespeitar a preferência no cruzamento,Colisão transversal,Com Vítimas Feridas,Pleno dia,Decrescente,Sol,Simples,Reta,Sim,3,0,1,0,2,0,1,2,"-19,81604176","-43,80389901",SPRF-MG,DEL01-MG,UOP01-DEL01-MG
375253.0,2021-08-05,quinta-feira,18:30:00,MG,40.0,"628,5",CONSELHEIRO LAFAIETE,Transitar na contramão,Colisão frontal,Com Vítimas Feridas,Plena Noite,Decrescente,Nublado,Dupla,Reta,Sim,3,0,1,0,1,1,1,2,"-20,6520906","-43,80892968",SPRF-MG,DEL05-MG,UOP02-DEL05-MG
375304.0,2021-08-06,sexta-feira,19:00:00,MG,262.0,"364,8",JUATUBA,Pedestre cruzava a pista fora da faixa,Atropelamento de Pedestre,Com Vítimas Feridas,Plena Noite,Decrescente,Céu Claro,Dupla,Reta,Não,2,0,1,0,0,1,1,1,"-19,98290644","-44,24492623",SPRF-MG,DEL01-MG,UOP03-DEL01-MG
375309.0,2021-08-06,sexta-feira,19:10:00,MG,381.0,265,TIMOTEO,Acessar a via sem observar a presença dos outros veículos,Colisão transversal,Com Vítimas Feridas,Plena Noite,Decrescente,Céu Claro,Simples,Reta,Não,3,0,0,1,2,0,1,3,"-19,53018621","-42,61918545",SPRF-MG,DEL03-MG,UOP02-DEL03-MG
375331.0,2021-08-06,sexta-feira,21:20:00,MG,381.0,"285,2",JAGUARACU,Animais na Pista,Atropelamento de Animal,Com Vítimas Feridas,Plena Noite,Decrescente,Nublado,Simples,Reta,Não,1,0,0,1,0,0,1,1,"-19,601729","-42,75498",SPRF-MG,DEL03-MG,UOP02-DEL03-MG
375332.0,2021-08-06,sexta-feira,19:10:00,MG,40.0,"787,6",JUIZ DE FORA,Reação tardia ou ineficiente do condutor,Colisão traseira,Com Vítimas Feridas,Plena Noite,Crescente,Nublado,Dupla,Reta,Não,4,0,4,0,0,0,4,2,"-21,73607735","-43,44262787",SPRF-MG,DEL05-MG,UOP01-DEL05-MG
375342.0,2021-08-06,sexta-feira,19:30:00,MG,381.0,"245,3",SANTANA DO PARAISO,Ultrapassagem Indevida,Colisão lateral sentido oposto,Com Vítimas Feridas,Plena Noite,Decrescente,Céu Claro,Simples,Reta,Não,2,0,0,1,1,0,1,2,"-19,45135074","-42,51844723",SPRF-MG,DEL06-MG,UOP01-DEL06-MG
375360.0,2021-08-06,sexta-feira,09:40:00,MG,40.0,"121,9",JOAO PINHEIRO,Objeto estático sobre o leito carroçável,Colisão com objeto,Com Vítimas Feridas,Plena Noite,Crescente,Céu Claro,Simples,Reta,Não,4,0,1,0,3,0,1,1,"-17,6638974","-46,35562202",SPRF-MG,DEL14-MG,UOP01-DEL14-MG
375367.0,2021-08-07,sábado,01:50:00,MG,50.0,80,UBERLANDIA,Ausência de reação do condutor,Colisão com objeto,Com Vítimas Feridas,Plena Noite,Crescente,Céu Claro,Dupla,Viaduto,Sim,3,0,0,1,1,1,1,2,"-18,96993526","-48,21590424",SPRF-MG,DEL15-MG,UOP01-DEL15-MG
375381.0,2021-08-06,sexta-feira,23:00:00,MG,381.0,382,SAO GONCALO DO RIO ABAIXO,Pedestre andava na pista,Atropelamento de Pedestre,Com Vítimas Feridas,Plena Noite,Crescente,Céu Claro,Simples,Reta,Sim,2,0,0,1,1,0,1,1,"-19,8203938","-43,39028183",SPRF-MG,DEL01-MG,UOP01-DEL01-MG
375382.0,2021-08-07,sábado,04:30:00,MG,40.0,"551,9",NOVA LIMA,Velocidade Incompatível,Colisão traseira,Com Vítimas Feridas,Amanhecer,Crescente,Nublado,Dupla,Reta,Sim,2,0,1,0,0,1,1,2,"-20,06221538","-43,9781124",SPRF-MG,DEL01-MG,UOP02-DEL01-MG
375389.0,2021-08-07,sábado,04:30:00,MG,40.0,"545,9",NOVA LIMA,Pedestre andava na pista,Atropelamento de Pedestre,Com Vítimas Feridas,Plena Noite,Decrescente,Nublado,Dupla,Reta,Não,3,0,0,1,2,0,1,1,"-20,00670404","-43,96418668",SPRF-MG,DEL01-MG,UOP02-DEL01-MG
375391.0,2021-08-07,sábado,04:00:00,MG,262.0,818,UBERABA,Ingestão de álcool pelo condutor,Saída de leito carroçável,Com Vítimas Feridas,Plena Noite,Decrescente,Céu Claro,Dupla,Reta,Não,2,0,1,1,0,0,2,1,"-19,76097612","-48,04106712",SPRF-MG,DEL13-MG,UOP01-DEL13-MG
375397.0,2021-08-07,sábado,02:30:00,MG,381.0,"888,9",CAMBUI,Pedestre andava na pista,Atropelamento de Pedestre,Com Vítimas Feridas,Plena Noite,Crescente,Céu Claro,Dupla,Reta,Não,2,0,0,2,0,0,2,1,"-22,53217624","-46,02835942",SPRF-MG,DEL16-MG,UOP03-DEL16-MG
375423.0,2021-08-07,sábado,07:20:00,MG,262.0,"371,3",JUATUBA,Transitar no acostamento,Atropelamento de Pedestre,Com Vítimas Feridas,Pleno dia,Crescente,Céu Claro,Dupla,Reta,Não,2,0,1,0,0,1,1,1,"-19,97212126","-44,30817896",SPRF-MG,DEL01-MG,UOP03-DEL01-MG
375443.0,2021-08-06,sexta-feira,17:40:00,MG,381.0,"245,3",SANTANA DO PARAISO,Acessar a via sem observar a presença dos outros veículos,Colisão traseira,Com Vítimas Feridas,Anoitecer,Decrescente,Nublado,Simples,Reta,Não,2,0,1,0,1,0,1,2,"-19,45135074","-42,51844723",SPRF-MG,DEL06-MG,UOP01-DEL06-MG
375469.0,2021-08-07,sábado,11:10:00,MG,381.0,348,JOAO MONLEVADE,Velocidade Incompatível,Saída de leito carroçável,Com Vítimas Feridas,Pleno dia,Decrescente,Nublado,Simples,Curva,Não,4,0,4,0,0,0,4,1,"-19,85243846","-43,14084419",SPRF-MG,DEL03-MG,UOP01-DEL03-MG
375494.0,2021-08-07,sábado,13:50:00,MG,381.0,423,CAETE,Manobra de mudança de faixa,Colisão traseira,Com Vítimas Feridas,Pleno dia,Decrescente,Céu Claro,Dupla,Curva,Sim,3,0,2,0,1,0,2,2,"-19,78973406","-43,67222724",SPRF-MG,DEL01-MG,UOP01-DEL01-MG
375500.0,2021-08-07,sábado,13:40:00,MG,365.0,759,ITUIUTABA,Demais falhas mecânicas ou elétricas,Incêndio,Sem Vítimas,Pleno dia,Crescente,Céu Claro,Simples,Reta,Não,4,0,0,0,4,0,0,1,"-18,96582569","-49,49808098",SPRF-MG,DEL15-MG,UOP03-DEL15-MG
375506.0,2021-08-07,sábado,12:57:00,MG,381.0,"526,2",BRUMADINHO,Velocidade Incompatível,Tombamento,Com Vítimas Feridas,Pleno dia,Crescente,Céu Claro,Dupla,Não Informado,Não,1,0,1,0,0,0,1,1,"-20,16175378","-44,34144636",SPRF-MG,DEL04-MG,UOP03-DEL04-MG
375523.0,2021-08-07,sábado,14:30:00,MG,365.0,"663,2",MONTE ALEGRE DE MINAS,Ausência de reação do condutor,Saída de leito carroçável,Com Vítimas Feridas,Pleno dia,Crescente,Céu Claro,Dupla,Curva,Não,1,0,1,0,0,0,1,1,"-18,89100473","-48,67040895",SPRF-MG,DEL15-MG,UOP01-DEL15-MG
375527.0,2021-08-07,sábado,17:20:00,MG,381.0,"492,2",BETIM,Acessar a via sem observar a presença dos outros veículos,Colisão lateral mesmo sentido,Com Vítimas Feridas,Anoitecer,Decrescente,Céu Claro,Dupla,Reta,Sim,5,0,1,0,3,1,1,4,"-19,97490091","-44,19004301",SPRF-MG,DEL01-MG,UOP03-DEL01-MG
375531.0,2021-08-07,sábado,17:35:00,MG,116.0,116,ITAOBIM,Transitar na contramão,Colisão frontal,Com Vítimas Feridas,Pleno dia,Decrescente,Céu Claro,Simples,Retorno Regulamentado,Sim,2,0,0,1,1,0,1,2,"-16,565216","-41,504654",SPRF-MG,DEL11-MG,UOP02-DEL11-MG
375543.0,2021-08-07,sábado,18:00:00,MG,146.0,"505,4",BANDEIRA DO SUL,Ingestão de álcool pelo condutor,Saída de leito carroçável,Sem Vítimas,Anoitecer,Crescente,Céu Claro,Simples,Curva,Não,1,0,0,0,1,0,0,1,"-21,741005","-46,407793",SPRF-MG,DEL09-MG,UOP01-DEL09-MG