id,data_inversa,dia_semana,horario,uf,br,km,municipio,causa_acidente,tipo_acidente,classificacao_acidente,fase_dia,sentido_via,condicao_metereologica,tipo_pista,tracado_via,uso_solo,pessoas,mortos,feridos_leves,feridos_graves,ilesos,ignorados,feridos,veiculos,latitude,longitude,regional,delegacia,uop
375547.0,2021-08-07,sábado,18:30:00,MG,365.0,"154,4",PIRAPORA,Ingestão de álcool pelo condutor,Queda de ocupante de veículo,Com Vítimas Fatais,Plena Noite,Decrescente,Céu Claro,Simples,Reta,Não,3,1,2,0,0,0,2,2,"-17,31522897","-44,89556828",SPRF-MG,DEL12-MG,UOP01-DEL12-MG
375576.0,2021-08-07,sábado,20:45:00,MG,40.0,476,SETE LAGOAS,Reação tardia ou ineficiente do condutor,Saída de leito carroçável,Com Vítimas Feridas,Plena Noite,Decrescente,Céu Claro,Dupla,Reta,Não,1,0,1,0,0,0,1,1,"-19,51363098","-44,27021397",SPRF-MG,DEL02-MG,UOP01-DEL02-MG
375592.0,2021-08-07,sábado,19:30:00,MG,40.0,"778,1",JUIZ DE FORA,Acessar a via sem observar a presença dos outros veículos,Colisão traseira,Com Vítimas Feridas,Plena Noite,Crescente,Nublado,Dupla,Não Informado,Não,2,0,1,0,1,0,1,2,"-21,66781291","-43,43631526",SPRF-MG,DEL05-MG,UOP01-DEL05-MG
375603.0,2021-08-07,sábado,21:45:00,MG,50.0,"173,5",UBERABA,Reação tardia ou ineficiente do condutor,Capotamento,Com Vítimas Feridas,Plena Noite,Crescente,Céu Claro,Dupla,Reta,Sim,1,0,1,0,0,0,1,1,"-19,764353","-47,976475",SPRF-MG,DEL13-MG,UOP01-DEL13-MG
375608.0,2021-08-07,sábado,20:00:00,MG,354.0,749,ITANHANDU,Ingestão de álcool pelo condutor,Colisão lateral sentido oposto,Sem Vítimas,Plena Noite,Crescente,Céu Claro,Simples,Curva,Não,4,0,0,0,4,0,0,2,"-22,2644748","-44,90833282",SPRF-MG,DEL17-MG,UOP01-DEL17-MG
375610.0,2021-08-07,sábado,22:30:00,MG,381.0,"510,5",SAO JOAQUIM DE BICAS,Ultrapassagem Indevida,Colisão lateral mesmo sentido,Com Vítimas Feridas,Plena Noite,Decrescente,Céu Claro,Múltipla,Reta,Sim,2,0,1,0,1,0,1,2,"-20,057962","-44,287787",SPRF-MG,DEL01-MG,UOP03-DEL01-MG
375618.0,2021-08-07,sábado,21:30:00,MG,364.0,22,FRUTAL,Ingestão de álcool pelo condutor,Capotamento,Sem Vítimas,Plena Noite,Decrescente,Céu Claro,Simples,Reta,Não,1,0,0,0,1,0,0,1,"-20,04012782","-48,85826111",SPRF-MG,DEL13-MG,UOP02-DEL13-MG
375635.0,2021-08-07,sábado,01:00:00,MG,40.0,506,RIBEIRAO DAS NEVES,Deficiência do Sistema de Iluminação/Sinalização,Colisão com objeto,Com Vítimas Feridas,Plena Noite,Crescente,Céu Claro,Dupla,Retorno Regulamentado,Sim,2,0,1,0,1,0,1,2,"-19,74716686","-44,14731173",SPRF-MG,DEL02-MG,UOP01-DEL02-MG
375638.0,2021-08-08,domingo,01:30:00,MG,381.0,487,BETIM,Reação tardia ou ineficiente do condutor,Queda de ocupante de veículo,Com Vítimas Feridas,Plena Noite,Crescente,Céu Claro,Dupla,Não Informado,Sim,1,0,1,0,0,0,1,1,"-19,95586853","-44,14609501",SPRF-MG,DEL01-MG,UOP03-DEL01-MG
375656.0,2021-08-08,domingo,02:20:00,MG,262.0,"525,5",LUZ,Condutor Dormindo,Saída de leito carroçável,Com Vítimas Feridas,Pleno dia,Crescente,Céu Claro,Simples,Reta,Não,1,0,0,1,0,0,1,1,"-19,78185764","-45,66689699",SPRF-MG,DEL08-MG,UOP03-DEL08-MG
375657.0,2021-08-08,domingo,02:45:00,MG,381.0,"929,9",ITAPEVA,Ingestão de álcool pelo condutor,Saída de leito carroçável,Com Vítimas Feridas,Plena Noite,Crescente,Céu Claro,Dupla,Curva,Não,1,0,1,0,0,0,1,1,"-22,79911462","-46,26123692",SPRF-MG,DEL16-MG,UOP03-DEL16-MG
375667.0,2021-08-08,domingo,03:10:00,MG,381.0,333,NOVA ERA,Velocidade Incompatível,Saída de leito carroçável,Com Vítimas Feridas,Plena Noite,Decrescente,Garoa/Chuvisco,Simples,Curva,Não,4,0,1,0,3,0,1,1,"-19,80306599","-43,06083702",SPRF-MG,DEL03-MG,UOP01-DEL03-MG
375671.0,2021-08-08,domingo,03:40:00,MG,40.0,"512,9",RIBEIRAO DAS NEVES,Velocidade Incompatível,Saída de leito carroçável,Com Vítimas Fatais,Plena Noite,Decrescente,Céu Claro,Dupla,Não Informado,Sim,2,1,0,1,0,0,1,1,"-19,796594","-44,108863",SPRF-MG,DEL01-MG,UOP02-DEL01-MG
375678.0,2021-08-08,domingo,02:15:00,MG,262.0,"22,3",REDUTO,Ausência de reação do condutor,Saída de leito carroçável,Com Vítimas Feridas,Plena Noite,Crescente,Céu Claro,Simples,Curva,Não,1,0,0,1,0,0,1,1,"-20,24575292","-41,92502101",SPRF-MG,DEL06-MG,UOP04-DEL06-MG
375682.0,2021-08-08,domingo,06:30:00,MG,381.0,"365,5",SAO GONCALO DO RIO ABAIXO,Velocidade Incompatível,Colisão frontal,Com Vítimas Feridas,Amanhecer,Crescente,Chuva,Simples,Curva,Não,4,0,1,3,0,0,4,2,"-19,85773","-43,236789",SPRF-MG,DEL03-MG,UOP01-DEL03-MG
375685.0,2021-08-08,domingo,04:50:00,MG,381.0,868,POUSO ALEGRE,Condutor Dormindo,Saída de leito carroçável,Com Vítimas Feridas,Plena Noite,Crescente,Céu Claro,Dupla,Reta,Não,2,0,1,0,1,0,1,1,"-22,37582662","-45,94057102",SPRF-MG,DEL16-MG,UOP01-DEL16-MG
375691.0,2021-08-08,domingo,00:40:00,MG,381.0,"484,5",BETIM,Velocidade Incompatível,Colisão com objeto,Sem Vítimas,Plena Noite,Crescente,Céu Claro,Dupla,Reta,Sim,1,0,0,0,0,1,0,1,"-19,95531717","-44,11722196",SPRF-MG,DEL01-MG,UOP03-DEL01-MG
375694.0,2021-06-11,sexta-feira,19:50:00,MG,50.0,"48,7",ARAGUARI,Ausência de reação do condutor,Tombamento,Com Vítimas Feridas,Plena Noite,Decrescente,Ignorado,Dupla,Não Informado,Não,1,0,1,0,0,0,1,1,"-18,73203707","-48,21288207",SPRF-MG,DEL15-MG,UOP02-DEL15-MG
375698.0,2021-08-08,domingo,00:30:00,MG,40.0,"139,1",JOAO PINHEIRO,Ingestão de álcool pelo condutor,Saída de leito carroçável,Com Vítimas Feridas,Plena Noite,Decrescente,Céu Claro,Simples,Curva,Não,4,0,3,1,0,0,4,1,"-17,73570757","-46,21099068",SPRF-MG,DEL14-MG,UOP01-DEL14-MG
375730.0,2021-08-08,domingo,06:00:00,MG,116.0,"343,2",CAMPANARIO,Velocidade Incompatível,Saída de leito carroçável,Com Vítimas Feridas,Pleno dia,Decrescente,Chuva,Simples,Curva,Não,1,0,1,0,0,0,1,1,"-18,40984621","-41,82022076",SPRF-MG,DEL11-MG,UOP01-DEL11-MG
375741.0,2021-08-08,domingo,09:40:00,MG,50.0,19,UBERLANDIA,Avarias e/ou desgaste excessivo no pneu,Colisão com objeto,Com Vítimas Feridas,Pleno dia,Crescente,Céu Claro,Dupla,Reta,Não,3,0,2,0,1,0,2,1,"-18,9364","-48,20848",SPRF-MG,DEL15-MG,UOP01-DEL15-MG
375754.0,2021-08-08,domingo,12:40:00,MG,50.0,46,ARAGUARI,Condutor deixou de manter distância do veículo da frente,Colisão traseira,Com Vítimas Feridas,Pleno dia,Decrescente,Céu Claro,Dupla,Reta,Não,2,0,1,0,1,0,1,2,"-18,72016606","-48,20216392",SPRF-MG,DEL15-MG,UOP02-DEL15-MG
375755.0,2021-08-05,quinta-feira,05:55:00,MG,381.0,"650,5",SANTO ANTONIO DO AMPARO,Carga excessiva e/ou mal acondicionada,Derramamento de carga,Sem Vítimas,Amanhecer,Crescente,Céu Claro,Dupla,Reta,Não,1,0,0,0,1,0,0,1,"-20,9711341","-44,93201068",SPRF-MG,DEL04-MG,UOP02-DEL04-MG
375756.0,2021-08-08,domingo,13:30:00,MG,354.0,"756,2",ITAMONTE,Manobra de mudança de faixa,Colisão frontal,Com Vítimas Feridas,Pleno dia,Decrescente,Sol,Simples,Reta,Sim,2,0,0,1,1,0,1,2,"-22,31636395","-44,85331983",SPRF-MG,DEL17-MG,UOP01-DEL17-MG
375815.0,2021-08-08,domingo,17:30:00,MG,262.0,397,PARA DE MINAS,Ingestão de álcool pelo condutor,Colisão lateral mesmo sentido,Com Vítimas Feridas,Anoitecer,Crescente,Céu Claro,Dupla,Reta,Não,4,0,0,1,3,0,1,2,"-19,90483585","-44,51518191",SPRF-MG,DEL01-MG,UOP03-DEL01-MG
375831.0,2021-08-08,domingo,17:00:00,MG,50.0,176,UBERABA,Demais falhas mecânicas ou elétricas,Colisão com objeto,Com Vítimas Feridas,Pleno dia,Decrescente,Nublado,Dupla,Reta,Não,5,0,4,0,1,0,4,1,"-19,77919981","-47,960032",SPRF-MG,DEL13-MG,UOP01-DEL13-MG
375837.0,2021-08-08,domingo,14:50:00,MG,262.0,"440,8",NOVA SERRANA,Ausência de reação do condutor,Colisão traseira,Com Vítimas Feridas,Pleno dia,Decrescente,Nublado,Dupla,Reta,Sim,2,0,1,0,0,1,1,1,"-19,88607114","-44,89407411",SPRF-MG,DEL08-MG,UOP03-DEL08-MG
375840.0,2021-08-08,domingo,18:50:00,MG,40.0,"673,9",CARANDAI,Pedestre andava na pista,Atropelamento de Pedestre,Com Vítimas Fatais,Plena Noite,Decrescente,Céu Claro,Simples,Reta,Não,5,1,1,0,3,0,1,1,"-21,004403","-43,780287",SPRF-MG,DEL05-MG,UOP02-DEL05-MG
375845.0,2021-08-08,domingo,19:17:00,MG,50.0,"181,5",UBERABA,Pedestre andava na pista,Atropelamento de Pedestre,Com Vítimas Fatais,Plena Noite,Decrescente,Céu Claro,Dupla,Não Informado,Sim,5,1,0,0,4,0,0,1,"-19,785967","-47,916336",SPRF-MG,DEL13-MG,UOP01-DEL13-MG
375852.0,2021-08-08,domingo,19:00:00,MG,40.0,517,CONTAGEM,Manobra de mudança de faixa,Colisão lateral mesmo sentido,Com Vítimas Feridas,Plena Noite,Crescente,Nublado,Dupla,Reta,Sim,2,0,1,0,1,0,1,2,"-19,82351202","-44,08438913",SPRF-MG,DEL01-MG,UOP02-DEL01-MG
375866.0,2021-08-08,domingo,20:00:00,MG,40.0,527,BELO HORIZONTE,Reação tardia ou ineficiente do condutor,Colisão lateral mesmo sentido,Com Vítimas Feridas,Plena Noite,Decrescente,Céu Claro,Dupla,Desvio Temporário,Não,2,0,1,0,1,0,1,2,"-19,90149502","-44,04938939",SPRF-MG,DEL01-MG,UOP02-DEL01-MG
375872.0,2021-08-08,domingo,18:20:00,MG,116.0,573,MANHUACU,Velocidade Incompatível,Colisão com objeto,Com Vítimas Feridas,Plena Noite,Decrescente,Nublado,Simples,Curva,Não,2,0,0,2,0,0,2,1,"-20,13004403","-42,17794986",SPRF-MG,DEL06-MG,UOP04-DEL06-MG
375879.0,2021-08-08,domingo,20:30:00,MG,381.0,510,SAO JOAQUIM DE BICAS,Acessar a via sem observar a presença dos outros veículos,Colisão transversal,Com Vítimas Feridas,Plena Noite,Decrescente,Céu Claro,Simples,Reta,Sim,2,0,1,0,0,1,1,2,"-20,07738209","-44,30434488",SPRF-MG,DEL01-MG,UOP03-DEL01-MG
375880.0,2021-08-08,domingo,19:00:00,MG,40.0,"276,4",TRES MARIAS,Manobra de mudança de faixa,Colisão traseira,Com Vítimas Feridas,Plena Noite,Decrescente,Céu Claro,Simples,Desvio Temporário,Sim,3,0,3,0,0,0,3,1,"-18,21223066","-45,22526264",SPRF-MG,DEL14-MG,UOP02-DEL14-MG
375897.0,2021-08-08,domingo,22:00:00,MG,40.0,"500,5",ESMERALDAS,Animais na Pista,Atropelamento de Animal,Com Vítimas Feridas,Plena Noite,Decrescente,Céu Claro,Dupla,Reta,Sim,1,0,0,1,0,0,1,1,"-19,70073502","-44,17382703",SPRF-MG,DEL02-MG,UOP01-DEL02-MG
375914.0,2021-08-08,domingo,21:00:00,MG,116.0,"206,5",CARAI,Manobra de mudança de faixa,Colisão transversal,Com Vítimas Feridas,Plena Noite,Decrescente,Garoa/Chuvisco,Simples,Reta,Sim,3,0,0,2,1,0,2,2,"-17,29125695","-41,51824456",SPRF-MG,DEL11-MG,UOP01-DEL11-MG
375923.0,2021-08-08,domingo,22:30:00,MG,40.0,"617,5",CONGONHAS,Ingestão de álcool pelo condutor,Colisão traseira,Com Vítimas Feridas,Plena Noite,Decrescente,Céu Claro,Simples,Reta,Não,5,0,2,0,3,0,2,2,"-20,561625","-43,812287",SPRF-MG,DEL05-MG,UOP02-DEL05-MG
375993.0,2021-08-09,segunda-feira,09:15:00,MG,40.0,"445,2",PARAOPEBA,Manobra de mudança de faixa,Saída de leito carroçável,Sem Vítimas,Pleno dia,Decrescente,Céu Claro,Dupla,Reta,Não,1,0,0,0,1,0,0,1,"-19,288662","-44,397846",SPRF-MG,DEL02-MG,UOP01-DEL02-MG
375999.0,2021-08-09,segunda-feira,10:00:00,MG,381.0,"878,5",ESTIVA,Obras na pista,Atropelamento de Pedestre,Com Vítimas Feridas,Pleno dia,Crescente,Sol,Dupla,Reta,Não,3,0,1,0,1,1,1,1,"-22,49086793","-46,01107952",SPRF-MG,DEL16-MG,UOP01-DEL16-MG
376040.0,2021-08-09,segunda-feira,10:10:00,MG,381.0,"891,7",CAMBUI,Ausência de reação do condutor,Capotamento,Com Vítimas Feridas,Pleno dia,Crescente,Sol,Dupla,Curva,Não,1,0,1,0,0,0,1,1,"-22,59361712","-46,05563886",SPRF-MG,DEL16-MG,UOP03-DEL16-MG
376101.0,2021-08-09,segunda-feira,19:40:00,MG,40.0,"721,2",BARBACENA,Acesso irregular,Tombamento,Com Vítimas Feridas,Plena Noite,Crescente,Céu Claro,Dupla,Reta,Não,1,0,0,1,0,0,1,1,"-21,28684598","-43,64159531",SPRF-MG,DEL05-MG,UOP01-DEL05-MG
376110.0,2021-08-09,segunda-feira,10:30:00,MG,116.0,516,UBAPORANGA,Ultrapassagem Indevida,Saída de leito carroçável,Com Vítimas Feridas,Pleno dia,Crescente,Nublado,Simples,Reta,Não,5,0,1,0,1,3,1,2,"-19,69633994","-42,11689689",SPRF-MG,DEL06-MG,UOP02-DEL06-MG
376147.0,2021-08-09,segunda-feira,23:10:00,MG,116.0,118,ITAOBIM,Animais na Pista,Atropelamento de Animal,Sem Vítimas,Plena Noite,Decrescente,Ignorado,Simples,Desvio Temporário,Não,1,0,0,0,1,0,0,1,"-16,57411225","-41,50497449",SPRF-MG,DEL11-MG,UOP02-DEL11-MG
376182.0,2021-08-10,terça-feira,07:20:00,MG,40.0,"610,5",CONGONHAS,Conversão proibida,Colisão transversal,Com Vítimas Feridas,Pleno dia,Decrescente,Céu Claro,Simples,Curva,Não,2,0,1,0,1,0,1,2,"-20,5019758","-43,83840447",SPRF-MG,DEL05-MG,UOP02-DEL05-MG
376194.0,2021-08-10,terça-feira,08:15:00,MG,381.0,"499,7",BETIM,Reação tardia ou ineficiente do condutor,Colisão traseira,Com Vítimas Feridas,Pleno dia,Decrescente,Céu Claro,Dupla,Reta,Não,2,0,1,0,1,0,1,2,"-20,01792651","-44,2261448",SPRF-MG,DEL01-MG,UOP03-DEL01-MG
376201.0,2021-08-10,terça-feira,07:55:00,MG,50.0,"72,5",UBERLANDIA,Condutor deixou de manter distância do veículo da frente,Colisão traseira,Com Vítimas Feridas,Amanhecer,Decrescente,Céu Claro,Dupla,Reta,Sim,2,0,1,0,1,0,1,2,"-18,90003397","-48,2403338",SPRF-MG,DEL15-MG,UOP01-DEL15-MG
376203.0,2021-08-10,terça-feira,08:20:00,MG,146.0,"429,8",GUAXUPE,Manobra de mudança de faixa,Colisão lateral mesmo sentido,Com Vítimas Feridas,Pleno dia,Crescente,Céu Claro,Simples,Curva,Não,3,0,1,0,2,0,1,2,"-21,298994","-46,673352",SPRF-MG,DEL09-MG,UOP01-DEL09-MG
376225.0,2021-08-10,terça-feira,09:45:00,MG,40.0,519,RIBEIRAO DAS NEVES,Condutor deixou de manter distância do veículo da frente,Colisão traseira,Com Vítimas Feridas,Pleno dia,Crescente,Sol,Dupla,Reta,Sim,2,0,0,1,1,0,1,2,"-19,83957589","-44,07684485",SPRF-MG,DEL01-MG,UOP02-DEL01-MG
376255.0,2021-08-10,terça-feira,11:10:00,MG,365.0,"497,4",PATROCINIO,Ultrapassagem Indevida,Colisão frontal,Com Vítimas Fatais,Pleno dia,Crescente,Sol,Simples,Desvio Temporário,Não,3,1,0,2,0,0,2,2,"-18,921442","-47,206856",SPRF-MG,DEL10-MG,UOP01-DEL10-MG
376282.0,2021-08-10,terça-feira,16:00:00,MG,40.0,506,RIBEIRAO DAS NEVES,Frear bruscamente,Colisão traseira,Sem Vítimas,Pleno dia,Decrescente,Céu Claro,Dupla,Curva,Não,4,0,0,0,3,1,0,2,"-19,74716686","-44,14731173",SPRF-MG,DEL02-MG,UOP01-DEL02-MG
376294.0,2021-08-10,terça-feira,17:00:00,MG,381.0,486,BETIM,Reação tardia ou ineficiente do condutor,Colisão traseira,Com Vítimas Feridas,Pleno dia,Crescente,Céu Claro,Dupla,Reta,Sim,2,0,1,0,1,0,1,2,"-19,95584283","-44,10787582",SPRF-MG,DEL01-MG,UOP03-DEL01-MG
376295.0,2021-07-25,domingo,09:00:00,MG,267.0,146,LIMA DUARTE,Conversão proibida,Colisão transversal,Com Vítimas Feridas,Pleno dia,Crescente,Céu Claro,Simples,Reta,Não,4,0,2,0,2,0,2,3,"-21,7871578","-43,6652569",SPRF-MG,DEL05-MG,UOP01-DEL05-MG
376381.0,2021-08-11,quarta-feira,05:30:00,MG,381.0,"509,7",SAO JOAQUIM DE BICAS,Condutor deixou de manter distância do veículo da frente,Colisão lateral mesmo sentido,Com Vítimas Feridas,Pleno dia,Decrescente,Céu Claro,Múltipla,Reta,Sim,3,0,1,0,2,0,1,3,"-20,05372244","-44,28310454",SPRF-MG,DEL01-MG,UOP03-DEL01-MG
376406.0,2021-08-11,quarta-feira,08:50:00,MG,50.0,64,UBERLANDIA,Acumulo de areia ou detritos sobre o pavimento,Tombamento,Com Vítimas Feridas,Pleno dia,Decrescente,Sol,Dupla,Curva,Não,1,0,1,0,0,0,1,1,"-18,84248402","-48,25258395",SPRF-MG,DEL15-MG,UOP02-DEL15-MG
376407.0,2021-08-11,quarta-feira,06:00:00,MG,381.0,"167,5",GOVERNADOR VALADARES,Reação tardia ou ineficiente do condutor,Saída de leito carroçável,Com Vítimas Feridas,Pleno dia,Decrescente,Céu Claro,Simples,Reta,Não,1,0,1,0,0,0,1,1,"-18,95969298","-42,07583292",SPRF-MG,DEL06-MG,UOP01-DEL06-MG
376422.0,2021-08-11,quarta-feira,10:00:00,MG,40.0,518,RIBEIRAO DAS NEVES,Manobra de mudança de faixa,Colisão traseira,Com Vítimas Feridas,Pleno dia,Decrescente,Céu Claro,Dupla,Reta,Sim,2,0,1,0,1,0,1,2,"-19,8321242","-44,08208533",SPRF-MG,DEL01-MG,UOP02-DEL01-MG
376440.0,2021-08-11,quarta-feira,10:40:00,MG,251.0,"504,3",FRANCISCO SA,Acessar a via sem observar a presença dos outros veículos,Colisão transversal,Com Vítimas Feridas,Pleno dia,Decrescente,Céu Claro,Simples,Reta,Não,2,0,0,1,1,0,1,2,"-16,61695707","-43,67246999",SPRF-MG,DEL12-MG,UOP01-DEL12-MG
376479.0,2021-08-11,quarta-feira,16:10:00,MG,40.0,"731,8",SANTOS DUMONT,Velocidade Incompatível,Queda de ocupante de veículo,Com Vítimas Feridas,Pleno dia,Crescente,Céu Claro,Dupla,Curva,Não,1,0,1,0,0,0,1,1,"-21,34218094","-43,58845595",SPRF-MG,DEL05-MG,UOP01-DEL05-MG
376491.0,2021-08-07,sábado,20:30:00,MG,116.0,105,ITAOBIM,Velocidade Incompatível,Saída de leito carroçável,Com Vítimas Feridas,Plena Noite,Crescente,Céu Claro,Simples,Curva,Não,1,0,1,0,0,0,1,1,"-16,47154499","-41,50365177",SPRF-MG,DEL11-MG,UOP02-DEL11-MG
376505.0,2021-07-30,sexta-feira,18:15:00,MG,381.0,488,BETIM,Ausência de reação do condutor,Colisão traseira,Com Vítimas Feridas,Plena Noite,Crescente,Céu Claro,Múltipla,Reta,Sim,2,0,1,0,0,1,1,2,"-19,95682199","-44,12537456",SPRF-MG,DEL01-MG,UOP03-DEL01-MG
376539.0,2021-08-11,quarta-feira,21:10:00,MG,40.0,"726,9",OLIVEIRA FORTES,Pista Escorregadia,Queda de ocupante de veículo,Com Vítimas Feridas,Plena Noite,Crescente,Céu Claro,Dupla,Curva,Não,1,0,1,0,0,0,1,1,"-21,31059847","-43,60380204",SPRF-MG,DEL05-MG,UOP01-DEL05-MG
376557.0,2021-08-11,quarta-feira,19:25:00,MG,50.0,179,UBERABA,Ausência de reação do condutor,Colisão lateral mesmo sentido,Com Vítimas Feridas,Plena Noite,Decrescente,Céu Claro,Dupla,Túnel,Sim,3,0,1,0,2,0,1,2,"-19,77827047","-47,93140998",SPRF-MG,DEL13-MG,UOP01-DEL13-MG
376576.0,2021-08-11,quarta-feira,23:45:00,MG,365.0,822,SANTA VITORIA,Velocidade Incompatível,Saída de leito carroçável,Sem Vítimas,Plena Noite,Decrescente,Céu Claro,Simples,Reta,Não,1,0,0,0,1,0,0,1,"-18,8745439","-50,1145",SPRF-MG,DEL15-MG,UOP03-DEL15-MG
376588.0,2021-08-12,quinta-feira,06:50:00,MG,40.0,512,RIBEIRAO DAS NEVES,Manobra de mudança de faixa,Colisão lateral mesmo sentido,Com Vítimas Feridas,Pleno dia,Crescente,Céu Claro,Dupla,Não Informado,Sim,4,0,2,0,2,0,2,3,"-19,78946999","-44,11290699",SPRF-MG,DEL01-MG,UOP02-DEL01-MG
376595.0,2021-08-12,quinta-feira,08:00:00,MG,381.0,358,JOAO MONLEVADE,Ausência de reação do condutor,Queda de ocupante de veículo,Com Vítimas Feridas,Pleno dia,Decrescente,Céu Claro,Simples,Rotatória,Sim,2,0,2,0,0,0,2,1,"-19,85592801","-43,21689055",SPRF-MG,DEL03-MG,UOP01-DEL03-MG
376600.0,2021-08-12,quinta-feira,08:00:00,MG,381.0,510,IGARAPE,Reação tardia ou ineficiente do condutor,Colisão transversal,Com Vítimas Feridas,Pleno dia,Decrescente,Céu Claro,Simples,Interseção de vias,Sim,2,0,1,0,0,1,1,1,"-20,07738209","-44,30434488",SPRF-MG,DEL01-MG,UOP03-DEL01-MG
376608.0,2021-07-11,domingo,20:26:00,MG,365.0,163,BURITIZEIRO,Deixar de acionar o farol da motocicleta (ou similar),Colisão traseira,Com Vítimas Feridas,Plena Noite,Decrescente,Céu Claro,Simples,Reta,Não,4,0,3,0,0,1,3,2,"-17,37115292","-44,94542206",SPRF-MG,DEL12-MG,UOP01-DEL12-MG
376650.0,2021-08-12,quinta-feira,13:00:00,MG,116.0,530,CARATINGA,Faixas de trânsito com largura insuficiente,Colisão lateral mesmo sentido,Com Vítimas Feridas,Pleno dia,Crescente,Céu Claro,Simples,Não Informado,Sim,2,0,0,1,1,0,1,2,"-19,81067298","-42,13539446",SPRF-MG,DEL06-MG,UOP02-DEL06-MG
376664.0,2021-08-12,quinta-feira,12:30:00,MG,381.0,"806,4",SAO GONCALO DO SAPUCAI,Reação tardia ou ineficiente do condutor,Colisão com objeto,Com Vítimas Feridas,Pleno dia,Decrescente,Céu Claro,Dupla,Curva,Não,2,0,1,0,1,0,1,1,"-22,01443986","-45,67874834",SPRF-MG,DEL16-MG,UOP02-DEL16-MG
376707.0,2021-08-12,quinta-feira,18:30:00,MG,262.0,574,CORREGO DANTA,Acessar a via sem observar a presença dos outros veículos,Atropelamento de Pedestre,Com Vítimas Fatais,Plena Noite,Decrescente,Céu Claro,Simples,Reta,Não,2,1,0,0,1,0,0,1,"-19,69878313","-46,02907909",SPRF-MG,DEL08-MG,UOP02-DEL08-MG
376734.0,2021-08-12,quinta-feira,19:27:00,MG,40.0,160,JOAO PINHEIRO,Velocidade Incompatível,Capotamento,Com Vítimas Feridas,Plena Noite,Decrescente,Céu Claro,Simples,Reta,Sim,3,0,2,0,1,0,2,1,"-17,87901399","-46,12652195",SPRF-MG,DEL14-MG,UOP02-DEL14-MG
376739.0,2021-08-13,sexta-feira,00:25:00,MG,365.0,"9,6",MONTES CLAROS,Animais na Pista,Atropelamento de Animal,Com Vítimas Feridas,Plena Noite,Crescente,Céu Claro,Simples,Reta,Não,2,0,2,0,0,0,2,1,"-16,83452","-43,943562",SPRF-MG,DEL12-MG,UOP01-DEL12-MG
376742.0,2021-08-12,quinta-feira,08:25:00,MG,116.0,413,GOVERNADOR VALADARES,Acessar a via sem observar a presença dos outros veículos,Colisão transversal,Com Vítimas Feridas,Pleno dia,Decrescente,Céu Claro,Simples,Reta,Sim,2,0,1,0,1,0,1,2,"-18,873907","-41,966366",SPRF-MG,DEL06-MG,UOP01-DEL06-MG
376778.0,2021-08-13,sexta-feira,06:30:00,MG,50.0,"0,1",UBERLANDIA,Ingestão de álcool pelo condutor,Colisão com objeto,Sem Vítimas,Amanhecer,Decrescente,Céu Claro,Dupla,Não Informado,Não,1,0,0,0,1,0,0,1,"-18,86048337","-48,2591629",SPRF-MG,DEL15-MG,UOP01-DEL15-MG
376788.0,2021-08-13,sexta-feira,08:30:00,MG,381.0,"850,3",POUSO ALEGRE,Ausência de reação do condutor,Queda de ocupante de veículo,Com Vítimas Feridas,Pleno dia,Crescente,Céu Claro,Dupla,Não Informado,Sim,1,0,1,0,0,0,1,1,"-22,2786871","-45,89472262",SPRF-MG,DEL16-MG,UOP01-DEL16-MG
376793.0,2021-08-13,sexta-feira,08:30:00,MG,40.0,788,JUIZ DE FORA,Velocidade Incompatível,Saída de leito carroçável,Com Vítimas Feridas,Pleno dia,Decrescente,Céu Claro,Dupla,Curva,Não,1,0,1,0,0,0,1,1,"-21,74815906","-43,44533222",SPRF-MG,DEL05-MG,UOP01-DEL05-MG
376807.0,2021-08-13,sexta-feira,10:20:00,MG,262.0,483,BETIM,Condutor deixou de manter distância do veículo da frente,Engavetamento,Sem Vítimas,Pleno dia,Crescente,Céu Claro,Dupla,Reta,Sim,4,0,0,0,4,0,0,4,"-19,95867202","-44,0806514",SPRF-MG,DEL08-MG,UOP03-DEL08-MG
376821.0,2021-08-13,sexta-feira,11:25:00,MG,381.0,484,BETIM,Condutor deixou de manter distância do veículo da frente,Engavetamento,Com Vítimas Feridas,Pleno dia,Crescente,Céu Claro,Dupla,Viaduto,Sim,5,0,1,0,3,1,1,4,"-19,95531717","-44,11722196",SPRF-MG,DEL01-MG,UOP03-DEL01-MG
376828.0,2021-01-26,terça-feira,06:30:00,MG,40.0,576,ITABIRITO,Acessar a via sem observar a presença dos outros veículos,Colisão transversal,Com Vítimas Feridas,Pleno dia,Decrescente,Céu Claro,Simples,Reta,Não,2,0,0,1,1,0,1,2,"-20,26485707","-43,9573481",SPRF-MG,DEL01-MG,UOP02-DEL01-MG