id,data_inversa,dia_semana,horario,uf,br,km,municipio,causa_acidente,tipo_acidente,classificacao_acidente,fase_dia,sentido_via,condicao_metereologica,tipo_pista,tracado_via,uso_solo,pessoas,mortos,feridos_leves,feridos_graves,ilesos,ignorados,feridos,veiculos,latitude,longitude,regional,delegacia,uop
379442.0,2021-08-26,quinta-feira,14:20:00,MG,40.0,"467,5",SETE LAGOAS,Velocidade Incompatível,Saída de leito carroçável,Com Vítimas Feridas,Pleno dia,Crescente,Céu Claro,Dupla,Reta,Não,1,0,1,0,0,0,1,1,"-19,45038924","-44,3166822",SPRF-MG,DEL02-MG,UOP01-DEL02-MG
379445.0,2021-08-26,quinta-feira,09:50:00,MG,116.0,368,FREI INOCENCIO,Ausência de reação do condutor,Saída de leito carroçável,Com Vítimas Feridas,Pleno dia,Crescente,Céu Claro,Simples,Não Informado,Não,3,0,1,0,2,0,1,1,"-18,52441099","-41,88590901",SPRF-MG,DEL11-MG,UOP01-DEL11-MG
379467.0,2021-08-26,quinta-feira,17:00:00,MG,40.0,"630,5",CONSELHEIRO LAFAIETE,Entrada inopinada do pedestre,Atropelamento de Pedestre,Com Vítimas Fatais,Pleno dia,Decrescente,Céu Claro,Simples,Reta,Sim,3,1,0,0,2,0,0,1,"-20,66890173","-43,80203074",SPRF-MG,DEL05-MG,UOP02-DEL05-MG
379469.0,2021-08-26,quinta-feira,15:20:00,MG,381.0,490,BETIM,Condutor deixou de manter distância do veículo da frente,Colisão traseira,Com Vítimas Feridas,Pleno dia,Decrescente,Céu Claro,Múltipla,Reta,Sim,3,0,1,0,2,0,1,2,"-19,96502819","-44,17422195",SPRF-MG,DEL01-MG,UOP03-DEL01-MG
379476.0,2021-08-26,quinta-feira,14:30:00,MG,381.0,"168,3",GOVERNADOR VALADARES,Acessar a via sem observar a presença dos outros veículos,Colisão transversal,Com Vítimas Feridas,Pleno dia,Crescente,Céu Claro,Simples,Reta,Não,2,0,1,0,1,0,1,2,"-18,93844879","-42,05521345",SPRF-MG,DEL06-MG,UOP01-DEL06-MG
379486.0,2021-08-26,quinta-feira,17:00:00,MG,262.0,146,RIO CASCA,Ausência de reação do condutor,Capotamento,Com Vítimas Feridas,Pleno dia,Decrescente,Céu Claro,Simples,Ponte,Não,1,0,1,0,0,0,1,1,"-20,02822107","-42,74065423",SPRF-MG,DEL03-MG,UOP03-DEL03-MG
379508.0,2021-08-26,quinta-feira,21:10:00,MG,116.0,276,TEOFILO OTONI,Condutor deixou de manter distância do veículo da frente,Colisão traseira,Sem Vítimas,Plena Noite,Decrescente,Nublado,Múltipla,Reta,Sim,2,0,0,0,2,0,0,2,"-17,85105696","-41,51454492",SPRF-MG,DEL11-MG,UOP01-DEL11-MG
379517.0,2021-07-31,sábado,17:00:00,MG,365.0,612,UBERLANDIA,Reação tardia ou ineficiente do condutor,Colisão lateral mesmo sentido,Com Vítimas Feridas,Pleno dia,Crescente,Céu Claro,Simples,Reta,Sim,5,0,1,0,4,0,1,3,"-18,9279385366","-48,1919831707",SPRF-MG,DEL15-MG,UOP01-DEL15-MG
379518.0,2021-08-26,quinta-feira,21:15:00,MG,50.0,172,UBERABA,Ausência de reação do condutor,Colisão com objeto,Com Vítimas Feridas,Plena Noite,Crescente,Céu Claro,Dupla,Reta,Sim,1,0,0,1,0,0,1,1,"-19,75402507","-47,98051917",SPRF-MG,DEL13-MG,UOP01-DEL13-MG
379541.0,2021-08-27,sexta-feira,03:00:00,MG,381.0,"525,5",BRUMADINHO,Velocidade Incompatível,Saída de leito carroçável,Sem Vítimas,Plena Noite,Crescente,Céu Claro,Dupla,Curva,Não,1,0,0,0,1,0,0,1,"-20,16710798","-44,33422398",SPRF-MG,DEL04-MG,UOP03-DEL04-MG
379566.0,2021-08-26,quinta-feira,19:00:00,MG,381.0,"245,3",SANTANA DO PARAISO,Desrespeitar a preferência no cruzamento,Colisão transversal,Com Vítimas Feridas,Plena Noite,Crescente,Céu Claro,Simples,Reta,Não,2,0,1,0,1,0,1,2,"-19,45135074","-42,51844723",SPRF-MG,DEL06-MG,UOP01-DEL06-MG
379589.0,2021-08-27,sexta-feira,08:45:00,MG,116.0,511,UBAPORANGA,Reação tardia ou ineficiente do condutor,Colisão lateral mesmo sentido,Com Vítimas Feridas,Pleno dia,Decrescente,Nublado,Simples,Reta,Sim,3,0,2,0,1,0,2,2,"-19,642729","-42,10715175",SPRF-MG,DEL06-MG,UOP02-DEL06-MG
379607.0,2021-08-21,sábado,19:00:00,MG,262.0,"817,5",UBERABA,Velocidade Incompatível,Saída de leito carroçável,Com Vítimas Feridas,Plena Noite,Decrescente,Céu Claro,Dupla,Reta,Não,3,0,1,1,1,0,2,1,"-19,76384526","-48,12927805",SPRF-MG,DEL13-MG,UOP01-DEL13-MG
379614.0,2021-08-27,sexta-feira,13:15:00,MG,50.0,151,UBERABA,Velocidade Incompatível,Saída de leito carroçável,Com Vítimas Feridas,Pleno dia,Crescente,Céu Claro,Dupla,Reta,Não,1,0,0,1,0,0,1,1,"-19,57370204","-48,03246832",SPRF-MG,DEL13-MG,UOP01-DEL13-MG
379615.0,2021-08-27,sexta-feira,10:20:00,MG,50.0,75,UBERLANDIA,Manobra de mudança de faixa,Queda de ocupante de veículo,Com Vítimas Feridas,Pleno dia,Decrescente,Sol,Dupla,Reta,Não,1,0,1,0,0,0,1,1,"-18,986906","-48,211853",SPRF-MG,DEL15-MG,UOP01-DEL15-MG
379634.0,2021-08-27,sexta-feira,16:20:00,MG,381.0,513,IGARAPE,Desrespeitar a preferência no cruzamento,Colisão transversal,Com Vítimas Feridas,Pleno dia,Crescente,Céu Claro,Dupla,Interseção de vias,Sim,2,0,1,0,1,0,1,2,"-20,099993","-44,318903",SPRF-MG,DEL01-MG,UOP03-DEL01-MG
379635.0,2021-08-27,sexta-feira,15:50:00,MG,381.0,"481,1",BETIM,Mal súbito do condutor,Colisão com objeto,Com Vítimas Feridas,Pleno dia,Decrescente,Céu Claro,Dupla,Reta,Sim,1,0,1,0,0,0,1,1,"-19,95931561","-44,08825597",SPRF-MG,DEL01-MG,UOP03-DEL01-MG
379664.0,2021-08-21,sábado,07:40:00,MG,262.0,"19,9",REDUTO,Velocidade Incompatível,Colisão frontal,Com Vítimas Feridas,Pleno dia,Decrescente,Céu Claro,Simples,Curva,Não,2,0,1,0,1,0,1,2,"-20,24812441","-41,90211694",SPRF-MG,DEL06-MG,UOP04-DEL06-MG
379680.0,2021-08-27,sexta-feira,19:45:00,MG,116.0,"413,6",GOVERNADOR VALADARES,Conversão proibida,Colisão transversal,Com Vítimas Feridas,Plena Noite,Decrescente,Céu Claro,Simples,Reta,Sim,3,0,1,1,1,0,2,2,"-18,873907","-41,966366",SPRF-MG,DEL06-MG,UOP01-DEL06-MG
379692.0,2021-08-27,sexta-feira,19:00:00,MG,262.0,"459,9",NOVA SERRANA,Ingestão de álcool pelo condutor,Tombamento,Com Vítimas Feridas,Plena Noite,Crescente,Céu Claro,Simples,Reta,Não,1,0,0,1,0,0,1,1,"-19,81406565","-45,0998164",SPRF-MG,DEL08-MG,UOP03-DEL08-MG
379717.0,2021-08-28,sábado,01:00:00,MG,40.0,"770,6",JUIZ DE FORA,Velocidade Incompatível,Capotamento,Com Vítimas Feridas,Plena Noite,Crescente,Nublado,Simples,Curva,Não,2,0,1,0,0,1,1,1,"-21,59924304","-43,4579108",SPRF-MG,DEL05-MG,UOP01-DEL05-MG
379727.0,2021-08-28,sábado,01:30:00,MG,262.0,439,NOVA SERRANA,Manobra de mudança de faixa,Saída de leito carroçável,Com Vítimas Feridas,Plena Noite,Decrescente,Céu Claro,Dupla,Reta,Não,1,0,0,1,0,0,1,1,"-19,89197285","-44,88685183",SPRF-MG,DEL08-MG,UOP03-DEL08-MG
379729.0,2021-08-28,sábado,02:15:00,MG,40.0,"680,1",RESSAQUINHA,Condutor Dormindo,Tombamento,Com Vítimas Feridas,Plena Noite,Crescente,Céu Claro,Dupla,Curva,Não,1,0,1,0,0,0,1,1,"-21,04813732","-43,76317978",SPRF-MG,DEL05-MG,UOP02-DEL05-MG
379743.0,2021-08-28,sábado,04:00:00,MG,262.0,"46,5",MANHUACU,Velocidade Incompatível,Saída de leito carroçável,Com Vítimas Feridas,Plena Noite,Decrescente,Nublado,Simples,Curva,Não,1,0,1,0,0,0,1,1,"-20,26333304","-42,10566505",SPRF-MG,DEL06-MG,UOP04-DEL06-MG
379755.0,2021-08-28,sábado,06:30:00,MG,381.0,480,CONTAGEM,Ingestão de álcool pelo condutor,Colisão com objeto,Com Vítimas Feridas,Pleno dia,Decrescente,Sol,Dupla,Reta,Sim,4,0,4,0,0,0,4,1,"-19,96463639","-44,04178619",SPRF-MG,DEL01-MG,UOP03-DEL01-MG
379757.0,2021-08-28,sábado,05:45:00,MG,40.0,"632,5",CONSELHEIRO LAFAIETE,Conversão proibida,Colisão transversal,Com Vítimas Feridas,Pleno dia,Crescente,Céu Claro,Simples,Não Informado,Não,3,0,1,0,2,0,1,2,"-20,67348593","-43,7968977",SPRF-MG,DEL05-MG,UOP02-DEL05-MG
379772.0,2021-08-28,sábado,06:05:00,MG,381.0,"839,9",SAO SEBASTIAO DA BELA VISTA,Velocidade Incompatível,Colisão com objeto,Com Vítimas Feridas,Amanhecer,Crescente,Céu Claro,Dupla,Reta,Não,2,0,1,0,1,0,1,1,"-22,19834327","-45,85343083",SPRF-MG,DEL16-MG,UOP01-DEL16-MG
379773.0,2021-08-28,sábado,07:00:00,MG,381.0,"824,2",CAREACU,Velocidade Incompatível,Colisão com objeto,Com Vítimas Feridas,Pleno dia,Decrescente,Nublado,Dupla,Reta,Não,1,0,1,0,0,0,1,1,"-22,12136648","-45,77006905",SPRF-MG,DEL16-MG,UOP01-DEL16-MG
379796.0,2021-08-28,sábado,08:15:00,MG,40.0,"633,2",CONSELHEIRO LAFAIETE,Desrespeitar a preferência no cruzamento,Colisão transversal,Com Vítimas Feridas,Pleno dia,Decrescente,Sol,Simples,Retorno Regulamentado,Sim,5,0,2,0,0,3,2,2,"-20,68831453","-43,79070109",SPRF-MG,DEL05-MG,UOP02-DEL05-MG
379802.0,2021-08-28,sábado,10:15:00,MG,381.0,"812,3",CAREACU,Velocidade Incompatível,Capotamento,Com Vítimas Feridas,Pleno dia,Decrescente,Céu Claro,Dupla,Curva,Não,5,0,1,0,4,0,1,1,"-22,06199504","-45,70068392",SPRF-MG,DEL16-MG,UOP02-DEL16-MG
379828.0,2021-08-28,sábado,13:30:00,MG,381.0,"929,5",ITAPEVA,Velocidade Incompatível,Colisão com objeto,Com Vítimas Feridas,Pleno dia,Crescente,Chuva,Dupla,Curva,Não,1,0,1,0,0,0,1,1,"-22,77104733","-46,23692751",SPRF-MG,DEL16-MG,UOP03-DEL16-MG
379830.0,2021-08-28,sábado,11:00:00,MG,354.0,"739,1",POUSO ALTO,Velocidade Incompatível,Tombamento,Com Vítimas Feridas,Pleno dia,Crescente,Nublado,Simples,Curva,Não,2,0,0,1,1,0,1,2,"-22,21739825","-44,94656131",SPRF-MG,DEL17-MG,UOP01-DEL17-MG
379836.0,2021-08-28,sábado,13:15:00,MG,381.0,"931,5",EXTREMA,Velocidade Incompatível,Colisão com objeto,Com Vítimas Feridas,Pleno dia,Decrescente,Chuva,Dupla,Reta,Não,1,0,1,0,0,0,1,1,"-22,8076393","-46,27636971",SPRF-MG,DEL16-MG,UOP03-DEL16-MG
379876.0,2021-08-28,sábado,17:00:00,MG,381.0,"921,3",CAMANDUCAIA,Velocidade Incompatível,Tombamento,Com Vítimas Feridas,Pleno dia,Crescente,Garoa/Chuvisco,Dupla,Curva,Não,2,0,1,0,1,0,1,1,"-22,76323194","-46,17153525",SPRF-MG,DEL16-MG,UOP03-DEL16-MG
379877.0,2021-08-28,sábado,16:40:00,MG,40.0,563,NOVA LIMA,Avarias e/ou desgaste excessivo no pneu,Colisão com objeto,Com Vítimas Feridas,Pleno dia,Decrescente,Céu Claro,Dupla,Não Informado,Sim,1,0,1,0,0,0,1,1,"-20,15241986","-43,96263156",SPRF-MG,DEL01-MG,UOP02-DEL01-MG
379882.0,2021-08-28,sábado,17:03:00,MG,50.0,"114,3",UBERABA,Ausência de reação do condutor,Saída de leito carroçável,Com Vítimas Feridas,Pleno dia,Decrescente,Céu Claro,Dupla,Reta,Não,2,0,1,0,1,0,1,1,"-19,25772707","-48,13205017",SPRF-MG,DEL13-MG,UOP01-DEL13-MG
379883.0,2021-08-28,sábado,17:25:00,MG,381.0,"920,4",CAMANDUCAIA,Velocidade Incompatível,Colisão com objeto,Com Vítimas Feridas,Pleno dia,Crescente,Nublado,Dupla,Não Informado,Não,2,0,2,0,0,0,2,1,"-22,7704869","-46,20021296",SPRF-MG,DEL16-MG,UOP03-DEL16-MG
379899.0,2021-08-28,sábado,18:00:00,MG,40.0,602,CONGONHAS,Condutor deixou de manter distância do veículo da frente,Colisão traseira,Com Vítimas Feridas,Plena Noite,Crescente,Céu Claro,Simples,Reta,Sim,2,0,2,0,0,0,2,2,"-20,43679609","-43,84638106",SPRF-MG,DEL05-MG,UOP02-DEL05-MG
379930.0,2021-08-28,sábado,19:00:00,MG,262.0,"47,7",MANHUACU,Avarias e/ou desgaste excessivo no pneu,Saída de leito carroçável,Com Vítimas Feridas,Plena Noite,Decrescente,Nublado,Simples,Reta,Não,1,0,1,0,0,0,1,1,"-20,256748","-42,113142",SPRF-MG,DEL06-MG,UOP04-DEL06-MG
379936.0,2021-08-28,sábado,21:00:00,MG,50.0,"181,1",UBERABA,Ausência de reação do condutor,Tombamento,Com Vítimas Feridas,Plena Noite,Crescente,Céu Claro,Dupla,Reta,Sim,1,0,1,0,0,0,1,1,"-19,785967","-47,916336",SPRF-MG,DEL13-MG,UOP01-DEL13-MG
379938.0,2021-08-28,sábado,21:45:00,MG,364.0,27,FRUTAL,Iluminação deficiente,Colisão traseira,Com Vítimas Feridas,Plena Noite,Decrescente,Céu Claro,Dupla,Rotatória,Não,1,0,1,0,0,0,1,1,"-20,025185","-48,94096",SPRF-MG,DEL13-MG,UOP02-DEL13-MG
379940.0,2021-08-28,sábado,22:00:00,MG,50.0,"100,8",UBERLANDIA,Ausência de reação do condutor,Saída de leito carroçável,Com Vítimas Fatais,Plena Noite,Crescente,Céu Claro,Dupla,Reta,Não,1,1,0,0,0,0,0,1,"-19,1360921","-48,17067835",SPRF-MG,DEL15-MG,UOP01-DEL15-MG
379969.0,2021-08-29,domingo,00:40:00,MG,381.0,479,CONTAGEM,Ausência de reação do condutor,Colisão com objeto,Com Vítimas Fatais,Plena Noite,Crescente,Céu Claro,Múltipla,Curva,Sim,3,1,2,0,0,0,2,1,"-19,96463639","-44,04384613",SPRF-MG,DEL01-MG,UOP03-DEL01-MG
379984.0,2021-08-29,domingo,00:30:00,MG,116.0,"204,3",CARAI,Ingestão de álcool pelo condutor,Colisão lateral sentido oposto,Com Vítimas Feridas,Plena Noite,Decrescente,Nublado,Simples,Reta,Não,3,0,3,0,0,0,3,2,"-17,275456","-41,51381",SPRF-MG,DEL11-MG,UOP01-DEL11-MG
379990.0,2021-08-29,domingo,04:15:00,MG,381.0,"943,5",EXTREMA,Condutor Dormindo,Saída de leito carroçável,Com Vítimas Feridas,Plena Noite,Crescente,Nublado,Dupla,Não Informado,Não,3,0,0,2,1,0,2,2,"-22,842254","-46,330131",SPRF-MG,DEL16-MG,UOP03-DEL16-MG
379998.0,2021-08-29,domingo,05:00:00,MG,381.0,"492,5",BETIM,Pedestre cruzava a pista fora da faixa,Atropelamento de Pedestre,Com Vítimas Feridas,Amanhecer,Decrescente,Céu Claro,Múltipla,Reta,Sim,2,0,1,1,0,0,2,1,"-19,97490091","-44,19004301",SPRF-MG,DEL01-MG,UOP03-DEL01-MG
380043.0,2021-08-25,quarta-feira,16:50:00,MG,262.0,"467,4",BOM DESPACHO,Transitar no acostamento,Colisão traseira,Com Vítimas Feridas,Pleno dia,Crescente,Céu Claro,Simples,Reta,Não,2,0,2,0,0,0,2,2,"-19,80324093","-45,13352097",SPRF-MG,DEL08-MG,UOP03-DEL08-MG
380077.0,2021-08-29,domingo,03:30:00,MG,116.0,307,ITAMBACURI,Reação tardia ou ineficiente do condutor,Colisão com objeto,Sem Vítimas,Plena Noite,Crescente,Nublado,Simples,Reta,Não,1,0,0,0,1,0,0,1,"-18,04670104","-41,66254208",SPRF-MG,DEL11-MG,UOP01-DEL11-MG
380098.0,2021-08-29,domingo,16:30:00,MG,262.0,"43,1",MANHUACU,Ingestão de álcool pelo condutor,Capotamento,Com Vítimas Feridas,Pleno dia,Decrescente,Céu Claro,Simples,Curva,Não,3,0,2,0,1,0,2,1,"-20,26409492","-42,07800593",SPRF-MG,DEL06-MG,UOP04-DEL06-MG
380116.0,2021-08-29,domingo,18:05:00,MG,40.0,"635,3",CONSELHEIRO LAFAIETE,Ausência de reação do condutor,Colisão traseira,Com Vítimas Feridas,Plena Noite,Decrescente,Céu Claro,Simples,Reta,Não,5,0,4,1,0,0,5,2,"-20,69796589","-43,79213914",SPRF-MG,DEL05-MG,UOP02-DEL05-MG
380162.0,2021-08-29,domingo,20:20:00,MG,40.0,"415,7",CURVELO,Ingestão de álcool pelo condutor,Saída de leito carroçável,Com Vítimas Feridas,Plena Noite,Decrescente,Céu Claro,Simples,Reta,Não,3,0,2,0,1,0,2,1,"-19,14497555","-44,60882653",SPRF-MG,DEL02-MG,UOP01-DEL02-MG
380173.0,2021-08-29,domingo,22:35:00,MG,262.0,801,UBERABA,Ausência de reação do condutor,Saída de leito carroçável,Com Vítimas Feridas,Plena Noite,Crescente,Céu Claro,Dupla,Reta,Sim,2,0,1,0,0,1,1,1,"-19,77920263","-47,955319",SPRF-MG,DEL13-MG,UOP01-DEL13-MG
380222.0,2021-08-30,segunda-feira,06:50:00,MG,40.0,"41,8",PARACATU,Acessar a via sem observar a presença dos outros veículos,Atropelamento de Pedestre,Com Vítimas Feridas,Pleno dia,Decrescente,Céu Claro,Simples,Reta,Sim,2,0,2,0,0,0,2,1,"-17,21271307","-46,87295209",SPRF-MG,DEL14-MG,UOP01-DEL14-MG
380278.0,2021-06-04,sexta-feira,18:20:00,MG,50.0,"85,9",UBERLANDIA,Ausência de reação do condutor,Queda de ocupante de veículo,Com Vítimas Feridas,Plena Noite,Crescente,Céu Claro,Dupla,Retorno Regulamentado,Não,1,0,1,0,0,0,1,1,"-19,00488399","-48,20910294",SPRF-MG,DEL15-MG,UOP01-DEL15-MG
380292.0,2021-08-30,segunda-feira,10:50:00,MG,381.0,"804,9",SAO GONCALO DO SAPUCAI,Condutor Dormindo,Saída de leito carroçável,Com Vítimas Feridas,Pleno dia,Crescente,Céu Claro,Dupla,Curva,Não,2,0,2,0,0,0,2,1,"-21,96617116","-45,63064098",SPRF-MG,DEL16-MG,UOP02-DEL16-MG
380294.0,2021-07-01,quinta-feira,07:30:00,MG,365.0,625,UBERLANDIA,Desrespeitar a preferência no cruzamento,Colisão lateral mesmo sentido,Com Vítimas Feridas,Pleno dia,Decrescente,Céu Claro,Dupla,Interseção de vias,Sim,2,0,1,0,0,1,1,2,"-18,90585472","-48,32526001",SPRF-MG,DEL15-MG,UOP01-DEL15-MG
380317.0,2021-08-30,segunda-feira,14:30:00,MG,40.0,"586,7",ITABIRITO,Velocidade Incompatível,Saída de leito carroçável,Com Vítimas Feridas,Pleno dia,Decrescente,Nublado,Simples,Curva,Não,1,0,1,0,0,0,1,1,"-20,34175518","-43,92038073",SPRF-MG,DEL01-MG,UOP02-DEL01-MG
380323.0,2021-08-30,segunda-feira,16:15:00,MG,381.0,"482,7",BETIM,Condutor deixou de manter distância do veículo da frente,Colisão traseira,Com Vítimas Feridas,Pleno dia,Decrescente,Céu Claro,Múltipla,Não Informado,Sim,3,0,0,1,2,0,1,2,"-19,955532","-44,097209",SPRF-MG,DEL01-MG,UOP03-DEL01-MG
380334.0,2021-08-30,segunda-feira,16:00:00,MG,381.0,496,BETIM,Manobra de mudança de faixa,Colisão traseira,Com Vítimas Feridas,Pleno dia,Decrescente,Céu Claro,Múltipla,Reta,Sim,2,0,1,0,0,1,1,2,"-19,99676497","-44,20958506",SPRF-MG,DEL01-MG,UOP03-DEL01-MG
380335.0,2021-08-30,segunda-feira,16:50:00,MG,40.0,"791,5",JUIZ DE FORA,Chuva,Colisão com objeto,Com Vítimas Feridas,Pleno dia,Decrescente,Chuva,Dupla,Reta,Não,1,0,1,0,0,0,1,1,"-21,77922124","-43,42576012",SPRF-MG,DEL05-MG,UOP01-DEL05-MG
380375.0,2021-08-30,segunda-feira,19:35:00,MG,146.0,"487,8",POCOS DE CALDAS,Condutor deixou de manter distância do veículo da frente,Colisão lateral mesmo sentido,Com Vítimas Feridas,Plena Noite,Decrescente,Céu Claro,Simples,Não Informado,Não,2,0,1,0,0,1,1,2,"-21,80493014","-46,454916",SPRF-MG,DEL09-MG,UOP01-DEL09-MG
380388.0,2021-08-30,segunda-feira,20:45:00,MG,40.0,"681,9",RESSAQUINHA,Reação tardia ou ineficiente do condutor,Atropelamento de Pedestre,Com Vítimas Feridas,Plena Noite,Crescente,Céu Claro,Simples,Não Informado,Sim,2,0,1,0,0,1,1,1,"-21,05917311","-43,76215719",SPRF-MG,DEL05-MG,UOP02-DEL05-MG
380395.0,2021-08-30,segunda-feira,20:35:00,MG,381.0,"921,7",CAMANDUCAIA,Ausência de reação do condutor,Colisão traseira,Com Vítimas Feridas,Plena Noite,Crescente,Céu Claro,Dupla,Não Informado,Não,4,0,2,0,2,0,2,2,"-22,76526544","-46,17429441",SPRF-MG,DEL16-MG,UOP03-DEL16-MG
380450.0,2021-08-31,terça-feira,09:00:00,MG,381.0,"481,3",CONTAGEM,Ausência de reação do condutor,Tombamento,Com Vítimas Feridas,Pleno dia,Crescente,Nublado,Múltipla,Reta,Sim,1,0,1,0,0,0,1,1,"-19,96334562","-44,047966",SPRF-MG,DEL01-MG,UOP03-DEL01-MG
380471.0,2021-07-18,domingo,20:34:00,MG,381.0,"159,6",GOVERNADOR VALADARES,Velocidade Incompatível,Tombamento,Com Vítimas Feridas,Plena Noite,Crescente,Ignorado,Simples,Rotatória,Não,1,0,1,0,0,0,1,1,"-18,8347378","-41,9295593",SPRF-MG,DEL06-MG,UOP01-DEL06-MG
380479.0,2021-08-31,terça-feira,09:40:00,MG,262.0,"496,8",MOEMA,Velocidade Incompatível,Saída de leito carroçável,Com Vítimas Feridas,Pleno dia,Crescente,Sol,Simples,Reta,Não,2,0,0,1,1,0,1,1,"-19,78514129","-45,39868002",SPRF-MG,DEL08-MG,UOP03-DEL08-MG
380481.0,2021-08-31,terça-feira,12:10:00,MG,40.0,"770,5",JUIZ DE FORA,Ausência de reação do condutor,Capotamento,Com Vítimas Feridas,Pleno dia,Crescente,Garoa/Chuvisco,Simples,Curva,Não,1,0,1,0,0,0,1,1,"-21,59924304","-43,4579108",SPRF-MG,DEL05-MG,UOP01-DEL05-MG
380493.0,2021-08-31,terça-feira,13:10:00,MG,153.0,12,ARAPORA,Velocidade Incompatível,Saída de leito carroçável,Com Vítimas Feridas,Pleno dia,Decrescente,Céu Claro,Dupla,Reta,Não,1,0,1,0,0,0,1,1,"-18,52415703","-49,19080383",SPRF-MG,DEL15-MG,UOP03-DEL15-MG
380510.0,2021-08-31,terça-feira,13:00:00,MG,40.0,"690,5",ALFREDO VASCONCELOS,Demais falhas mecânicas ou elétricas,Eventos atípicos,Com Vítimas Feridas,Pleno dia,Crescente,Céu Claro,Simples,Reta,Não,2,0,1,0,1,0,1,1,"-21,12847993","-43,75993967",SPRF-MG,DEL05-MG,UOP02-DEL05-MG
380518.0,2021-03-28,domingo,16:00:00,MG,116.0,376,MATHIAS LOBATO,Ultrapassagem Indevida,Colisão frontal,Com Vítimas Feridas,Pleno dia,Crescente,Céu Claro,Simples,Não Informado,Não,2,0,0,1,1,0,1,2,"-18,58374518","-41,92425728",SPRF-MG,DEL06-MG,UOP01-DEL06-MG
380528.0,2021-08-31,terça-feira,17:00:00,MG,381.0,502,BETIM,Reação tardia ou ineficiente do condutor,Queda de ocupante de veículo,Com Vítimas Feridas,Pleno dia,Crescente,Céu Claro,Dupla,Reta,Sim,1,0,1,0,0,0,1,1,"-20,03619694","-44,24586303",SPRF-MG,DEL01-MG,UOP03-DEL01-MG
380544.0,2021-08-31,terça-feira,11:00:00,MG,356.0,"265,7",MURIAE,Desrespeitar a preferência no cruzamento,Colisão transversal,Com Vítimas Feridas,Pleno dia,Decrescente,Chuva,Simples,Não Informado,Sim,2,0,1,0,1,0,1,2,"-21,12838898","-42,366803",SPRF-MG,DEL07-MG,UOP02-DEL07-MG
380557.0,2021-08-31,terça-feira,19:40:00,MG,262.0,441,NOVA SERRANA,Ausência de reação do condutor,Colisão traseira,Com Vítimas Feridas,Plena Noite,Decrescente,Céu Claro,Simples,Desvio Temporário,Não,2,0,0,1,1,0,1,2,"-19,88296154","-44,90293014",SPRF-MG,DEL08-MG,UOP03-DEL08-MG
380569.0,2021-08-31,terça-feira,18:20:00,MG,116.0,474,TARUMIRIM,Velocidade Incompatível,Colisão traseira,Com Vítimas Feridas,Plena Noite,Decrescente,Nublado,Simples,Reta,Não,3,0,1,0,0,2,1,2,"-19,3393187","-42,0800266",SPRF-MG,DEL06-MG,UOP02-DEL06-MG
380570.0,2021-08-31,terça-feira,21:00:00,MG,40.0,"160,3",JOAO PINHEIRO,Reação tardia ou ineficiente do condutor,Saída de leito carroçável,Com Vítimas Feridas,Plena Noite,Crescente,Chuva,Simples,Curva,Não,1,0,0,1,0,0,1,1,"-17,87901399","-46,12652195",SPRF-MG,DEL14-MG,UOP02-DEL14-MG
380593.0,2021-08-31,terça-feira,23:40:00,MG,381.0,478,CONTAGEM,Ausência de reação do condutor,Colisão com objeto,Com Vítimas Feridas,Plena Noite,Decrescente,Céu Claro,Dupla,Não Informado,Sim,1,0,1,0,0,0,1,1,"-19,96201451","-44,03882504",SPRF-MG,DEL01-MG,UOP03-DEL01-MG
380602.0,2021-09-01,quarta-feira,03:00:00,MG,40.0,524,RIBEIRAO DAS NEVES,Ausência de reação do condutor,Saída de leito carroçável,Com Vítimas Feridas,Plena Noite,Decrescente,Céu Claro,Dupla,Reta,Sim,2,0,1,0,1,0,1,1,"-19,8754469","-44,05345586",SPRF-MG,DEL01-MG,UOP02-DEL01-MG
380635.0,2021-09-01,quarta-feira,07:20:00,MG,40.0,"40,5",PARACATU,Frear bruscamente,Tombamento,Com Vítimas Feridas,Pleno dia,Crescente,Céu Claro,Simples,Reta,Sim,1,0,1,0,0,0,1,1,"-17,21013894","-46,88089301",SPRF-MG,DEL14-MG,UOP01-DEL14-MG
380648.0,2021-09-01,quarta-feira,08:30:00,MG,40.0,553,NOVA LIMA,Manobra de mudança de faixa,Colisão transversal,Com Vítimas Feridas,Pleno dia,Crescente,Nublado,Múltipla,Curva,Sim,2,0,1,0,1,0,1,2,"-20,06863326","-43,98194759",SPRF-MG,DEL01-MG,UOP02-DEL01-MG
380660.0,2021-07-15,quinta-feira,16:15:00,MG,153.0,"30,1",CANAPOLIS,Condutor Dormindo,Saída de leito carroçável,Com Vítimas Feridas,Pleno dia,Decrescente,Céu Claro,Dupla,Reta,Não,4,0,3,0,1,0,3,1,"-18,67926678","-49,15604759",SPRF-MG,DEL15-MG,UOP03-DEL15-MG
380674.0,2021-09-01,quarta-feira,10:50:00,MG,365.0,626,UBERLANDIA,Reação tardia ou ineficiente do condutor,Colisão com objeto,Com Vítimas Feridas,Pleno dia,Decrescente,Céu Claro,Dupla,Reta,Sim,1,0,0,1,0,0,1,1,"-18,90659356","-48,33469405",SPRF-MG,DEL15-MG,UOP01-DEL15-MG