id,data_inversa,dia_semana,horario,uf,br,km,municipio,causa_acidente,tipo_acidente,classificacao_acidente,fase_dia,sentido_via,condicao_metereologica,tipo_pista,tracado_via,uso_solo,pessoas,mortos,feridos_leves,feridos_graves,ilesos,ignorados,feridos,veiculos,latitude,longitude,regional,delegacia,uop
380720.0,2021-09-01,quarta-feira,16:00:00,MG,381.0,"503,8",BETIM,Chuva,Tombamento,Com Vítimas Feridas,Pleno dia,Decrescente,Chuva,Múltipla,Reta,Sim,1,0,1,0,0,0,1,1,"-20,02625818","-44,23164368",SPRF-MG,DEL01-MG,UOP03-DEL01-MG
380738.0,2021-09-01,quarta-feira,18:10:00,MG,116.0,"705,9",MURIAE,Acessar a via sem observar a presença dos outros veículos,Colisão lateral mesmo sentido,Com Vítimas Feridas,Plena Noite,Crescente,Chuva,Simples,Não Informado,Sim,2,0,1,0,1,0,1,2,"-21,13476643","-42,38723539",SPRF-MG,DEL07-MG,UOP02-DEL07-MG
380748.0,2021-09-01,quarta-feira,19:30:00,MG,381.0,"448,7",SANTA LUZIA,Pedestre cruzava a pista fora da faixa,Atropelamento de Pedestre,Com Vítimas Feridas,Plena Noite,Decrescente,Nublado,Simples,Curva,Sim,2,0,1,1,0,0,2,1,"-19,83435173","-43,85962899",SPRF-MG,DEL01-MG,UOP01-DEL01-MG
380757.0,2021-09-01,quarta-feira,19:40:00,MG,116.0,"305,2",ITAMBACURI,Pista Escorregadia,Saída de leito carroçável,Com Vítimas Feridas,Plena Noite,Crescente,Nublado,Simples,Desvio Temporário,Não,2,0,1,0,1,0,1,1,"-18,0337591","-41,6534015",SPRF-MG,DEL11-MG,UOP01-DEL11-MG
380769.0,2021-09-01,quarta-feira,16:40:00,MG,267.0,"21,4",ARGIRITA,Velocidade Incompatível,Colisão com objeto,Sem Vítimas,Pleno dia,Crescente,Nublado,Simples,Não Informado,Não,1,0,0,0,1,0,0,1,"-21,59274447","-42,78538272",SPRF-MG,DEL07-MG,UOP01-DEL07-MG
380791.0,2021-09-02,quinta-feira,01:00:00,MG,116.0,"557,3",MANHUACU,Avarias e/ou desgaste excessivo no pneu,Saída de leito carroçável,Com Vítimas Feridas,Plena Noite,Crescente,Chuva,Simples,Não Informado,Não,1,0,1,0,0,0,1,1,"-20,01148644","-42,16007099",SPRF-MG,DEL06-MG,UOP04-DEL06-MG
380798.0,2021-09-02,quinta-feira,06:25:00,MG,381.0,389,BARAO DE COCAIS,Ausência de reação do condutor,Colisão traseira,Com Vítimas Feridas,Amanhecer,Decrescente,Nublado,Dupla,Reta,Não,4,0,2,0,1,1,2,2,"-19,8024336","-43,4108058",SPRF-MG,DEL01-MG,UOP01-DEL01-MG
380800.0,2021-09-02,quinta-feira,07:00:00,MG,365.0,624,UBERLANDIA,Reação tardia ou ineficiente do condutor,Colisão traseira,Com Vítimas Feridas,Pleno dia,Decrescente,Céu Claro,Dupla,Reta,Não,2,0,1,0,1,0,1,2,"-18,90754763","-48,3160669",SPRF-MG,DEL15-MG,UOP01-DEL15-MG
380810.0,2021-09-02,quinta-feira,06:45:00,MG,116.0,"412,1",GOVERNADOR VALADARES,Acessar a via sem observar a presença dos outros veículos,Colisão lateral mesmo sentido,Com Vítimas Feridas,Pleno dia,Crescente,Nublado,Múltipla,Retorno Regulamentado,Sim,2,0,0,1,1,0,1,2,"-18,86882342","-41,97144241",SPRF-MG,DEL06-MG,UOP01-DEL06-MG
380815.0,2021-09-02,quinta-feira,07:50:00,MG,40.0,"449,9",CAETANOPOLIS,Objeto estático sobre o leito carroçável,Tombamento,Com Vítimas Feridas,Pleno dia,Decrescente,Céu Claro,Dupla,Não Informado,Não,1,0,0,1,0,0,1,1,"-19,31559","-44,3683",SPRF-MG,DEL02-MG,UOP01-DEL02-MG
380828.0,2021-09-02,quinta-feira,08:30:00,MG,381.0,801,SAO GONCALO DO SAPUCAI,Demais falhas mecânicas ou elétricas,Tombamento,Com Vítimas Feridas,Pleno dia,Decrescente,Céu Claro,Dupla,Reta,Não,2,0,2,0,0,0,2,1,"-21,98436367","-45,64717924",SPRF-MG,DEL16-MG,UOP02-DEL16-MG
380837.0,2021-09-02,quinta-feira,09:25:00,MG,40.0,697,BARBACENA,Velocidade Incompatível,Saída de leito carroçável,Com Vítimas Feridas,Pleno dia,Crescente,Chuva,Dupla,Curva,Sim,1,0,0,1,0,0,1,1,"-21,1810059","-43,75582164",SPRF-MG,DEL05-MG,UOP02-DEL05-MG
380865.0,2021-09-02,quinta-feira,14:40:00,MG,381.0,501,BETIM,Reação tardia ou ineficiente do condutor,Colisão traseira,Sem Vítimas,Pleno dia,Decrescente,Sol,Dupla,Reta,Não,2,0,0,0,2,0,0,2,"-20,03146447","-44,2377893",SPRF-MG,DEL01-MG,UOP03-DEL01-MG
380884.0,2021-09-02,quinta-feira,11:30:00,MG,116.0,"637,2",DIVINO,Mal súbito do condutor,Saída de leito carroçável,Com Vítimas Feridas,Pleno dia,Crescente,Nublado,Simples,Não Informado,Não,1,0,0,1,0,0,1,1,"-20,62286877","-42,22191274",SPRF-MG,DEL07-MG,UOP03-DEL07-MG
380894.0,2021-09-02,quinta-feira,18:15:00,MG,40.0,"668,5",CARANDAI,Pedestre cruzava a pista fora da faixa,Atropelamento de Pedestre,Com Vítimas Feridas,Plena Noite,Decrescente,Nublado,Simples,Reta,Sim,2,0,0,1,1,0,1,1,"-20,95232841","-43,79297337",SPRF-MG,DEL05-MG,UOP02-DEL05-MG
380906.0,2021-09-02,quinta-feira,18:55:00,MG,146.0,506,POCOS DE CALDAS,Ingestão de álcool pelo condutor,Colisão frontal,Com Vítimas Feridas,Plena Noite,Crescente,Céu Claro,Simples,Reta,Não,3,0,2,0,1,0,2,3,"-21,75800693","-46,40565656",SPRF-MG,DEL09-MG,UOP01-DEL09-MG
380918.0,2021-09-02,quinta-feira,07:40:00,MG,262.0,427,SAO GONCALO DO PARA,Demais falhas na via,Tombamento,Com Vítimas Feridas,Pleno dia,Crescente,Céu Claro,Dupla,Reta,Não,1,0,1,0,0,0,1,1,"-19,8850241","-44,77734698",SPRF-MG,DEL08-MG,UOP03-DEL08-MG
380920.0,2021-09-02,quinta-feira,14:00:00,MG,262.0,414,IGARATINGA,Velocidade Incompatível,Saída de leito carroçável,Com Vítimas Feridas,Pleno dia,Crescente,Céu Claro,Dupla,Reta,Não,3,0,2,1,0,0,3,1,"-19,90339593","-44,66308607",SPRF-MG,DEL08-MG,UOP03-DEL08-MG
380921.0,2021-09-02,quinta-feira,15:18:00,MG,381.0,"228,8",BELO ORIENTE,Reação tardia ou ineficiente do condutor,Saída de leito carroçável,Com Vítimas Feridas,Pleno dia,Crescente,Céu Claro,Dupla,Reta,Não,1,0,1,0,0,0,1,1,"-19,34371912","-42,43183775",SPRF-MG,DEL06-MG,UOP01-DEL06-MG
380933.0,2021-09-02,quinta-feira,17:50:00,MG,116.0,"243,2",TEOFILO OTONI,Ausência de reação do condutor,Colisão transversal,Com Vítimas Fatais,Anoitecer,Crescente,Nublado,Simples,Reta,Não,3,1,0,0,2,0,0,2,"-17,586603","-41,488044",SPRF-MG,DEL11-MG,UOP01-DEL11-MG
380944.0,2021-09-02,quinta-feira,23:00:00,MG,50.0,"97,7",UBERLANDIA,Ausência de reação do condutor,Capotamento,Com Vítimas Feridas,Plena Noite,Decrescente,Céu Claro,Dupla,Reta,Não,1,0,1,0,0,0,1,1,"-19,12087","-48,17519",SPRF-MG,DEL15-MG,UOP01-DEL15-MG
380962.0,2021-09-03,sexta-feira,03:20:00,MG,40.0,"718,8",BARBACENA,Acessar a via sem observar a presença dos outros veículos,Tombamento,Com Vítimas Feridas,Plena Noite,Crescente,Céu Claro,Dupla,Reta,Não,2,0,1,0,1,0,1,1,"-21,2656332","-43,65557499",SPRF-MG,DEL05-MG,UOP01-DEL05-MG
380965.0,2021-09-03,sexta-feira,03:15:00,MG,262.0,709,ARAXA,Ultrapassagem Indevida,Colisão frontal,Com Vítimas Feridas,Plena Noite,Crescente,Céu Claro,Simples,Não Informado,Não,1,0,0,1,0,0,1,1,"-19,59482628","-47,13714393",SPRF-MG,DEL08-MG,UOP01-DEL08-MG
380968.0,2021-09-02,quinta-feira,20:40:00,MG,381.0,"193,2",PERIQUITO,Condutor deixou de manter distância do veículo da frente,Colisão traseira,Com Vítimas Feridas,Plena Noite,Decrescente,Ignorado,Simples,Reta,Não,3,0,3,0,0,0,3,2,"-19,12685699","-42,21354877",SPRF-MG,DEL06-MG,UOP01-DEL06-MG
380985.0,2021-09-03,sexta-feira,07:40:00,MG,364.0,"27,8",FRUTAL,Ultrapassagem Indevida,Colisão lateral mesmo sentido,Com Vítimas Feridas,Pleno dia,Decrescente,Céu Claro,Dupla,Curva,Sim,2,0,1,0,1,0,1,2,"-20,022225","-48,899872",SPRF-MG,DEL13-MG,UOP02-DEL13-MG
381017.0,2021-09-03,sexta-feira,10:30:00,MG,40.0,"760,5",JUIZ DE FORA,Condutor Dormindo,Capotamento,Com Vítimas Feridas,Pleno dia,Crescente,Sol,Simples,Reta,Não,4,0,3,1,0,0,4,1,"-21,52936511","-43,51813418",SPRF-MG,DEL05-MG,UOP01-DEL05-MG
381025.0,2021-09-03,sexta-feira,09:00:00,MG,116.0,"764,6",LEOPOLDINA,Velocidade Incompatível,Saída de leito carroçável,Com Vítimas Feridas,Pleno dia,Crescente,Céu Claro,Simples,Curva,Não,1,0,0,1,0,0,1,1,"-21,52171912","-42,64030314",SPRF-MG,DEL07-MG,UOP01-DEL07-MG
381032.0,2021-08-18,quarta-feira,14:35:00,MG,251.0,"520,2",MONTES CLAROS,Ultrapassagem Indevida,Colisão frontal,Com Vítimas Fatais,Pleno dia,Crescente,Sol,Simples,Reta,Não,2,1,1,0,0,0,1,2,"-16,66570005","-43,78533097",SPRF-MG,DEL12-MG,UOP01-DEL12-MG
381039.0,2021-09-03,sexta-feira,13:20:00,MG,381.0,648,SANTO ANTONIO DO AMPARO,Velocidade Incompatível,Capotamento,Com Vítimas Feridas,Pleno dia,Decrescente,Céu Claro,Dupla,Curva,Não,3,0,1,0,2,0,1,1,"-20,95761493","-44,92120513",SPRF-MG,DEL04-MG,UOP02-DEL04-MG
381061.0,2021-09-03,sexta-feira,07:40:00,MG,365.0,626,UBERLANDIA,Ausência de reação do condutor,Tombamento,Com Vítimas Feridas,Pleno dia,Crescente,Céu Claro,Dupla,Reta,Sim,1,0,1,0,0,0,1,1,"-18,90659356","-48,33469405",SPRF-MG,DEL15-MG,UOP01-DEL15-MG
381071.0,2021-09-03,sexta-feira,15:10:00,MG,50.0,"24,4",ARAGUARI,Velocidade Incompatível,Saída de leito carroçável,Com Vítimas Feridas,Pleno dia,Crescente,Céu Claro,Dupla,Não Informado,Não,1,0,1,0,0,0,1,1,"-18,61024882","-48,06820499",SPRF-MG,DEL15-MG,UOP02-DEL15-MG
381077.0,2021-09-03,sexta-feira,12:00:00,MG,146.0,"435,5",CABO VERDE,Manobra de mudança de faixa,Colisão frontal,Com Vítimas Feridas,Pleno dia,Crescente,Céu Claro,Simples,Não Informado,Não,2,0,1,1,0,0,2,2,"-21,418759","-46,429315",SPRF-MG,DEL09-MG,UOP01-DEL09-MG
381081.0,2021-09-03,sexta-feira,15:45:00,MG,381.0,"679,9",PERDOES,Pedestre andava na pista,Atropelamento de Pedestre,Com Vítimas Feridas,Pleno dia,Decrescente,Céu Claro,Dupla,Reta,Não,3,0,0,1,1,1,1,1,"-21,12733435","-45,09996027",SPRF-MG,DEL04-MG,UOP02-DEL04-MG
381086.0,2021-09-03,sexta-feira,15:40:00,MG,50.0,"178,5",UBERABA,Desvio temporário,Engavetamento,Com Vítimas Feridas,Pleno dia,Decrescente,Céu Claro,Dupla,Não Informado,Sim,4,0,1,0,3,0,1,4,"-19,77896821","-47,94093599",SPRF-MG,DEL13-MG,UOP01-DEL13-MG
381109.0,2021-09-03,sexta-feira,19:00:00,MG,40.0,547,NOVA LIMA,Demais falhas mecânicas ou elétricas,Queda de ocupante de veículo,Com Vítimas Feridas,Plena Noite,Decrescente,Céu Claro,Dupla,Reta,Não,1,0,0,1,0,0,1,1,"-20,02252424","-43,97026042",SPRF-MG,DEL01-MG,UOP02-DEL01-MG
381110.0,2021-09-03,sexta-feira,17:40:00,MG,116.0,767,LEOPOLDINA,Acessar a via sem observar a presença dos outros veículos,Colisão transversal,Com Vítimas Feridas,Anoitecer,Decrescente,Céu Claro,Simples,Reta,Sim,2,0,0,1,1,0,1,2,"-21,5356551","-42,65610863",SPRF-MG,DEL07-MG,UOP01-DEL07-MG
381115.0,2021-09-03,sexta-feira,16:30:00,MG,356.0,"267,8",MURIAE,Condutor deixou de manter distância do veículo da frente,Colisão traseira,Com Vítimas Feridas,Pleno dia,Crescente,Céu Claro,Simples,Reta,Sim,2,0,1,1,0,0,2,2,"-21,12725696","-42,35052695",SPRF-MG,DEL07-MG,UOP02-DEL07-MG
381134.0,2021-09-03,sexta-feira,19:00:00,MG,381.0,360,JOAO MONLEVADE,Condutor deixou de manter distância do veículo da frente,Engavetamento,Com Vítimas Feridas,Plena Noite,Decrescente,Céu Claro,Simples,Reta,Não,4,0,1,0,3,0,1,3,"-19,85985912","-43,22566968",SPRF-MG,DEL03-MG,UOP01-DEL03-MG
381160.0,2021-09-03,sexta-feira,21:00:00,MG,381.0,486,BETIM,Demais falhas mecânicas ou elétricas,Tombamento,Com Vítimas Feridas,Plena Noite,Decrescente,Céu Claro,Dupla,Reta,Sim,2,0,1,0,1,0,1,1,"-19,95600419","-44,1313076",SPRF-MG,DEL01-MG,UOP03-DEL01-MG
381194.0,2021-09-03,sexta-feira,23:40:00,MG,381.0,498,BETIM,Ausência de reação do condutor,Capotamento,Com Vítimas Feridas,Plena Noite,Crescente,Nublado,Dupla,Reta,Não,2,0,2,0,0,0,2,1,"-19,9868702","-44,20384526",SPRF-MG,DEL01-MG,UOP03-DEL01-MG
381216.0,2021-09-04,sábado,02:30:00,MG,381.0,286,JAGUARACU,Condutor deixou de manter distância do veículo da frente,Colisão traseira,Sem Vítimas,Plena Noite,Decrescente,Nublado,Simples,Reta,Não,2,0,0,0,2,0,0,2,"-19,62557509","-42,8057348",SPRF-MG,DEL03-MG,UOP02-DEL03-MG
381231.0,2021-09-03,sexta-feira,22:10:00,MG,116.0,"288,6",TEOFILO OTONI,Conversão proibida,Colisão transversal,Com Vítimas Feridas,Plena Noite,Crescente,Nublado,Simples,Reta,Sim,2,0,1,0,1,0,1,2,"-17,95254997","-41,53363808",SPRF-MG,DEL11-MG,UOP01-DEL11-MG
381233.0,2021-09-04,sábado,02:00:00,MG,381.0,859,POUSO ALEGRE,Ingestão de álcool pelo condutor,Saída de leito carroçável,Sem Vítimas,Plena Noite,Decrescente,Céu Claro,Dupla,Reta,Não,2,0,0,0,1,1,0,1,"-22,31347487","-45,90382437",SPRF-MG,DEL16-MG,UOP01-DEL16-MG
381247.0,2021-09-04,sábado,06:15:00,MG,381.0,"583,9",CARMOPOLIS DE MINAS,Condutor Dormindo,Colisão lateral mesmo sentido,Com Vítimas Fatais,Amanhecer,Crescente,Céu Claro,Dupla,Curva,Não,3,1,0,1,1,0,1,2,"-20,5092048","-44,61214185",SPRF-MG,DEL04-MG,UOP01-DEL04-MG
381248.0,2021-09-04,sábado,00:23:00,MG,40.0,"746,2",SANTOS DUMONT,Reação tardia ou ineficiente do condutor,Colisão transversal,Sem Vítimas,Plena Noite,Crescente,Céu Claro,Simples,Não Informado,Sim,9,0,0,0,9,0,0,2,"-21,43028197","-43,55615283",SPRF-MG,DEL05-MG,UOP01-DEL05-MG
381249.0,2021-09-04,sábado,04:20:00,MG,116.0,"492,3",INHAPIM,Velocidade Incompatível,Capotamento,Com Vítimas Feridas,Plena Noite,Crescente,Céu Claro,Simples,Não Informado,Não,1,0,1,0,0,0,1,1,"-19,49224599","-42,12867789",SPRF-MG,DEL06-MG,UOP02-DEL06-MG
381259.0,2021-09-04,sábado,06:50:00,MG,116.0,580,MANHUACU,Condutor Dormindo,Saída de leito carroçável,Com Vítimas Feridas,Pleno dia,Crescente,Céu Claro,Simples,Reta,Não,1,0,1,0,0,0,1,1,"-20,18726337","-42,18489254",SPRF-MG,DEL06-MG,UOP04-DEL06-MG
381280.0,2021-09-04,sábado,09:00:00,MG,40.0,"788,7",JUIZ DE FORA,Estacionar ou parar em local proibido,Colisão traseira,Com Vítimas Feridas,Pleno dia,Crescente,Céu Claro,Dupla,Reta,Não,2,0,1,0,1,0,1,2,"-21,74815906","-43,44533222",SPRF-MG,DEL05-MG,UOP01-DEL05-MG
381289.0,2021-08-28,sábado,15:08:00,MG,381.0,"214,8",NAQUE,Mal súbito do condutor,Tombamento,Com Vítimas Feridas,Pleno dia,Crescente,Nublado,Simples,Reta,Sim,1,0,1,0,0,0,1,1,"-19,23019755","-42,32699992",SPRF-MG,DEL06-MG,UOP01-DEL06-MG
381305.0,2021-09-04,sábado,10:44:00,MG,381.0,"478,7",CONTAGEM,Condutor deixou de manter distância do veículo da frente,Colisão traseira,Com Vítimas Feridas,Pleno dia,Decrescente,Céu Claro,Dupla,Reta,Sim,2,0,1,0,1,0,1,2,"-19,95826094","-44,05921101",SPRF-MG,DEL01-MG,UOP03-DEL01-MG
381317.0,2021-09-04,sábado,12:20:00,MG,40.0,"450,8",CAETANOPOLIS,Manobra de mudança de faixa,Colisão lateral mesmo sentido,Com Vítimas Fatais,Pleno dia,Decrescente,Céu Claro,Dupla,Curva,Não,3,1,1,0,1,0,1,2,"-19,31698774","-44,36765061",SPRF-MG,DEL02-MG,UOP01-DEL02-MG
381328.0,2021-09-04,sábado,13:00:00,MG,381.0,"486,2",BETIM,Ausência de reação do condutor,Colisão traseira,Com Vítimas Feridas,Pleno dia,Crescente,Sol,Múltipla,Reta,Sim,3,0,1,0,2,0,1,2,"-19,95592351","-44,11045074",SPRF-MG,DEL01-MG,UOP03-DEL01-MG
381345.0,2021-09-04,sábado,14:00:00,MG,262.0,374,JUATUBA,Demais falhas mecânicas ou elétricas,Incêndio,Sem Vítimas,Pleno dia,Crescente,Céu Claro,Dupla,Reta,Sim,1,0,0,0,1,0,0,1,"-19,96727284","-44,33288566",SPRF-MG,DEL01-MG,UOP03-DEL01-MG
381354.0,2021-09-04,sábado,14:20:00,MG,116.0,"277,1",TEOFILO OTONI,Desrespeitar a preferência no cruzamento,Colisão transversal,Com Vítimas Feridas,Pleno dia,Crescente,Céu Claro,Dupla,Interseção de vias,Sim,2,0,0,1,1,0,1,2,"-17,859945","-41,515144",SPRF-MG,DEL11-MG,UOP01-DEL11-MG
381356.0,2021-09-04,sábado,14:40:00,MG,50.0,67,UBERLANDIA,Reação tardia ou ineficiente do condutor,Queda de ocupante de veículo,Com Vítimas Feridas,Pleno dia,Crescente,Céu Claro,Dupla,Interseção de vias,Sim,1,0,1,0,0,0,1,1,"-18,85140204","-48,25345932",SPRF-MG,DEL15-MG,UOP02-DEL15-MG
381363.0,2021-09-04,sábado,14:40:00,MG,116.0,"396,4",GOVERNADOR VALADARES,Velocidade Incompatível,Saída de leito carroçável,Com Vítimas Feridas,Pleno dia,Crescente,Céu Claro,Simples,Curva,Não,1,0,1,0,0,0,1,1,"-18,74773492","-41,98373226",SPRF-MG,DEL06-MG,UOP01-DEL06-MG
381364.0,2021-09-04,sábado,16:40:00,MG,381.0,"359,6",JOAO MONLEVADE,Condutor deixou de manter distância do veículo da frente,Colisão lateral mesmo sentido,Com Vítimas Feridas,Pleno dia,Crescente,Céu Claro,Simples,Reta,Sim,2,0,1,0,1,0,1,2,"-19,8551458","-43,22402296",SPRF-MG,DEL03-MG,UOP01-DEL03-MG
381368.0,2021-09-04,sábado,16:20:00,MG,365.0,626,UBERLANDIA,Objeto estático sobre o leito carroçável,Queda de ocupante de veículo,Com Vítimas Feridas,Pleno dia,Crescente,Céu Claro,Múltipla,Não Informado,Sim,1,0,1,0,0,0,1,1,"-18,90659356","-48,33469405",SPRF-MG,DEL15-MG,UOP01-DEL15-MG
381389.0,2021-09-04,sábado,18:00:00,MG,40.0,565,NOVA LIMA,Manobra de mudança de faixa,Colisão lateral mesmo sentido,Com Vítimas Feridas,Plena Noite,Decrescente,Céu Claro,Simples,Não Informado,Sim,8,0,1,0,5,2,1,3,"-20,16985101","-43,96554788",SPRF-MG,DEL01-MG,UOP02-DEL01-MG
381391.0,2021-09-04,sábado,15:10:00,MG,116.0,330,CAMPANARIO,Condutor deixou de manter distância do veículo da frente,Colisão traseira,Sem Vítimas,Pleno dia,Decrescente,Céu Claro,Simples,Reta,Sim,4,0,0,0,4,0,0,3,"-18,23813927","-41,72898363",SPRF-MG,DEL11-MG,UOP01-DEL11-MG
381429.0,2021-09-04,sábado,18:15:00,MG,116.0,"376,5",MATHIAS LOBATO,Acessar a via sem observar a presença dos outros veículos,Colisão frontal,Com Vítimas Feridas,Anoitecer,Crescente,Nublado,Simples,Reta,Não,2,0,2,0,0,0,2,2,"-18,586299","-41,92426908",SPRF-MG,DEL06-MG,UOP01-DEL06-MG
381447.0,2021-09-04,sábado,20:00:00,MG,40.0,"747,3",SANTOS DUMONT,Transitar na contramão,Colisão frontal,Com Vítimas Feridas,Plena Noite,Decrescente,Nublado,Simples,Não Informado,Não,4,0,2,0,2,0,2,2,"-21,4328731","-43,55221915",SPRF-MG,DEL05-MG,UOP01-DEL05-MG
381450.0,2021-09-04,sábado,19:28:00,MG,153.0,46,MONTE ALEGRE DE MINAS,Falta de elemento de contenção que evite a saída do leito carroçável,Saída de leito carroçável,Com Vítimas Feridas,Plena Noite,Crescente,Céu Claro,Dupla,Curva,Não,1,0,1,0,0,0,1,1,"-18,7877321","-49,08400664",SPRF-MG,DEL15-MG,UOP03-DEL15-MG
381457.0,2021-06-08,terça-feira,14:40:00,MG,50.0,"20,4",UBERLANDIA,Velocidade Incompatível,Colisão traseira,Com Vítimas Feridas,Pleno dia,Decrescente,Céu Claro,Dupla,Reta,Sim,2,0,1,0,1,0,1,2,"-18,93744413","-48,21137667",SPRF-MG,DEL15-MG,UOP01-DEL15-MG
381482.0,2021-09-04,sábado,23:50:00,MG,262.0,368,JUATUBA,Demais falhas mecânicas ou elétricas,Incêndio,Sem Vítimas,Plena Noite,Crescente,Céu Claro,Dupla,Reta,Sim,1,0,0,0,0,1,0,1,"-19,97239513","-44,28042402",SPRF-MG,DEL01-MG,UOP03-DEL01-MG
381488.0,2021-09-04,sábado,22:40:00,MG,116.0,"493,2",INHAPIM,Transitar na contramão,Colisão frontal,Com Vítimas Feridas,Plena Noite,Crescente,Nublado,Simples,Reta,Não,2,0,0,1,1,0,1,2,"-19,50119606","-42,12776218",SPRF-MG,DEL06-MG,UOP02-DEL06-MG
381505.0,2021-09-05,domingo,02:40:00,MG,381.0,"935,5",EXTREMA,Ingestão de álcool e/ou substâncias psicoativas pelo pedestre,Saída de leito carroçável,Sem Vítimas,Plena Noite,Decrescente,Céu Claro,Simples,Não Informado,Não,2,0,0,0,0,2,0,1,"-22,82329661","-46,30805019",SPRF-MG,DEL16-MG,UOP03-DEL16-MG
381508.0,2021-09-05,domingo,02:55:00,MG,116.0,"737,1",LARANJAL,Animais na Pista,Saída de leito carroçável,Com Vítimas Feridas,Plena Noite,Decrescente,Céu Claro,Simples,Reta,Não,2,0,1,0,1,0,1,1,"-21,36164","-42,471428",SPRF-MG,DEL07-MG,UOP02-DEL07-MG
381511.0,2021-09-05,domingo,01:00:00,MG,365.0,757,ITUIUTABA,Falta de elemento de contenção que evite a saída do leito carroçável,Queda de ocupante de veículo,Sem Vítimas,Plena Noite,Crescente,Céu Claro,Dupla,Curva,Não,1,0,0,0,1,0,0,1,"-18,96358968","-49,4773831",SPRF-MG,DEL15-MG,UOP03-DEL15-MG
381516.0,2021-09-05,domingo,04:15:00,MG,40.0,"439,5",PARAOPEBA,Condutor Dormindo,Saída de leito carroçável,Com Vítimas Feridas,Plena Noite,Decrescente,Céu Claro,Dupla,Reta,Não,1,0,1,0,0,0,1,1,"-19,23100428","-44,43562244",SPRF-MG,DEL02-MG,UOP01-DEL02-MG
381528.0,2021-09-05,domingo,06:10:00,MG,381.0,"503,2",BETIM,Área urbana sem a presença de local apropriado para a travessia de pedestres,Atropelamento de Pedestre,Com Vítimas Fatais,Pleno dia,Crescente,Céu Claro,Múltipla,Reta,Sim,2,1,0,0,0,1,0,1,"-20,03855134","-44,25495493",SPRF-MG,DEL01-MG,UOP03-DEL01-MG
381539.0,2021-09-05,domingo,04:30:00,MG,116.0,"534,8",SANTA RITA DE MINAS,Reação tardia ou ineficiente do condutor,Colisão frontal,Com Vítimas Fatais,Plena Noite,Decrescente,Nublado,Simples,Curva,Não,2,1,0,0,1,0,0,2,"-19,84469501","-42,13981698",SPRF-MG,DEL06-MG,UOP02-DEL06-MG
381565.0,2021-09-05,domingo,08:42:00,MG,116.0,"418,6",GOVERNADOR VALADARES,Acessar a via sem observar a presença dos outros veículos,Colisão transversal,Com Vítimas Feridas,Pleno dia,Decrescente,Céu Claro,Simples,Reta,Não,18,0,1,1,16,0,2,2,"-18,91059296","-41,94156567",SPRF-MG,DEL06-MG,UOP01-DEL06-MG
381595.0,2021-09-05,domingo,12:20:00,MG,116.0,"590,3",MANHUACU,Animais na Pista,Atropelamento de Animal,Com Vítimas Feridas,Pleno dia,Crescente,Sol,Simples,Curva,Sim,1,0,1,0,0,0,1,1,"-20,247602","-42,144956",SPRF-MG,DEL06-MG,UOP04-DEL06-MG
381601.0,2021-09-05,domingo,13:00:00,MG,381.0,492,BETIM,Velocidade Incompatível,Tombamento,Com Vítimas Feridas,Pleno dia,Decrescente,Céu Claro,Dupla,Reta,Sim,2,0,2,0,0,0,2,1,"-19,97490091","-44,19004301",SPRF-MG,DEL01-MG,UOP03-DEL01-MG
381610.0,2021-09-05,domingo,13:40:00,MG,116.0,519,UBAPORANGA,Mal súbito do condutor,Colisão traseira,Com Vítimas Feridas,Pleno dia,Decrescente,Sol,Simples,Curva,Não,2,0,0,1,1,0,1,2,"-19,70865568","-42,119084",SPRF-MG,DEL06-MG,UOP02-DEL06-MG
381611.0,2021-09-05,domingo,16:00:00,MG,116.0,"623,5",ORIZANIA,Condutor deixou de manter distância do veículo da frente,Colisão traseira,Com Vítimas Feridas,Pleno dia,Decrescente,Céu Claro,Simples,Reta,Não,2,0,1,0,1,0,1,2,"-20,52227698","-42,19915104",SPRF-MG,DEL07-MG,UOP03-DEL07-MG
381612.0,2021-09-05,domingo,13:20:00,MG,116.0,552,SANTA BARBARA DO LESTE,Demais falhas mecânicas ou elétricas,Colisão frontal,Com Vítimas Feridas,Pleno dia,Decrescente,Sol,Simples,Reta,Sim,5,0,1,4,0,0,5,2,"-19,9783787","-42,13990867",SPRF-MG,DEL06-MG,UOP02-DEL06-MG
381620.0,2021-09-05,domingo,11:30:00,MG,262.0,"419,1",PARA DE MINAS,Demais falhas mecânicas ou elétricas,Capotamento,Com Vítimas Feridas,Pleno dia,Crescente,Sol,Dupla,Reta,Sim,2,0,2,0,0,0,2,1,"-19,89448983","-44,70395989",SPRF-MG,DEL08-MG,UOP03-DEL08-MG