id,data_inversa,dia_semana,horario,uf,br,km,municipio,causa_acidente,tipo_acidente,classificacao_acidente,fase_dia,sentido_via,condicao_metereologica,tipo_pista,tracado_via,uso_solo,pessoas,mortos,feridos_leves,feridos_graves,ilesos,ignorados,feridos,veiculos,latitude,longitude,regional,delegacia,uop
381664.0,2021-09-05,domingo,17:00:00,MG,365.0,430,PATOS DE MINAS,Demais falhas mecânicas ou elétricas,Queda de ocupante de veículo,Com Vítimas Feridas,Pleno dia,Decrescente,Céu Claro,Simples,Reta,Não,2,0,2,0,0,0,2,1,"-18,75970014","-46,66665297",SPRF-MG,DEL10-MG,UOP01-DEL10-MG
381670.0,2021-09-05,domingo,19:40:00,MG,381.0,481,CONTAGEM,Pedestre cruzava a pista fora da faixa,Atropelamento de Pedestre,Com Vítimas Feridas,Plena Noite,Crescente,Céu Claro,Múltipla,Reta,Sim,2,0,0,1,1,0,1,1,"-19,955532","-44,097209",SPRF-MG,DEL01-MG,UOP03-DEL01-MG
381680.0,2021-09-05,domingo,20:00:00,MG,40.0,561,NOVA LIMA,Demais falhas mecânicas ou elétricas,Eventos atípicos,Com Vítimas Feridas,Plena Noite,Crescente,Céu Claro,Dupla,Reta,Sim,2,0,2,0,0,0,2,1,"-20,1450783333","-43,9596633333",SPRF-MG,DEL01-MG,UOP02-DEL01-MG
381701.0,2021-09-05,domingo,21:30:00,MG,381.0,"479,3",CONTAGEM,Reação tardia ou ineficiente do condutor,Colisão com objeto,Com Vítimas Feridas,Plena Noite,Decrescente,Céu Claro,Múltipla,Reta,Sim,1,0,1,0,0,0,1,1,"-19,9643137","-44,04865265",SPRF-MG,DEL01-MG,UOP03-DEL01-MG
381727.0,2021-09-05,domingo,23:00:00,MG,40.0,"446,5",CAETANOPOLIS,Condutor Dormindo,Saída de leito carroçável,Com Vítimas Feridas,Plena Noite,Decrescente,Céu Claro,Dupla,Não Informado,Não,1,0,1,0,0,0,1,1,"-19,29102335","-44,38647151",SPRF-MG,DEL02-MG,UOP01-DEL02-MG
381730.0,2021-09-05,domingo,23:40:00,MG,381.0,498,BETIM,Demais falhas na via,Saída de leito carroçável,Com Vítimas Fatais,Plena Noite,Decrescente,Céu Claro,Múltipla,Reta,Sim,1,1,0,0,0,0,0,1,"-19,96825","-44,198708",SPRF-MG,DEL01-MG,UOP03-DEL01-MG
381741.0,2021-09-05,domingo,23:35:00,MG,365.0,625,UBERLANDIA,Reação tardia ou ineficiente do condutor,Saída de leito carroçável,Sem Vítimas,Plena Noite,Decrescente,Céu Claro,Simples,Reta,Sim,2,0,0,0,1,1,0,1,"-18,90585472","-48,32526001",SPRF-MG,DEL15-MG,UOP01-DEL15-MG
381784.0,2021-09-06,segunda-feira,08:00:00,MG,40.0,"747,8",SANTOS DUMONT,Demais falhas mecânicas ou elétricas,Incêndio,Sem Vítimas,Pleno dia,Crescente,Céu Claro,Simples,Reta,Sim,3,0,0,0,3,0,0,1,"-21,4328731","-43,55221915",SPRF-MG,DEL05-MG,UOP01-DEL05-MG
381787.0,2021-09-06,segunda-feira,08:00:00,MG,40.0,"44,7",PARACATU,Acessar a via sem observar a presença dos outros veículos,Colisão lateral mesmo sentido,Com Vítimas Feridas,Pleno dia,Crescente,Céu Claro,Simples,Reta,Sim,2,0,1,0,1,0,1,2,"-17,23101648","-46,85390396",SPRF-MG,DEL14-MG,UOP01-DEL14-MG
381794.0,2021-09-06,segunda-feira,08:30:00,MG,262.0,358,BETIM,Velocidade Incompatível,Saída de leito carroçável,Com Vítimas Feridas,Pleno dia,Crescente,Céu Claro,Dupla,Reta,Não,1,0,1,0,0,0,1,1,"-19,97562699","-44,197751",SPRF-MG,DEL01-MG,UOP03-DEL01-MG
381807.0,2021-09-06,segunda-feira,10:10:00,MG,40.0,"770,3",JUIZ DE FORA,Velocidade Incompatível,Saída de leito carroçável,Com Vítimas Feridas,Pleno dia,Crescente,Céu Claro,Simples,Curva,Não,2,0,2,0,0,0,2,1,"-21,59924304","-43,4579108",SPRF-MG,DEL05-MG,UOP01-DEL05-MG
381831.0,2021-09-06,segunda-feira,10:35:00,MG,40.0,"41,9",PARACATU,Pedestre cruzava a pista fora da faixa,Atropelamento de Pedestre,Com Vítimas Feridas,Pleno dia,Crescente,Céu Claro,Simples,Não Informado,Sim,2,0,1,0,1,0,1,1,"-17,21271307","-46,87295209",SPRF-MG,DEL14-MG,UOP01-DEL14-MG
381832.0,2021-09-06,segunda-feira,12:40:00,MG,365.0,684,MONTE ALEGRE DE MINAS,Velocidade Incompatível,Colisão com objeto,Com Vítimas Feridas,Pleno dia,Crescente,Céu Claro,Dupla,Reta,Não,3,0,3,0,0,0,3,1,"-18,87548498","-48,87468901",SPRF-MG,DEL15-MG,UOP01-DEL15-MG
381836.0,2021-09-06,segunda-feira,11:30:00,MG,262.0,33,MANHUACU,Acessar a via sem observar a presença dos outros veículos,Colisão lateral mesmo sentido,Com Vítimas Feridas,Pleno dia,Crescente,Sol,Simples,Não Informado,Não,3,0,2,0,1,0,2,2,"-20,25550548","-42,00465315",SPRF-MG,DEL06-MG,UOP04-DEL06-MG
381837.0,2021-09-06,segunda-feira,13:00:00,MG,40.0,"629,9",CONSELHEIRO LAFAIETE,Acessar a via sem observar a presença dos outros veículos,Colisão transversal,Com Vítimas Feridas,Pleno dia,Decrescente,Céu Claro,Simples,Curva,Sim,2,0,2,0,0,0,2,2,"-20,65674944","-43,80310178",SPRF-MG,DEL05-MG,UOP02-DEL05-MG
381842.0,2021-09-06,segunda-feira,09:30:00,MG,116.0,"487,7",INHAPIM,Retorno proibido,Colisão transversal,Com Vítimas Feridas,Pleno dia,Crescente,Céu Claro,Simples,Reta,Não,2,0,1,0,1,0,1,2,"-19,45138982","-42,12752114",SPRF-MG,DEL06-MG,UOP02-DEL06-MG
381860.0,2021-09-06,segunda-feira,14:55:00,MG,40.0,"693,9",RESSAQUINHA,Ingestão de álcool pelo condutor,Colisão traseira,Sem Vítimas,Pleno dia,Crescente,Céu Claro,Simples,Curva,Sim,3,0,0,0,3,0,0,2,"-21,15015751","-43,76299295",SPRF-MG,DEL05-MG,UOP02-DEL05-MG
381862.0,2021-09-06,segunda-feira,13:25:00,MG,50.0,178,UBERABA,Demais falhas mecânicas ou elétricas,Colisão com objeto,Com Vítimas Feridas,Pleno dia,Crescente,Céu Claro,Dupla,Reta,Sim,1,0,1,0,0,0,1,1,"-19,77896821","-47,94093599",SPRF-MG,DEL13-MG,UOP01-DEL13-MG
381877.0,2021-09-06,segunda-feira,16:55:00,MG,262.0,"50,8",MANHUACU,Ultrapassagem Indevida,Colisão lateral mesmo sentido,Sem Vítimas,Pleno dia,Crescente,Céu Claro,Simples,Reta,Sim,2,0,0,0,2,0,0,2,"-20,2428055","-42,13652397",SPRF-MG,DEL06-MG,UOP04-DEL06-MG
381914.0,2021-09-06,segunda-feira,19:00:00,MG,381.0,496,BETIM,Condutor deixou de manter distância do veículo da frente,Colisão traseira,Com Vítimas Feridas,Plena Noite,Decrescente,Céu Claro,Dupla,Reta,Sim,3,0,1,0,2,0,1,2,"-19,99676497","-44,20958506",SPRF-MG,DEL01-MG,UOP03-DEL01-MG
381918.0,2021-09-06,segunda-feira,19:30:00,MG,146.0,"470,3",CABO VERDE,Pedestre andava na pista,Atropelamento de Pedestre,Com Vítimas Feridas,Plena Noite,Decrescente,Céu Claro,Simples,Não Informado,Não,4,0,1,1,1,1,2,1,"-21,465878","-46,404032",SPRF-MG,DEL09-MG,UOP01-DEL09-MG
381929.0,2021-09-06,segunda-feira,19:25:00,MG,381.0,332,NOVA ERA,Ingestão de álcool pelo condutor,Colisão frontal,Com Vítimas Feridas,Plena Noite,Crescente,Céu Claro,Simples,Reta,Não,6,0,4,2,0,0,6,2,"-19,79994695","-43,05451587",SPRF-MG,DEL03-MG,UOP01-DEL03-MG
381931.0,2021-09-06,segunda-feira,17:20:00,MG,262.0,45,MANHUACU,Velocidade Incompatível,Saída de leito carroçável,Com Vítimas Feridas,Pleno dia,Decrescente,Sol,Simples,Curva,Não,2,0,1,0,1,0,1,1,"-20,26145201","-42,09686296",SPRF-MG,DEL06-MG,UOP04-DEL06-MG
381939.0,2021-09-06,segunda-feira,17:30:00,MG,381.0,925,CAMANDUCAIA,Velocidade Incompatível,Saída de leito carroçável,Com Vítimas Fatais,Pleno dia,Decrescente,Sol,Dupla,Curva,Não,3,1,0,0,0,2,0,1,"-22,777207","-46,23911301",SPRF-MG,DEL16-MG,UOP03-DEL16-MG
381946.0,2021-09-06,segunda-feira,18:00:00,MG,267.0,48,MARIPA DE MINAS,Reação tardia ou ineficiente do condutor,Tombamento,Com Vítimas Feridas,Plena Noite,Decrescente,Céu Claro,Simples,Reta,Não,2,0,1,1,0,0,2,2,"-21,69723355","-42,96520803",SPRF-MG,DEL07-MG,UOP01-DEL07-MG
381957.0,2021-09-06,segunda-feira,21:50:00,MG,262.0,87,ABRE CAMPO,Transitar na contramão,Colisão frontal,Com Vítimas Feridas,Plena Noite,Crescente,Céu Claro,Simples,Reta,Não,2,0,0,1,1,0,1,2,"-20,333214","-42,437654",SPRF-MG,DEL03-MG,UOP03-DEL03-MG
381967.0,2021-09-06,segunda-feira,22:00:00,MG,262.0,92,ABRE CAMPO,Ausência de reação do condutor,Saída de leito carroçável,Com Vítimas Feridas,Pleno dia,Crescente,Céu Claro,Simples,Curva,Não,3,0,0,2,1,0,2,1,"-20,32355691","-42,4695922",SPRF-MG,DEL03-MG,UOP03-DEL03-MG
381997.0,2021-07-05,segunda-feira,18:05:00,MG,262.0,38,MANHUACU,Acesso irregular,Colisão transversal,Com Vítimas Feridas,Anoitecer,Crescente,Céu Claro,Simples,Reta,Sim,2,0,1,0,1,0,1,2,"-20,27481864","-42,05123533",SPRF-MG,DEL06-MG,UOP04-DEL06-MG
382000.0,2021-09-07,terça-feira,06:40:00,MG,50.0,42,ARAGUARI,Ausência de reação do condutor,Tombamento,Com Vítimas Feridas,Pleno dia,Crescente,Céu Claro,Dupla,Reta,Não,1,0,1,0,0,0,1,1,"-18,69101412","-48,18009275",SPRF-MG,DEL15-MG,UOP02-DEL15-MG
382005.0,2021-09-07,terça-feira,08:25:00,MG,40.0,"502,1",ESMERALDAS,Desrespeitar a preferência no cruzamento,Colisão transversal,Com Vítimas Feridas,Pleno dia,Crescente,Céu Claro,Dupla,Retorno Regulamentado,Não,2,0,1,0,1,0,1,2,"-19,714002","-44,160929",SPRF-MG,DEL02-MG,UOP01-DEL02-MG
382026.0,2021-09-07,terça-feira,10:44:00,MG,40.0,"649,5",CRISTIANO OTONI,Acessar a via sem observar a presença dos outros veículos,Colisão transversal,Com Vítimas Feridas,Pleno dia,Crescente,Céu Claro,Simples,Reta,Sim,2,0,2,0,0,0,2,2,"-20,81734393","-43,81138816",SPRF-MG,DEL05-MG,UOP02-DEL05-MG
382058.0,2021-09-07,terça-feira,14:15:00,MG,381.0,"669,1",PERDOES,Reação tardia ou ineficiente do condutor,Queda de ocupante de veículo,Com Vítimas Feridas,Pleno dia,Crescente,Céu Claro,Dupla,Reta,Não,1,0,1,0,0,0,1,1,"-21,0548206","-45,03490171",SPRF-MG,DEL04-MG,UOP02-DEL04-MG
382062.0,2021-09-07,terça-feira,15:00:00,MG,50.0,"47,4",ARAGUARI,Velocidade Incompatível,Colisão com objeto,Com Vítimas Feridas,Pleno dia,Crescente,Céu Claro,Dupla,Não Informado,Não,5,0,4,0,1,0,4,1,"-18,72799811","-48,20659169",SPRF-MG,DEL15-MG,UOP02-DEL15-MG
382063.0,2021-09-07,terça-feira,15:15:00,MG,251.0,"522,9",MONTES CLAROS,Acumulo de areia ou detritos sobre o pavimento,Tombamento,Com Vítimas Feridas,Pleno dia,Crescente,Céu Claro,Simples,Reta,Não,1,0,1,0,0,0,1,1,"-16,6754567","-43,7987724",SPRF-MG,DEL12-MG,UOP01-DEL12-MG
382079.0,2021-09-07,terça-feira,16:40:00,MG,262.0,"426,7",IGARATINGA,Ausência de reação do condutor,Saída de leito carroçável,Com Vítimas Feridas,Pleno dia,Decrescente,Sol,Dupla,Não Informado,Não,1,0,1,0,0,0,1,1,"-19,88336175","-44,76794905",SPRF-MG,DEL08-MG,UOP03-DEL08-MG
382090.0,2021-09-07,terça-feira,17:00:00,MG,381.0,582,CARMOPOLIS DE MINAS,Velocidade Incompatível,Saída de leito carroçável,Com Vítimas Feridas,Pleno dia,Crescente,Céu Claro,Dupla,Reta,Não,1,0,1,0,0,0,1,1,"-20,49584672","-44,60609634",SPRF-MG,DEL04-MG,UOP01-DEL04-MG
382098.0,2021-09-07,terça-feira,18:00:00,MG,50.0,99,UBERLANDIA,Avarias e/ou desgaste excessivo no pneu,Tombamento,Com Vítimas Feridas,Anoitecer,Decrescente,Céu Claro,Dupla,Reta,Não,2,0,0,2,0,0,2,1,"-19,127352","-48,173278",SPRF-MG,DEL15-MG,UOP01-DEL15-MG
382105.0,2021-09-07,terça-feira,18:20:00,MG,40.0,"525,7",CONTAGEM,Ingestão de álcool e/ou substâncias psicoativas pelo pedestre,Atropelamento de Pedestre,Com Vítimas Feridas,Plena Noite,Crescente,Céu Claro,Dupla,Reta,Sim,2,0,1,0,1,0,1,1,"-19,88361702","-44,05039336",SPRF-MG,DEL01-MG,UOP02-DEL01-MG
382115.0,2021-09-07,terça-feira,18:30:00,MG,262.0,418,PARA DE MINAS,Ausência de reação do condutor,Tombamento,Com Vítimas Feridas,Anoitecer,Decrescente,Céu Claro,Dupla,Reta,Não,3,0,1,0,1,1,1,2,"-19,89963382","-44,69608755",SPRF-MG,DEL08-MG,UOP03-DEL08-MG
382123.0,2021-09-07,terça-feira,15:50:00,MG,381.0,159,GOVERNADOR VALADARES,Pedestre andava na pista,Colisão frontal,Com Vítimas Feridas,Pleno dia,Crescente,Céu Claro,Simples,Reta,Não,2,0,2,0,0,0,2,2,"-18,92455594","-42,01932801",SPRF-MG,DEL06-MG,UOP01-DEL06-MG
382129.0,2021-09-07,terça-feira,19:20:00,MG,381.0,"852,9",POUSO ALEGRE,Demais falhas mecânicas ou elétricas,Capotamento,Com Vítimas Feridas,Plena Noite,Crescente,Céu Claro,Dupla,Reta,Não,1,0,1,0,0,0,1,1,"-22,261181","-45,890153",SPRF-MG,DEL16-MG,UOP01-DEL16-MG
382130.0,2021-09-07,terça-feira,16:10:00,MG,381.0,582,CARMOPOLIS DE MINAS,Reação tardia ou ineficiente do condutor,Colisão com objeto,Com Vítimas Feridas,Pleno dia,Decrescente,Sol,Dupla,Reta,Não,1,0,0,1,0,0,1,1,"-20,51930642","-44,62405985",SPRF-MG,DEL04-MG,UOP01-DEL04-MG
382137.0,2021-09-07,terça-feira,17:25:00,MG,381.0,"498,9",BETIM,Demais falhas mecânicas ou elétricas,Tombamento,Com Vítimas Feridas,Pleno dia,Decrescente,Céu Claro,Dupla,Não Informado,Sim,2,0,2,0,0,0,2,1,"-20,01172662","-44,21976041",SPRF-MG,DEL01-MG,UOP03-DEL01-MG
382142.0,2021-09-07,terça-feira,20:15:00,MG,40.0,523,CONTAGEM,Velocidade Incompatível,Colisão com objeto,Com Vítimas Feridas,Plena Noite,Crescente,Céu Claro,Dupla,Reta,Não,2,0,1,1,0,0,2,1,"-19,86874894","-44,05962197",SPRF-MG,DEL01-MG,UOP02-DEL01-MG
382169.0,2021-09-07,terça-feira,23:35:00,MG,116.0,"704,4",MURIAE,Desrespeitar a preferência no cruzamento,Colisão transversal,Com Vítimas Feridas,Plena Noite,Decrescente,Céu Claro,Simples,Interseção de vias,Sim,3,0,2,0,1,0,2,2,"-21,13416858","-42,38722798",SPRF-MG,DEL07-MG,UOP02-DEL07-MG
382173.0,2021-09-07,terça-feira,21:30:00,MG,153.0,239,FRONTEIRA,Ausência de reação do condutor,Saída de leito carroçável,Sem Vítimas,Plena Noite,Crescente,Céu Claro,Simples,Reta,Não,1,0,0,0,0,1,0,1,"-20,29847332","-49,20614844",SPRF-MG,DEL13-MG,UOP02-DEL13-MG
382183.0,2021-09-08,quarta-feira,03:45:00,MG,50.0,"33,5",ARAGUARI,Ausência de reação do condutor,Colisão com objeto,Com Vítimas Feridas,Plena Noite,Decrescente,Vento,Dupla,Curva,Não,2,0,2,0,0,0,2,1,"-18,64031273","-48,12395543",SPRF-MG,DEL15-MG,UOP02-DEL15-MG
382189.0,2021-09-08,quarta-feira,05:37:00,MG,381.0,300,ANTONIO DIAS,Animais na Pista,Atropelamento de Animal,Sem Vítimas,Amanhecer,Crescente,Céu Claro,Dupla,Curva,Não,2,0,0,0,2,0,0,1,"-19,636885","-42,89911294",SPRF-MG,DEL03-MG,UOP02-DEL03-MG
382200.0,2021-09-08,quarta-feira,07:00:00,MG,50.0,180,UBERABA,Ausência de reação do condutor,Tombamento,Com Vítimas Feridas,Pleno dia,Crescente,Céu Claro,Simples,Curva,Sim,2,0,2,0,0,0,2,1,"-19,77848216","-47,92194709",SPRF-MG,DEL13-MG,UOP01-DEL13-MG
382204.0,2021-09-08,quarta-feira,07:30:00,MG,40.0,526,CONTAGEM,Ultrapassagem Indevida,Colisão traseira,Com Vítimas Feridas,Pleno dia,Crescente,Céu Claro,Múltipla,Reta,Sim,2,0,1,0,1,0,1,2,"-19,89255399","-44,04985478",SPRF-MG,DEL01-MG,UOP02-DEL01-MG
382213.0,2021-09-08,quarta-feira,07:48:00,MG,116.0,"277,8",TEOFILO OTONI,Condutor deixou de manter distância do veículo da frente,Colisão lateral mesmo sentido,Com Vítimas Feridas,Pleno dia,Crescente,Céu Claro,Dupla,Reta,Sim,2,0,0,1,1,0,1,2,"-17,859945","-41,515144",SPRF-MG,DEL11-MG,UOP01-DEL11-MG
382228.0,2021-09-08,quarta-feira,08:50:00,MG,116.0,524,CARATINGA,Desrespeitar a preferência no cruzamento,Colisão transversal,Com Vítimas Feridas,Pleno dia,Crescente,Nublado,Simples,Retorno Regulamentado,Sim,2,0,0,1,1,0,1,2,"-19,74856891","-42,13279366",SPRF-MG,DEL06-MG,UOP02-DEL06-MG
382282.0,2021-09-03,sexta-feira,16:30:00,MG,459.0,"97,6",POUSO ALEGRE,Acessar a via sem observar a presença dos outros veículos,Colisão lateral mesmo sentido,Com Vítimas Feridas,Pleno dia,Decrescente,Céu Claro,Dupla,Não Informado,Não,2,0,1,0,1,0,1,2,"-22,2037868","-45,94479627",SPRF-MG,DEL16-MG,UOP01-DEL16-MG
382283.0,2021-09-08,quarta-feira,14:00:00,MG,40.0,"524,5",RIBEIRAO DAS NEVES,Condutor Dormindo,Colisão com objeto,Com Vítimas Feridas,Pleno dia,Crescente,Céu Claro,Dupla,Curva,Sim,1,0,1,0,0,0,1,1,"-19,8754469","-44,05345586",SPRF-MG,DEL01-MG,UOP02-DEL01-MG
382286.0,2021-09-08,quarta-feira,15:00:00,MG,381.0,"844,2",SAO SEBASTIAO DA BELA VISTA,Acessar a via sem observar a presença dos outros veículos,Colisão traseira,Com Vítimas Feridas,Pleno dia,Decrescente,Sol,Dupla,Reta,Sim,2,0,0,1,1,0,1,2,"-22,229838","-45,876144",SPRF-MG,DEL16-MG,UOP01-DEL16-MG
382307.0,2021-09-08,quarta-feira,18:00:00,MG,381.0,5,BETIM,Avarias e/ou desgaste excessivo no pneu,Queda de ocupante de veículo,Com Vítimas Feridas,Plena Noite,Decrescente,Céu Claro,Dupla,Curva,Sim,2,0,2,0,0,0,2,1,"-19,96825","-44,198708",SPRF-MG,DEL01-MG,UOP03-DEL01-MG
382349.0,2021-09-08,quarta-feira,23:10:00,MG,262.0,"360,5",BETIM,Velocidade Incompatível,Tombamento,Com Vítimas Feridas,Plena Noite,Crescente,Céu Claro,Dupla,Curva,Não,2,0,0,2,0,0,2,1,"-19,9830204","-44,20924834",SPRF-MG,DEL01-MG,UOP03-DEL01-MG
382356.0,2021-09-08,quarta-feira,18:40:00,MG,116.0,181,CARAI,Ultrapassagem Indevida,Colisão frontal,Com Vítimas Fatais,Plena Noite,Decrescente,Céu Claro,Simples,Não Informado,Não,2,1,0,0,1,0,0,2,"-17,09211716","-41,49168072",SPRF-MG,DEL11-MG,UOP01-DEL11-MG
382382.0,2021-09-09,quinta-feira,05:00:00,MG,365.0,789,ITUIUTABA,Demais falhas mecânicas ou elétricas,Colisão com objeto,Com Vítimas Feridas,Amanhecer,Crescente,Céu Claro,Simples,Reta,Não,1,0,1,0,0,0,1,1,"-18,93899127","-49,80832589",SPRF-MG,DEL15-MG,UOP03-DEL15-MG
382385.0,2021-09-09,quinta-feira,07:50:00,MG,40.0,492,ESMERALDAS,Avarias e/ou desgaste excessivo no pneu,Tombamento,Com Vítimas Feridas,Pleno dia,Decrescente,Céu Claro,Simples,Reta,Não,2,0,1,1,0,0,2,1,"-19,63737896","-44,20372986",SPRF-MG,DEL02-MG,UOP01-DEL02-MG
382386.0,2021-09-09,quinta-feira,08:30:00,MG,40.0,479,SETE LAGOAS,Velocidade Incompatível,Colisão com objeto,Com Vítimas Feridas,Pleno dia,Decrescente,Céu Claro,Dupla,Não Informado,Não,1,0,0,1,0,0,1,1,"-19,53622599","-44,25468498",SPRF-MG,DEL02-MG,UOP01-DEL02-MG
382394.0,2021-09-09,quinta-feira,09:00:00,MG,40.0,"477,5",SETE LAGOAS,Ausência de reação do condutor,Tombamento,Com Vítimas Feridas,Pleno dia,Decrescente,Nublado,Dupla,Não Informado,Sim,1,0,1,0,0,0,1,1,"-19,52130888","-44,26525586",SPRF-MG,DEL02-MG,UOP01-DEL02-MG
382404.0,2021-09-09,quinta-feira,09:00:00,MG,262.0,"114,3",RIO CASCA,Velocidade Incompatível,Saída de leito carroçável,Com Vítimas Feridas,Pleno dia,Crescente,Céu Claro,Simples,Curva,Não,1,0,0,1,0,0,1,1,"-20,24284881","-42,60671889",SPRF-MG,DEL03-MG,UOP03-DEL03-MG
382430.0,2021-09-09,quinta-feira,13:05:00,MG,459.0,"8,6",CALDAS,Acumulo de areia ou detritos sobre o pavimento,Queda de ocupante de veículo,Com Vítimas Feridas,Pleno dia,Crescente,Céu Claro,Simples,Não Informado,Não,1,0,0,1,0,0,1,1,"-21,81493086","-46,46845579",SPRF-MG,DEL09-MG,UOP01-DEL09-MG
382439.0,2021-09-01,quarta-feira,18:05:00,MG,116.0,"525,4",CARATINGA,Transitar no acostamento,Colisão traseira,Com Vítimas Feridas,Anoitecer,Decrescente,Nublado,Simples,Curva,Sim,2,0,1,1,0,0,2,2,"-19,76833785","-42,13105238",SPRF-MG,DEL06-MG,UOP02-DEL06-MG
382444.0,2021-09-09,quinta-feira,14:30:00,MG,381.0,488,BETIM,Manobra de mudança de faixa,Tombamento,Com Vítimas Feridas,Pleno dia,Crescente,Céu Claro,Dupla,Reta,Sim,2,0,1,0,0,1,1,2,"-19,9598656","-44,15489715",SPRF-MG,DEL01-MG,UOP03-DEL01-MG
382450.0,2021-09-09,quinta-feira,13:50:00,MG,356.0,"265,7",MURIAE,Desrespeitar a preferência no cruzamento,Colisão transversal,Com Vítimas Feridas,Pleno dia,Decrescente,Sol,Simples,Interseção de vias,Sim,2,0,1,0,1,0,1,2,"-21,12764476","-42,36843294",SPRF-MG,DEL07-MG,UOP02-DEL07-MG
382462.0,2021-09-09,quinta-feira,17:00:00,MG,381.0,"358,4",JOAO MONLEVADE,Ingestão de álcool pelo condutor,Colisão frontal,Com Vítimas Feridas,Pleno dia,Decrescente,Céu Claro,Simples,Não Informado,Não,2,0,1,0,1,0,1,2,"-19,83831319","-43,18503499",SPRF-MG,DEL03-MG,UOP01-DEL03-MG
382471.0,2021-09-09,quinta-feira,17:30:00,MG,381.0,2,BETIM,Ausência de reação do condutor,Tombamento,Com Vítimas Feridas,Anoitecer,Decrescente,Céu Claro,Múltipla,Curva,Sim,1,0,1,0,0,0,1,1,"-19,97883412","-44,16057587",SPRF-MG,DEL01-MG,UOP03-DEL01-MG
382483.0,2021-09-09,quinta-feira,17:30:00,MG,381.0,"920,4",CAMANDUCAIA,Velocidade Incompatível,Tombamento,Com Vítimas Feridas,Pleno dia,Crescente,Céu Claro,Dupla,Curva,Não,2,0,2,0,0,0,2,1,"-22,76605147","-46,17416382",SPRF-MG,DEL16-MG,UOP03-DEL16-MG
382484.0,2021-09-09,quinta-feira,10:10:00,MG,262.0,"425,3",SAO GONCALO DO PARA,Avarias e/ou desgaste excessivo no pneu,Saída de leito carroçável,Sem Vítimas,Pleno dia,Crescente,Céu Claro,Dupla,Reta,Não,1,0,0,0,0,1,0,1,"-19,8896958","-44,7821149",SPRF-MG,DEL08-MG,UOP03-DEL08-MG
382496.0,2021-09-09,quinta-feira,18:19:00,MG,381.0,"752,3",TRES CORACOES,Objeto estático sobre o leito carroçável,Colisão com objeto,Com Vítimas Feridas,Plena Noite,Decrescente,Céu Claro,Dupla,Reta,Não,1,0,0,1,0,0,1,1,"-21,67246754","-45,33430028",SPRF-MG,DEL16-MG,UOP02-DEL16-MG
382497.0,2021-09-09,quinta-feira,18:15:00,MG,381.0,"158,2",GOVERNADOR VALADARES,Animais na Pista,Atropelamento de Animal,Com Vítimas Feridas,Plena Noite,Decrescente,Céu Claro,Simples,Reta,Não,1,0,0,1,0,0,1,1,"-18,91795246","-42,01337465",SPRF-MG,DEL06-MG,UOP01-DEL06-MG
382503.0,2021-09-09,quinta-feira,19:00:00,MG,365.0,"625,9",UBERLANDIA,Reação tardia ou ineficiente do condutor,Colisão lateral mesmo sentido,Com Vítimas Fatais,Plena Noite,Crescente,Céu Claro,Dupla,Reta,Sim,2,1,0,0,0,1,0,2,"-18,90659356","-48,33469405",SPRF-MG,DEL15-MG,UOP01-DEL15-MG
382510.0,2021-09-09,quinta-feira,19:00:00,MG,381.0,490,BETIM,Pedestre andava na pista,Atropelamento de Pedestre,Com Vítimas Feridas,Plena Noite,Crescente,Céu Claro,Dupla,Reta,Sim,3,0,0,1,1,1,1,1,"-19,96502819","-44,17422195",SPRF-MG,DEL01-MG,UOP03-DEL01-MG
382511.0,2021-09-09,quinta-feira,19:45:00,MG,381.0,"489,5",BETIM,Ausência de reação do condutor,Tombamento,Com Vítimas Feridas,Plena Noite,Crescente,Céu Claro,Múltipla,Reta,Sim,2,0,1,0,1,0,1,1,"-19,95721434","-44,13585663",SPRF-MG,DEL01-MG,UOP03-DEL01-MG
382514.0,2021-09-09,quinta-feira,17:10:00,MG,116.0,"538,5",SANTA RITA DE MINAS,Frear bruscamente,Tombamento,Com Vítimas Feridas,Pleno dia,Crescente,Céu Claro,Simples,Reta,Não,1,0,1,0,0,0,1,1,"-19,87457783","-42,13216953",SPRF-MG,DEL06-MG,UOP02-DEL06-MG
382537.0,2021-09-09,quinta-feira,21:30:00,MG,40.0,544,NOVA LIMA,Demais falhas mecânicas ou elétricas,Colisão com objeto,Sem Vítimas,Plena Noite,Decrescente,Ignorado,Dupla,Curva,Sim,2,0,0,0,2,0,0,2,"-19,99848032","-43,96256558",SPRF-MG,DEL01-MG,UOP02-DEL01-MG
382557.0,2021-09-09,quinta-feira,23:00:00,MG,153.0,22,CENTRALINA,Ingestão de álcool pelo condutor,Saída de leito carroçável,Com Vítimas Feridas,Plena Noite,Crescente,Céu Claro,Dupla,Reta,Não,1,0,1,0,0,0,1,1,"-18,61511099","-49,19148491",SPRF-MG,DEL15-MG,UOP03-DEL15-MG
382569.0,2021-09-10,sexta-feira,06:35:00,MG,381.0,"482,9",BETIM,Manobra de mudança de faixa,Colisão lateral mesmo sentido,Com Vítimas Feridas,Amanhecer,Crescente,Céu Claro,Dupla,Curva,Sim,2,0,0,1,1,0,1,2,"-19,955532","-44,097209",SPRF-MG,DEL01-MG,UOP03-DEL01-MG