id,data_inversa,dia_semana,horario,uf,br,km,municipio,causa_acidente,tipo_acidente,classificacao_acidente,fase_dia,sentido_via,condicao_metereologica,tipo_pista,tracado_via,uso_solo,pessoas,mortos,feridos_leves,feridos_graves,ilesos,ignorados,feridos,veiculos,latitude,longitude,regional,delegacia,uop
382583.0,2021-09-10,sexta-feira,07:30:00,MG,381.0,924,CAMANDUCAIA,Velocidade Incompatível,Atropelamento de Pedestre,Com Vítimas Feridas,Pleno dia,Crescente,Nublado,Dupla,Curva,Não,3,0,1,1,1,0,2,2,"-22,77050246","-46,23490598",SPRF-MG,DEL16-MG,UOP03-DEL16-MG
382591.0,2021-09-10,sexta-feira,08:00:00,MG,381.0,2,BETIM,Velocidade Incompatível,Saída de leito carroçável,Com Vítimas Feridas,Pleno dia,Decrescente,Sol,Dupla,Curva,Sim,1,0,0,1,0,0,1,1,"-19,96825","-44,198708",SPRF-MG,DEL01-MG,UOP03-DEL01-MG
382625.0,2021-09-10,sexta-feira,08:30:00,MG,356.0,"265,3",MURIAE,Transitar na contramão,Colisão lateral sentido oposto,Com Vítimas Feridas,Pleno dia,Crescente,Sol,Simples,Curva,Sim,2,0,1,1,0,0,2,2,"-21,12838898","-42,366803",SPRF-MG,DEL07-MG,UOP02-DEL07-MG
382674.0,2021-09-10,sexta-feira,12:15:00,MG,50.0,"10,8",UBERLANDIA,Ausência de reação do condutor,Saída de leito carroçável,Com Vítimas Feridas,Pleno dia,Crescente,Céu Claro,Dupla,Curva,Não,1,0,1,0,0,0,1,1,"-18,88452345","-48,20251465",SPRF-MG,DEL15-MG,UOP01-DEL15-MG
382698.0,2021-09-10,sexta-feira,19:00:00,MG,40.0,"633,6",CONSELHEIRO LAFAIETE,Pedestre andava na pista,Atropelamento de Pedestre,Com Vítimas Fatais,Plena Noite,Decrescente,Nublado,Simples,Curva,Sim,2,1,0,0,1,0,0,1,"-20,68168197","-43,79419779",SPRF-MG,DEL05-MG,UOP02-DEL05-MG
382743.0,2021-09-10,sexta-feira,20:30:00,MG,262.0,"434,2",NOVA SERRANA,Velocidade Incompatível,Capotamento,Com Vítimas Fatais,Plena Noite,Crescente,Nevoeiro/Neblina,Dupla,Reta,Não,2,1,0,0,1,0,0,2,"-19,89266739","-44,84258586",SPRF-MG,DEL08-MG,UOP03-DEL08-MG
382749.0,2021-09-10,sexta-feira,18:50:00,MG,116.0,"313,5",ITAMBACURI,Demais Fenômenos da natureza,Incêndio,Sem Vítimas,Plena Noite,Decrescente,Nublado,Simples,Reta,Não,1,0,0,0,1,0,0,1,"-18,098281","-41,689505",SPRF-MG,DEL11-MG,UOP01-DEL11-MG
382752.0,2021-09-10,sexta-feira,19:15:00,MG,116.0,"755,1",LEOPOLDINA,Chuva,Saída de leito carroçável,Com Vítimas Feridas,Plena Noite,Decrescente,Chuva,Simples,Curva,Não,4,0,2,0,2,0,2,1,"-21,48725603","-42,57777783",SPRF-MG,DEL07-MG,UOP01-DEL07-MG
382769.0,2021-09-11,sábado,03:30:00,MG,50.0,70,UBERLANDIA,Ingestão de álcool pelo condutor,Saída de leito carroçável,Sem Vítimas,Plena Noite,Crescente,Céu Claro,Dupla,Reta,Sim,1,0,0,0,1,0,0,1,"-18,88922345","-48,25877666",SPRF-MG,DEL15-MG,UOP01-DEL15-MG
382777.0,2021-09-11,sábado,03:00:00,MG,116.0,517,UBAPORANGA,Velocidade Incompatível,Colisão com objeto,Com Vítimas Feridas,Plena Noite,Crescente,Céu Claro,Simples,Curva,Não,4,0,3,0,0,1,3,1,"-19,70492713","-42,11720373",SPRF-MG,DEL06-MG,UOP02-DEL06-MG
382787.0,2021-09-11,sábado,06:15:00,MG,381.0,"603,6",OLIVEIRA,Velocidade Incompatível,Saída de leito carroçável,Com Vítimas Feridas,Pleno dia,Crescente,Nublado,Dupla,Curva,Não,4,0,4,0,0,0,4,1,"-20,64973798","-44,73551891",SPRF-MG,DEL04-MG,UOP01-DEL04-MG
382804.0,2021-09-11,sábado,08:00:00,MG,381.0,"671,5",PERDOES,Chuva,Saída de leito carroçável,Com Vítimas Feridas,Pleno dia,Crescente,Chuva,Dupla,Não Informado,Não,1,0,1,0,0,0,1,1,"-21,06511589","-45,05276603",SPRF-MG,DEL04-MG,UOP02-DEL04-MG
382805.0,2021-09-07,terça-feira,20:45:00,MG,40.0,476,SETE LAGOAS,Animais na Pista,Capotamento,Com Vítimas Feridas,Pleno dia,Crescente,Céu Claro,Dupla,Reta,Não,1,0,1,0,0,0,1,1,"-19,51363098","-44,27021397",SPRF-MG,DEL02-MG,UOP01-DEL02-MG
382869.0,2021-09-11,sábado,13:50:00,MG,381.0,"436,9",SABARA,Conversão proibida,Colisão transversal,Com Vítimas Fatais,Pleno dia,Crescente,Céu Claro,Simples,Desvio Temporário,Não,3,1,1,0,0,1,1,2,"-19,804386","-43,76186596",SPRF-MG,DEL01-MG,UOP01-DEL01-MG
382876.0,2021-09-11,sábado,17:50:00,MG,262.0,366,JUATUBA,Ingestão de álcool pelo condutor,Colisão lateral mesmo sentido,Com Vítimas Feridas,Anoitecer,Crescente,Céu Claro,Dupla,Não Informado,Sim,4,0,2,0,2,0,2,2,"-19,974217","-44,261798",SPRF-MG,DEL01-MG,UOP03-DEL01-MG
382887.0,2021-09-11,sábado,17:20:00,MG,40.0,"800,6",JUIZ DE FORA,Demais falhas mecânicas ou elétricas,Colisão com objeto,Com Vítimas Feridas,Pleno dia,Crescente,Nublado,Dupla,Reta,Não,2,0,2,0,0,0,2,1,"-21,83830804","-43,37465316",SPRF-MG,DEL05-MG,UOP01-DEL05-MG
382892.0,2021-09-11,sábado,18:40:00,MG,381.0,941,EXTREMA,Velocidade Incompatível,Colisão com objeto,Com Vítimas Feridas,Plena Noite,Crescente,Chuva,Dupla,Reta,Não,1,0,1,0,0,0,1,1,"-22,82827494","-46,3143146",SPRF-MG,DEL16-MG,UOP03-DEL16-MG
382898.0,2021-09-11,sábado,18:20:00,MG,381.0,478,CONTAGEM,Pedestre andava na pista,Atropelamento de Pedestre,Com Vítimas Fatais,Plena Noite,Crescente,Nublado,Dupla,Não Informado,Sim,2,1,0,0,1,0,0,1,"-19,9615773","-44,0383272",SPRF-MG,DEL01-MG,UOP03-DEL01-MG
382900.0,2021-09-11,sábado,19:00:00,MG,153.0,"13,9",CENTRALINA,Velocidade Incompatível,Saída de leito carroçável,Com Vítimas Feridas,Plena Noite,Decrescente,Céu Claro,Dupla,Reta,Não,1,0,1,0,0,0,1,1,"-18,53318003","-49,19222975",SPRF-MG,DEL15-MG,UOP03-DEL15-MG
382919.0,2021-09-11,sábado,19:45:00,MG,262.0,"428,4",SAO GONCALO DO PARA,Velocidade Incompatível,Saída de leito carroçável,Com Vítimas Feridas,Plena Noite,Crescente,Céu Claro,Dupla,Não Informado,Não,1,0,0,1,0,0,1,1,"-19,89562274","-44,84912753",SPRF-MG,DEL08-MG,UOP03-DEL08-MG
382924.0,2021-09-11,sábado,20:30:00,MG,40.0,"637,5",CONSELHEIRO LAFAIETE,Velocidade Incompatível,Capotamento,Com Vítimas Feridas,Plena Noite,Decrescente,Céu Claro,Simples,Curva,Não,4,0,2,1,0,1,3,1,"-20,7152208","-43,79625842",SPRF-MG,DEL05-MG,UOP02-DEL05-MG
382927.0,2021-09-11,sábado,17:00:00,MG,116.0,"562,7",MANHUACU,Acessar a via sem observar a presença dos outros veículos,Colisão transversal,Com Vítimas Feridas,Pleno dia,Crescente,Céu Claro,Simples,Curva,Não,3,0,1,1,1,0,2,2,"-20,04682025","-42,17884094",SPRF-MG,DEL06-MG,UOP04-DEL06-MG
382943.0,2021-09-11,sábado,21:15:00,MG,267.0,"28,6",ARGIRITA,Demais falhas na via,Colisão com objeto,Com Vítimas Feridas,Plena Noite,Decrescente,Nublado,Simples,Curva,Não,1,0,1,0,0,0,1,1,"-21,62799078","-42,83040926",SPRF-MG,DEL07-MG,UOP01-DEL07-MG
382957.0,2021-09-11,sábado,20:50:00,MG,40.0,"576,6",ITABIRITO,Condutor deixou de manter distância do veículo da frente,Colisão traseira,Com Vítimas Feridas,Plena Noite,Crescente,Céu Claro,Simples,Reta,Não,3,0,1,0,2,0,1,2,"-20,26485707","-43,9573481",SPRF-MG,DEL01-MG,UOP02-DEL01-MG
382976.0,2021-09-11,sábado,22:45:00,MG,116.0,"450,3",ENGENHEIRO CALDAS,Velocidade Incompatível,Saída de leito carroçável,Com Vítimas Fatais,Plena Noite,Decrescente,Céu Claro,Simples,Curva,Não,5,1,1,3,0,0,4,1,"-19,15284006","-42,02187888",SPRF-MG,DEL06-MG,UOP02-DEL06-MG
382988.0,2021-09-12,domingo,02:40:00,MG,381.0,893,CAMBUI,Ingestão de álcool pelo condutor,Saída de leito carroçável,Sem Vítimas,Plena Noite,Crescente,Céu Claro,Dupla,Curva,Não,1,0,0,0,1,0,0,1,"-22,6103125","-46,0623465",SPRF-MG,DEL16-MG,UOP03-DEL16-MG
382995.0,2021-09-12,domingo,03:30:00,MG,251.0,522,MONTES CLAROS,Velocidade Incompatível,Saída de leito carroçável,Com Vítimas Feridas,Plena Noite,Crescente,Céu Claro,Simples,Reta,Não,3,0,1,0,2,0,1,1,"-16,682184","-43,803516",SPRF-MG,DEL12-MG,UOP01-DEL12-MG
383005.0,2021-09-12,domingo,05:15:00,MG,40.0,811,MATIAS BARBOSA,Demais falhas mecânicas ou elétricas,Incêndio,Sem Vítimas,Amanhecer,Decrescente,Ignorado,Dupla,Reta,Não,2,0,0,0,2,0,0,1,"-21,87989765","-43,33577276",SPRF-MG,DEL05-MG,UOP01-DEL05-MG
383006.0,2021-09-12,domingo,04:10:00,MG,381.0,"525,5",BRUMADINHO,Velocidade Incompatível,Saída de leito carroçável,Com Vítimas Feridas,Plena Noite,Crescente,Céu Claro,Dupla,Curva,Não,3,0,1,2,0,0,3,1,"-20,14733422","-44,32431936",SPRF-MG,DEL04-MG,UOP03-DEL04-MG
383010.0,2021-09-12,domingo,06:00:00,MG,40.0,"502,9",RIBEIRAO DAS NEVES,Velocidade Incompatível,Capotamento,Sem Vítimas,Amanhecer,Decrescente,Céu Claro,Dupla,Curva,Não,1,0,0,0,0,1,0,1,"-19,714002","-44,160929",SPRF-MG,DEL02-MG,UOP01-DEL02-MG
383021.0,2021-09-12,domingo,06:00:00,MG,354.0,"726,4",POUSO ALTO,Velocidade Incompatível,Saída de leito carroçável,Com Vítimas Feridas,Amanhecer,Crescente,Chuva,Simples,Curva,Não,1,0,0,1,0,0,1,1,"-22,135409","-44,96858846",SPRF-MG,DEL17-MG,UOP01-DEL17-MG
383032.0,2021-08-23,segunda-feira,19:55:00,MG,116.0,"542,3",SANTA RITA DE MINAS,Transitar na contramão,Colisão frontal,Com Vítimas Fatais,Plena Noite,Decrescente,Nublado,Simples,Reta,Não,4,1,3,0,0,0,3,2,"-19,90319206","-42,13408157",SPRF-MG,DEL06-MG,UOP02-DEL06-MG
383036.0,2021-09-12,domingo,08:30:00,MG,381.0,7,BETIM,Condutor Dormindo,Saída de leito carroçável,Com Vítimas Feridas,Pleno dia,Decrescente,Céu Claro,Dupla,Curva,Sim,2,0,1,0,1,0,1,1,"-19,98770706","-44,20338392",SPRF-MG,DEL01-MG,UOP03-DEL01-MG
383043.0,2021-09-12,domingo,08:45:00,MG,262.0,383,JUATUBA,Ingestão de álcool pelo condutor,Saída de leito carroçável,Sem Vítimas,Pleno dia,Crescente,Céu Claro,Dupla,Não Informado,Sim,1,0,0,0,1,0,0,1,"-19,93049825","-44,40182",SPRF-MG,DEL01-MG,UOP03-DEL01-MG
383046.0,2021-09-12,domingo,09:30:00,MG,365.0,410,PATOS DE MINAS,Transitar no acostamento,Saída de leito carroçável,Com Vítimas Feridas,Pleno dia,Decrescente,Céu Claro,Simples,Curva,Não,2,0,0,2,0,0,2,1,"-18,65773478","-46,52207118",SPRF-MG,DEL10-MG,UOP01-DEL10-MG
383050.0,2021-09-12,domingo,09:30:00,MG,365.0,612,UBERLANDIA,Ultrapassagem Indevida,Colisão traseira,Com Vítimas Feridas,Pleno dia,Decrescente,Céu Claro,Simples,Reta,Sim,3,0,1,0,2,0,1,2,"-18,92793854","-48,19198317",SPRF-MG,DEL15-MG,UOP01-DEL15-MG
383051.0,2021-09-12,domingo,10:03:00,MG,354.0,"736,3",POUSO ALTO,Ultrapassagem Indevida,Colisão lateral mesmo sentido,Com Vítimas Feridas,Pleno dia,Crescente,Céu Claro,Simples,Não Informado,Não,4,0,1,0,3,0,1,4,"-22,20144068","-44,96659879",SPRF-MG,DEL17-MG,UOP01-DEL17-MG
383071.0,2021-09-12,domingo,05:45:00,MG,116.0,"813,2",ALEM PARAIBA,Reação tardia ou ineficiente do condutor,Colisão com objeto,Com Vítimas Feridas,Pleno dia,Crescente,Céu Claro,Simples,Reta,Não,4,0,3,1,0,0,4,1,"-21,85011521","-42,66565503",SPRF-MG,DEL07-MG,UOP01-DEL07-MG
383077.0,2021-09-12,domingo,13:00:00,MG,365.0,"861,5",SANTA VITORIA,Ingestão de álcool pelo condutor,Colisão com objeto,Com Vítimas Feridas,Pleno dia,Crescente,Céu Claro,Simples,Não Informado,Não,2,0,2,0,0,0,2,1,"-19,04042589","-50,41133523",SPRF-MG,DEL15-MG,UOP03-DEL15-MG
383079.0,2021-09-12,domingo,14:10:00,MG,40.0,565,NOVA LIMA,Ausência de reação do condutor,Colisão traseira,Com Vítimas Fatais,Pleno dia,Decrescente,Céu Claro,Simples,Desvio Temporário,Não,3,1,0,1,1,0,1,3,"-20,17209701","-43,96584598",SPRF-MG,DEL01-MG,UOP02-DEL01-MG
383087.0,2021-09-12,domingo,14:15:00,MG,262.0,"480,9",BOM DESPACHO,Ultrapassagem Indevida,Tombamento,Com Vítimas Feridas,Pleno dia,Crescente,Sol,Simples,Não Informado,Não,5,0,4,0,1,0,4,1,"-19,78545425","-45,28533571",SPRF-MG,DEL08-MG,UOP03-DEL08-MG
383113.0,2021-09-12,domingo,14:45:00,MG,262.0,"785,3",UBERABA,Demais falhas mecânicas ou elétricas,Colisão com objeto,Com Vítimas Feridas,Pleno dia,Crescente,Céu Claro,Simples,Reta,Não,2,0,1,0,1,0,1,1,"-19,76287615","-47,80414094",SPRF-MG,DEL13-MG,UOP01-DEL13-MG
383115.0,2021-09-12,domingo,18:30:00,MG,381.0,"581,2",CARMOPOLIS DE MINAS,Ausência de reação do condutor,Saída de leito carroçável,Com Vítimas Feridas,Plena Noite,Crescente,Céu Claro,Dupla,Não Informado,Não,4,0,1,0,3,0,1,1,"-20,490252","-44,600965",SPRF-MG,DEL04-MG,UOP01-DEL04-MG
383119.0,2021-09-12,domingo,19:00:00,MG,267.0,"271,5",AIURUOCA,Transitar na contramão,Colisão transversal,Com Vítimas Fatais,Plena Noite,Decrescente,Nublado,Simples,Reta,Não,5,1,3,0,0,1,3,2,"-21,93370891","-44,64578203",SPRF-MG,DEL17-MG,UOP01-DEL17-MG
383124.0,2021-09-12,domingo,19:10:00,MG,40.0,514,RIBEIRAO DAS NEVES,Trafegar com motocicleta (ou similar) entre as faixas,Colisão traseira,Com Vítimas Feridas,Plena Noite,Crescente,Céu Claro,Dupla,Reta,Não,3,0,2,0,1,0,2,2,"-19,80151928","-44,10000333",SPRF-MG,DEL01-MG,UOP02-DEL01-MG
383132.0,2021-09-12,domingo,17:10:00,MG,116.0,"577,2",MANHUACU,Velocidade Incompatível,Colisão traseira,Com Vítimas Feridas,Anoitecer,Decrescente,Céu Claro,Simples,Curva,Não,2,0,0,1,1,0,1,2,"-20,16232114","-42,18784332",SPRF-MG,DEL06-MG,UOP04-DEL06-MG
383143.0,2021-09-12,domingo,18:05:00,MG,116.0,413,GOVERNADOR VALADARES,Condutor deixou de manter distância do veículo da frente,Colisão traseira,Com Vítimas Feridas,Plena Noite,Crescente,Céu Claro,Simples,Reta,Sim,3,0,2,0,0,1,2,2,"-18,87528739","-41,96539901",SPRF-MG,DEL06-MG,UOP01-DEL06-MG
383152.0,2021-09-12,domingo,20:10:00,MG,381.0,327,NOVA ERA,Ausência de reação do condutor,Atropelamento de Pedestre,Com Vítimas Fatais,Plena Noite,Crescente,Céu Claro,Simples,Reta,Não,2,1,0,0,0,1,0,1,"-19,76723696","-43,04699067",SPRF-MG,DEL03-MG,UOP02-DEL03-MG
383155.0,2021-09-12,domingo,21:10:00,MG,365.0,642,UBERLANDIA,Condutor deixou de manter distância do veículo da frente,Colisão traseira,Com Vítimas Feridas,Plena Noite,Decrescente,Céu Claro,Múltipla,Desvio Temporário,Não,3,0,1,0,2,0,1,2,"-18,8823832","-48,48418103",SPRF-MG,DEL15-MG,UOP01-DEL15-MG
383170.0,2021-09-12,domingo,20:30:00,MG,116.0,"707,1",MURIAE,Transitar no acostamento,Atropelamento de Pedestre,Com Vítimas Feridas,Plena Noite,Crescente,Céu Claro,Simples,Curva,Sim,2,0,0,1,0,1,1,1,"-21,15538281","-42,38264744",SPRF-MG,DEL07-MG,UOP02-DEL07-MG
383234.0,2021-09-13,segunda-feira,06:00:00,MG,262.0,"398,9",PARA DE MINAS,Ausência de reação do condutor,Saída de leito carroçável,Com Vítimas Feridas,Pleno dia,Decrescente,Céu Claro,Dupla,Reta,Sim,3,0,3,0,0,0,3,1,"-19,88620318","-44,60105896",SPRF-MG,DEL01-MG,UOP03-DEL01-MG
383254.0,2021-09-13,segunda-feira,06:20:00,MG,40.0,"44,5",PARACATU,Transitar na contramão,Colisão frontal,Com Vítimas Feridas,Pleno dia,Decrescente,Céu Claro,Simples,Curva,Sim,2,0,1,0,1,0,1,2,"-17,23101648","-46,85390396",SPRF-MG,DEL14-MG,UOP01-DEL14-MG
383262.0,2021-09-13,segunda-feira,07:30:00,MG,50.0,36,ARAGUARI,Ausência de reação do condutor,Colisão traseira,Com Vítimas Feridas,Pleno dia,Decrescente,Céu Claro,Dupla,Reta,Sim,2,0,1,0,1,0,1,2,"-18,65453092","-48,14727203",SPRF-MG,DEL15-MG,UOP02-DEL15-MG
383263.0,2021-09-13,segunda-feira,08:15:00,MG,381.0,502,BETIM,Condutor deixou de manter distância do veículo da frente,Colisão traseira,Com Vítimas Feridas,Pleno dia,Decrescente,Sol,Dupla,Reta,Sim,2,0,0,1,1,0,1,2,"-20,03619694","-44,24586303",SPRF-MG,DEL01-MG,UOP03-DEL01-MG
383264.0,2021-09-13,segunda-feira,06:10:00,MG,40.0,544,NOVA LIMA,Pedestre cruzava a pista fora da faixa,Atropelamento de Pedestre,Com Vítimas Feridas,Pleno dia,Crescente,Céu Claro,Dupla,Não Informado,Sim,2,0,0,1,1,0,1,1,"-19,99848032","-43,96256558",SPRF-MG,DEL01-MG,UOP02-DEL01-MG
383280.0,2021-09-13,segunda-feira,09:30:00,MG,381.0,"389,9",BARAO DE COCAIS,Manobra de mudança de faixa,Saída de leito carroçável,Com Vítimas Feridas,Pleno dia,Decrescente,Sol,Dupla,Não Informado,Não,1,0,1,0,0,0,1,1,"-19,781548","-43,436355",SPRF-MG,DEL01-MG,UOP01-DEL01-MG
383293.0,2021-09-13,segunda-feira,10:30:00,MG,116.0,"415,4",GOVERNADOR VALADARES,Desrespeitar a preferência no cruzamento,Colisão transversal,Com Vítimas Feridas,Pleno dia,Decrescente,Céu Claro,Simples,Retorno Regulamentado,Sim,2,0,2,0,0,0,2,2,"-18,88401297","-41,94924399",SPRF-MG,DEL06-MG,UOP01-DEL06-MG
383305.0,2021-09-05,domingo,19:59:00,MG,40.0,"46,3",PARACATU,Animais na Pista,Atropelamento de Animal,Com Vítimas Feridas,Plena Noite,Decrescente,Céu Claro,Simples,Desvio Temporário,Sim,3,0,3,0,0,0,3,1,"-17,23875763","-46,83697693",SPRF-MG,DEL14-MG,UOP01-DEL14-MG
383309.0,2021-09-13,segunda-feira,14:25:00,MG,381.0,"343,9",BELA VISTA DE MINAS,Velocidade Incompatível,Colisão frontal,Com Vítimas Feridas,Pleno dia,Crescente,Céu Claro,Simples,Não Informado,Não,6,0,1,0,5,0,1,2,"-19,85663904","-43,10916603",SPRF-MG,DEL03-MG,UOP01-DEL03-MG
383311.0,2021-09-09,quinta-feira,21:50:00,MG,116.0,810,ALEM PARAIBA,Demais falhas mecânicas ou elétricas,Incêndio,Sem Vítimas,Plena Noite,Decrescente,Céu Claro,Simples,Reta,Não,1,0,0,0,1,0,0,1,"-21,8327779","-42,67715755",SPRF-MG,DEL07-MG,UOP01-DEL07-MG
383346.0,2021-09-13,segunda-feira,18:00:00,MG,251.0,513,MONTES CLAROS,Pista Escorregadia,Tombamento,Com Vítimas Feridas,Anoitecer,Crescente,Céu Claro,Simples,Não Informado,Não,2,0,2,0,0,0,2,1,"-16,6575132","-43,72704597",SPRF-MG,DEL12-MG,UOP01-DEL12-MG
383410.0,2021-09-14,terça-feira,05:20:00,MG,40.0,528,CONTAGEM,Pedestre cruzava a pista fora da faixa,Atropelamento de Pedestre,Com Vítimas Feridas,Amanhecer,Decrescente,Céu Claro,Múltipla,Curva,Sim,2,0,0,1,1,0,1,1,"-19,90883179","-44,04436577",SPRF-MG,DEL01-MG,UOP02-DEL01-MG
383417.0,2021-09-14,terça-feira,06:50:00,MG,40.0,550,NOVA LIMA,Reação tardia ou ineficiente do condutor,Colisão traseira,Com Vítimas Feridas,Pleno dia,Crescente,Céu Claro,Dupla,Reta,Sim,2,0,1,0,1,0,1,2,"-20,0477638","-43,96439441",SPRF-MG,DEL01-MG,UOP02-DEL01-MG
383418.0,2021-09-14,terça-feira,06:28:00,MG,262.0,577,CORREGO DANTA,Desrespeitar a preferência no cruzamento,Colisão transversal,Sem Vítimas,Pleno dia,Decrescente,Sol,Simples,Reta,Não,2,0,0,0,2,0,0,2,"-19,67731202","-46,04341517",SPRF-MG,DEL08-MG,UOP02-DEL08-MG
383435.0,2021-09-14,terça-feira,06:30:00,MG,381.0,"180,5",GOVERNADOR VALADARES,Velocidade Incompatível,Saída de leito carroçável,Com Vítimas Feridas,Pleno dia,Crescente,Céu Claro,Simples,Reta,Não,2,0,1,1,0,0,2,1,"-19,0410638","-42,1491874",SPRF-MG,DEL06-MG,UOP01-DEL06-MG
383447.0,2021-09-14,terça-feira,08:30:00,MG,356.0,"273,3",MURIAE,Demais falhas mecânicas ou elétricas,Tombamento,Com Vítimas Feridas,Pleno dia,Decrescente,Céu Claro,Simples,Reta,Não,1,0,1,0,0,0,1,1,"-21,13692575","-42,30183406",SPRF-MG,DEL07-MG,UOP02-DEL07-MG
383461.0,2021-09-14,terça-feira,09:40:00,MG,116.0,"653,6",FERVEDOURO,Retorno proibido,Colisão transversal,Com Vítimas Feridas,Pleno dia,Crescente,Céu Claro,Simples,Reta,Não,2,0,2,0,0,0,2,2,"-20,72834135","-42,28157043",SPRF-MG,DEL07-MG,UOP03-DEL07-MG
383479.0,2021-09-14,terça-feira,11:00:00,MG,262.0,"38,7",MANHUACU,Acessar a via sem observar a presença dos outros veículos,Colisão transversal,Com Vítimas Feridas,Pleno dia,Decrescente,Céu Claro,Simples,Reta,Sim,2,0,1,0,1,0,1,2,"-20,26305859","-42,03684948",SPRF-MG,DEL06-MG,UOP04-DEL06-MG
383494.0,2021-09-14,terça-feira,14:25:00,MG,116.0,"415,7",GOVERNADOR VALADARES,Condutor deixou de manter distância do veículo da frente,Colisão traseira,Com Vítimas Feridas,Pleno dia,Crescente,Céu Claro,Simples,Reta,Sim,2,0,0,1,1,0,1,2,"-18,88401297","-41,94924399",SPRF-MG,DEL06-MG,UOP01-DEL06-MG
383549.0,2021-09-14,terça-feira,15:10:00,MG,381.0,483,BETIM,Demais falhas mecânicas ou elétricas,Incêndio,Sem Vítimas,Pleno dia,Crescente,Céu Claro,Múltipla,Não Informado,Não,1,0,0,0,1,0,0,1,"-19,95594491","-44,10721699",SPRF-MG,DEL01-MG,UOP03-DEL01-MG
383569.0,2021-09-14,terça-feira,23:30:00,MG,381.0,500,BETIM,Ausência de reação do condutor,Tombamento,Com Vítimas Feridas,Plena Noite,Decrescente,Céu Claro,Dupla,Reta,Sim,1,0,1,0,0,0,1,1,"-20,02513493","-44,23112709",SPRF-MG,DEL01-MG,UOP03-DEL01-MG
383593.0,2021-09-15,quarta-feira,06:45:00,MG,40.0,545,NOVA LIMA,Manobra de mudança de faixa,Colisão traseira,Com Vítimas Feridas,Pleno dia,Crescente,Céu Claro,Dupla,Reta,Sim,2,0,1,0,1,0,1,2,"-20,00670404","-43,96418668",SPRF-MG,DEL01-MG,UOP02-DEL01-MG
383595.0,2021-09-15,quarta-feira,06:40:00,MG,40.0,"545,5",NOVA LIMA,Manobra de mudança de faixa,Queda de ocupante de veículo,Com Vítimas Feridas,Pleno dia,Crescente,Céu Claro,Dupla,Curva,Não,1,0,1,0,0,0,1,1,"-20,00670404","-43,96418668",SPRF-MG,DEL01-MG,UOP02-DEL01-MG
383601.0,2021-09-15,quarta-feira,07:50:00,MG,50.0,72,UBERLANDIA,Reação tardia ou ineficiente do condutor,Colisão traseira,Com Vítimas Feridas,Pleno dia,Decrescente,Céu Claro,Dupla,Reta,Sim,2,0,1,0,1,0,1,2,"-18,85140204","-48,25345932",SPRF-MG,DEL15-MG,UOP01-DEL15-MG
383626.0,2021-09-15,quarta-feira,09:25:00,MG,262.0,"364,5",JUATUBA,Condutor deixou de manter distância do veículo da frente,Colisão traseira,Com Vítimas Feridas,Pleno dia,Crescente,Céu Claro,Dupla,Não Informado,Não,2,0,1,0,1,0,1,2,"-19,98290644","-44,24492623",SPRF-MG,DEL01-MG,UOP03-DEL01-MG
383635.0,2021-09-12,domingo,06:00:00,MG,40.0,544,BELO HORIZONTE,Velocidade Incompatível,Colisão com objeto,Sem Vítimas,Pleno dia,Crescente,Céu Claro,Dupla,Reta,Não,1,0,0,0,0,1,0,1,"-19,99848032","-43,96256558",SPRF-MG,DEL01-MG,UOP02-DEL01-MG
383662.0,2021-09-15,quarta-feira,12:55:00,MG,40.0,"529,8",CONTAGEM,Condutor deixou de manter distância do veículo da frente,Colisão lateral mesmo sentido,Com Vítimas Feridas,Pleno dia,Crescente,Céu Claro,Dupla,Curva,Sim,2,0,0,1,1,0,1,2,"-19,91635592","-44,03966566",SPRF-MG,DEL01-MG,UOP02-DEL01-MG
383686.0,2021-09-15,quarta-feira,17:05:00,MG,381.0,"483,5",BETIM,Reação tardia ou ineficiente do condutor,Colisão traseira,Com Vítimas Feridas,Anoitecer,Decrescente,Céu Claro,Dupla,Não Informado,Sim,2,0,1,0,1,0,1,2,"-19,95957594","-44,08191204",SPRF-MG,DEL01-MG,UOP03-DEL01-MG
383688.0,2021-09-15,quarta-feira,17:00:00,MG,356.0,269,MURIAE,Desrespeitar a preferência no cruzamento,Colisão transversal,Com Vítimas Feridas,Pleno dia,Decrescente,Nublado,Simples,Interseção de vias,Sim,2,0,0,1,1,0,1,2,"-21,12839937","-42,32458406",SPRF-MG,DEL07-MG,UOP02-DEL07-MG
383701.0,2021-09-15,quarta-feira,18:00:00,MG,40.0,"755,5",EWBANK DA CAMARA,Demais Fenômenos da natureza,Colisão com objeto,Com Vítimas Feridas,Plena Noite,Decrescente,Ignorado,Simples,Curva,Sim,1,0,1,0,0,0,1,1,"-21,486045","-43,53483",SPRF-MG,DEL05-MG,UOP01-DEL05-MG
383730.0,2021-09-15,quarta-feira,15:15:00,MG,381.0,285,JAGUARACU,Condutor deixou de manter distância do veículo da frente,Capotamento,Com Vítimas Feridas,Pleno dia,Crescente,Céu Claro,Simples,Reta,Não,2,0,1,0,0,1,1,1,"-19,618952","-42,79967",SPRF-MG,DEL03-MG,UOP02-DEL03-MG