id,data_inversa,dia_semana,horario,uf,br,km,municipio,causa_acidente,tipo_acidente,classificacao_acidente,fase_dia,sentido_via,condicao_metereologica,tipo_pista,tracado_via,uso_solo,pessoas,mortos,feridos_leves,feridos_graves,ilesos,ignorados,feridos,veiculos,latitude,longitude,regional,delegacia,uop
383765.0,2021-09-16,quinta-feira,03:00:00,MG,40.0,"145,5",JOAO PINHEIRO,Ausência de reação do condutor,Saída de leito carroçável,Com Vítimas Feridas,Plena Noite,Decrescente,Céu Claro,Simples,Não Informado,Não,4,0,4,0,0,0,4,1,"-17,757887","-46,158354",SPRF-MG,DEL14-MG,UOP02-DEL14-MG
383770.0,2021-09-16,quinta-feira,04:40:00,MG,356.0,"266,1",MURIAE,Transitar na contramão,Colisão lateral sentido oposto,Com Vítimas Feridas,Amanhecer,Decrescente,Nublado,Simples,Curva,Sim,2,0,2,0,0,0,2,2,"-21,12823134","-42,35802453",SPRF-MG,DEL07-MG,UOP02-DEL07-MG
383771.0,2021-09-16,quinta-feira,00:40:00,MG,381.0,"490,8",BETIM,Acessar a via sem observar a presença dos outros veículos,Colisão traseira,Com Vítimas Feridas,Plena Noite,Decrescente,Céu Claro,Dupla,Reta,Sim,3,0,3,0,0,0,3,2,"-19,96502819","-44,17422195",SPRF-MG,DEL01-MG,UOP03-DEL01-MG
383777.0,2021-09-16,quinta-feira,06:20:00,MG,40.0,"516,7",RIBEIRAO DAS NEVES,Transitar no acostamento,Colisão traseira,Com Vítimas Feridas,Pleno dia,Crescente,Céu Claro,Dupla,Curva,Não,2,0,1,0,1,0,1,2,"-19,81628624","-44,08960124",SPRF-MG,DEL01-MG,UOP02-DEL01-MG
383785.0,2021-09-16,quinta-feira,08:00:00,MG,381.0,"484,5",BETIM,Reação tardia ou ineficiente do condutor,Queda de ocupante de veículo,Com Vítimas Feridas,Pleno dia,Decrescente,Céu Claro,Dupla,Curva,Sim,1,0,1,0,0,0,1,1,"-19,95531717","-44,11722196",SPRF-MG,DEL01-MG,UOP03-DEL01-MG
383791.0,2021-09-16,quinta-feira,07:15:00,MG,40.0,514,RIBEIRAO DAS NEVES,Ausência de reação do condutor,Colisão traseira,Com Vítimas Feridas,Pleno dia,Crescente,Céu Claro,Dupla,Reta,Não,4,0,1,0,3,0,1,3,"-19,80151928","-44,10000333",SPRF-MG,DEL01-MG,UOP02-DEL01-MG
383825.0,2021-09-12,domingo,23:10:00,MG,381.0,"779,8",CAMPANHA,Velocidade Incompatível,Saída de leito carroçável,Sem Vítimas,Plena Noite,Crescente,Céu Claro,Dupla,Curva,Não,1,0,0,0,1,0,0,1,"-21,83682863","-45,50981014",SPRF-MG,DEL16-MG,UOP02-DEL16-MG
383834.0,2021-01-02,sábado,15:37:00,MG,153.0,"33,1",CENTRALINA,Ausência de reação do condutor,Colisão transversal,Com Vítimas Feridas,Pleno dia,Decrescente,Céu Claro,Simples,Reta,Não,4,0,0,1,3,0,1,2,"-18,70335014","-49,14238824",SPRF-MG,DEL15-MG,UOP03-DEL15-MG
383861.0,2021-09-16,quinta-feira,14:10:00,MG,381.0,"794,8",SAO GONCALO DO SAPUCAI,Pedestre andava na pista,Colisão traseira,Com Vítimas Feridas,Pleno dia,Decrescente,Céu Claro,Dupla,Não Informado,Não,3,0,0,1,2,0,1,2,"-21,92913899","-45,61170907",SPRF-MG,DEL16-MG,UOP02-DEL16-MG
383866.0,2021-09-16,quinta-feira,14:25:00,MG,40.0,"627,6",CONSELHEIRO LAFAIETE,Conversão proibida,Colisão transversal,Com Vítimas Feridas,Pleno dia,Decrescente,Céu Claro,Simples,Curva,Sim,3,0,1,2,0,0,3,2,"-20,64510365","-43,81068707",SPRF-MG,DEL05-MG,UOP02-DEL05-MG
383872.0,2021-09-16,quinta-feira,13:15:00,MG,381.0,"931,3",EXTREMA,Ausência de reação do condutor,Colisão traseira,Com Vítimas Feridas,Pleno dia,Decrescente,Céu Claro,Dupla,Reta,Não,3,0,0,1,2,0,1,2,"-22,788143","-46,242782",SPRF-MG,DEL16-MG,UOP03-DEL16-MG
383889.0,2021-09-16,quinta-feira,15:30:00,MG,40.0,532,BELO HORIZONTE,Ausência de reação do condutor,Colisão traseira,Com Vítimas Feridas,Pleno dia,Crescente,Céu Claro,Dupla,Não Informado,Sim,4,0,2,0,2,0,2,3,"-19,92372561","-44,01700789",SPRF-MG,DEL01-MG,UOP02-DEL01-MG
383905.0,2021-09-16,quinta-feira,17:00:00,MG,40.0,527,CONTAGEM,Reação tardia ou ineficiente do condutor,Colisão lateral mesmo sentido,Com Vítimas Feridas,Pleno dia,Decrescente,Céu Claro,Múltipla,Reta,Sim,3,0,1,0,2,0,1,2,"-19,90149502","-44,04938939",SPRF-MG,DEL01-MG,UOP02-DEL01-MG
383910.0,2021-09-16,quinta-feira,16:50:00,MG,40.0,"518,9",RIBEIRAO DAS NEVES,Avarias e/ou desgaste excessivo no pneu,Saída de leito carroçável,Sem Vítimas,Pleno dia,Crescente,Céu Claro,Dupla,Reta,Não,1,0,0,0,1,0,0,1,"-19,83957589","-44,07684485",SPRF-MG,DEL01-MG,UOP02-DEL01-MG
383913.0,2021-09-16,quinta-feira,11:00:00,MG,251.0,"259,2",TAIOBEIRAS,Ultrapassagem Indevida,Colisão lateral sentido oposto,Com Vítimas Feridas,Pleno dia,Crescente,Céu Claro,Simples,Reta,Não,3,0,0,1,1,1,1,2,"-16,00274632","-41,93284524",SPRF-MG,DEL11-MG,UOP02-DEL11-MG
383931.0,2021-09-16,quinta-feira,20:20:00,MG,381.0,"6,3",BETIM,Ingestão de álcool pelo condutor,Colisão lateral mesmo sentido,Sem Vítimas,Plena Noite,Decrescente,Céu Claro,Dupla,Curva,Sim,3,0,0,0,2,1,0,3,"-19,98804986","-44,19902802",SPRF-MG,DEL01-MG,UOP03-DEL01-MG
383932.0,2021-09-16,quinta-feira,20:15:00,MG,381.0,493,BETIM,Avarias e/ou desgaste excessivo no pneu,Queda de ocupante de veículo,Com Vítimas Feridas,Plena Noite,Decrescente,Céu Claro,Dupla,Reta,Sim,2,0,2,0,0,0,2,1,"-19,97670801","-44,19962698",SPRF-MG,DEL01-MG,UOP03-DEL01-MG
383940.0,2021-09-16,quinta-feira,19:45:00,MG,381.0,"884,5",ESTIVA,Ausência de reação do condutor,Saída de leito carroçável,Com Vítimas Feridas,Plena Noite,Crescente,Nublado,Dupla,Reta,Não,1,0,1,0,0,0,1,1,"-22,53552002","-46,03550597",SPRF-MG,DEL16-MG,UOP03-DEL16-MG
383957.0,2021-09-16,quinta-feira,23:10:00,MG,365.0,470,PATROCINIO,Ingestão de álcool e/ou substâncias psicoativas pelo pedestre,Saída de leito carroçável,Com Vítimas Feridas,Plena Noite,Decrescente,Céu Claro,Simples,Não Informado,Não,1,0,1,0,0,0,1,1,"-18,92272003","-46,99069499",SPRF-MG,DEL10-MG,UOP01-DEL10-MG
383983.0,2021-09-16,quinta-feira,22:45:00,MG,116.0,"774,2",LEOPOLDINA,Reação tardia ou ineficiente do condutor,Saída de leito carroçável,Com Vítimas Feridas,Plena Noite,Decrescente,Céu Claro,Simples,Curva,Não,1,0,1,0,0,0,1,1,"-21,57932128","-42,68264985",SPRF-MG,DEL07-MG,UOP01-DEL07-MG
384007.0,2021-09-17,sexta-feira,09:50:00,MG,116.0,"523,8",CARATINGA,Ausência de reação do condutor,Colisão traseira,Sem Vítimas,Pleno dia,Crescente,Nublado,Simples,Reta,Não,2,0,0,0,2,0,0,2,"-19,75187896","-42,1326603",SPRF-MG,DEL06-MG,UOP02-DEL06-MG
384024.0,2021-09-17,sexta-feira,08:30:00,MG,364.0,26,FRUTAL,Demais falhas mecânicas ou elétricas,Queda de ocupante de veículo,Com Vítimas Feridas,Pleno dia,Crescente,Céu Claro,Simples,Reta,Sim,2,0,2,0,0,0,2,1,"-20,025185","-48,94096",SPRF-MG,DEL13-MG,UOP02-DEL13-MG
384037.0,2021-09-17,sexta-feira,13:00:00,MG,40.0,"467,5",SETE LAGOAS,Demais falhas mecânicas ou elétricas,Saída de leito carroçável,Com Vítimas Feridas,Pleno dia,Decrescente,Sol,Dupla,Reta,Não,2,0,1,0,1,0,1,1,"-19,45038924","-44,3166822",SPRF-MG,DEL02-MG,UOP01-DEL02-MG
384045.0,2021-09-17,sexta-feira,08:30:00,MG,116.0,"159,5",PONTO DOS VOLANTES,Condutor Dormindo,Saída de leito carroçável,Com Vítimas Feridas,Pleno dia,Crescente,Céu Claro,Simples,Reta,Não,5,0,2,2,1,0,4,1,"-16,92575297","-41,46599218",SPRF-MG,DEL11-MG,UOP02-DEL11-MG
384057.0,2021-09-07,terça-feira,00:55:00,MG,365.0,"451,5",PATROCINIO,Reação tardia ou ineficiente do condutor,Capotamento,Com Vítimas Fatais,Plena Noite,Crescente,Céu Claro,Dupla,Rotatória,Não,4,1,0,1,1,1,1,1,"-18,83594238","-46,83646889",SPRF-MG,DEL10-MG,UOP01-DEL10-MG
384068.0,2021-09-17,sexta-feira,14:20:00,MG,40.0,"632,5",CONSELHEIRO LAFAIETE,Retorno proibido,Colisão transversal,Com Vítimas Feridas,Pleno dia,Crescente,Céu Claro,Simples,Reta,Não,3,0,1,1,1,0,2,2,"-20,681804","-43,794255",SPRF-MG,DEL05-MG,UOP02-DEL05-MG
384077.0,2021-09-17,sexta-feira,14:30:00,MG,40.0,532,BELO HORIZONTE,Reação tardia ou ineficiente do condutor,Colisão traseira,Com Vítimas Feridas,Pleno dia,Crescente,Céu Claro,Dupla,Reta,Sim,2,0,1,0,1,0,1,2,"-19,92372561","-44,01700789",SPRF-MG,DEL01-MG,UOP02-DEL01-MG
384080.0,2021-09-17,sexta-feira,07:45:00,MG,381.0,829,SAO SEBASTIAO DA BELA VISTA,Demais falhas mecânicas ou elétricas,Queda de ocupante de veículo,Com Vítimas Feridas,Pleno dia,Crescente,Céu Claro,Dupla,Reta,Não,2,0,1,0,1,0,1,1,"-22,13347012","-45,80792092",SPRF-MG,DEL16-MG,UOP01-DEL16-MG
384084.0,2021-09-17,sexta-feira,08:00:00,MG,381.0,"176,2",GOVERNADOR VALADARES,Velocidade Incompatível,Saída de leito carroçável,Com Vítimas Feridas,Pleno dia,Crescente,Nublado,Simples,Reta,Não,2,0,0,2,0,0,2,1,"-19,00964517","-42,13648886",SPRF-MG,DEL06-MG,UOP01-DEL06-MG
384094.0,2021-09-17,sexta-feira,16:35:00,MG,116.0,"815,7",ALEM PARAIBA,Ingestão de álcool pelo condutor,Colisão frontal,Com Vítimas Feridas,Pleno dia,Decrescente,Nublado,Simples,Curva,Sim,3,0,1,1,1,0,2,2,"-21,86200678","-42,66859006",SPRF-MG,DEL07-MG,UOP01-DEL07-MG
384126.0,2021-09-17,sexta-feira,10:10:00,MG,50.0,84,UBERLANDIA,Ausência de reação do condutor,Atropelamento de Pedestre,Com Vítimas Feridas,Pleno dia,Decrescente,Céu Claro,Dupla,Não Informado,Não,2,0,1,0,1,0,1,1,"-18,99589703","-48,21049418",SPRF-MG,DEL15-MG,UOP01-DEL15-MG
384142.0,2021-09-17,sexta-feira,18:30:00,MG,116.0,"591,4",MANHUACU,Demais falhas mecânicas ou elétricas,Incêndio,Sem Vítimas,Plena Noite,Crescente,Nublado,Simples,Curva,Não,1,0,0,0,1,0,0,1,"-20,26350393","-42,14180594",SPRF-MG,DEL06-MG,UOP04-DEL06-MG
384152.0,2021-09-17,sexta-feira,19:40:00,MG,40.0,"654,1",CRISTIANO OTONI,Condutor deixou de manter distância do veículo da frente,Colisão traseira,Com Vítimas Feridas,Plena Noite,Decrescente,Céu Claro,Simples,Reta,Não,3,0,1,0,1,1,1,3,"-20,85138532","-43,80239172",SPRF-MG,DEL05-MG,UOP02-DEL05-MG
384169.0,2021-09-17,sexta-feira,22:10:00,MG,40.0,520,CONTAGEM,Reação tardia ou ineficiente do condutor,Saída de leito carroçável,Com Vítimas Feridas,Plena Noite,Decrescente,Céu Claro,Dupla,Reta,Sim,1,0,0,1,0,0,1,1,"-19,84761911","-44,07276144",SPRF-MG,DEL01-MG,UOP02-DEL01-MG
384170.0,2021-09-17,sexta-feira,22:00:00,MG,381.0,"375,8",SAO GONCALO DO RIO ABAIXO,Velocidade Incompatível,Saída de leito carroçável,Com Vítimas Feridas,Plena Noite,Decrescente,Céu Claro,Simples,Curva,Não,1,0,1,0,0,0,1,1,"-19,83666149","-43,33681685",SPRF-MG,DEL01-MG,UOP01-DEL01-MG
384177.0,2021-09-18,sábado,00:40:00,MG,267.0,"158,4",LIMA DUARTE,Condutor Dormindo,Saída de leito carroçável,Com Vítimas Fatais,Plena Noite,Decrescente,Céu Claro,Simples,Curva,Não,1,1,0,0,0,0,0,1,"-21,83494","-43,75843",SPRF-MG,DEL05-MG,UOP01-DEL05-MG
384180.0,2021-09-18,sábado,00:20:00,MG,40.0,403,CURVELO,Demais falhas mecânicas ou elétricas,Saída de leito carroçável,Com Vítimas Feridas,Plena Noite,Decrescente,Céu Claro,Simples,Reta,Não,3,0,1,0,2,0,1,1,"-19,05632901","-44,65393117",SPRF-MG,DEL02-MG,UOP01-DEL02-MG
384181.0,2021-09-18,sábado,01:10:00,MG,146.0,463,CABO VERDE,Chuva,Capotamento,Com Vítimas Feridas,Plena Noite,Crescente,Chuva,Simples,Reta,Não,1,0,1,0,0,0,1,1,"-21,4361881","-46,4282643",SPRF-MG,DEL09-MG,UOP01-DEL09-MG
384206.0,2021-09-18,sábado,03:30:00,MG,381.0,"753,7",TRES CORACOES,Condutor Dormindo,Saída de leito carroçável,Com Vítimas Fatais,Plena Noite,Crescente,Nublado,Múltipla,Reta,Não,2,1,0,1,0,0,1,1,"-21,66625267","-45,31272948",SPRF-MG,DEL16-MG,UOP02-DEL16-MG
384223.0,2021-09-18,sábado,07:05:00,MG,262.0,362,JUATUBA,Velocidade Incompatível,Capotamento,Com Vítimas Feridas,Pleno dia,Crescente,Céu Claro,Dupla,Reta,Não,1,0,1,0,0,0,1,1,"-19,97856934","-44,25336717",SPRF-MG,DEL01-MG,UOP03-DEL01-MG
384225.0,2021-09-18,sábado,06:25:00,MG,354.0,"718,4",POUSO ALTO,Ausência de reação do condutor,Saída de leito carroçável,Com Vítimas Feridas,Pleno dia,Decrescente,Céu Claro,Simples,Curva,Não,3,0,1,0,2,0,1,1,"-22,08809066","-44,94666703",SPRF-MG,DEL17-MG,UOP01-DEL17-MG
384235.0,2021-09-18,sábado,07:05:00,MG,116.0,"558,9",MANHUACU,Ausência de reação do condutor,Colisão com objeto,Com Vítimas Feridas,Pleno dia,Crescente,Sol,Simples,Não Informado,Não,1,0,1,0,0,0,1,1,"-20,01789088","-42,16537437",SPRF-MG,DEL06-MG,UOP04-DEL06-MG
384240.0,2021-09-18,sábado,05:40:00,MG,40.0,61,PARACATU,Ausência de reação do condutor,Saída de leito carroçável,Com Vítimas Feridas,Amanhecer,Crescente,Céu Claro,Simples,Reta,Não,4,0,2,0,2,0,2,1,"-17,32752184","-46,76182869",SPRF-MG,DEL14-MG,UOP01-DEL14-MG
384248.0,2021-09-18,sábado,07:50:00,MG,116.0,"412,5",GOVERNADOR VALADARES,Condutor deixou de manter distância do veículo da frente,Colisão traseira,Com Vítimas Feridas,Pleno dia,Crescente,Céu Claro,Dupla,Reta,Sim,4,0,3,0,1,0,3,3,"-18,86882342","-41,97144241",SPRF-MG,DEL06-MG,UOP01-DEL06-MG
384274.0,2021-09-18,sábado,10:20:00,MG,40.0,550,NOVA LIMA,Velocidade Incompatível,Colisão traseira,Sem Vítimas,Pleno dia,Crescente,Céu Claro,Dupla,Curva,Sim,2,0,0,0,0,2,0,2,"-20,0477638","-43,96439441",SPRF-MG,DEL01-MG,UOP02-DEL01-MG
384300.0,2021-09-18,sábado,10:50:00,MG,356.0,"271,4",MURIAE,Velocidade Incompatível,Colisão com objeto,Com Vítimas Feridas,Pleno dia,Decrescente,Sol,Simples,Não Informado,Não,2,0,2,0,0,0,2,1,"-21,13210421","-42,31711942",SPRF-MG,DEL07-MG,UOP02-DEL07-MG
384301.0,2021-09-18,sábado,13:30:00,MG,381.0,"503,2",BETIM,Pedestre andava na pista,Atropelamento de Pedestre,Com Vítimas Feridas,Pleno dia,Decrescente,Sol,Dupla,Não Informado,Sim,3,0,1,2,0,0,3,1,"-20,03855134","-44,25495493",SPRF-MG,DEL01-MG,UOP03-DEL01-MG
384305.0,2021-09-18,sábado,13:55:00,MG,50.0,171,UBERABA,Avarias e/ou desgaste excessivo no pneu,Tombamento,Com Vítimas Feridas,Pleno dia,Decrescente,Sol,Dupla,Curva,Sim,1,0,1,0,0,0,1,1,"-19,74554892","-47,98382166",SPRF-MG,DEL13-MG,UOP01-DEL13-MG
384315.0,2021-09-18,sábado,15:00:00,MG,262.0,"373,1",JUATUBA,Manobra de mudança de faixa,Colisão lateral mesmo sentido,Com Vítimas Feridas,Pleno dia,Decrescente,Sol,Dupla,Reta,Sim,2,0,1,0,1,0,1,2,"-19,97429522","-44,32712508",SPRF-MG,DEL01-MG,UOP03-DEL01-MG
384320.0,2021-09-18,sábado,16:19:00,MG,50.0,69,UBERLANDIA,Acessar a via sem observar a presença dos outros veículos,Colisão transversal,Sem Vítimas,Pleno dia,Crescente,Céu Claro,Dupla,Reta,Sim,3,0,0,0,3,0,0,3,"-18,85140204","-48,25345932",SPRF-MG,DEL15-MG,UOP01-DEL15-MG
384330.0,2021-08-14,sábado,11:30:00,MG,364.0,"30,4",FRUTAL,Acessar a via sem observar a presença dos outros veículos,Colisão transversal,Com Vítimas Feridas,Pleno dia,Crescente,Céu Claro,Simples,Reta,Sim,2,0,1,0,1,0,1,2,"-20,025185","-48,94096",SPRF-MG,DEL13-MG,UOP02-DEL13-MG
384357.0,2021-09-18,sábado,18:40:00,MG,40.0,"451,2",CAETANOPOLIS,Ingestão de álcool pelo condutor,Saída de leito carroçável,Sem Vítimas,Anoitecer,Crescente,Céu Claro,Dupla,Curva,Sim,1,0,0,0,0,1,0,1,"-19,32727","-44,36433",SPRF-MG,DEL02-MG,UOP01-DEL02-MG
384371.0,2021-09-18,sábado,19:00:00,MG,365.0,344,VARJAO DE MINAS,Ingestão de álcool pelo condutor,Colisão traseira,Sem Vítimas,Plena Noite,Crescente,Céu Claro,Simples,Reta,Sim,3,0,0,0,3,0,0,2,"-18,31606807","-45,981434",SPRF-MG,DEL10-MG,UOP01-DEL10-MG
384375.0,2021-09-18,sábado,19:45:00,MG,116.0,"413,5",GOVERNADOR VALADARES,Desrespeitar a preferência no cruzamento,Colisão transversal,Com Vítimas Feridas,Pleno dia,Decrescente,Céu Claro,Simples,Rotatória,Sim,3,0,2,0,1,0,2,2,"-18,873907","-41,966366",SPRF-MG,DEL06-MG,UOP01-DEL06-MG
384382.0,2021-09-18,sábado,21:35:00,MG,50.0,"174,9",UBERABA,Avarias e/ou desgaste excessivo no pneu,Tombamento,Com Vítimas Feridas,Plena Noite,Decrescente,Céu Claro,Dupla,Não Informado,Sim,2,0,0,1,0,1,1,1,"-19,770817","-47,973434",SPRF-MG,DEL13-MG,UOP01-DEL13-MG
384383.0,2021-09-18,sábado,21:10:00,MG,50.0,"29,8",ARAGUARI,Velocidade Incompatível,Colisão com objeto,Com Vítimas Feridas,Plena Noite,Decrescente,Céu Claro,Dupla,Não Informado,Não,1,0,1,0,0,0,1,1,"-18,61550987","-48,11660731",SPRF-MG,DEL15-MG,UOP02-DEL15-MG
384385.0,2021-09-18,sábado,17:40:00,MG,365.0,753,ITUIUTABA,Ingestão de álcool pelo condutor,Colisão traseira,Com Vítimas Feridas,Pleno dia,Crescente,Céu Claro,Simples,Reta,Sim,3,0,0,2,0,1,2,2,"-18,95949454","-49,4713068",SPRF-MG,DEL15-MG,UOP03-DEL15-MG
384402.0,2021-09-18,sábado,21:30:00,MG,267.0,"302,9",CAXAMBU,Deficiência do Sistema de Iluminação/Sinalização,Colisão traseira,Com Vítimas Feridas,Plena Noite,Crescente,Céu Claro,Simples,Reta,Não,2,0,0,1,0,1,1,2,"-21,95712221","-44,91126081",SPRF-MG,DEL17-MG,UOP01-DEL17-MG
384411.0,2021-09-18,sábado,19:30:00,MG,116.0,"208,2",CATUJI,Ausência de reação do condutor,Colisão transversal,Com Vítimas Feridas,Plena Noite,Decrescente,Céu Claro,Simples,Reta,Sim,2,0,1,0,1,0,1,2,"-17,308365","-41,518593",SPRF-MG,DEL11-MG,UOP01-DEL11-MG
384423.0,2021-09-18,sábado,23:25:00,MG,116.0,"484,8",DOM CAVATI,Acessar a via sem observar a presença dos outros veículos,Colisão transversal,Com Vítimas Feridas,Plena Noite,Crescente,Céu Claro,Simples,Interseção de vias,Não,4,0,0,2,1,1,2,3,"-19,4367023","-42,1257636",SPRF-MG,DEL06-MG,UOP02-DEL06-MG
384445.0,2021-09-19,domingo,04:20:00,MG,40.0,"41,4",PARACATU,Transitar na contramão,Colisão frontal,Com Vítimas Feridas,Plena Noite,Decrescente,Céu Claro,Simples,Curva,Sim,4,0,2,2,0,0,4,2,"-17,21271307","-46,87295209",SPRF-MG,DEL14-MG,UOP01-DEL14-MG
384468.0,2021-09-19,domingo,07:00:00,MG,381.0,831,SAO SEBASTIAO DA BELA VISTA,Ausência de reação do condutor,Saída de leito carroçável,Sem Vítimas,Pleno dia,Crescente,Céu Claro,Dupla,Retorno Regulamentado,Não,1,0,0,0,1,0,0,1,"-22,14509897","-45,81876904",SPRF-MG,DEL16-MG,UOP01-DEL16-MG
384477.0,2021-09-19,domingo,08:00:00,MG,40.0,"618,2",CONGONHAS,Velocidade Incompatível,Saída de leito carroçável,Com Vítimas Feridas,Pleno dia,Decrescente,Céu Claro,Simples,Curva,Não,1,0,1,0,0,0,1,1,"-20,5615888","-43,81227278",SPRF-MG,DEL05-MG,UOP02-DEL05-MG
384478.0,2021-09-19,domingo,07:50:00,MG,381.0,5,BETIM,Condutor deixou de manter distância do veículo da frente,Colisão traseira,Com Vítimas Feridas,Pleno dia,Crescente,Céu Claro,Dupla,Reta,Não,2,0,1,0,1,0,1,2,"-19,96825","-44,198708",SPRF-MG,DEL01-MG,UOP03-DEL01-MG
384479.0,2021-09-19,domingo,09:10:00,MG,365.0,"405,9",PATOS DE MINAS,Velocidade Incompatível,Saída de leito carroçável,Com Vítimas Feridas,Pleno dia,Crescente,Céu Claro,Simples,Curva,Não,2,0,0,1,0,1,1,1,"-18,63548589","-46,48266962",SPRF-MG,DEL10-MG,UOP01-DEL10-MG
384484.0,2021-09-19,domingo,09:10:00,MG,40.0,570,NOVA LIMA,Avarias e/ou desgaste excessivo no pneu,Queda de ocupante de veículo,Com Vítimas Feridas,Pleno dia,Decrescente,Céu Claro,Simples,Não Informado,Não,1,0,1,0,0,0,1,1,"-20,21286706","-43,97263241",SPRF-MG,DEL01-MG,UOP02-DEL01-MG
384491.0,2021-09-19,domingo,06:30:00,MG,364.0,"9,7",FRUTAL,Ausência de reação do condutor,Saída de leito carroçável,Com Vítimas Feridas,Pleno dia,Decrescente,Nublado,Simples,Desvio Temporário,Não,1,0,1,0,0,0,1,1,"-20,095947","-48,746772",SPRF-MG,DEL13-MG,UOP02-DEL13-MG
384500.0,2021-09-19,domingo,11:20:00,MG,40.0,"812,2",MATIAS BARBOSA,Reação tardia ou ineficiente do condutor,Colisão com objeto,Com Vítimas Feridas,Pleno dia,Decrescente,Céu Claro,Dupla,Curva,Não,3,0,1,1,0,1,2,1,"-21,881958","-43,329433",SPRF-MG,DEL05-MG,UOP01-DEL05-MG
384531.0,2021-09-19,domingo,14:50:00,MG,381.0,"402,5",BOM JESUS DO AMPARO,Transitar na contramão,Colisão frontal,Com Vítimas Feridas,Pleno dia,Crescente,Céu Claro,Simples,Rotatória,Não,2,0,0,1,1,0,1,2,"-19,75364097","-43,52827802",SPRF-MG,DEL01-MG,UOP01-DEL01-MG
384534.0,2021-09-19,domingo,12:50:00,MG,381.0,248,SANTANA DO PARAISO,Acessar a via sem observar a presença dos outros veículos,Colisão transversal,Com Vítimas Feridas,Pleno dia,Crescente,Céu Claro,Simples,Reta,Não,2,0,1,0,1,0,1,2,"-19,47088645","-42,53935557",SPRF-MG,DEL06-MG,UOP01-DEL06-MG
384583.0,2021-09-19,domingo,20:45:00,MG,365.0,846,SANTA VITORIA,Animais na Pista,Atropelamento de Animal,Com Vítimas Feridas,Plena Noite,Crescente,Céu Claro,Simples,Reta,Não,3,0,1,0,2,0,1,1,"-18,98327598","-50,29906904",SPRF-MG,DEL15-MG,UOP03-DEL15-MG
384606.0,2021-09-19,domingo,21:50:00,MG,50.0,"77,2",UBERLANDIA,Reação tardia ou ineficiente do condutor,Queda de ocupante de veículo,Com Vítimas Feridas,Plena Noite,Crescente,Céu Claro,Dupla,Não Informado,Sim,1,0,0,1,0,0,1,1,"-18,93730206","-48,21985245",SPRF-MG,DEL15-MG,UOP01-DEL15-MG
384647.0,2021-09-19,domingo,23:50:00,MG,381.0,"918,7",CAMANDUCAIA,Condutor Dormindo,Saída de leito carroçável,Com Vítimas Feridas,Plena Noite,Crescente,Ignorado,Dupla,Reta,Não,4,0,4,0,0,0,4,1,"-22,75436241","-46,14784062",SPRF-MG,DEL16-MG,UOP03-DEL16-MG
384655.0,2021-09-20,segunda-feira,03:30:00,MG,116.0,514,UBAPORANGA,Animais na Pista,Atropelamento de Animal,Com Vítimas Feridas,Plena Noite,Crescente,Nublado,Simples,Reta,Não,2,0,1,1,0,0,2,1,"-19,67880399","-42,11700024",SPRF-MG,DEL06-MG,UOP02-DEL06-MG
384663.0,2021-09-20,segunda-feira,05:50:00,MG,381.0,"477,5",CONTAGEM,Reação tardia ou ineficiente do condutor,Colisão traseira,Com Vítimas Feridas,Amanhecer,Decrescente,Céu Claro,Dupla,Reta,Sim,2,0,1,0,1,0,1,2,"-19,96179268","-44,05041676",SPRF-MG,DEL01-MG,UOP03-DEL01-MG
384669.0,2021-09-20,segunda-feira,04:15:00,MG,116.0,"581,8",MANHUACU,Animais na Pista,Atropelamento de Animal,Sem Vítimas,Plena Noite,Decrescente,Nublado,Simples,Curva,Não,3,0,0,0,3,0,0,1,"-20,19603401","-42,18344405",SPRF-MG,DEL06-MG,UOP04-DEL06-MG
384681.0,2021-09-20,segunda-feira,07:15:00,MG,40.0,477,SETE LAGOAS,Frear bruscamente,Queda de ocupante de veículo,Com Vítimas Feridas,Pleno dia,Crescente,Céu Claro,Dupla,Desvio Temporário,Sim,1,0,0,1,0,0,1,1,"-19,52130888","-44,26525586",SPRF-MG,DEL02-MG,UOP01-DEL02-MG
384716.0,2021-09-20,segunda-feira,08:55:00,MG,40.0,"716,1",BARBACENA,Pista Escorregadia,Tombamento,Com Vítimas Feridas,Pleno dia,Decrescente,Nublado,Múltipla,Curva,Não,1,0,1,0,0,0,1,1,"-21,25153502","-43,66402206",SPRF-MG,DEL05-MG,UOP01-DEL05-MG
384719.0,2021-09-20,segunda-feira,10:40:00,MG,381.0,"518,7",IGARAPE,Condutor usando celular,Saída de leito carroçável,Com Vítimas Feridas,Pleno dia,Decrescente,Céu Claro,Dupla,Não Informado,Não,1,0,0,1,0,0,1,1,"-20,12065395","-44,30242562",SPRF-MG,DEL04-MG,UOP03-DEL04-MG
384732.0,2021-09-20,segunda-feira,11:45:00,MG,381.0,"756,9",TRES CORACOES,Ausência de reação do condutor,Capotamento,Com Vítimas Feridas,Pleno dia,Crescente,Céu Claro,Dupla,Reta,Não,7,0,2,1,4,0,3,1,"-21,6960517","-45,36128707",SPRF-MG,DEL16-MG,UOP02-DEL16-MG