id,data_inversa,dia_semana,horario,uf,br,km,municipio,causa_acidente,tipo_acidente,classificacao_acidente,fase_dia,sentido_via,condicao_metereologica,tipo_pista,tracado_via,uso_solo,pessoas,mortos,feridos_leves,feridos_graves,ilesos,ignorados,feridos,veiculos,latitude,longitude,regional,delegacia,uop
384741.0,2021-09-20,segunda-feira,14:15:00,MG,381.0,360,JOAO MONLEVADE,Acessar a via sem observar a presença dos outros veículos,Colisão transversal,Com Vítimas Feridas,Pleno dia,Decrescente,Céu Claro,Simples,Curva,Sim,3,0,1,0,2,0,1,2,"-19,84107778","-43,19920282",SPRF-MG,DEL03-MG,UOP01-DEL03-MG
384762.0,2021-09-20,segunda-feira,11:30:00,MG,116.0,"136,7",PONTO DOS VOLANTES,Acessar a via sem observar a presença dos outros veículos,Colisão frontal,Com Vítimas Feridas,Pleno dia,Crescente,Céu Claro,Simples,Reta,Sim,2,0,0,1,1,0,1,2,"-16,74070098","-41,50618287",SPRF-MG,DEL11-MG,UOP02-DEL11-MG
384763.0,2021-09-20,segunda-feira,15:30:00,MG,381.0,519,IGARAPE,Reação tardia ou ineficiente do condutor,Saída de leito carroçável,Com Vítimas Feridas,Pleno dia,Crescente,Céu Claro,Dupla,Curva,Não,1,0,1,0,0,0,1,1,"-20,12834104","-44,30330781",SPRF-MG,DEL04-MG,UOP03-DEL04-MG
384771.0,2021-09-20,segunda-feira,16:30:00,MG,381.0,"486,7",BETIM,Condutor deixou de manter distância do veículo da frente,Colisão traseira,Com Vítimas Feridas,Anoitecer,Crescente,Céu Claro,Dupla,Reta,Sim,2,0,1,0,1,0,1,2,"-19,95644414","-44,13611598",SPRF-MG,DEL01-MG,UOP03-DEL01-MG
384784.0,2021-09-20,segunda-feira,13:00:00,MG,381.0,"928,6",ITAPEVA,Demais falhas mecânicas ou elétricas,Queda de ocupante de veículo,Com Vítimas Feridas,Pleno dia,Crescente,Sol,Dupla,Reta,Não,2,0,2,0,0,0,2,1,"-22,79564412","-46,25379582",SPRF-MG,DEL16-MG,UOP03-DEL16-MG
384810.0,2021-09-20,segunda-feira,20:50:00,MG,40.0,564,NOVA LIMA,Reação tardia ou ineficiente do condutor,Queda de ocupante de veículo,Com Vítimas Feridas,Plena Noite,Crescente,Céu Claro,Simples,Reta,Não,1,0,0,1,0,0,1,1,"-20,16086012","-43,96464349",SPRF-MG,DEL01-MG,UOP02-DEL01-MG
384820.0,2021-09-20,segunda-feira,19:47:00,MG,40.0,"281,9",TRES MARIAS,Ingestão de álcool ou de substâncias psicoativas pelo pedestre,Atropelamento de Pedestre,Com Vítimas Fatais,Plena Noite,Decrescente,Céu Claro,Simples,Curva,Sim,2,1,0,0,1,0,0,1,"-18,24214561","-45,2080525",SPRF-MG,DEL14-MG,UOP02-DEL14-MG
384846.0,2021-09-21,terça-feira,05:30:00,MG,365.0,621,UBERLANDIA,Reação tardia ou ineficiente do condutor,Colisão lateral mesmo sentido,Com Vítimas Feridas,Amanhecer,Crescente,Céu Claro,Dupla,Não Informado,Sim,2,0,0,1,1,0,1,2,"-18,9048022","-48,29052803",SPRF-MG,DEL15-MG,UOP01-DEL15-MG
384914.0,2021-09-21,terça-feira,11:30:00,MG,262.0,811,UBERABA,Reação tardia ou ineficiente do condutor,Colisão com objeto,Com Vítimas Feridas,Pleno dia,Decrescente,Céu Claro,Dupla,Reta,Sim,1,0,1,0,0,0,1,1,"-19,76527861","-48,11638905",SPRF-MG,DEL13-MG,UOP01-DEL13-MG
384957.0,2021-09-21,terça-feira,17:40:00,MG,356.0,"267,4",MURIAE,Desrespeitar a preferência no cruzamento,Colisão transversal,Com Vítimas Feridas,Anoitecer,Decrescente,Nublado,Simples,Interseção de vias,Sim,2,0,2,0,0,0,2,2,"-21,12570874","-42,35264193",SPRF-MG,DEL07-MG,UOP02-DEL07-MG
384964.0,2021-07-23,sexta-feira,21:45:00,MG,365.0,"739,7",ITUIUTABA,Velocidade Incompatível,Saída de leito carroçável,Com Vítimas Feridas,Plena Noite,Decrescente,Céu Claro,Simples,Reta,Não,1,0,0,1,0,0,1,1,"-18,91153423","-49,36367595",SPRF-MG,DEL15-MG,UOP03-DEL15-MG
384989.0,2021-09-21,terça-feira,23:00:00,MG,381.0,"486,9",BETIM,Pedestre andava na pista,Atropelamento de Pedestre,Com Vítimas Feridas,Plena Noite,Decrescente,Céu Claro,Dupla,Reta,Sim,2,0,0,1,1,0,1,1,"-19,95644414","-44,13611598",SPRF-MG,DEL01-MG,UOP03-DEL01-MG
384996.0,2021-09-22,quarta-feira,02:40:00,MG,40.0,"787,4",JUIZ DE FORA,Condutor Dormindo,Saída de leito carroçável,Com Vítimas Feridas,Plena Noite,Decrescente,Céu Claro,Dupla,Curva,Não,6,0,6,0,0,0,6,1,"-21,75855809","-43,44100557",SPRF-MG,DEL05-MG,UOP01-DEL05-MG
384997.0,2021-09-21,terça-feira,21:30:00,MG,116.0,"365,5",FREI INOCENCIO,Ultrapassagem Indevida,Saída de leito carroçável,Com Vítimas Feridas,Plena Noite,Decrescente,Nublado,Simples,Reta,Não,1,0,0,1,0,0,1,1,"-18,49940817","-41,87537875",SPRF-MG,DEL11-MG,UOP01-DEL11-MG
385011.0,2021-09-22,quarta-feira,06:00:00,MG,50.0,176,UBERABA,Reação tardia ou ineficiente do condutor,Tombamento,Com Vítimas Feridas,Amanhecer,Decrescente,Céu Claro,Dupla,Desvio Temporário,Sim,2,0,1,0,0,1,1,1,"-19,77919981","-47,960032",SPRF-MG,DEL13-MG,UOP01-DEL13-MG
385013.0,2021-09-22,quarta-feira,07:00:00,MG,381.0,"503,6",BETIM,Manobra de mudança de faixa,Colisão lateral mesmo sentido,Com Vítimas Feridas,Pleno dia,Crescente,Céu Claro,Múltipla,Reta,Sim,2,0,1,0,1,0,1,2,"-20,03787005","-44,24949646",SPRF-MG,DEL01-MG,UOP03-DEL01-MG
385040.0,2021-09-22,quarta-feira,11:20:00,MG,381.0,1,BETIM,Reação tardia ou ineficiente do condutor,Colisão traseira,Com Vítimas Feridas,Pleno dia,Decrescente,Céu Claro,Dupla,Reta,Sim,2,0,1,0,1,0,1,2,"-19,96825","-44,198708",SPRF-MG,DEL01-MG,UOP03-DEL01-MG
385041.0,2021-09-22,quarta-feira,11:20:00,MG,459.0,106,POUSO ALEGRE,Condutor deixou de manter distância do veículo da frente,Colisão traseira,Sem Vítimas,Pleno dia,Crescente,Sol,Simples,Reta,Sim,2,0,0,0,2,0,0,2,"-22,23387","-45,898136",SPRF-MG,DEL16-MG,UOP01-DEL16-MG
385047.0,2021-09-22,quarta-feira,10:40:00,MG,50.0,"22,7",ARAGUARI,Avarias e/ou desgaste excessivo no pneu,Colisão com objeto,Com Vítimas Feridas,Pleno dia,Crescente,Céu Claro,Dupla,Não Informado,Não,2,0,0,1,0,1,1,1,"-18,60474","-48,051437",SPRF-MG,DEL15-MG,UOP02-DEL15-MG
385055.0,2021-09-22,quarta-feira,10:15:00,MG,365.0,651,UBERLANDIA,Velocidade Incompatível,Saída de leito carroçável,Com Vítimas Feridas,Pleno dia,Decrescente,Céu Claro,Dupla,Não Informado,Não,2,0,2,0,0,0,2,1,"-18,86673737","-48,5728848",SPRF-MG,DEL15-MG,UOP01-DEL15-MG
385062.0,2021-09-22,quarta-feira,10:20:00,MG,116.0,"207,1",CATUJI,Transitar na contramão,Colisão lateral sentido oposto,Sem Vítimas,Pleno dia,Decrescente,Céu Claro,Simples,Reta,Sim,2,0,0,0,2,0,0,2,"-17,30002412","-41,51688834",SPRF-MG,DEL11-MG,UOP01-DEL11-MG
385087.0,2021-09-22,quarta-feira,15:45:00,MG,251.0,"316,5",MONTES CLAROS,Acessar a via sem observar a presença dos outros veículos,Colisão transversal,Com Vítimas Feridas,Pleno dia,Crescente,Sol,Simples,Reta,Não,3,0,0,1,1,1,1,2,"-16,66055591","-43,75217401",SPRF-MG,DEL12-MG,UOP01-DEL12-MG
385096.0,2021-09-05,domingo,10:30:00,MG,40.0,"735,9",SANTOS DUMONT,Manobra de mudança de faixa,Colisão lateral mesmo sentido,Com Vítimas Feridas,Pleno dia,Decrescente,Céu Claro,Dupla,Curva,Não,3,0,1,0,2,0,1,2,"-21,37012696","-43,57558994",SPRF-MG,DEL05-MG,UOP01-DEL05-MG
385101.0,2021-08-27,sexta-feira,20:30:00,MG,459.0,83,CONGONHAL,Acessar a via sem observar a presença dos outros veículos,Colisão transversal,Com Vítimas Feridas,Plena Noite,Decrescente,Nublado,Simples,Reta,Sim,2,0,0,1,0,1,1,2,"-22,15107018","-46,04727387",SPRF-MG,DEL09-MG,UOP01-DEL09-MG
385132.0,2021-09-22,quarta-feira,20:40:00,MG,50.0,53,ARAGUARI,Reação tardia ou ineficiente do condutor,Colisão com objeto,Com Vítimas Feridas,Plena Noite,Crescente,Céu Claro,Dupla,Curva,Não,1,0,1,0,0,0,1,1,"-18,759049","-48,24054499",SPRF-MG,DEL15-MG,UOP02-DEL15-MG
385162.0,2021-09-22,quarta-feira,18:30:00,MG,116.0,528,CARATINGA,Acessar a via sem observar a presença dos outros veículos,Colisão transversal,Com Vítimas Feridas,Anoitecer,Decrescente,Céu Claro,Simples,Interseção de vias,Sim,2,0,1,0,1,0,1,2,"-19,794033","-42,13731414",SPRF-MG,DEL06-MG,UOP02-DEL06-MG
385176.0,2021-09-23,quinta-feira,05:10:00,MG,50.0,16,UBERLANDIA,Animais na Pista,Atropelamento de Animal,Com Vítimas Feridas,Amanhecer,Crescente,Céu Claro,Dupla,Reta,Sim,1,0,0,1,0,0,1,1,"-18,9113","-48,2622",SPRF-MG,DEL15-MG,UOP01-DEL15-MG
385205.0,2021-07-29,quinta-feira,13:50:00,MG,381.0,452,SABARA,Pedestre andava na pista,Atropelamento de Pedestre,Com Vítimas Feridas,Pleno dia,Crescente,Céu Claro,Simples,Reta,Não,2,0,1,1,0,0,2,1,"-19,84339604","-43,88596993",SPRF-MG,DEL01-MG,UOP01-DEL01-MG
385230.0,2021-09-23,quinta-feira,11:15:00,MG,365.0,"619,8",UBERLANDIA,Desrespeitar a preferência no cruzamento,Colisão transversal,Com Vítimas Feridas,Pleno dia,Decrescente,Sol,Múltipla,Não Informado,Sim,2,0,0,1,1,0,1,2,"-18,89926195","-48,27319804",SPRF-MG,DEL15-MG,UOP01-DEL15-MG
385242.0,2021-09-23,quinta-feira,11:00:00,MG,381.0,510,SAO JOAQUIM DE BICAS,Conversão proibida,Colisão transversal,Com Vítimas Feridas,Pleno dia,Crescente,Céu Claro,Simples,Reta,Não,2,0,0,1,0,1,1,2,"-20,07738209","-44,30434488",SPRF-MG,DEL01-MG,UOP03-DEL01-MG
385244.0,2021-09-23,quinta-feira,10:00:00,MG,153.0,"22,8",CENTRALINA,Ausência de reação do condutor,Saída de leito carroçável,Sem Vítimas,Pleno dia,Crescente,Céu Claro,Dupla,Reta,Não,1,0,0,0,1,0,0,1,"-18,61511099","-49,19148491",SPRF-MG,DEL15-MG,UOP03-DEL15-MG
385257.0,2021-09-23,quinta-feira,15:30:00,MG,381.0,"490,2",BETIM,Condutor deixou de manter distância do veículo da frente,Colisão traseira,Com Vítimas Feridas,Pleno dia,Crescente,Céu Claro,Múltipla,Reta,Sim,2,0,1,0,1,0,1,2,"-19,95617657","-44,14412152",SPRF-MG,DEL01-MG,UOP03-DEL01-MG
385309.0,2021-09-23,quinta-feira,19:45:00,MG,381.0,"480,5",CONTAGEM,Ultrapassagem Indevida,Colisão lateral mesmo sentido,Sem Vítimas,Pleno dia,Crescente,Céu Claro,Dupla,Reta,Sim,2,0,0,0,1,1,0,2,"-19,95749597","-44,07899901",SPRF-MG,DEL01-MG,UOP03-DEL01-MG
385311.0,2021-09-23,quinta-feira,18:40:00,MG,381.0,"485,2",BETIM,Manobra de mudança de faixa,Colisão lateral mesmo sentido,Com Vítimas Feridas,Plena Noite,Crescente,Céu Claro,Dupla,Reta,Sim,2,0,1,0,1,0,1,2,"-19,95659361","-44,12622893",SPRF-MG,DEL01-MG,UOP03-DEL01-MG
385334.0,2021-09-24,sexta-feira,01:00:00,MG,365.0,"778,8",ITUIUTABA,Condutor Dormindo,Saída de leito carroçável,Com Vítimas Feridas,Plena Noite,Decrescente,Céu Claro,Simples,Reta,Não,2,0,1,0,0,1,1,1,"-18,95778027","-49,69867601",SPRF-MG,DEL15-MG,UOP03-DEL15-MG
385379.0,2021-09-20,segunda-feira,03:00:00,MG,,,SAO DOMINGOS DO PRATA,Pista esburacada,Tombamento,Sem Vítimas,Plena Noite,Não Informado,Céu Claro,Simples,Curva,Não,2,0,0,0,0,2,0,1,"-19,95541508","-42,86991009",SPRF-MG,DEL03-MG,UOP03-DEL03-MG
385383.0,2021-09-24,sexta-feira,09:30:00,MG,116.0,"276,5",TEOFILO OTONI,Velocidade Incompatível,Colisão traseira,Com Vítimas Feridas,Pleno dia,Crescente,Céu Claro,Múltipla,Reta,Sim,2,0,1,0,1,0,1,2,"-17,85105696","-41,51454492",SPRF-MG,DEL11-MG,UOP01-DEL11-MG
385427.0,2021-09-24,sexta-feira,15:00:00,MG,262.0,427,SAO GONCALO DO PARA,Velocidade Incompatível,Capotamento,Com Vítimas Feridas,Pleno dia,Crescente,Céu Claro,Dupla,Desvio Temporário,Não,3,0,3,0,0,0,3,1,"-19,8850241","-44,77734698",SPRF-MG,DEL08-MG,UOP03-DEL08-MG
385451.0,2021-09-24,sexta-feira,16:40:00,MG,40.0,"661,2",CARANDAI,Reação tardia ou ineficiente do condutor,Tombamento,Com Vítimas Feridas,Pleno dia,Crescente,Céu Claro,Simples,Curva,Não,1,0,0,1,0,0,1,1,"-20,91033493","-43,82909775",SPRF-MG,DEL05-MG,UOP02-DEL05-MG
385456.0,2021-09-24,sexta-feira,17:10:00,MG,40.0,570,ITABIRITO,Condutor deixou de manter distância do veículo da frente,Colisão lateral mesmo sentido,Com Vítimas Feridas,Pleno dia,Decrescente,Céu Claro,Simples,Não Informado,Sim,3,0,0,1,1,1,1,3,"-20,21286706","-43,97263241",SPRF-MG,DEL01-MG,UOP02-DEL01-MG
385476.0,2021-09-24,sexta-feira,18:30:00,MG,365.0,591,UBERLANDIA,Ausência de reação do condutor,Colisão transversal,Com Vítimas Feridas,Anoitecer,Crescente,Céu Claro,Simples,Desvio Temporário,Não,2,0,2,0,0,0,2,2,"-18,8814331","-48,05229199",SPRF-MG,DEL15-MG,UOP02-DEL15-MG
385497.0,2021-09-24,sexta-feira,18:30:00,MG,50.0,59,UBERLANDIA,Chuva,Saída de leito carroçável,Com Vítimas Feridas,Plena Noite,Decrescente,Chuva,Dupla,Não Informado,Não,3,0,2,0,1,0,2,1,"-18,80182592","-48,23899615",SPRF-MG,DEL15-MG,UOP02-DEL15-MG
385513.0,2021-09-24,sexta-feira,18:00:00,MG,116.0,"284,6",TEOFILO OTONI,Objeto estático sobre o leito carroçável,Tombamento,Com Vítimas Feridas,Plena Noite,Crescente,Céu Claro,Simples,Não Informado,Não,3,0,0,1,2,0,1,3,"-17,91853602","-41,52729437",SPRF-MG,DEL11-MG,UOP01-DEL11-MG
385527.0,2021-09-24,sexta-feira,18:35:00,MG,40.0,"660,1",CARANDAI,Ausência de reação do condutor,Colisão frontal,Sem Vítimas,Plena Noite,Crescente,Nublado,Simples,Reta,Sim,2,0,0,0,2,0,0,2,"-20,89806015","-43,8232099",SPRF-MG,DEL05-MG,UOP02-DEL05-MG
385547.0,2021-09-25,sábado,00:05:00,MG,381.0,"940,5",EXTREMA,Velocidade Incompatível,Tombamento,Com Vítimas Fatais,Plena Noite,Decrescente,Céu Claro,Dupla,Curva,Não,1,1,0,0,0,0,0,1,"-22,82397246","-46,30771637",SPRF-MG,DEL16-MG,UOP03-DEL16-MG
385583.0,2021-09-25,sábado,01:30:00,MG,262.0,407,PARA DE MINAS,Condutor Dormindo,Saída de leito carroçável,Sem Vítimas,Plena Noite,Crescente,Céu Claro,Dupla,Reta,Não,1,0,0,0,1,0,0,1,"-19,88288286","-44,60782994",SPRF-MG,DEL01-MG,UOP03-DEL01-MG
385609.0,2021-09-05,domingo,16:40:00,MG,381.0,"429,9",CAETE,Velocidade Incompatível,Saída de leito carroçável,Com Vítimas Feridas,Pleno dia,Crescente,Céu Claro,Dupla,Não Informado,Não,2,0,0,2,0,0,2,1,"-19,78663743","-43,71433695",SPRF-MG,DEL01-MG,UOP01-DEL01-MG
385623.0,2021-09-25,sábado,10:15:00,MG,381.0,"449,9",SABARA,Acumulo de óleo sobre o pavimento,Tombamento,Com Vítimas Feridas,Pleno dia,Crescente,Nublado,Dupla,Reta,Não,2,0,2,0,0,0,2,1,"-19,84130639","-43,87176902",SPRF-MG,DEL01-MG,UOP01-DEL01-MG
385632.0,2021-09-25,sábado,07:30:00,MG,116.0,"276,4",TEOFILO OTONI,Pedestre cruzava a pista fora da faixa,Atropelamento de Pedestre,Com Vítimas Feridas,Pleno dia,Crescente,Céu Claro,Simples,Reta,Sim,4,0,2,0,0,2,2,1,"-17,85105696","-41,51454492",SPRF-MG,DEL11-MG,UOP01-DEL11-MG
385639.0,2021-09-25,sábado,11:20:00,MG,381.0,"637,5",SANTO ANTONIO DO AMPARO,Velocidade Incompatível,Saída de leito carroçável,Com Vítimas Feridas,Pleno dia,Decrescente,Céu Claro,Dupla,Curva,Não,2,0,1,1,0,0,2,1,"-20,89963404","-44,85537595",SPRF-MG,DEL04-MG,UOP01-DEL04-MG
385649.0,2021-09-25,sábado,10:10:00,MG,40.0,221,JOAO PINHEIRO,Acostamento em desnível,Tombamento,Com Vítimas Feridas,Pleno dia,Decrescente,Céu Claro,Simples,Reta,Não,6,0,2,2,2,0,4,1,"-17,96602714","-45,64114504",SPRF-MG,DEL14-MG,UOP02-DEL14-MG
385661.0,2021-09-25,sábado,13:00:00,MG,381.0,"638,5",SANTO ANTONIO DO AMPARO,Ausência de reação do condutor,Saída de leito carroçável,Com Vítimas Feridas,Pleno dia,Decrescente,Céu Claro,Dupla,Reta,Não,2,0,1,0,1,0,1,1,"-20,90711508","-44,86007488",SPRF-MG,DEL04-MG,UOP01-DEL04-MG
385662.0,2021-08-08,domingo,18:30:00,MG,116.0,"686,2",MURIAE,Ingestão de álcool pelo condutor,Colisão frontal,Com Vítimas Feridas,Anoitecer,Crescente,Céu Claro,Simples,Reta,Não,7,0,4,0,3,0,4,2,"-20,97662737","-42,35497713",SPRF-MG,DEL07-MG,UOP02-DEL07-MG
385670.0,2021-09-25,sábado,15:00:00,MG,381.0,502,BETIM,Ingestão de álcool e/ou substâncias psicoativas pelo pedestre,Colisão lateral mesmo sentido,Sem Vítimas,Pleno dia,Crescente,Céu Claro,Dupla,Reta,Sim,2,0,0,0,2,0,0,2,"-20,03619694","-44,24586303",SPRF-MG,DEL01-MG,UOP03-DEL01-MG
385676.0,2021-09-25,sábado,16:30:00,MG,40.0,"622,7",CONSELHEIRO LAFAIETE,Avarias e/ou desgaste excessivo no pneu,Queda de ocupante de veículo,Com Vítimas Feridas,Pleno dia,Decrescente,Céu Claro,Simples,Não Informado,Não,2,0,1,0,1,0,1,1,"-20,604833","-43,807666",SPRF-MG,DEL05-MG,UOP02-DEL05-MG
385693.0,2021-09-25,sábado,17:10:00,MG,116.0,"276,3",TEOFILO OTONI,Transitar na contramão,Colisão frontal,Com Vítimas Feridas,Pleno dia,Crescente,Nublado,Dupla,Curva,Sim,2,0,1,0,1,0,1,2,"-17,85105696","-41,51454492",SPRF-MG,DEL11-MG,UOP01-DEL11-MG
385726.0,2021-09-25,sábado,19:30:00,MG,40.0,"797,1",JUIZ DE FORA,Velocidade Incompatível,Colisão traseira,Com Vítimas Feridas,Plena Noite,Crescente,Chuva,Dupla,Reta,Não,6,0,1,0,4,1,1,2,"-21,81520106","-43,38621008",SPRF-MG,DEL05-MG,UOP01-DEL05-MG
385756.0,2021-09-25,sábado,21:40:00,MG,116.0,"397,1",GOVERNADOR VALADARES,Condutor Dormindo,Colisão frontal,Com Vítimas Feridas,Plena Noite,Decrescente,Céu Claro,Simples,Reta,Não,4,0,0,1,1,2,1,2,"-18,75570099","-41,98568765",SPRF-MG,DEL06-MG,UOP01-DEL06-MG
385796.0,2021-09-26,domingo,03:30:00,MG,40.0,658,CARANDAI,Condutor Dormindo,Capotamento,Com Vítimas Feridas,Plena Noite,Decrescente,Céu Claro,Simples,Reta,Não,1,0,1,0,0,0,1,1,"-20,88523519","-43,80990585",SPRF-MG,DEL05-MG,UOP02-DEL05-MG
385805.0,2021-09-26,domingo,03:00:00,MG,262.0,"1,9",MARTINS SOARES,Animais na Pista,Atropelamento de Animal,Com Vítimas Fatais,Plena Noite,Crescente,Céu Claro,Simples,Curva,Não,4,1,0,1,0,2,1,1,"-20,26789503","-41,7770879",SPRF-MG,DEL06-MG,UOP04-DEL06-MG
385807.0,2021-09-25,sábado,20:45:00,MG,365.0,789,SANTA VITORIA,Obras na pista,Saída de leito carroçável,Sem Vítimas,Plena Noite,Decrescente,Céu Claro,Simples,Não Informado,Não,1,0,0,0,1,0,0,1,"-18,88778268","-50,02950668",SPRF-MG,DEL15-MG,UOP03-DEL15-MG
385812.0,2021-09-26,domingo,06:10:00,MG,116.0,"753,8",LEOPOLDINA,Condutor Dormindo,Colisão frontal,Com Vítimas Fatais,Pleno dia,Crescente,Céu Claro,Simples,Não Informado,Não,2,2,0,0,0,0,0,2,"-21,47568319","-42,56682787",SPRF-MG,DEL07-MG,UOP01-DEL07-MG
385829.0,2021-09-10,sexta-feira,16:30:00,MG,267.0,"200,9",BOM JARDIM DE MINAS,Pista Escorregadia,Colisão lateral sentido oposto,Sem Vítimas,Pleno dia,Crescente,Garoa/Chuvisco,Simples,Curva,Não,2,0,0,0,2,0,0,2,"-21,93311108","-44,08851501",SPRF-MG,DEL05-MG,UOP01-DEL05-MG
385832.0,2021-09-26,domingo,09:00:00,MG,381.0,519,IGARAPE,Pista Escorregadia,Colisão com objeto,Com Vítimas Feridas,Pleno dia,Crescente,Nublado,Dupla,Curva,Sim,1,0,1,0,0,0,1,1,"-20,12834104","-44,30330781",SPRF-MG,DEL04-MG,UOP03-DEL04-MG
385846.0,2021-09-26,domingo,00:15:00,MG,365.0,757,ITUIUTABA,Velocidade Incompatível,Tombamento,Com Vítimas Feridas,Plena Noite,Decrescente,Céu Claro,Dupla,Reta,Não,1,0,1,0,0,0,1,1,"-18,96358968","-49,4773831",SPRF-MG,DEL15-MG,UOP03-DEL15-MG
385847.0,2021-09-26,domingo,09:15:00,MG,262.0,702,ARAXA,Ausência de reação do condutor,Capotamento,Com Vítimas Feridas,Pleno dia,Crescente,Céu Claro,Simples,Não Informado,Não,1,0,1,0,0,0,1,1,"-19,58685087","-47,07263107",SPRF-MG,DEL08-MG,UOP01-DEL08-MG
385849.0,2021-09-23,quinta-feira,05:45:00,MG,381.0,915,CAMANDUCAIA,Frear bruscamente,Colisão traseira,Com Vítimas Feridas,Amanhecer,Decrescente,Céu Claro,Dupla,Reta,Não,2,0,1,0,1,0,1,2,"-22,76087082","-46,16278597",SPRF-MG,DEL16-MG,UOP03-DEL16-MG
385877.0,2021-09-26,domingo,13:50:00,MG,40.0,"751,6",SANTOS DUMONT,Demais falhas mecânicas ou elétricas,Tombamento,Com Vítimas Feridas,Pleno dia,Crescente,Céu Claro,Simples,Curva,Não,1,0,1,0,0,0,1,1,"-21,46537559","-43,56167779",SPRF-MG,DEL05-MG,UOP01-DEL05-MG
385892.0,2021-09-26,domingo,13:45:00,MG,381.0,499,BETIM,Condutor deixou de manter distância do veículo da frente,Colisão traseira,Com Vítimas Feridas,Pleno dia,Decrescente,Céu Claro,Múltipla,Reta,Sim,3,0,2,0,0,1,2,2,"-20,01792651","-44,2261448",SPRF-MG,DEL01-MG,UOP03-DEL01-MG
385911.0,2021-09-26,domingo,15:40:00,MG,356.0,"265,9",MURIAE,Ingestão de álcool pelo condutor,Colisão traseira,Sem Vítimas,Pleno dia,Crescente,Nublado,Simples,Curva,Sim,4,0,0,0,4,0,0,2,"-21,12823134","-42,35802453",SPRF-MG,DEL07-MG,UOP02-DEL07-MG
385916.0,2021-09-26,domingo,17:00:00,MG,40.0,507,RIBEIRAO DAS NEVES,Condutor Dormindo,Colisão com objeto,Com Vítimas Feridas,Pleno dia,Decrescente,Céu Claro,Dupla,Reta,Sim,1,0,1,0,0,0,1,1,"-19,75431705","-44,14152606",SPRF-MG,DEL02-MG,UOP01-DEL02-MG
385923.0,2021-09-26,domingo,11:30:00,MG,116.0,"487,1",INHAPIM,Condutor Dormindo,Colisão frontal,Com Vítimas Feridas,Pleno dia,Decrescente,Céu Claro,Simples,Interseção de vias,Não,2,0,0,1,1,0,1,2,"-19,45138982","-42,12752114",SPRF-MG,DEL06-MG,UOP02-DEL06-MG
385928.0,2021-09-21,terça-feira,20:30:00,MG,116.0,"275,9",TEOFILO OTONI,Manobra de mudança de faixa,Colisão lateral mesmo sentido,Com Vítimas Feridas,Plena Noite,Crescente,Nublado,Simples,Reta,Sim,1,0,0,1,0,0,1,1,"-17,84235093","-41,51410418",SPRF-MG,DEL11-MG,UOP01-DEL11-MG
385934.0,2021-09-26,domingo,18:00:00,MG,381.0,488,BETIM,Condutor deixou de manter distância do veículo da frente,Engavetamento,Com Vítimas Feridas,Anoitecer,Decrescente,Céu Claro,Dupla,Reta,Sim,4,0,1,0,3,0,1,3,"-19,9598656","-44,15489715",SPRF-MG,DEL01-MG,UOP03-DEL01-MG
385941.0,2021-09-26,domingo,18:05:00,MG,381.0,266,TIMOTEO,Acessar a via sem observar a presença dos outros veículos,Colisão frontal,Com Vítimas Feridas,Anoitecer,Crescente,Céu Claro,Simples,Reta,Não,4,0,3,0,1,0,3,2,"-19,52951513","-42,67168275",SPRF-MG,DEL03-MG,UOP02-DEL03-MG
385942.0,2021-09-26,domingo,19:10:00,MG,381.0,"449,9",SANTA LUZIA,Pedestre cruzava a pista fora da faixa,Atropelamento de Pedestre,Com Vítimas Feridas,Anoitecer,Decrescente,Céu Claro,Simples,Reta,Sim,2,0,0,1,1,0,1,1,"-19,82635358","-43,83577108",SPRF-MG,DEL01-MG,UOP01-DEL01-MG
385956.0,2021-09-26,domingo,20:25:00,MG,381.0,348,BELA VISTA DE MINAS,Velocidade Incompatível,Colisão frontal,Com Vítimas Feridas,Plena Noite,Crescente,Céu Claro,Simples,Curva,Não,8,0,8,0,0,0,8,2,"-19,85890689","-43,10727423",SPRF-MG,DEL03-MG,UOP01-DEL03-MG
385957.0,2021-09-26,domingo,17:20:00,MG,50.0,198,DELTA,Ausência de reação do condutor,Colisão com objeto,Sem Vítimas,Anoitecer,Decrescente,Chuva,Dupla,Reta,Não,1,0,0,0,1,0,0,1,"-19,91852802","-47,82724402",SPRF-MG,DEL13-MG,UOP01-DEL13-MG
385960.0,2021-09-26,domingo,17:30:00,MG,381.0,"938,5",EXTREMA,Velocidade Incompatível,Capotamento,Com Vítimas Feridas,Pleno dia,Crescente,Chuva,Dupla,Curva,Não,2,0,1,0,1,0,1,1,"-22,83909203","-46,32850893",SPRF-MG,DEL16-MG,UOP03-DEL16-MG
385964.0,2021-09-26,domingo,17:06:00,MG,459.0,83,CONGONHAL,Acessar a via sem observar a presença dos outros veículos,Colisão transversal,Sem Vítimas,Pleno dia,Crescente,Chuva,Simples,Reta,Sim,2,0,0,0,2,0,0,2,"-22,151064","-46,046464",SPRF-MG,DEL09-MG,UOP01-DEL09-MG