id,data_inversa,dia_semana,horario,uf,br,km,municipio,causa_acidente,tipo_acidente,classificacao_acidente,fase_dia,sentido_via,condicao_metereologica,tipo_pista,tracado_via,uso_solo,pessoas,mortos,feridos_leves,feridos_graves,ilesos,ignorados,feridos,veiculos,latitude,longitude,regional,delegacia,uop
385965.0,2021-09-26,domingo,18:30:00,MG,40.0,"626,5",CONSELHEIRO LAFAIETE,Área urbana sem a presença de local apropriado para a travessia de pedestres,Atropelamento de Pedestre,Com Vítimas Feridas,Anoitecer,Decrescente,Garoa/Chuvisco,Simples,Reta,Sim,2,0,0,1,1,0,1,1,"-20,63372533","-43,8128286",SPRF-MG,DEL05-MG,UOP02-DEL05-MG
385974.0,2021-09-26,domingo,18:20:00,MG,50.0,198,UBERABA,Ausência de reação do condutor,Colisão lateral mesmo sentido,Sem Vítimas,Plena Noite,Decrescente,Garoa/Chuvisco,Múltipla,Reta,Não,3,0,0,0,3,0,0,3,"-19,91852802","-47,82724402",SPRF-MG,DEL13-MG,UOP01-DEL13-MG
385980.0,2021-09-26,domingo,16:00:00,MG,381.0,"929,5",ITAPEVA,Chuva,Capotamento,Com Vítimas Feridas,Pleno dia,Crescente,Chuva,Dupla,Curva,Não,1,0,1,0,0,0,1,1,"-22,79911462","-46,26123692",SPRF-MG,DEL16-MG,UOP03-DEL16-MG
385981.0,2021-09-26,domingo,17:30:00,MG,381.0,"938,2",EXTREMA,Chuva,Saída de leito carroçável,Com Vítimas Feridas,Anoitecer,Crescente,Chuva,Dupla,Curva,Não,1,0,1,0,0,0,1,1,"-22,83909203","-46,32850893",SPRF-MG,DEL16-MG,UOP03-DEL16-MG
386001.0,2021-09-26,domingo,21:50:00,MG,262.0,484,BOM DESPACHO,Ingestão de álcool pelo condutor,Colisão frontal,Sem Vítimas,Plena Noite,Crescente,Céu Claro,Simples,Reta,Não,2,0,0,0,2,0,0,2,"-19,78539973","-45,28487104",SPRF-MG,DEL08-MG,UOP03-DEL08-MG
386012.0,2021-09-26,domingo,23:47:00,MG,365.0,"622,4",UBERLANDIA,Pedestre cruzava a pista fora da faixa,Atropelamento de Pedestre,Com Vítimas Fatais,Plena Noite,Decrescente,Céu Claro,Dupla,Reta,Sim,3,1,0,0,1,1,0,1,"-18,90751667","-48,29937209",SPRF-MG,DEL15-MG,UOP01-DEL15-MG
386043.0,2021-09-27,segunda-feira,06:20:00,MG,381.0,154,GOVERNADOR VALADARES,Reação tardia ou ineficiente do condutor,Saída de leito carroçável,Com Vítimas Feridas,Pleno dia,Crescente,Céu Claro,Simples,Reta,Sim,1,0,1,0,0,0,1,1,"-18,85512261","-41,98442459",SPRF-MG,DEL06-MG,UOP01-DEL06-MG
386044.0,2021-09-27,segunda-feira,06:45:00,MG,40.0,512,RIBEIRAO DAS NEVES,Condutor deixou de manter distância do veículo da frente,Colisão traseira,Com Vítimas Feridas,Pleno dia,Crescente,Céu Claro,Dupla,Reta,Sim,3,0,1,0,2,0,1,3,"-19,78946999","-44,11290699",SPRF-MG,DEL01-MG,UOP02-DEL01-MG
386046.0,2021-09-26,domingo,23:30:00,MG,262.0,"671,1",IBIA,Ingestão de álcool e/ou substâncias psicoativas pelo pedestre,Saída de leito carroçável,Com Vítimas Feridas,Plena Noite,Crescente,Céu Claro,Simples,Reta,Não,1,0,1,0,0,0,1,1,"-19,54170234","-46,80745219",SPRF-MG,DEL08-MG,UOP01-DEL08-MG
386059.0,2021-09-27,segunda-feira,07:10:00,MG,40.0,757,EWBANK DA CAMARA,Reação tardia ou ineficiente do condutor,Colisão com objeto,Com Vítimas Feridas,Pleno dia,Decrescente,Ignorado,Simples,Curva,Sim,1,0,1,0,0,0,1,1,"-21,50323045","-43,53179519",SPRF-MG,DEL05-MG,UOP01-DEL05-MG
386066.0,2021-09-27,segunda-feira,08:00:00,MG,50.0,131,UBERABA,Condutor Dormindo,Saída de leito carroçável,Com Vítimas Feridas,Pleno dia,Crescente,Céu Claro,Dupla,Reta,Não,1,0,1,0,0,0,1,1,"-19,39938084","-48,07740569",SPRF-MG,DEL13-MG,UOP01-DEL13-MG
386081.0,2021-09-27,segunda-feira,06:50:00,MG,40.0,476,SETE LAGOAS,Acessar a via sem observar a presença dos outros veículos,Colisão lateral sentido oposto,Sem Vítimas,Pleno dia,Decrescente,Céu Claro,Múltipla,Reta,Sim,1,0,0,0,1,0,0,1,"-19,51363098","-44,27021397",SPRF-MG,DEL02-MG,UOP01-DEL02-MG
386087.0,2021-09-27,segunda-feira,07:50:00,MG,40.0,"509,9",RIBEIRAO DAS NEVES,Trafegar com motocicleta (ou similar) entre as faixas,Colisão lateral mesmo sentido,Com Vítimas Feridas,Pleno dia,Crescente,Céu Claro,Dupla,Não Informado,Sim,3,0,1,0,1,1,1,3,"-19,76961136","-44,12761688",SPRF-MG,DEL01-MG,UOP02-DEL01-MG
386103.0,2021-07-03,sábado,12:20:00,MG,153.0,"36,5",CANAPOLIS,Demais falhas mecânicas ou elétricas,Saída de leito carroçável,Com Vítimas Feridas,Pleno dia,Decrescente,Céu Claro,Dupla,Reta,Não,2,0,2,0,0,0,2,1,"-18,72189862","-49,1220337",SPRF-MG,DEL15-MG,UOP03-DEL15-MG
386133.0,2021-09-27,segunda-feira,13:40:00,MG,40.0,"634,2",CONSELHEIRO LAFAIETE,Velocidade Incompatível,Colisão com objeto,Com Vítimas Feridas,Pleno dia,Crescente,Céu Claro,Simples,Curva,Não,4,0,4,0,0,0,4,1,"-20,69390809","-43,7895951",SPRF-MG,DEL05-MG,UOP02-DEL05-MG
386136.0,2021-09-27,segunda-feira,15:15:00,MG,40.0,460,SETE LAGOAS,Acumulo de água sobre o pavimento,Capotamento,Com Vítimas Feridas,Pleno dia,Crescente,Chuva,Dupla,Reta,Não,2,0,0,1,1,0,1,1,"-19,39770694","-44,33528916",SPRF-MG,DEL02-MG,UOP01-DEL02-MG
386148.0,2021-09-27,segunda-feira,16:15:00,MG,251.0,"518,3",MONTES CLAROS,Entrada inopinada do pedestre,Atropelamento de Pedestre,Com Vítimas Fatais,Pleno dia,Decrescente,Céu Claro,Simples,Reta,Não,2,1,0,0,1,0,0,1,"-16,66257909","-43,76892799",SPRF-MG,DEL12-MG,UOP01-DEL12-MG
386156.0,2021-09-27,segunda-feira,15:30:00,MG,40.0,"145,2",JOAO PINHEIRO,Acessar a via sem observar a presença dos outros veículos,Colisão transversal,Com Vítimas Feridas,Pleno dia,Decrescente,Céu Claro,Simples,Reta,Não,5,0,3,0,2,0,3,2,"-17,75566262","-46,16329585",SPRF-MG,DEL14-MG,UOP02-DEL14-MG
386159.0,2021-09-03,sexta-feira,17:15:00,MG,381.0,481,BETIM,Ausência de reação do condutor,Queda de ocupante de veículo,Com Vítimas Feridas,Pleno dia,Crescente,Céu Claro,Múltipla,Curva,Sim,2,0,1,0,1,0,1,2,"-19,95811281","-44,05728936",SPRF-MG,DEL01-MG,UOP03-DEL01-MG
386169.0,2021-09-27,segunda-feira,17:40:00,MG,40.0,"579,9",ITABIRITO,Avarias e/ou desgaste excessivo no pneu,Saída de leito carroçável,Sem Vítimas,Anoitecer,Crescente,Chuva,Dupla,Reta,Não,1,0,0,0,1,0,0,1,"-20,28638301","-43,94212592",SPRF-MG,DEL01-MG,UOP02-DEL01-MG
386173.0,2021-09-27,segunda-feira,15:30:00,MG,50.0,173,UBERABA,Reação tardia ou ineficiente do condutor,Tombamento,Com Vítimas Feridas,Pleno dia,Decrescente,Sol,Dupla,Reta,Sim,1,0,1,0,0,0,1,1,"-19,7624352","-47,97701547",SPRF-MG,DEL13-MG,UOP01-DEL13-MG
386180.0,2021-09-27,segunda-feira,18:50:00,MG,40.0,"509,1",RIBEIRAO DAS NEVES,Chuva,Colisão lateral mesmo sentido,Com Vítimas Feridas,Plena Noite,Decrescente,Chuva,Dupla,Não Informado,Sim,2,0,0,1,1,0,1,2,"-19,76728744","-44,12855905",SPRF-MG,DEL01-MG,UOP02-DEL01-MG
386193.0,2021-09-27,segunda-feira,18:50:00,MG,116.0,"409,9",GOVERNADOR VALADARES,Ausência de reação do condutor,Colisão traseira,Com Vítimas Feridas,Plena Noite,Crescente,Céu Claro,Dupla,Reta,Sim,2,0,1,0,1,0,1,2,"-18,84936788","-41,97891368",SPRF-MG,DEL06-MG,UOP01-DEL06-MG
386195.0,2021-09-27,segunda-feira,16:40:00,MG,40.0,138,JOAO PINHEIRO,Chuva,Saída de leito carroçável,Sem Vítimas,Anoitecer,Decrescente,Chuva,Simples,Reta,Não,1,0,0,0,0,1,0,1,"-17,72754024","-46,21430838",SPRF-MG,DEL14-MG,UOP01-DEL14-MG
386213.0,2021-09-28,terça-feira,01:40:00,MG,365.0,"523,3",MONTE CARMELO,Ausência de reação do condutor,Saída de leito carroçável,Com Vítimas Feridas,Plena Noite,Crescente,Céu Claro,Simples,Rotatória,Não,2,0,0,2,0,0,2,1,"-18,90891261","-47,43327391",SPRF-MG,DEL10-MG,UOP01-DEL10-MG
386222.0,2021-09-28,terça-feira,03:00:00,MG,40.0,"236,5",SAO GONCALO DO ABAETE,Ultrapassagem Indevida,Colisão frontal,Com Vítimas Fatais,Plena Noite,Crescente,Céu Claro,Simples,Não Informado,Sim,4,1,0,3,0,0,3,2,"-18,03585223","-45,52881732",SPRF-MG,DEL14-MG,UOP02-DEL14-MG
386228.0,2021-09-27,segunda-feira,23:00:00,MG,381.0,"508,1",SAO JOAQUIM DE BICAS,Condutor deixou de manter distância do veículo da frente,Colisão lateral mesmo sentido,Com Vítimas Feridas,Plena Noite,Decrescente,Nublado,Dupla,Reta,Sim,2,0,0,1,0,1,1,2,"-20,04432099","-44,27121615",SPRF-MG,DEL01-MG,UOP03-DEL01-MG
386238.0,2021-09-27,segunda-feira,20:05:00,MG,50.0,18,UBERLANDIA,Demais falhas mecânicas ou elétricas,Tombamento,Com Vítimas Feridas,Pleno dia,Crescente,Céu Claro,Dupla,Reta,Não,2,0,2,0,0,0,2,1,"-18,9113","-48,2622",SPRF-MG,DEL15-MG,UOP01-DEL15-MG
386240.0,2021-09-28,terça-feira,07:40:00,MG,356.0,"265,7",MURIAE,Desrespeitar a preferência no cruzamento,Colisão transversal,Com Vítimas Feridas,Pleno dia,Crescente,Céu Claro,Simples,Interseção de vias,Sim,2,0,1,0,1,0,1,2,"-21,12838898","-42,366803",SPRF-MG,DEL07-MG,UOP02-DEL07-MG
386254.0,2021-09-28,terça-feira,09:20:00,MG,116.0,"704,2",MURIAE,Desrespeitar a preferência no cruzamento,Colisão transversal,Com Vítimas Feridas,Pleno dia,Crescente,Céu Claro,Simples,Interseção de vias,Sim,2,0,1,0,1,0,1,2,"-21,13416858","-42,38722798",SPRF-MG,DEL07-MG,UOP02-DEL07-MG
386278.0,2021-09-28,terça-feira,11:20:00,MG,381.0,"944,1",EXTREMA,Velocidade Incompatível,Colisão com objeto,Com Vítimas Feridas,Pleno dia,Crescente,Sol,Dupla,Não Informado,Sim,1,0,1,0,0,0,1,1,"-22,87479042","-46,36655782",SPRF-MG,DEL16-MG,UOP03-DEL16-MG
386280.0,2021-09-28,terça-feira,12:55:00,MG,40.0,518,RIBEIRAO DAS NEVES,Demais falhas mecânicas ou elétricas,Queda de ocupante de veículo,Com Vítimas Feridas,Pleno dia,Crescente,Céu Claro,Dupla,Reta,Sim,2,0,1,0,1,0,1,1,"-19,8321242","-44,08208533",SPRF-MG,DEL01-MG,UOP02-DEL01-MG
386286.0,2021-09-28,terça-feira,13:40:00,MG,381.0,"480,1",CONTAGEM,Demais falhas mecânicas ou elétricas,Colisão com objeto,Com Vítimas Feridas,Pleno dia,Decrescente,Céu Claro,Múltipla,Reta,Sim,2,0,1,1,0,0,2,1,"-19,95749597","-44,07899901",SPRF-MG,DEL01-MG,UOP03-DEL01-MG
386295.0,2021-09-28,terça-feira,11:30:00,MG,381.0,327,NOVA ERA,Manobra de mudança de faixa,Colisão lateral mesmo sentido,Com Vítimas Feridas,Pleno dia,Crescente,Céu Claro,Dupla,Reta,Sim,2,0,1,0,1,0,1,2,"-19,75305985","-43,02746862",SPRF-MG,DEL03-MG,UOP02-DEL03-MG
386296.0,2021-09-28,terça-feira,14:40:00,MG,50.0,180,UBERABA,Ultrapassagem Indevida,Colisão lateral mesmo sentido,Com Vítimas Feridas,Pleno dia,Crescente,Céu Claro,Dupla,Rotatória,Sim,3,0,2,0,1,0,2,2,"-19,778359","-47,92372",SPRF-MG,DEL13-MG,UOP01-DEL13-MG
386330.0,2021-09-28,terça-feira,15:50:00,MG,381.0,"636,8",SANTO ANTONIO DO AMPARO,Velocidade Incompatível,Colisão com objeto,Com Vítimas Feridas,Pleno dia,Decrescente,Nublado,Dupla,Não Informado,Não,1,0,1,0,0,0,1,1,"-20,89141186","-44,8525565",SPRF-MG,DEL04-MG,UOP01-DEL04-MG
386350.0,2021-09-28,terça-feira,18:00:00,MG,116.0,"704,7",MURIAE,Condutor deixou de manter distância do veículo da frente,Colisão lateral mesmo sentido,Com Vítimas Feridas,Anoitecer,Decrescente,Nublado,Simples,Interseção de vias,Sim,2,0,1,0,1,0,1,2,"-21,13094177","-42,3866272",SPRF-MG,DEL07-MG,UOP02-DEL07-MG
386359.0,2021-09-28,terça-feira,19:30:00,MG,262.0,446,NOVA SERRANA,Desrespeitar a preferência no cruzamento,Colisão transversal,Sem Vítimas,Plena Noite,Crescente,Chuva,Simples,Rotatória,Sim,3,0,0,0,2,1,0,2,"-19,8633359","-44,99709651",SPRF-MG,DEL08-MG,UOP03-DEL08-MG
386393.0,2021-09-29,quarta-feira,07:00:00,MG,381.0,477,CONTAGEM,Condutor deixou de manter distância do veículo da frente,Colisão traseira,Com Vítimas Feridas,Pleno dia,Crescente,Céu Claro,Dupla,Reta,Sim,2,0,1,0,1,0,1,2,"-19,95794042","-44,03052092",SPRF-MG,DEL01-MG,UOP03-DEL01-MG
386402.0,2021-09-29,quarta-feira,07:45:00,MG,50.0,183,UBERABA,Demais falhas mecânicas ou elétricas,Tombamento,Com Vítimas Feridas,Pleno dia,Crescente,Céu Claro,Dupla,Reta,Sim,1,0,1,0,0,0,1,1,"-19,80163169","-47,90598553",SPRF-MG,DEL13-MG,UOP01-DEL13-MG
386409.0,2021-09-21,terça-feira,16:50:00,MG,262.0,353,BETIM,Reação tardia ou ineficiente do condutor,Capotamento,Com Vítimas Feridas,Pleno dia,Decrescente,Céu Claro,Múltipla,Reta,Sim,1,0,1,0,0,0,1,1,"-19,98367397","-44,20898438",SPRF-MG,DEL01-MG,UOP03-DEL01-MG
386418.0,2021-09-29,quarta-feira,08:20:00,MG,262.0,"42,1",MANHUACU,Animais na Pista,Atropelamento de Animal,Com Vítimas Feridas,Pleno dia,Crescente,Nublado,Simples,Curva,Não,1,0,0,1,0,0,1,1,"-20,26976316","-42,06894006",SPRF-MG,DEL06-MG,UOP04-DEL06-MG
386467.0,2021-09-29,quarta-feira,13:10:00,MG,381.0,"388,7",BARAO DE COCAIS,Retorno proibido,Colisão transversal,Com Vítimas Feridas,Pleno dia,Decrescente,Sol,Simples,Reta,Não,2,0,0,1,1,0,1,2,"-19,78768531","-43,42997106",SPRF-MG,DEL01-MG,UOP01-DEL01-MG
386475.0,2021-09-29,quarta-feira,14:45:00,MG,40.0,"761,4",JUIZ DE FORA,Chuva,Colisão traseira,Sem Vítimas,Pleno dia,Crescente,Chuva,Simples,Reta,Não,2,0,0,0,2,0,0,2,"-21,56725811","-43,48212719",SPRF-MG,DEL05-MG,UOP01-DEL05-MG
386482.0,2021-09-29,quarta-feira,13:26:00,MG,381.0,"920,9",CAMANDUCAIA,Velocidade Incompatível,Saída de leito carroçável,Com Vítimas Feridas,Pleno dia,Decrescente,Chuva,Dupla,Curva,Não,2,0,2,0,0,0,2,1,"-22,7704869","-46,20021296",SPRF-MG,DEL16-MG,UOP03-DEL16-MG
386484.0,2021-09-29,quarta-feira,14:45:00,MG,262.0,"606,9",CAMPOS ALTOS,Velocidade Incompatível,Saída de leito carroçável,Com Vítimas Feridas,Pleno dia,Crescente,Chuva,Simples,Curva,Não,2,0,2,0,0,0,2,1,"-19,63074085","-46,26259386",SPRF-MG,DEL08-MG,UOP02-DEL08-MG
386489.0,2021-09-29,quarta-feira,17:30:00,MG,381.0,"481,1",CONTAGEM,Condutor deixou de manter distância do veículo da frente,Colisão traseira,Com Vítimas Feridas,Pleno dia,Crescente,Céu Claro,Dupla,Reta,Sim,3,0,2,0,1,0,2,2,"-19,95931561","-44,08825597",SPRF-MG,DEL01-MG,UOP03-DEL01-MG
386499.0,2021-09-29,quarta-feira,18:00:00,MG,40.0,"423,9",CURVELO,Reação tardia ou ineficiente do condutor,Colisão traseira,Com Vítimas Feridas,Plena Noite,Crescente,Céu Claro,Dupla,Reta,Sim,3,0,1,0,2,0,1,3,"-19,15337404","-44,538155",SPRF-MG,DEL02-MG,UOP01-DEL02-MG
386511.0,2021-09-29,quarta-feira,15:40:00,MG,365.0,314,JOAO PINHEIRO,Condutor deixou de manter distância do veículo da frente,Colisão traseira,Com Vítimas Feridas,Pleno dia,Decrescente,Chuva,Simples,Reta,Não,2,0,1,0,1,0,1,2,"-18,227963","-45,852203",SPRF-MG,DEL10-MG,UOP01-DEL10-MG
386518.0,2021-09-29,quarta-feira,20:30:00,MG,354.0,"754,1",ITAMONTE,Ingestão de álcool pelo condutor,Colisão frontal,Com Vítimas Feridas,Plena Noite,Decrescente,Céu Claro,Simples,Reta,Sim,2,0,1,0,1,0,1,2,"-22,30480233","-44,85575196",SPRF-MG,DEL17-MG,UOP01-DEL17-MG
386526.0,2021-09-29,quarta-feira,19:40:00,MG,381.0,478,CONTAGEM,Acessar a via sem observar a presença dos outros veículos,Tombamento,Com Vítimas Feridas,Plena Noite,Decrescente,Chuva,Múltipla,Reta,Sim,1,0,1,0,0,0,1,1,"-19,95826094","-44,05921101",SPRF-MG,DEL01-MG,UOP03-DEL01-MG
386527.0,2021-09-29,quarta-feira,15:20:00,MG,40.0,142,JOAO PINHEIRO,Mal súbito do condutor,Saída de leito carroçável,Com Vítimas Feridas,Pleno dia,Decrescente,Céu Claro,Simples,Reta,Sim,1,0,1,0,0,0,1,1,"-17,740382","-46,185728",SPRF-MG,DEL14-MG,UOP01-DEL14-MG
386537.0,2021-09-29,quarta-feira,19:40:00,MG,381.0,375,SAO GONCALO DO RIO ABAIXO,Pista Escorregadia,Tombamento,Com Vítimas Feridas,Plena Noite,Decrescente,Chuva,Simples,Não Informado,Não,1,0,0,1,0,0,1,1,"-19,83666149","-43,33681685",SPRF-MG,DEL01-MG,UOP01-DEL01-MG
386543.0,2021-09-29,quarta-feira,19:40:00,MG,381.0,330,NOVA ERA,Chuva,Capotamento,Com Vítimas Feridas,Plena Noite,Crescente,Chuva,Dupla,Curva,Não,1,0,1,0,0,0,1,1,"-19,78715144","-43,05117784",SPRF-MG,DEL03-MG,UOP01-DEL03-MG
386544.0,2021-09-29,quarta-feira,19:30:00,MG,381.0,349,JOAO MONLEVADE,Chuva,Colisão frontal,Com Vítimas Feridas,Plena Noite,Crescente,Chuva,Simples,Curva,Não,3,0,0,1,2,0,1,2,"-19,8499239","-43,14868105",SPRF-MG,DEL03-MG,UOP01-DEL03-MG
386548.0,2021-09-29,quarta-feira,23:40:00,MG,40.0,"551,5",NOVA LIMA,Ausência de reação do condutor,Colisão traseira,Com Vítimas Feridas,Plena Noite,Decrescente,Nublado,Dupla,Reta,Sim,2,0,1,0,1,0,1,2,"-20,05411435","-43,97101875",SPRF-MG,DEL01-MG,UOP02-DEL01-MG
386570.0,2021-09-30,quinta-feira,06:30:00,MG,381.0,"481,2",CONTAGEM,Condutor deixou de manter distância do veículo da frente,Colisão traseira,Com Vítimas Feridas,Pleno dia,Decrescente,Céu Claro,Simples,Reta,Sim,2,0,1,0,1,0,1,2,"-19,95931561","-44,08825597",SPRF-MG,DEL01-MG,UOP03-DEL01-MG
386573.0,2021-09-30,quinta-feira,02:00:00,MG,116.0,"715,6",MURIAE,Velocidade Incompatível,Colisão com objeto,Sem Vítimas,Plena Noite,Crescente,Chuva,Simples,Não Informado,Não,1,0,0,0,0,1,0,1,"-21,19632581","-42,38436341",SPRF-MG,DEL07-MG,UOP02-DEL07-MG
386590.0,2021-09-30,quinta-feira,07:15:00,MG,381.0,350,JOAO MONLEVADE,Conversão proibida,Colisão transversal,Com Vítimas Feridas,Pleno dia,Crescente,Nublado,Simples,Reta,Não,3,0,1,0,2,0,1,2,"-19,86117021","-43,11802268",SPRF-MG,DEL03-MG,UOP01-DEL03-MG
386601.0,2021-09-30,quinta-feira,08:20:00,MG,365.0,"152,7",PIRAPORA,Velocidade Incompatível,Saída de leito carroçável,Com Vítimas Feridas,Pleno dia,Crescente,Sol,Simples,Reta,Não,1,0,1,0,0,0,1,1,"-17,29807999","-44,89095301",SPRF-MG,DEL12-MG,UOP01-DEL12-MG
386612.0,2021-09-30,quinta-feira,07:40:00,MG,381.0,803,SAO GONCALO DO SAPUCAI,Condutor Dormindo,Saída de leito carroçável,Sem Vítimas,Pleno dia,Decrescente,Céu Claro,Dupla,Reta,Não,1,0,0,0,1,0,0,1,"-21,99042653","-45,66660933",SPRF-MG,DEL16-MG,UOP02-DEL16-MG
386647.0,2021-09-30,quinta-feira,13:50:00,MG,40.0,"521,8",CONTAGEM,Mal súbito do condutor,Queda de ocupante de veículo,Com Vítimas Feridas,Pleno dia,Crescente,Céu Claro,Dupla,Reta,Sim,1,0,1,0,0,0,1,1,"-19,8638731","-44,06749809",SPRF-MG,DEL01-MG,UOP02-DEL01-MG
386655.0,2021-09-30,quinta-feira,14:15:00,MG,40.0,"52,4",PARACATU,Carga excessiva e/ou mal acondicionada,Saída de leito carroçável,Com Vítimas Feridas,Pleno dia,Crescente,Céu Claro,Simples,Reta,Não,1,0,1,0,0,0,1,1,"-17,25177895","-46,78868177",SPRF-MG,DEL14-MG,UOP01-DEL14-MG
386664.0,2021-09-30,quinta-feira,15:20:00,MG,40.0,"135,6",JOAO PINHEIRO,Reação tardia ou ineficiente do condutor,Colisão com objeto,Com Vítimas Feridas,Pleno dia,Decrescente,Céu Claro,Simples,Reta,Não,2,0,0,2,0,0,2,1,"-17,72013207","-46,24103601",SPRF-MG,DEL14-MG,UOP01-DEL14-MG
386665.0,2021-09-30,quinta-feira,15:50:00,MG,50.0,38,ARAGUARI,Mal súbito do condutor,Colisão com objeto,Com Vítimas Feridas,Pleno dia,Decrescente,Céu Claro,Dupla,Reta,Sim,1,0,1,0,0,0,1,1,"-18,66248913","-48,1645453",SPRF-MG,DEL15-MG,UOP02-DEL15-MG
386674.0,2021-09-30,quinta-feira,12:00:00,MG,116.0,"293,8",TEOFILO OTONI,Reação tardia ou ineficiente do condutor,Colisão traseira,Sem Vítimas,Pleno dia,Decrescente,Céu Claro,Simples,Reta,Não,2,0,0,0,2,0,0,2,"-17,98818995","-41,56024311",SPRF-MG,DEL11-MG,UOP01-DEL11-MG
386696.0,2021-09-30,quinta-feira,19:10:00,MG,116.0,279,TEOFILO OTONI,Acesso irregular,Colisão transversal,Com Vítimas Feridas,Plena Noite,Decrescente,Ignorado,Simples,Reta,Sim,2,0,2,0,0,0,2,2,"-17,87634412","-41,52080762",SPRF-MG,DEL11-MG,UOP01-DEL11-MG
386714.0,2021-09-26,domingo,18:50:00,MG,50.0,206,DELTA,Reação tardia ou ineficiente do condutor,Saída de leito carroçável,Sem Vítimas,Plena Noite,Decrescente,Céu Claro,Simples,Curva,Não,1,0,0,0,0,1,0,1,"-19,92627147","-47,82191068",SPRF-MG,DEL13-MG,UOP01-DEL13-MG
386770.0,2021-09-30,quinta-feira,21:15:00,MG,262.0,"516,9",LUZ,Ingestão de álcool pelo condutor,Colisão traseira,Com Vítimas Feridas,Plena Noite,Decrescente,Céu Claro,Simples,Não Informado,Não,4,0,2,0,2,0,2,2,"-19,78775004","-45,58207899",SPRF-MG,DEL08-MG,UOP03-DEL08-MG
386794.0,2021-10-01,sexta-feira,08:30:00,MG,262.0,"514,3",LUZ,Transitar no acostamento,Saída de leito carroçável,Com Vítimas Feridas,Pleno dia,Decrescente,Sol,Simples,Reta,Não,1,0,1,0,0,0,1,1,"-19,78980305","-45,59206009",SPRF-MG,DEL08-MG,UOP03-DEL08-MG
386806.0,2021-10-01,sexta-feira,10:00:00,MG,381.0,508,SAO JOAQUIM DE BICAS,Ausência de reação do condutor,Saída de leito carroçável,Com Vítimas Feridas,Pleno dia,Decrescente,Céu Claro,Dupla,Curva,Sim,1,0,1,0,0,0,1,1,"-20,06277698","-44,29329002",SPRF-MG,DEL01-MG,UOP03-DEL01-MG
386816.0,2021-10-01,sexta-feira,11:00:00,MG,40.0,"669,9",CARANDAI,Ausência de reação do condutor,Colisão traseira,Com Vítimas Feridas,Pleno dia,Crescente,Céu Claro,Simples,Reta,Não,2,0,2,0,0,0,2,2,"-20,95949689","-43,78978984",SPRF-MG,DEL05-MG,UOP02-DEL05-MG
386830.0,2021-10-01,sexta-feira,13:00:00,MG,40.0,"635,5",CONSELHEIRO LAFAIETE,Manobra de mudança de faixa,Colisão lateral mesmo sentido,Com Vítimas Feridas,Pleno dia,Decrescente,Céu Claro,Simples,Reta,Não,6,0,1,0,5,0,1,2,"-20,70906225","-43,7935283",SPRF-MG,DEL05-MG,UOP02-DEL05-MG
386833.0,2021-10-01,sexta-feira,06:45:00,MG,459.0,"84,3",CONGONHAL,Transitar na contramão,Colisão frontal,Com Vítimas Feridas,Pleno dia,Crescente,Céu Claro,Simples,Não Informado,Sim,2,0,1,0,1,0,1,2,"-22,150337","-46,038589",SPRF-MG,DEL09-MG,UOP01-DEL09-MG
386840.0,2021-10-01,sexta-feira,12:50:00,MG,381.0,"499,7",BETIM,Reação tardia ou ineficiente do condutor,Engavetamento,Com Vítimas Feridas,Pleno dia,Decrescente,Céu Claro,Dupla,Reta,Não,5,0,1,0,4,0,1,4,"-20,01792651","-44,2261448",SPRF-MG,DEL01-MG,UOP03-DEL01-MG
386872.0,2021-10-01,sexta-feira,15:45:00,MG,40.0,"670,5",CARANDAI,Velocidade Incompatível,Saída de leito carroçável,Com Vítimas Feridas,Pleno dia,Decrescente,Céu Claro,Simples,Curva,Não,3,0,2,1,0,0,3,1,"-20,97710595","-43,78115687",SPRF-MG,DEL05-MG,UOP02-DEL05-MG
386898.0,2021-10-01,sexta-feira,15:15:00,MG,153.0,"188,2",FRUTAL,Velocidade Incompatível,Saída de leito carroçável,Com Vítimas Feridas,Pleno dia,Crescente,Chuva,Simples,Curva,Não,1,0,1,0,0,0,1,1,"-19,869476","-48,97261",SPRF-MG,DEL13-MG,UOP02-DEL13-MG
386909.0,2021-10-01,sexta-feira,18:00:00,MG,381.0,"794,8",SAO GONCALO DO SAPUCAI,Velocidade Incompatível,Saída de leito carroçável,Com Vítimas Feridas,Anoitecer,Crescente,Chuva,Dupla,Não Informado,Não,2,0,2,0,0,0,2,1,"-21,90942","-45,57191",SPRF-MG,DEL16-MG,UOP02-DEL16-MG
386928.0,2021-10-01,sexta-feira,17:15:00,MG,50.0,179,UBERABA,Pista Escorregadia,Tombamento,Com Vítimas Feridas,Pleno dia,Decrescente,Garoa/Chuvisco,Dupla,Não Informado,Sim,1,0,1,0,0,0,1,1,"-19,77827047","-47,93140998",SPRF-MG,DEL13-MG,UOP01-DEL13-MG
386955.0,2021-10-01,sexta-feira,20:40:00,MG,381.0,"821,5",CAREACU,Ausência de reação do condutor,Saída de leito carroçável,Sem Vítimas,Plena Noite,Crescente,Chuva,Dupla,Curva,Não,1,0,0,0,1,0,0,1,"-22,08199593","-45,70133114",SPRF-MG,DEL16-MG,UOP02-DEL16-MG
386968.0,2021-10-01,sexta-feira,20:50:00,MG,381.0,"717,3",CARMO DA CACHOEIRA,Chuva,Saída de leito carroçável,Com Vítimas Feridas,Plena Noite,Decrescente,Chuva,Dupla,Não Informado,Não,1,0,1,0,0,0,1,1,"-21,4037356","-45,21072909",SPRF-MG,DEL04-MG,UOP02-DEL04-MG