id,data_inversa,dia_semana,horario,uf,br,km,municipio,causa_acidente,tipo_acidente,classificacao_acidente,fase_dia,sentido_via,condicao_metereologica,tipo_pista,tracado_via,uso_solo,pessoas,mortos,feridos_leves,feridos_graves,ilesos,ignorados,feridos,veiculos,latitude,longitude,regional,delegacia,uop
386994.0,2021-10-02,sábado,01:30:00,MG,40.0,527,CONTAGEM,Reação tardia ou ineficiente do condutor,Tombamento,Com Vítimas Feridas,Plena Noite,Decrescente,Céu Claro,Simples,Desvio Temporário,Não,1,0,1,0,0,0,1,1,"-19,90149502","-44,04938939",SPRF-MG,DEL01-MG,UOP02-DEL01-MG
386995.0,2021-10-02,sábado,02:10:00,MG,40.0,470,SETE LAGOAS,Chuva,Saída de leito carroçável,Com Vítimas Fatais,Plena Noite,Crescente,Chuva,Dupla,Reta,Sim,6,1,3,2,0,0,5,1,"-19,46787403","-44,29555707",SPRF-MG,DEL02-MG,UOP01-DEL02-MG
387010.0,2021-10-02,sábado,05:20:00,MG,50.0,69,UBERLANDIA,Ausência de reação do condutor,Colisão traseira,Com Vítimas Feridas,Amanhecer,Decrescente,Nublado,Dupla,Não Informado,Sim,3,0,2,0,0,1,2,2,"-18,85140204","-48,25345932",SPRF-MG,DEL15-MG,UOP01-DEL15-MG
387027.0,2021-10-02,sábado,05:20:00,MG,40.0,550,NOVA LIMA,Curva acentuada,Saída de leito carroçável,Com Vítimas Feridas,Plena Noite,Decrescente,Chuva,Dupla,Reta,Não,4,0,2,1,1,0,3,1,"-20,0477638","-43,96439441",SPRF-MG,DEL01-MG,UOP02-DEL01-MG
387038.0,2021-10-02,sábado,08:45:00,MG,381.0,"651,5",SANTO ANTONIO DO AMPARO,Reação tardia ou ineficiente do condutor,Colisão com objeto,Com Vítimas Feridas,Pleno dia,Crescente,Céu Claro,Dupla,Curva,Não,1,0,1,0,0,0,1,1,"-20,95948531","-44,92227535",SPRF-MG,DEL04-MG,UOP02-DEL04-MG
387092.0,2021-10-02,sábado,11:30:00,MG,262.0,"483,5",BOM DESPACHO,Pedestre cruzava a pista fora da faixa,Atropelamento de Pedestre,Com Vítimas Feridas,Pleno dia,Crescente,Sol,Simples,Reta,Não,2,0,1,0,1,0,1,1,"-19,78475619","-45,27534199",SPRF-MG,DEL08-MG,UOP03-DEL08-MG
387103.0,2021-10-02,sábado,11:48:00,MG,116.0,"179,7",PADRE PARAISO,Desrespeitar a preferência no cruzamento,Tombamento,Com Vítimas Feridas,Pleno dia,Crescente,Céu Claro,Dupla,Interseção de vias,Não,2,0,0,1,1,0,1,2,"-17,06915966","-41,48285335",SPRF-MG,DEL11-MG,UOP01-DEL11-MG
387113.0,2021-10-02,sábado,15:35:00,MG,381.0,"454,5",BELO HORIZONTE,Transitar no acostamento,Colisão lateral mesmo sentido,Com Vítimas Feridas,Pleno dia,Decrescente,Céu Claro,Simples,Reta,Sim,3,0,2,0,1,0,2,2,"-19,85593827","-43,89662047",SPRF-MG,DEL01-MG,UOP01-DEL01-MG
387129.0,2021-10-02,sábado,17:35:00,MG,40.0,"568,5",NOVA LIMA,Reação tardia ou ineficiente do condutor,Saída de leito carroçável,Com Vítimas Feridas,Pleno dia,Crescente,Céu Claro,Simples,Reta,Não,1,0,1,0,0,0,1,1,"-20,19509609","-43,97360482",SPRF-MG,DEL01-MG,UOP02-DEL01-MG
387168.0,2021-10-02,sábado,20:40:00,MG,146.0,"481,3",CABO VERDE,Ingestão de álcool pelo condutor,Colisão com objeto,Com Vítimas Feridas,Plena Noite,Crescente,Céu Claro,Simples,Reta,Não,1,0,0,1,0,0,1,1,"-21,55411","-46,404119",SPRF-MG,DEL09-MG,UOP01-DEL09-MG
387172.0,2021-10-02,sábado,18:55:00,MG,262.0,"31,5",REDUTO,Avarias e/ou desgaste excessivo no pneu,Colisão frontal,Com Vítimas Feridas,Plena Noite,Decrescente,Nublado,Simples,Não Informado,Não,4,0,1,1,2,0,2,3,"-20,2532742","-41,992629",SPRF-MG,DEL06-MG,UOP04-DEL06-MG
387176.0,2021-10-02,sábado,21:30:00,MG,267.0,"9,5",LEOPOLDINA,Reação tardia ou ineficiente do condutor,Colisão traseira,Com Vítimas Feridas,Plena Noite,Decrescente,Nublado,Simples,Reta,Não,2,0,0,1,0,1,1,2,"-21,57023666","-42,69169186",SPRF-MG,DEL07-MG,UOP01-DEL07-MG
387181.0,2021-10-02,sábado,21:30:00,MG,40.0,528,CONTAGEM,Demais falhas mecânicas ou elétricas,Colisão com objeto,Com Vítimas Feridas,Plena Noite,Crescente,Céu Claro,Dupla,Reta,Sim,1,0,1,0,0,0,1,1,"-19,90883179","-44,04436577",SPRF-MG,DEL01-MG,UOP02-DEL01-MG
387191.0,2021-10-02,sábado,21:15:00,MG,50.0,165,UBERABA,Objeto estático sobre o leito carroçável,Colisão com objeto,Com Vítimas Feridas,Plena Noite,Crescente,Céu Claro,Dupla,Reta,Não,6,0,1,0,5,0,1,2,"-19,69326783","-47,98949154",SPRF-MG,DEL13-MG,UOP01-DEL13-MG
387194.0,2021-10-02,sábado,20:35:00,MG,50.0,165,UBERABA,Ausência de reação do condutor,Colisão com objeto,Com Vítimas Feridas,Plena Noite,Crescente,Céu Claro,Dupla,Reta,Não,1,0,1,0,0,0,1,1,"-19,69326783","-47,98949154",SPRF-MG,DEL13-MG,UOP01-DEL13-MG
387201.0,2021-06-04,sexta-feira,16:00:00,MG,381.0,185,PERIQUITO,Ultrapassagem Indevida,Colisão traseira,Com Vítimas Feridas,Pleno dia,Decrescente,Céu Claro,Simples,Reta,Não,2,0,0,1,1,0,1,2,"-19,04564886","-42,15329647",SPRF-MG,DEL06-MG,UOP01-DEL06-MG
387204.0,2021-10-03,domingo,00:40:00,MG,40.0,509,RIBEIRAO DAS NEVES,Ausência de reação do condutor,Saída de leito carroçável,Sem Vítimas,Plena Noite,Decrescente,Céu Claro,Dupla,Reta,Sim,1,0,0,0,0,1,0,1,"-19,76728744","-44,12855905",SPRF-MG,DEL01-MG,UOP02-DEL01-MG
387216.0,2021-10-03,domingo,00:30:00,MG,262.0,"703,3",ARAXA,Condutor Dormindo,Saída de leito carroçável,Sem Vítimas,Plena Noite,Crescente,Chuva,Simples,Não Informado,Não,1,0,0,0,1,0,0,1,"-19,59070935","-47,08124788",SPRF-MG,DEL08-MG,UOP01-DEL08-MG
387235.0,2021-10-03,domingo,02:00:00,MG,116.0,"533,8",SANTA RITA DE MINAS,Reação tardia ou ineficiente do condutor,Colisão frontal,Com Vítimas Feridas,Plena Noite,Crescente,Chuva,Simples,Curva,Não,2,0,1,0,1,0,1,2,"-19,83624191","-42,13833241",SPRF-MG,DEL06-MG,UOP02-DEL06-MG
387246.0,2021-10-03,domingo,05:00:00,MG,40.0,"634,9",CONSELHEIRO LAFAIETE,Velocidade Incompatível,Saída de leito carroçável,Com Vítimas Feridas,Plena Noite,Crescente,Chuva,Dupla,Reta,Não,2,0,1,1,0,0,2,1,"-20,69796589","-43,79213914",SPRF-MG,DEL05-MG,UOP02-DEL05-MG
387250.0,2021-10-03,domingo,01:50:00,MG,40.0,"789,9",JUIZ DE FORA,Transitar na contramão,Colisão frontal,Com Vítimas Fatais,Plena Noite,Decrescente,Garoa/Chuvisco,Dupla,Reta,Não,3,1,0,0,2,0,0,2,"-21,75969297","-43,44077628",SPRF-MG,DEL05-MG,UOP01-DEL05-MG
387251.0,2021-10-03,domingo,05:00:00,MG,262.0,837,UBERABA,Condutor Dormindo,Colisão frontal,Com Vítimas Fatais,Amanhecer,Crescente,Céu Claro,Simples,Reta,Não,4,1,3,0,0,0,3,2,"-19,75478312","-48,24495497",SPRF-MG,DEL13-MG,UOP01-DEL13-MG
387255.0,2021-10-03,domingo,01:10:00,MG,40.0,"738,4",SANTOS DUMONT,Velocidade Incompatível,Capotamento,Com Vítimas Fatais,Plena Noite,Decrescente,Nublado,Dupla,Curva,Não,3,1,1,0,1,0,1,1,"-21,38880304","-43,56910622",SPRF-MG,DEL05-MG,UOP01-DEL05-MG
387256.0,2021-10-03,domingo,05:55:00,MG,381.0,"484,1",BETIM,Manobra de mudança de faixa,Colisão traseira,Com Vítimas Feridas,Amanhecer,Crescente,Céu Claro,Dupla,Não Informado,Sim,2,0,1,0,1,0,1,2,"-19,95947326","-44,0876627",SPRF-MG,DEL01-MG,UOP03-DEL01-MG
387259.0,2021-10-03,domingo,05:30:00,MG,381.0,343,JOAO MONLEVADE,Velocidade Incompatível,Colisão lateral sentido oposto,Sem Vítimas,Amanhecer,Crescente,Chuva,Simples,Curva,Sim,3,0,0,0,2,1,0,3,"-19,85663904","-43,10916603",SPRF-MG,DEL03-MG,UOP01-DEL03-MG
387265.0,2021-10-03,domingo,04:00:00,MG,381.0,"529,2",BRUMADINHO,Condutor Dormindo,Colisão com objeto,Com Vítimas Feridas,Plena Noite,Decrescente,Nublado,Dupla,Não Informado,Não,3,0,3,0,0,0,3,1,"-20,161596","-44,34249401",SPRF-MG,DEL04-MG,UOP03-DEL04-MG
387268.0,2021-10-03,domingo,06:00:00,MG,381.0,344,BELA VISTA DE MINAS,Ausência de reação do condutor,Saída de leito carroçável,Com Vítimas Feridas,Amanhecer,Decrescente,Chuva,Simples,Curva,Não,4,0,1,3,0,0,4,1,"-19,85986781","-43,11280984",SPRF-MG,DEL03-MG,UOP01-DEL03-MG
387293.0,2021-10-03,domingo,10:00:00,MG,381.0,"518,3",IGARAPE,Velocidade Incompatível,Queda de ocupante de veículo,Com Vítimas Feridas,Pleno dia,Crescente,Céu Claro,Múltipla,Não Informado,Não,1,0,1,0,0,0,1,1,"-20,12065395","-44,30242562",SPRF-MG,DEL04-MG,UOP03-DEL04-MG
387319.0,2021-10-01,sexta-feira,15:30:00,MG,381.0,"177,7",GOVERNADOR VALADARES,Ausência de reação do condutor,Saída de leito carroçável,Com Vítimas Feridas,Pleno dia,Decrescente,Céu Claro,Simples,Reta,Não,1,0,0,1,0,0,1,1,"-19,01680009","-42,14146277",SPRF-MG,DEL06-MG,UOP01-DEL06-MG
387330.0,2021-10-03,domingo,14:00:00,MG,40.0,127,JOAO PINHEIRO,Reação tardia ou ineficiente do condutor,Colisão traseira,Com Vítimas Feridas,Pleno dia,Decrescente,Céu Claro,Simples,Reta,Não,2,0,1,0,1,0,1,2,"-17,69576097","-46,31111897",SPRF-MG,DEL14-MG,UOP01-DEL14-MG
387336.0,2021-10-03,domingo,12:50:00,MG,153.0,218,FRUTAL,Demais falhas mecânicas ou elétricas,Queda de ocupante de veículo,Com Vítimas Feridas,Pleno dia,Crescente,Céu Claro,Simples,Reta,Não,2,0,2,0,0,0,2,1,"-20,13632401","-49,10999889",SPRF-MG,DEL13-MG,UOP02-DEL13-MG
387348.0,2021-10-03,domingo,15:40:00,MG,381.0,"356,9",JOAO MONLEVADE,Retorno proibido,Colisão transversal,Com Vítimas Feridas,Pleno dia,Decrescente,Céu Claro,Simples,Reta,Sim,3,0,2,0,1,0,2,2,"-19,84765404","-43,20566395",SPRF-MG,DEL03-MG,UOP01-DEL03-MG
387350.0,2021-10-03,domingo,12:45:00,MG,365.0,"452,5",PATROCINIO,Reação tardia ou ineficiente do condutor,Saída de leito carroçável,Com Vítimas Feridas,Pleno dia,Crescente,Sol,Simples,Reta,Não,3,0,0,3,0,0,3,1,"-18,8353838","-46,83463097",SPRF-MG,DEL10-MG,UOP01-DEL10-MG
387352.0,2021-10-03,domingo,15:30:00,MG,40.0,510,RIBEIRAO DAS NEVES,Demais falhas mecânicas ou elétricas,Incêndio,Sem Vítimas,Pleno dia,Crescente,Céu Claro,Dupla,Reta,Não,1,0,0,0,1,0,0,1,"-19,77463885","-44,12321882",SPRF-MG,DEL01-MG,UOP02-DEL01-MG
387357.0,2021-10-03,domingo,16:21:00,MG,381.0,"748,7",TRES CORACOES,Avarias e/ou desgaste excessivo no pneu,Tombamento,Com Vítimas Feridas,Pleno dia,Decrescente,Céu Claro,Dupla,Reta,Não,2,0,1,1,0,0,2,1,"-21,656366","-45,301823",SPRF-MG,DEL16-MG,UOP02-DEL16-MG
387367.0,2021-10-03,domingo,16:20:00,MG,381.0,310,ANTONIO DIAS,Ultrapassagem Indevida,Colisão traseira,Com Vítimas Feridas,Pleno dia,Crescente,Sol,Dupla,Não Informado,Não,2,0,1,0,1,0,1,2,"-19,6627921","-42,96427856",SPRF-MG,DEL03-MG,UOP02-DEL03-MG
387381.0,2021-10-03,domingo,19:00:00,MG,40.0,"484,9",SETE LAGOAS,Manobra de mudança de faixa,Colisão lateral mesmo sentido,Com Vítimas Feridas,Plena Noite,Crescente,Céu Claro,Dupla,Não Informado,Não,2,0,0,1,0,1,1,2,"-19,58340467","-44,22840357",SPRF-MG,DEL02-MG,UOP01-DEL02-MG
387383.0,2021-10-03,domingo,18:50:00,MG,40.0,"374,5",FELIXLANDIA,Demais falhas mecânicas ou elétricas,Tombamento,Com Vítimas Feridas,Plena Noite,Crescente,Céu Claro,Simples,Reta,Não,1,0,1,0,0,0,1,1,"-18,84418396","-44,76499557",SPRF-MG,DEL02-MG,UOP01-DEL02-MG
387393.0,2021-10-03,domingo,17:00:00,MG,381.0,"907,4",CAMBUI,Chuva,Saída de leito carroçável,Com Vítimas Feridas,Anoitecer,Crescente,Chuva,Dupla,Curva,Não,4,0,1,0,3,0,1,1,"-22,71022398","-46,12178305",SPRF-MG,DEL16-MG,UOP03-DEL16-MG
387398.0,2021-10-03,domingo,17:30:00,MG,381.0,"179,6",GOVERNADOR VALADARES,Pista esburacada,Saída de leito carroçável,Com Vítimas Feridas,Anoitecer,Crescente,Nublado,Simples,Reta,Não,2,0,1,0,1,0,1,1,"-19,03245401","-42,14869187",SPRF-MG,DEL06-MG,UOP01-DEL06-MG
387416.0,2021-10-03,domingo,20:00:00,MG,267.0,"160,1",LIMA DUARTE,Ingestão de álcool e/ou substâncias psicoativas pelo pedestre,Atropelamento de Pedestre,Com Vítimas Feridas,Plena Noite,Crescente,Chuva,Simples,Reta,Não,2,0,0,1,1,0,1,1,"-21,83636432","-43,77465963",SPRF-MG,DEL05-MG,UOP01-DEL05-MG
387423.0,2021-10-03,domingo,18:10:00,MG,381.0,"925,2",ITAPEVA,Velocidade Incompatível,Capotamento,Com Vítimas Feridas,Plena Noite,Crescente,Chuva,Dupla,Curva,Não,5,0,4,0,1,0,4,1,"-22,76890062","-46,20677948",SPRF-MG,DEL16-MG,UOP03-DEL16-MG
387426.0,2021-10-03,domingo,17:05:00,MG,116.0,"506,7",INHAPIM,Velocidade Incompatível,Tombamento,Com Vítimas Feridas,Pleno dia,Crescente,Céu Claro,Simples,Reta,Não,1,0,1,0,0,0,1,1,"-19,61173388","-42,11344072",SPRF-MG,DEL06-MG,UOP02-DEL06-MG
387430.0,2021-10-03,domingo,21:55:00,MG,381.0,"485,3",BETIM,Ingestão de álcool pelo condutor,Tombamento,Com Vítimas Feridas,Plena Noite,Crescente,Céu Claro,Dupla,Curva,Sim,1,0,1,0,0,0,1,1,"-19,95659361","-44,12622893",SPRF-MG,DEL01-MG,UOP03-DEL01-MG
387433.0,2021-10-03,domingo,21:10:00,MG,40.0,"760,9",JUIZ DE FORA,Conversão proibida,Colisão transversal,Com Vítimas Feridas,Plena Noite,Crescente,Nublado,Simples,Reta,Não,7,0,3,0,2,2,3,2,"-21,56422487","-43,48903656",SPRF-MG,DEL05-MG,UOP01-DEL05-MG
387436.0,2021-10-03,domingo,18:30:00,MG,116.0,"763,9",LEOPOLDINA,Pedestre cruzava a pista fora da faixa,Atropelamento de Pedestre,Com Vítimas Feridas,Plena Noite,Crescente,Céu Claro,Simples,Reta,Sim,2,0,0,1,1,0,1,1,"-21,52635545","-42,63256914",SPRF-MG,DEL07-MG,UOP01-DEL07-MG
387477.0,2021-10-04,segunda-feira,02:50:00,MG,40.0,422,CURVELO,Condutor Dormindo,Saída de leito carroçável,Com Vítimas Feridas,Plena Noite,Crescente,Céu Claro,Simples,Reta,Sim,1,0,1,0,0,0,1,1,"-19,15372286","-44,54767401",SPRF-MG,DEL02-MG,UOP01-DEL02-MG
387493.0,2021-10-04,segunda-feira,06:30:00,MG,40.0,"712,5",BARBACENA,Chuva,Saída de leito carroçável,Com Vítimas Feridas,Pleno dia,Decrescente,Chuva,Dupla,Curva,Não,1,0,1,0,0,0,1,1,"-21,250074","-43,665171",SPRF-MG,DEL05-MG,UOP02-DEL05-MG
387502.0,2021-10-03,domingo,23:22:00,MG,381.0,"707,8",NEPOMUCENO,Condutor Dormindo,Saída de leito carroçável,Com Vítimas Feridas,Plena Noite,Decrescente,Ignorado,Dupla,Não Informado,Não,3,0,3,0,0,0,3,1,"-21,36199299","-45,19169583",SPRF-MG,DEL04-MG,UOP02-DEL04-MG
387508.0,2021-10-04,segunda-feira,07:20:00,MG,40.0,"741,6",SANTOS DUMONT,Velocidade Incompatível,Colisão frontal,Com Vítimas Feridas,Pleno dia,Crescente,Garoa/Chuvisco,Simples,Curva,Não,5,0,3,1,1,0,4,2,"-21,40505399","-43,56732403",SPRF-MG,DEL05-MG,UOP01-DEL05-MG
387519.0,2021-10-04,segunda-feira,09:10:00,MG,146.0,"489,6",POCOS DE CALDAS,Mal súbito do condutor,Colisão frontal,Com Vítimas Feridas,Pleno dia,Crescente,Nublado,Simples,Rotatória,Não,2,0,1,0,1,0,1,2,"-21,80840361","-46,47113984",SPRF-MG,DEL09-MG,UOP01-DEL09-MG
387527.0,2021-08-14,sábado,11:45:00,MG,381.0,"482,5",BETIM,Velocidade Incompatível,Colisão traseira,Com Vítimas Feridas,Pleno dia,Crescente,Céu Claro,Múltipla,Não Informado,Sim,6,0,1,0,5,0,1,6,"-19,955532","-44,097209",SPRF-MG,DEL01-MG,UOP03-DEL01-MG
387538.0,2021-10-04,segunda-feira,12:00:00,MG,40.0,"822,5",SIMAO PEREIRA,Velocidade Incompatível,Colisão com objeto,Com Vítimas Feridas,Pleno dia,Crescente,Céu Claro,Dupla,Reta,Não,2,0,0,2,0,0,2,1,"-21,94740924","-43,3627528",SPRF-MG,DEL05-MG,UOP01-DEL05-MG
387542.0,2021-10-04,segunda-feira,11:00:00,MG,40.0,532,BELO HORIZONTE,Mal súbito do condutor,Queda de ocupante de veículo,Com Vítimas Feridas,Pleno dia,Crescente,Céu Claro,Dupla,Não Informado,Sim,2,0,1,0,1,0,1,1,"-19,92372561","-44,01700789",SPRF-MG,DEL01-MG,UOP02-DEL01-MG
387551.0,2021-10-04,segunda-feira,12:30:00,MG,40.0,529,CONTAGEM,Reação tardia ou ineficiente do condutor,Tombamento,Com Vítimas Feridas,Pleno dia,Crescente,Céu Claro,Dupla,Curva,Sim,1,0,1,0,0,0,1,1,"-19,91635592","-44,03966566",SPRF-MG,DEL01-MG,UOP02-DEL01-MG
387552.0,2021-10-04,segunda-feira,13:00:00,MG,381.0,480,CONTAGEM,Ausência de reação do condutor,Colisão traseira,Com Vítimas Feridas,Pleno dia,Crescente,Sol,Dupla,Reta,Não,2,0,0,1,1,0,1,2,"-19,95749597","-44,07899901",SPRF-MG,DEL01-MG,UOP03-DEL01-MG
387558.0,2021-10-04,segunda-feira,09:30:00,MG,40.0,656,CRISTIANO OTONI,Velocidade Incompatível,Colisão com objeto,Com Vítimas Feridas,Pleno dia,Decrescente,Garoa/Chuvisco,Dupla,Não Informado,Não,1,0,1,0,0,0,1,1,"-20,88016199","-43,80078619",SPRF-MG,DEL05-MG,UOP02-DEL05-MG
387560.0,2021-08-18,quarta-feira,17:15:00,MG,381.0,490,BETIM,Ausência de reação do condutor,Engavetamento,Com Vítimas Feridas,Pleno dia,Crescente,Céu Claro,Múltipla,Reta,Sim,4,0,1,0,3,0,1,3,"-19,96502819","-44,17422195",SPRF-MG,DEL01-MG,UOP03-DEL01-MG
387563.0,2021-10-04,segunda-feira,13:00:00,MG,50.0,41,ARAGUARI,Reação tardia ou ineficiente do condutor,Colisão traseira,Com Vítimas Feridas,Pleno dia,Crescente,Sol,Dupla,Reta,Não,3,0,2,0,1,0,2,2,"-18,682136","-48,17887197",SPRF-MG,DEL15-MG,UOP02-DEL15-MG
387592.0,2021-09-28,terça-feira,03:40:00,MG,262.0,"7,8",MARTINS SOARES,Ausência de reação do condutor,Saída de leito carroçável,Com Vítimas Feridas,Plena Noite,Decrescente,Nublado,Simples,Reta,Não,2,0,2,0,0,0,2,1,"-20,25582453","-41,81690282",SPRF-MG,DEL06-MG,UOP04-DEL06-MG
387601.0,2021-10-04,segunda-feira,15:30:00,MG,146.0,"429,4",GUAXUPE,Chuva,Colisão transversal,Com Vítimas Feridas,Pleno dia,Crescente,Chuva,Simples,Não Informado,Não,3,0,1,0,2,0,1,3,"-21,298113","-46,674126",SPRF-MG,DEL09-MG,UOP01-DEL09-MG
387602.0,2021-10-04,segunda-feira,15:40:00,MG,146.0,"428,9",GUAXUPE,Velocidade Incompatível,Saída de leito carroçável,Com Vítimas Feridas,Pleno dia,Crescente,Chuva,Simples,Reta,Não,1,0,1,0,0,0,1,1,"-21,296183","-46,678141",SPRF-MG,DEL09-MG,UOP01-DEL09-MG
387605.0,2021-10-03,domingo,18:10:00,MG,381.0,437,SABARA,Ingestão de álcool pelo condutor,Colisão lateral mesmo sentido,Sem Vítimas,Anoitecer,Crescente,Nublado,Simples,Não Informado,Não,2,0,0,0,2,0,0,2,"-19,8000753","-43,7497603",SPRF-MG,DEL01-MG,UOP01-DEL01-MG
387626.0,2021-10-01,sexta-feira,22:20:00,MG,262.0,420,IGARATINGA,Velocidade Incompatível,Capotamento,Sem Vítimas,Plena Noite,Decrescente,Chuva,Dupla,Reta,Não,1,0,0,0,1,0,0,1,"-19,88933622","-44,71181914",SPRF-MG,DEL08-MG,UOP03-DEL08-MG
387634.0,2021-10-04,segunda-feira,07:50:00,MG,116.0,417,GOVERNADOR VALADARES,Conversão proibida,Colisão transversal,Com Vítimas Feridas,Pleno dia,Decrescente,Nublado,Simples,Reta,Sim,2,0,1,0,1,0,1,2,"-18,90130308","-41,94492414",SPRF-MG,DEL06-MG,UOP01-DEL06-MG
387651.0,2021-09-26,domingo,02:40:00,MG,262.0,802,UBERABA,Estacionar ou parar em local proibido,Colisão traseira,Com Vítimas Feridas,Plena Noite,Crescente,Céu Claro,Dupla,Não Informado,Sim,2,0,1,0,1,0,1,2,"-19,779234","-47,964844",SPRF-MG,DEL13-MG,UOP01-DEL13-MG
387663.0,2021-10-05,terça-feira,00:50:00,MG,381.0,510,SAO JOAQUIM DE BICAS,Ausência de reação do condutor,Saída de leito carroçável,Com Vítimas Feridas,Plena Noite,Crescente,Céu Claro,Dupla,Reta,Não,1,0,1,0,0,0,1,1,"-20,07738209","-44,30434488",SPRF-MG,DEL01-MG,UOP03-DEL01-MG
387664.0,2021-10-04,segunda-feira,23:26:00,MG,381.0,"705,8",LAVRAS,Velocidade Incompatível,Saída de leito carroçável,Com Vítimas Feridas,Plena Noite,Decrescente,Nublado,Dupla,Curva,Não,1,0,1,0,0,0,1,1,"-21,34965018","-45,17946289",SPRF-MG,DEL04-MG,UOP02-DEL04-MG
387668.0,2021-10-05,terça-feira,01:45:00,MG,153.0,239,FRONTEIRA,Animais na Pista,Atropelamento de Animal,Com Vítimas Feridas,Plena Noite,Crescente,Nublado,Simples,Reta,Não,1,0,1,0,0,0,1,1,"-20,29847332","-49,20614844",SPRF-MG,DEL13-MG,UOP02-DEL13-MG
387670.0,2021-10-05,terça-feira,03:00:00,MG,381.0,346,BELA VISTA DE MINAS,Pista Escorregadia,Saída de leito carroçável,Com Vítimas Feridas,Plena Noite,Crescente,Garoa/Chuvisco,Simples,Não Informado,Não,3,0,3,0,0,0,3,1,"-19,83904172","-43,09572481",SPRF-MG,DEL03-MG,UOP01-DEL03-MG
387688.0,2021-09-25,sábado,00:00:00,MG,40.0,545,NOVA LIMA,Ausência de reação do condutor,Saída de leito carroçável,Com Vítimas Fatais,Plena Noite,Crescente,Céu Claro,Dupla,Não Informado,Sim,3,1,0,0,1,1,0,2,"-20,00670404","-43,96418668",SPRF-MG,DEL01-MG,UOP02-DEL01-MG
387703.0,2021-10-05,terça-feira,04:40:00,MG,116.0,"251,1",TEOFILO OTONI,Animais na Pista,Atropelamento de Animal,Sem Vítimas,Plena Noite,Decrescente,Céu Claro,Simples,Reta,Não,2,0,0,0,1,1,0,1,"-17,65137591","-41,49335386",SPRF-MG,DEL11-MG,UOP01-DEL11-MG
387735.0,2021-10-05,terça-feira,12:00:00,MG,40.0,531,BELO HORIZONTE,Reação tardia ou ineficiente do condutor,Colisão traseira,Com Vítimas Feridas,Pleno dia,Decrescente,Céu Claro,Dupla,Reta,Não,2,0,1,0,1,0,1,2,"-19,91962483","-44,02522683",SPRF-MG,DEL01-MG,UOP02-DEL01-MG
387746.0,2021-10-05,terça-feira,12:00:00,MG,381.0,293,ANTONIO DIAS,Demais falhas mecânicas ou elétricas,Eventos atípicos,Com Vítimas Feridas,Pleno dia,Crescente,Céu Claro,Simples,Reta,Não,1,0,1,0,0,0,1,1,"-19,61823684","-42,84746491",SPRF-MG,DEL03-MG,UOP02-DEL03-MG
387766.0,2021-10-05,terça-feira,16:10:00,MG,262.0,"423,9",IGARATINGA,Velocidade Incompatível,Saída de leito carroçável,Com Vítimas Feridas,Pleno dia,Crescente,Sol,Dupla,Não Informado,Não,3,0,2,0,1,0,2,1,"-19,88411644","-44,73943306",SPRF-MG,DEL08-MG,UOP03-DEL08-MG
387803.0,2021-10-05,terça-feira,19:00:00,MG,364.0,"27,1",FRUTAL,Transitar no acostamento,Atropelamento de Pedestre,Com Vítimas Feridas,Plena Noite,Crescente,Nublado,Simples,Reta,Não,2,0,2,0,0,0,2,1,"-20,025119","-48,892637",SPRF-MG,DEL13-MG,UOP02-DEL13-MG
387862.0,2021-10-06,quarta-feira,03:00:00,MG,40.0,793,JUIZ DE FORA,Velocidade Incompatível,Saída de leito carroçável,Com Vítimas Feridas,Plena Noite,Decrescente,Nublado,Dupla,Curva,Não,1,0,1,0,0,0,1,1,"-21,79449311","-43,41425031",SPRF-MG,DEL05-MG,UOP01-DEL05-MG
387863.0,2021-10-06,quarta-feira,05:15:00,MG,50.0,174,UBERABA,Ingestão de álcool pelo condutor,Tombamento,Com Vítimas Feridas,Amanhecer,Decrescente,Céu Claro,Dupla,Reta,Sim,1,0,1,0,0,0,1,1,"-19,770817","-47,973434",SPRF-MG,DEL13-MG,UOP01-DEL13-MG
387874.0,2021-10-06,quarta-feira,07:50:00,MG,381.0,"499,6",BETIM,Trafegar com motocicleta (ou similar) entre as faixas,Colisão traseira,Com Vítimas Feridas,Pleno dia,Decrescente,Nublado,Dupla,Reta,Sim,2,0,1,0,1,0,1,2,"-20,01792651","-44,2261448",SPRF-MG,DEL01-MG,UOP03-DEL01-MG
387876.0,2021-10-06,quarta-feira,07:45:00,MG,40.0,"663,9",CARANDAI,Pista Escorregadia,Queda de ocupante de veículo,Com Vítimas Feridas,Pleno dia,Crescente,Garoa/Chuvisco,Simples,Reta,Não,1,0,1,0,0,0,1,1,"-20,93227474","-43,81735596",SPRF-MG,DEL05-MG,UOP02-DEL05-MG
387881.0,2021-10-06,quarta-feira,04:50:00,MG,40.0,142,JOAO PINHEIRO,Animais na Pista,Atropelamento de Animal,Com Vítimas Feridas,Amanhecer,Crescente,Céu Claro,Simples,Reta,Não,1,0,0,1,0,0,1,1,"-17,740382","-46,185728",SPRF-MG,DEL14-MG,UOP01-DEL14-MG
387891.0,2021-10-06,quarta-feira,07:50:00,MG,40.0,"699,2",BARBACENA,Acesso irregular,Colisão lateral mesmo sentido,Com Vítimas Feridas,Pleno dia,Crescente,Nublado,Simples,Reta,Sim,2,0,1,0,1,0,1,2,"-21,16945","-43,756498",SPRF-MG,DEL05-MG,UOP02-DEL05-MG