id,data_inversa,dia_semana,horario,uf,br,km,municipio,causa_acidente,tipo_acidente,classificacao_acidente,fase_dia,sentido_via,condicao_metereologica,tipo_pista,tracado_via,uso_solo,pessoas,mortos,feridos_leves,feridos_graves,ilesos,ignorados,feridos,veiculos,latitude,longitude,regional,delegacia,uop
387907.0,2021-10-06,quarta-feira,09:25:00,MG,116.0,"724,3",MURIAE,Acessar a via sem observar a presença dos outros veículos,Colisão transversal,Com Vítimas Feridas,Pleno dia,Crescente,Nublado,Simples,Reta,Não,2,0,0,1,1,0,1,2,"-21,26418055","-42,40401864",SPRF-MG,DEL07-MG,UOP02-DEL07-MG
387924.0,2021-10-06,quarta-feira,13:10:00,MG,116.0,"522,7",CARATINGA,Acessar a via sem observar a presença dos outros veículos,Colisão transversal,Com Vítimas Feridas,Pleno dia,Decrescente,Céu Claro,Simples,Reta,Não,3,0,2,1,0,0,3,2,"-19,73568358","-42,13188171",SPRF-MG,DEL06-MG,UOP02-DEL06-MG
387926.0,2021-10-06,quarta-feira,12:50:00,MG,262.0,439,NOVA SERRANA,Avarias e/ou desgaste excessivo no pneu,Tombamento,Com Vítimas Feridas,Pleno dia,Decrescente,Céu Claro,Dupla,Reta,Não,2,0,2,0,0,0,2,1,"-19,89197285","-44,88685183",SPRF-MG,DEL08-MG,UOP03-DEL08-MG
387929.0,2021-08-18,quarta-feira,08:45:00,MG,381.0,"907,5",CAMBUI,Mal súbito do condutor,Tombamento,Com Vítimas Feridas,Pleno dia,Decrescente,Céu Claro,Dupla,Curva,Não,1,0,1,0,0,0,1,1,"-22,67685633","-46,09808068",SPRF-MG,DEL16-MG,UOP03-DEL16-MG
387939.0,2021-10-06,quarta-feira,05:00:00,MG,116.0,"442,2",ENGENHEIRO CALDAS,Velocidade Incompatível,Saída de leito carroçável,Sem Vítimas,Amanhecer,Decrescente,Nublado,Simples,Curva,Não,1,0,0,0,1,0,0,1,"-19,09304397","-42,00040903",SPRF-MG,DEL06-MG,UOP01-DEL06-MG
387949.0,2021-10-06,quarta-feira,15:55:00,MG,262.0,"110,8",RIO CASCA,Condutor deixou de manter distância do veículo da frente,Capotamento,Com Vítimas Feridas,Pleno dia,Crescente,Nublado,Simples,Curva,Não,3,0,1,1,1,0,2,2,"-20,269447","-42,586014",SPRF-MG,DEL03-MG,UOP03-DEL03-MG
387980.0,2021-10-06,quarta-feira,17:00:00,MG,116.0,178,PADRE PARAISO,Entrada inopinada do pedestre,Atropelamento de Pedestre,Com Vítimas Feridas,Pleno dia,Decrescente,Nublado,Simples,Reta,Não,2,0,1,0,1,0,1,1,"-17,06871893","-41,48246709",SPRF-MG,DEL11-MG,UOP02-DEL11-MG
387993.0,2021-10-06,quarta-feira,23:30:00,MG,262.0,"521,8",LUZ,Ingestão de álcool pelo condutor,Colisão frontal,Com Vítimas Feridas,Plena Noite,Crescente,Nublado,Simples,Reta,Não,5,0,4,1,0,0,5,2,"-19,78177085","-45,66837832",SPRF-MG,DEL08-MG,UOP03-DEL08-MG
388030.0,2021-10-07,quinta-feira,07:00:00,MG,116.0,416,GOVERNADOR VALADARES,Ultrapassagem Indevida,Colisão transversal,Com Vítimas Feridas,Pleno dia,Crescente,Céu Claro,Simples,Não Informado,Sim,3,0,1,1,1,0,2,2,"-18,89215187","-41,94699543",SPRF-MG,DEL06-MG,UOP01-DEL06-MG
388035.0,2021-10-07,quinta-feira,06:26:00,MG,381.0,433,SABARA,Chuva,Saída de leito carroçável,Com Vítimas Feridas,Amanhecer,Crescente,Chuva,Simples,Curva,Sim,1,0,1,0,0,0,1,1,"-19,79269213","-43,74585386",SPRF-MG,DEL01-MG,UOP01-DEL01-MG
388036.0,2021-10-07,quinta-feira,08:10:00,MG,381.0,343,JOAO MONLEVADE,Chuva,Saída de leito carroçável,Com Vítimas Feridas,Pleno dia,Crescente,Chuva,Simples,Curva,Sim,3,0,2,0,0,1,2,1,"-19,85663904","-43,10916603",SPRF-MG,DEL03-MG,UOP01-DEL03-MG
388048.0,2021-08-25,quarta-feira,11:20:00,MG,381.0,"447,1",SANTA LUZIA,Acumulo de areia ou detritos sobre o pavimento,Tombamento,Com Vítimas Feridas,Pleno dia,Decrescente,Céu Claro,Simples,Curva,Sim,1,0,1,0,0,0,1,1,"-19,83447607","-43,85011601",SPRF-MG,DEL01-MG,UOP01-DEL01-MG
388062.0,2021-10-07,quinta-feira,09:05:00,MG,381.0,"527,5",BRUMADINHO,Velocidade Incompatível,Saída de leito carroçável,Com Vítimas Feridas,Pleno dia,Decrescente,Chuva,Dupla,Curva,Não,1,0,1,0,0,0,1,1,"-20,16283256","-44,35072739",SPRF-MG,DEL04-MG,UOP03-DEL04-MG
388065.0,2021-10-07,quinta-feira,09:00:00,MG,381.0,550,ITAGUARA,Chuva,Saída de leito carroçável,Com Vítimas Feridas,Pleno dia,Decrescente,Chuva,Dupla,Curva,Não,2,0,1,0,1,0,1,1,"-20,32661215","-44,45627931",SPRF-MG,DEL04-MG,UOP03-DEL04-MG
388094.0,2021-10-07,quinta-feira,09:30:00,MG,116.0,"527,7",CARATINGA,Acessar a via sem observar a presença dos outros veículos,Colisão transversal,Com Vítimas Feridas,Pleno dia,Decrescente,Céu Claro,Simples,Interseção de vias,Sim,2,0,1,0,1,0,1,2,"-19,78510701","-42,13445297",SPRF-MG,DEL06-MG,UOP02-DEL06-MG
388115.0,2021-09-25,sábado,17:30:00,MG,354.0,"752,9",ITAMONTE,Ausência de reação do condutor,Colisão frontal,Com Vítimas Feridas,Pleno dia,Crescente,Chuva,Simples,Reta,Sim,2,0,0,1,1,0,1,2,"-22,2766752","-44,8749623",SPRF-MG,DEL17-MG,UOP01-DEL17-MG
388123.0,2021-10-07,quinta-feira,10:30:00,MG,262.0,437,NOVA SERRANA,Mal súbito do condutor,Tombamento,Com Vítimas Feridas,Pleno dia,Decrescente,Céu Claro,Dupla,Retorno Regulamentado,Não,1,0,1,0,0,0,1,1,"-19,89622194","-44,86972815",SPRF-MG,DEL08-MG,UOP03-DEL08-MG
388141.0,2021-10-07,quinta-feira,12:00:00,MG,262.0,433,NOVA SERRANA,Velocidade Incompatível,Saída de leito carroçável,Com Vítimas Feridas,Pleno dia,Crescente,Nublado,Dupla,Reta,Não,1,0,1,0,0,0,1,1,"-19,89020759","-44,83338711",SPRF-MG,DEL08-MG,UOP03-DEL08-MG
388165.0,2021-10-07,quinta-feira,16:30:00,MG,40.0,"702,5",BARBACENA,Ultrapassagem Indevida,Colisão frontal,Com Vítimas Feridas,Pleno dia,Crescente,Nublado,Simples,Não Informado,Sim,2,0,1,0,1,0,1,2,"-21,21950821","-43,74224782",SPRF-MG,DEL05-MG,UOP02-DEL05-MG
388168.0,2021-10-07,quinta-feira,17:00:00,MG,262.0,"64,6",MATIPO,Avarias e/ou desgaste excessivo no pneu,Colisão traseira,Com Vítimas Feridas,Pleno dia,Crescente,Sol,Simples,Reta,Não,3,0,1,0,2,0,1,3,"-20,29548779","-42,24392398",SPRF-MG,DEL06-MG,UOP04-DEL06-MG
388181.0,2021-10-07,quinta-feira,20:30:00,MG,40.0,"711,5",BARBACENA,Demais falhas mecânicas ou elétricas,Queda de ocupante de veículo,Com Vítimas Feridas,Plena Noite,Decrescente,Céu Claro,Dupla,Reta,Não,2,0,2,0,0,0,2,1,"-21,249304","-43,679434",SPRF-MG,DEL05-MG,UOP02-DEL05-MG
388186.0,2021-10-07,quinta-feira,20:00:00,MG,116.0,"529,7",CARATINGA,Ingestão de substâncias psicoativas pelo condutor,Colisão com objeto,Sem Vítimas,Plena Noite,Crescente,Céu Claro,Simples,Reta,Sim,1,0,0,0,1,0,0,1,"-19,80209596","-42,13678193",SPRF-MG,DEL06-MG,UOP02-DEL06-MG
388190.0,2021-10-07,quinta-feira,22:30:00,MG,40.0,"748,2",SANTOS DUMONT,Ingestão de álcool e/ou substâncias psicoativas pelo pedestre,Atropelamento de Pedestre,Com Vítimas Feridas,Plena Noite,Decrescente,Chuva,Simples,Reta,Sim,2,0,1,1,0,0,2,1,"-21,47884895","-43,54495525",SPRF-MG,DEL05-MG,UOP01-DEL05-MG
388200.0,2021-10-07,quinta-feira,23:30:00,MG,267.0,"70,1",BICAS,Ingestão de álcool pelo condutor,Saída de leito carroçável,Com Vítimas Feridas,Plena Noite,Crescente,Ignorado,Simples,Curva,Não,5,0,3,0,0,2,3,1,"-21,74480506","-43,13260598",SPRF-MG,DEL05-MG,UOP01-DEL05-MG
388235.0,2021-10-08,sexta-feira,07:05:00,MG,50.0,"43,9",ARAGUARI,Condutor Dormindo,Colisão com objeto,Com Vítimas Feridas,Pleno dia,Crescente,Céu Claro,Dupla,Não Informado,Não,2,0,1,0,0,1,1,1,"-18,71222794","-48,19607735",SPRF-MG,DEL15-MG,UOP02-DEL15-MG
388264.0,2021-10-08,sexta-feira,07:30:00,MG,251.0,"349,7",FRUTA DE LEITE,Velocidade Incompatível,Colisão transversal,Com Vítimas Feridas,Pleno dia,Decrescente,Céu Claro,Simples,Não Informado,Não,2,0,1,0,0,1,1,2,"-16,27293323","-42,53130451",SPRF-MG,DEL12-MG,UOP01-DEL12-MG
388279.0,2021-10-07,quinta-feira,07:00:00,MG,251.0,"451,7",GRAO MOGOL,Ultrapassagem Indevida,Tombamento,Com Vítimas Feridas,Pleno dia,Decrescente,Sol,Simples,Reta,Não,2,0,1,0,1,0,1,1,"-16,41900232","-43,30798792",SPRF-MG,DEL12-MG,UOP01-DEL12-MG
388302.0,2021-10-08,sexta-feira,14:15:00,MG,146.0,450,MUZAMBINHO,Ausência de sinalização,Colisão transversal,Com Vítimas Feridas,Pleno dia,Crescente,Céu Claro,Simples,Rotatória,Sim,2,0,1,0,1,0,1,2,"-21,35433844","-46,5207696",SPRF-MG,DEL09-MG,UOP01-DEL09-MG
388318.0,2021-10-08,sexta-feira,14:50:00,MG,116.0,"710,2",MURIAE,Desrespeitar a preferência no cruzamento,Colisão transversal,Com Vítimas Feridas,Pleno dia,Crescente,Nublado,Simples,Reta,Não,3,0,1,0,1,1,1,2,"-21,16478573","-42,37626406",SPRF-MG,DEL07-MG,UOP02-DEL07-MG
388330.0,2021-10-08,sexta-feira,12:00:00,MG,262.0,"518,1",LUZ,Velocidade Incompatível,Saída de leito carroçável,Com Vítimas Feridas,Pleno dia,Decrescente,Nublado,Simples,Não Informado,Não,2,0,2,0,0,0,2,1,"-19,79125663","-45,60083807",SPRF-MG,DEL08-MG,UOP03-DEL08-MG
388333.0,2021-10-08,sexta-feira,16:10:00,MG,381.0,484,BETIM,Condutor deixou de manter distância do veículo da frente,Colisão traseira,Com Vítimas Feridas,Pleno dia,Crescente,Nublado,Dupla,Reta,Não,5,0,1,0,3,1,1,5,"-19,95721182","-44,09336574",SPRF-MG,DEL01-MG,UOP03-DEL01-MG
388374.0,2021-10-08,sexta-feira,15:00:00,MG,354.0,"703,1",CAXAMBU,Acessar a via sem observar a presença dos outros veículos,Colisão transversal,Com Vítimas Feridas,Pleno dia,Crescente,Nublado,Simples,Interseção de vias,Sim,3,0,1,0,1,1,1,2,"-21,97540939","-44,92323124",SPRF-MG,DEL17-MG,UOP01-DEL17-MG
388446.0,2021-10-09,sábado,03:05:00,MG,40.0,"737,8",SANTOS DUMONT,Velocidade Incompatível,Saída de leito carroçável,Sem Vítimas,Plena Noite,Crescente,Chuva,Simples,Curva,Não,1,0,0,0,1,0,0,1,"-21,38296999","-43,57033542",SPRF-MG,DEL05-MG,UOP01-DEL05-MG
388449.0,2021-10-09,sábado,02:15:00,MG,50.0,"61,1",UBERLANDIA,Condutor Dormindo,Saída de leito carroçável,Com Vítimas Feridas,Plena Noite,Decrescente,Nublado,Dupla,Não Informado,Sim,1,0,1,0,0,0,1,1,"-18,81603099","-48,25003475",SPRF-MG,DEL15-MG,UOP02-DEL15-MG
388470.0,2021-10-09,sábado,05:00:00,MG,40.0,"701,6",BARBACENA,Velocidade Incompatível,Tombamento,Com Vítimas Feridas,Amanhecer,Decrescente,Nublado,Simples,Reta,Sim,1,0,1,0,0,0,1,1,"-21,21849","-43,744043",SPRF-MG,DEL05-MG,UOP02-DEL05-MG
388481.0,2021-10-09,sábado,05:20:00,MG,40.0,"501,7",ESMERALDAS,Entrada inopinada do pedestre,Atropelamento de Pedestre,Com Vítimas Fatais,Amanhecer,Crescente,Nublado,Dupla,Reta,Não,3,1,0,0,1,1,0,1,"-19,711946","-44,163203",SPRF-MG,DEL02-MG,UOP01-DEL02-MG
388486.0,2021-10-09,sábado,04:05:00,MG,40.0,"732,5",OLIVEIRA FORTES,Velocidade Incompatível,Saída de leito carroçável,Com Vítimas Feridas,Plena Noite,Crescente,Chuva,Dupla,Não Informado,Não,5,0,1,0,4,0,1,1,"-21,34762119","-43,58122534",SPRF-MG,DEL05-MG,UOP01-DEL05-MG
388491.0,2021-10-09,sábado,06:00:00,MG,116.0,292,TEOFILO OTONI,Velocidade Incompatível,Capotamento,Com Vítimas Feridas,Pleno dia,Decrescente,Chuva,Simples,Curva,Não,2,0,1,0,1,0,1,1,"-17,98144887","-41,55430919",SPRF-MG,DEL11-MG,UOP01-DEL11-MG
388543.0,2021-10-09,sábado,10:00:00,MG,40.0,"750,6",SANTOS DUMONT,Chuva,Colisão frontal,Com Vítimas Feridas,Pleno dia,Crescente,Chuva,Simples,Curva,Não,4,0,1,0,3,0,1,2,"-21,45724301","-43,55822199",SPRF-MG,DEL05-MG,UOP01-DEL05-MG
388544.0,2021-10-09,sábado,10:10:00,MG,40.0,"824,9",SIMAO PEREIRA,Ausência de reação do condutor,Colisão com objeto,Com Vítimas Feridas,Pleno dia,Crescente,Chuva,Dupla,Curva,Não,1,0,0,1,0,0,1,1,"-21,96689732","-43,29126511",SPRF-MG,DEL05-MG,UOP01-DEL05-MG
388559.0,2021-10-09,sábado,13:20:00,MG,381.0,"948,5",EXTREMA,Acessar a via sem observar a presença dos outros veículos,Colisão lateral mesmo sentido,Com Vítimas Feridas,Pleno dia,Decrescente,Céu Claro,Dupla,Reta,Não,2,0,1,0,0,1,1,2,"-22,87208717","-46,36119199",SPRF-MG,DEL16-MG,UOP03-DEL16-MG
388575.0,2021-10-09,sábado,13:54:00,MG,459.0,8,CALDAS,Ultrapassagem Indevida,Colisão lateral mesmo sentido,Com Vítimas Feridas,Pleno dia,Crescente,Céu Claro,Simples,Curva,Não,3,0,2,0,1,0,2,2,"-21,811056","-46,469987",SPRF-MG,DEL09-MG,UOP01-DEL09-MG
388581.0,2021-10-09,sábado,13:30:00,MG,116.0,578,MANHUACU,Velocidade Incompatível,Tombamento,Com Vítimas Feridas,Pleno dia,Crescente,Nublado,Simples,Curva,Não,2,0,2,0,0,0,2,1,"-20,16991998","-42,18875093",SPRF-MG,DEL06-MG,UOP04-DEL06-MG
388584.0,2021-10-09,sábado,14:18:00,MG,459.0,"104,5",POUSO ALEGRE,Pista Escorregadia,Colisão lateral mesmo sentido,Com Vítimas Feridas,Pleno dia,Decrescente,Nublado,Dupla,Curva,Sim,9,0,2,0,7,0,2,4,"-22,23387","-45,898136",SPRF-MG,DEL16-MG,UOP01-DEL16-MG
388593.0,2021-10-09,sábado,12:40:00,MG,116.0,"224,5",CATUJI,Acumulo de óleo sobre o pavimento,Saída de leito carroçável,Com Vítimas Feridas,Pleno dia,Decrescente,Chuva,Simples,Curva,Não,5,0,5,0,0,0,5,1,"-17,4396431","-41,51145911",SPRF-MG,DEL11-MG,UOP01-DEL11-MG
388594.0,2021-10-09,sábado,12:30:00,MG,116.0,"224,5",CATUJI,Acumulo de óleo sobre o pavimento,Saída de leito carroçável,Com Vítimas Feridas,Pleno dia,Decrescente,Chuva,Simples,Curva,Não,3,0,2,0,1,0,2,1,"-17,4396431","-41,51145911",SPRF-MG,DEL11-MG,UOP01-DEL11-MG
388603.0,2021-10-09,sábado,16:00:00,MG,262.0,"66,1",MATIPO,Velocidade Incompatível,Colisão transversal,Sem Vítimas,Pleno dia,Crescente,Nublado,Simples,Curva,Não,2,0,0,0,2,0,0,2,"-20,30403972","-42,26009805",SPRF-MG,DEL06-MG,UOP04-DEL06-MG
388605.0,2021-10-09,sábado,16:30:00,MG,381.0,532,ITATIAIUCU,Chuva,Capotamento,Com Vítimas Feridas,Pleno dia,Decrescente,Chuva,Dupla,Curva,Não,2,0,2,0,0,0,2,1,"-20,1904316","-44,38268793",SPRF-MG,DEL04-MG,UOP03-DEL04-MG
388606.0,2021-10-09,sábado,14:20:00,MG,459.0,"104,5",POUSO ALEGRE,Pista Escorregadia,Colisão com objeto,Com Vítimas Feridas,Pleno dia,Decrescente,Céu Claro,Dupla,Curva,Sim,3,0,1,0,2,0,1,1,"-22,23809333","-45,89415348",SPRF-MG,DEL16-MG,UOP01-DEL16-MG
388610.0,2021-10-09,sábado,10:00:00,MG,262.0,378,JUATUBA,Velocidade Incompatível,Saída de leito carroçável,Sem Vítimas,Pleno dia,Crescente,Céu Claro,Dupla,Não Informado,Não,1,0,0,0,0,1,0,1,"-19,95652262","-44,3648278",SPRF-MG,DEL01-MG,UOP03-DEL01-MG
388621.0,2021-10-09,sábado,15:45:00,MG,381.0,"932,8",EXTREMA,Velocidade Incompatível,Capotamento,Com Vítimas Feridas,Pleno dia,Decrescente,Nublado,Dupla,Reta,Não,2,0,1,0,1,0,1,1,"-22,79295952","-46,24886895",SPRF-MG,DEL16-MG,UOP03-DEL16-MG
388651.0,2021-10-09,sábado,18:40:00,MG,365.0,625,UBERLANDIA,Velocidade Incompatível,Tombamento,Sem Vítimas,Plena Noite,Crescente,Céu Claro,Dupla,Curva,Sim,1,0,0,0,1,0,0,1,"-18,90585472","-48,32526001",SPRF-MG,DEL15-MG,UOP01-DEL15-MG
388652.0,2021-10-09,sábado,18:20:00,MG,40.0,419,CURVELO,Ultrapassagem Indevida,Colisão frontal,Com Vítimas Fatais,Anoitecer,Decrescente,Nublado,Simples,Reta,Não,5,1,2,1,1,0,3,2,"-19,15737904","-44,57598799",SPRF-MG,DEL02-MG,UOP01-DEL02-MG
388680.0,2021-10-09,sábado,20:05:00,MG,153.0,188,FRUTAL,Velocidade Incompatível,Saída de leito carroçável,Com Vítimas Feridas,Plena Noite,Crescente,Chuva,Simples,Curva,Não,1,0,1,0,0,0,1,1,"-19,868055","-48,970649",SPRF-MG,DEL13-MG,UOP02-DEL13-MG
388692.0,2021-10-09,sábado,09:10:00,MG,381.0,488,BETIM,Acumulo de óleo sobre o pavimento,Tombamento,Com Vítimas Feridas,Plena Noite,Decrescente,Nublado,Dupla,Curva,Sim,2,0,1,0,1,0,1,1,"-19,9598656","-44,15489715",SPRF-MG,DEL01-MG,UOP03-DEL01-MG
388701.0,2021-10-09,sábado,21:45:00,MG,354.0,"751,8",ITAMONTE,Velocidade Incompatível,Saída de leito carroçável,Com Vítimas Feridas,Plena Noite,Decrescente,Chuva,Simples,Curva,Não,2,0,1,0,1,0,1,1,"-22,28761498","-44,86860589",SPRF-MG,DEL17-MG,UOP01-DEL17-MG
388709.0,2021-10-09,sábado,20:50:00,MG,381.0,"484,5",BETIM,Chuva,Tombamento,Com Vítimas Feridas,Plena Noite,Decrescente,Chuva,Dupla,Curva,Sim,1,0,1,0,0,0,1,1,"-19,95531717","-44,11722196",SPRF-MG,DEL01-MG,UOP03-DEL01-MG
388711.0,2021-10-09,sábado,22:45:00,MG,381.0,"921,3",CAMANDUCAIA,Velocidade Incompatível,Colisão com objeto,Com Vítimas Feridas,Plena Noite,Crescente,Chuva,Dupla,Não Informado,Não,4,0,1,0,3,0,1,1,"-22,76271688","-46,17002825",SPRF-MG,DEL16-MG,UOP03-DEL16-MG
388717.0,2021-10-10,domingo,00:30:00,MG,251.0,"278,1",SALINAS,Ausência de reação do condutor,Saída de leito carroçável,Com Vítimas Fatais,Plena Noite,Crescente,Nublado,Simples,Não Informado,Não,1,1,0,0,0,0,0,1,"-16,02764697","-42,08916901",SPRF-MG,DEL11-MG,UOP02-DEL11-MG
388736.0,2021-10-10,domingo,00:45:00,MG,262.0,"44,7",MANHUACU,Velocidade Incompatível,Colisão frontal,Com Vítimas Feridas,Plena Noite,Decrescente,Chuva,Simples,Curva,Não,3,0,2,0,1,0,2,2,"-20,26011575","-42,08811198",SPRF-MG,DEL06-MG,UOP04-DEL06-MG
388738.0,2021-10-09,sábado,20:45:00,MG,116.0,"374,5",FREI INOCENCIO,Transitar no acostamento,Atropelamento de Pedestre,Com Vítimas Feridas,Plena Noite,Decrescente,Chuva,Simples,Reta,Sim,4,0,0,2,0,2,2,1,"-18,57167276","-41,91082732",SPRF-MG,DEL11-MG,UOP01-DEL11-MG
388751.0,2021-10-10,domingo,02:00:00,MG,40.0,"754,9",SANTOS DUMONT,Chuva,Tombamento,Com Vítimas Fatais,Plena Noite,Crescente,Chuva,Simples,Desvio Temporário,Não,45,1,15,3,26,0,18,1,"-21,47980333","-43,54250614",SPRF-MG,DEL05-MG,UOP01-DEL05-MG
388754.0,2021-10-10,domingo,03:00:00,MG,50.0,"35,9",ARAGUARI,Pedestre andava na pista,Atropelamento de Pedestre,Com Vítimas Feridas,Plena Noite,Crescente,Garoa/Chuvisco,Dupla,Não Informado,Não,2,0,1,0,0,1,1,1,"-18,65342116","-48,14476978",SPRF-MG,DEL15-MG,UOP02-DEL15-MG
388760.0,2021-10-10,domingo,03:00:00,MG,381.0,490,BETIM,Velocidade Incompatível,Colisão com objeto,Com Vítimas Feridas,Plena Noite,Decrescente,Céu Claro,Dupla,Reta,Sim,2,0,1,0,1,0,1,1,"-19,96502819","-44,17422195",SPRF-MG,DEL01-MG,UOP03-DEL01-MG
388762.0,2021-10-10,domingo,02:40:00,MG,381.0,316,NOVA ERA,Velocidade Incompatível,Capotamento,Com Vítimas Feridas,Plena Noite,Decrescente,Chuva,Simples,Curva,Não,3,0,1,0,2,0,1,1,"-19,69896406","-42,99486928",SPRF-MG,DEL03-MG,UOP02-DEL03-MG
388763.0,2021-10-10,domingo,04:00:00,MG,50.0,"22,8",ARAGUARI,Ingestão de álcool pelo condutor,Saída de leito carroçável,Sem Vítimas,Plena Noite,Decrescente,Nublado,Dupla,Não Informado,Não,1,0,0,0,1,0,0,1,"-18,60474","-48,051437",SPRF-MG,DEL15-MG,UOP02-DEL15-MG
388786.0,2021-10-10,domingo,06:00:00,MG,50.0,"175,2",UBERABA,Velocidade Incompatível,Saída de leito carroçável,Sem Vítimas,Amanhecer,Crescente,Chuva,Dupla,Reta,Sim,1,0,0,0,1,0,0,1,"-19,77880359","-47,9695118",SPRF-MG,DEL13-MG,UOP01-DEL13-MG
388789.0,2021-10-10,domingo,05:45:00,MG,381.0,456,BELO HORIZONTE,Ingestão de álcool pelo condutor,Saída de leito carroçável,Com Vítimas Feridas,Amanhecer,Crescente,Chuva,Dupla,Não Informado,Sim,2,0,1,1,0,0,2,1,"-19,85862954","-43,91292495",SPRF-MG,DEL01-MG,UOP01-DEL01-MG
388792.0,2021-10-09,sábado,19:30:00,MG,116.0,"455,9",ENGENHEIRO CALDAS,Animais na Pista,Atropelamento de Animal,Com Vítimas Feridas,Plena Noite,Decrescente,Céu Claro,Simples,Curva,Sim,1,0,1,0,0,0,1,1,"-19,192935","-42,043011",SPRF-MG,DEL06-MG,UOP02-DEL06-MG
388797.0,2021-10-10,domingo,07:40:00,MG,381.0,324,NOVA ERA,Acumulo de água sobre o pavimento,Colisão traseira,Com Vítimas Feridas,Pleno dia,Decrescente,Chuva,Dupla,Não Informado,Não,5,0,1,0,4,0,1,2,"-19,759028","-43,028651",SPRF-MG,DEL03-MG,UOP02-DEL03-MG
388798.0,2021-10-09,sábado,23:00:00,MG,40.0,121,JOAO PINHEIRO,Velocidade Incompatível,Saída de leito carroçável,Sem Vítimas,Plena Noite,Crescente,Chuva,Simples,Reta,Não,4,0,0,0,0,4,0,1,"-17,6638974","-46,35562202",SPRF-MG,DEL14-MG,UOP01-DEL14-MG
388817.0,2021-10-10,domingo,02:00:00,MG,381.0,902,CAMBUI,Velocidade Incompatível,Saída de leito carroçável,Sem Vítimas,Plena Noite,Crescente,Chuva,Dupla,Reta,Não,1,0,0,0,1,0,0,1,"-22,63203422","-46,07872963",SPRF-MG,DEL16-MG,UOP03-DEL16-MG
388827.0,2021-10-10,domingo,04:00:00,MG,146.0,"486,2",POCOS DE CALDAS,Ingestão de álcool pelo condutor,Saída de leito carroçável,Sem Vítimas,Plena Noite,Crescente,Nevoeiro/Neblina,Simples,Não Informado,Não,1,0,0,0,1,0,0,1,"-21,796492","-46,443948",SPRF-MG,DEL09-MG,UOP01-DEL09-MG
388829.0,2021-09-06,segunda-feira,18:40:00,MG,262.0,600,CAMPOS ALTOS,Manobra de mudança de faixa,Colisão lateral mesmo sentido,Com Vítimas Feridas,Plena Noite,Decrescente,Céu Claro,Simples,Reta,Não,1,0,0,1,0,0,1,1,"-19,64804766","-46,23795077",SPRF-MG,DEL08-MG,UOP02-DEL08-MG
388830.0,2021-10-10,domingo,09:50:00,MG,40.0,"280,3",TRES MARIAS,Velocidade Incompatível,Saída de leito carroçável,Com Vítimas Feridas,Pleno dia,Decrescente,Chuva,Simples,Não Informado,Não,2,0,1,0,1,0,1,1,"-18,23500807","-45,21384008",SPRF-MG,DEL14-MG,UOP02-DEL14-MG
388845.0,2021-10-10,domingo,11:50:00,MG,40.0,"730,4",SANTOS DUMONT,Velocidade Incompatível,Saída de leito carroçável,Com Vítimas Feridas,Pleno dia,Decrescente,Chuva,Dupla,Curva,Não,1,0,1,0,0,0,1,1,"-21,3589167","-43,57946657",SPRF-MG,DEL05-MG,UOP01-DEL05-MG
388854.0,2021-10-10,domingo,09:30:00,MG,381.0,"526,8",BRUMADINHO,Pista Escorregadia,Colisão lateral mesmo sentido,Com Vítimas Feridas,Pleno dia,Crescente,Chuva,Dupla,Curva,Não,7,0,3,0,4,0,3,2,"-20,1563945","-44,32757204",SPRF-MG,DEL04-MG,UOP03-DEL04-MG
388858.0,2021-10-10,domingo,13:00:00,MG,381.0,"938,4",EXTREMA,Velocidade Incompatível,Saída de leito carroçável,Com Vítimas Feridas,Pleno dia,Crescente,Chuva,Dupla,Curva,Não,1,0,1,0,0,0,1,1,"-22,81725918","-46,29408579",SPRF-MG,DEL16-MG,UOP03-DEL16-MG
388863.0,2021-10-10,domingo,11:30:00,MG,50.0,111,UBERABA,Reação tardia ou ineficiente do condutor,Saída de leito carroçável,Com Vítimas Feridas,Pleno dia,Decrescente,Chuva,Dupla,Curva,Não,1,0,1,0,0,0,1,1,"-19,23226801","-48,14217502",SPRF-MG,DEL13-MG,UOP01-DEL13-MG
388867.0,2021-10-10,domingo,14:15:00,MG,381.0,438,SABARA,Velocidade Incompatível,Tombamento,Com Vítimas Feridas,Pleno dia,Decrescente,Chuva,Simples,Curva,Não,1,0,1,0,0,0,1,1,"-19,80934407","-43,777791",SPRF-MG,DEL01-MG,UOP01-DEL01-MG
388872.0,2021-10-10,domingo,14:05:00,MG,40.0,754,EWBANK DA CAMARA,Avarias e/ou desgaste excessivo no pneu,Colisão frontal,Com Vítimas Feridas,Pleno dia,Decrescente,Chuva,Simples,Reta,Não,5,0,3,2,0,0,5,2,"-21,47980333","-43,54250614",SPRF-MG,DEL05-MG,UOP01-DEL05-MG
388884.0,2021-10-10,domingo,15:00:00,MG,365.0,612,UBERLANDIA,Ausência de reação do condutor,Colisão traseira,Sem Vítimas,Pleno dia,Decrescente,Chuva,Simples,Reta,Sim,4,0,0,0,4,0,0,2,"-18,92707243","-48,19633484",SPRF-MG,DEL15-MG,UOP01-DEL15-MG