id,data_inversa,dia_semana,horario,uf,br,km,municipio,causa_acidente,tipo_acidente,classificacao_acidente,fase_dia,sentido_via,condicao_metereologica,tipo_pista,tracado_via,uso_solo,pessoas,mortos,feridos_leves,feridos_graves,ilesos,ignorados,feridos,veiculos,latitude,longitude,regional,delegacia,uop
388887.0,2021-10-10,domingo,15:15:00,MG,381.0,921,CAMANDUCAIA,Velocidade Incompatível,Saída de leito carroçável,Sem Vítimas,Pleno dia,Crescente,Garoa/Chuvisco,Dupla,Não Informado,Não,1,0,0,0,1,0,0,1,"-22,7680939","-46,20854399",SPRF-MG,DEL16-MG,UOP03-DEL16-MG
388901.0,2021-10-10,domingo,15:10:00,MG,381.0,"721,8",CARMO DA CACHOEIRA,Chuva,Colisão com objeto,Com Vítimas Feridas,Pleno dia,Decrescente,Chuva,Dupla,Curva,Não,2,0,1,0,1,0,1,1,"-21,439018","-45,209378",SPRF-MG,DEL04-MG,UOP02-DEL04-MG
388914.0,2021-10-10,domingo,15:20:00,MG,381.0,"686,3",LAVRAS,Velocidade Incompatível,Capotamento,Com Vítimas Feridas,Pleno dia,Crescente,Chuva,Dupla,Curva,Não,1,0,1,0,0,0,1,1,"-21,20030689","-45,11944438",SPRF-MG,DEL04-MG,UOP02-DEL04-MG
388922.0,2021-10-10,domingo,17:50:00,MG,262.0,"442,9",NOVA SERRANA,Reação tardia ou ineficiente do condutor,Colisão traseira,Com Vítimas Feridas,Plena Noite,Decrescente,Nublado,Dupla,Interseção de vias,Não,3,0,2,0,1,0,2,2,"-19,8806236","-44,91232265",SPRF-MG,DEL08-MG,UOP03-DEL08-MG
388950.0,2021-10-10,domingo,19:20:00,MG,365.0,161,PIRAPORA,Transitar na contramão,Colisão frontal,Com Vítimas Feridas,Pleno dia,Crescente,Garoa/Chuvisco,Simples,Reta,Sim,4,0,3,0,0,1,3,2,"-17,36446786","-44,92847403",SPRF-MG,DEL12-MG,UOP01-DEL12-MG
388957.0,2021-10-10,domingo,19:45:00,MG,116.0,"555,2",SANTA BARBARA DO LESTE,Reação tardia ou ineficiente do condutor,Colisão frontal,Com Vítimas Feridas,Plena Noite,Crescente,Nublado,Simples,Curva,Não,2,0,0,1,1,0,1,2,"-20,00911074","-42,14328403",SPRF-MG,DEL06-MG,UOP02-DEL06-MG
388960.0,2021-10-10,domingo,22:10:00,MG,40.0,"41,4",PARACATU,Ingestão de álcool pelo condutor,Colisão com objeto,Sem Vítimas,Plena Noite,Crescente,Chuva,Simples,Reta,Sim,1,0,0,0,1,0,0,1,"-17,21271307","-46,87295209",SPRF-MG,DEL14-MG,UOP01-DEL14-MG
388971.0,2021-10-10,domingo,23:30:00,MG,381.0,493,BETIM,Reação tardia ou ineficiente do condutor,Saída de leito carroçável,Com Vítimas Feridas,Plena Noite,Decrescente,Chuva,Múltipla,Reta,Sim,4,0,2,1,1,0,3,1,"-19,97670801","-44,19962698",SPRF-MG,DEL01-MG,UOP03-DEL01-MG
389019.0,2021-10-11,segunda-feira,06:10:00,MG,40.0,639,CONSELHEIRO LAFAIETE,Velocidade Incompatível,Saída de leito carroçável,Com Vítimas Feridas,Pleno dia,Decrescente,Chuva,Simples,Reta,Não,1,0,1,0,0,0,1,1,"-20,73219989","-43,79985054",SPRF-MG,DEL05-MG,UOP02-DEL05-MG
389025.0,2021-10-11,segunda-feira,05:55:00,MG,381.0,"761,1",TRES CORACOES,Velocidade Incompatível,Saída de leito carroçável,Sem Vítimas,Amanhecer,Decrescente,Chuva,Dupla,Não Informado,Não,1,0,0,0,1,0,0,1,"-21,70115139","-45,36744118",SPRF-MG,DEL16-MG,UOP02-DEL16-MG
389027.0,2021-10-11,segunda-feira,07:10:00,MG,262.0,631,IBIA,Velocidade Incompatível,Colisão frontal,Com Vítimas Feridas,Pleno dia,Crescente,Nublado,Dupla,Reta,Não,1,0,1,0,0,0,1,1,"-19,58936383","-46,49691051",SPRF-MG,DEL08-MG,UOP01-DEL08-MG
389037.0,2021-10-10,domingo,16:22:00,MG,381.0,"545,1",ITATIAIUCU,Demais falhas mecânicas ou elétricas,Tombamento,Com Vítimas Feridas,Pleno dia,Crescente,Chuva,Dupla,Não Informado,Não,2,0,1,1,0,0,2,1,"-20,26073498","-44,42093643",SPRF-MG,DEL04-MG,UOP03-DEL04-MG
389043.0,2021-10-11,segunda-feira,07:15:00,MG,40.0,"635,5",CONSELHEIRO LAFAIETE,Chuva,Colisão frontal,Com Vítimas Fatais,Pleno dia,Crescente,Chuva,Simples,Curva,Não,4,1,1,1,1,0,2,3,"-20,70674589","-43,79300594",SPRF-MG,DEL05-MG,UOP02-DEL05-MG
389044.0,2021-10-11,segunda-feira,07:10:00,MG,381.0,"745,2",TRES CORACOES,Pista Escorregadia,Saída de leito carroçável,Com Vítimas Feridas,Pleno dia,Decrescente,Garoa/Chuvisco,Dupla,Não Informado,Não,2,0,2,0,0,0,2,1,"-21,637253","-45,28388",SPRF-MG,DEL16-MG,UOP02-DEL16-MG
389050.0,2021-10-11,segunda-feira,09:15:00,MG,381.0,671,PERDOES,Velocidade Incompatível,Saída de leito carroçável,Com Vítimas Feridas,Pleno dia,Crescente,Chuva,Dupla,Reta,Não,1,0,1,0,0,0,1,1,"-21,08945416","-45,06864195",SPRF-MG,DEL04-MG,UOP02-DEL04-MG
389088.0,2021-10-11,segunda-feira,13:25:00,MG,381.0,513,IGARAPE,Ingestão de álcool pelo condutor,Colisão transversal,Com Vítimas Feridas,Pleno dia,Crescente,Chuva,Simples,Reta,Sim,2,0,1,0,1,0,1,2,"-20,099993","-44,318903",SPRF-MG,DEL01-MG,UOP03-DEL01-MG
389091.0,2021-10-10,domingo,15:15:00,MG,267.0,"43,4",MARIPA DE MINAS,Acumulo de água sobre o pavimento,Saída de leito carroçável,Com Vítimas Feridas,Pleno dia,Crescente,Chuva,Simples,Reta,Não,2,0,2,0,0,0,2,1,"-21,6829444","-42,92900685",SPRF-MG,DEL07-MG,UOP01-DEL07-MG
389093.0,2021-10-11,segunda-feira,12:08:00,MG,381.0,"737,5",TRES CORACOES,Velocidade Incompatível,Colisão com objeto,Com Vítimas Feridas,Pleno dia,Crescente,Chuva,Dupla,Curva,Não,2,0,2,0,0,0,2,1,"-21,59740119","-45,23880352",SPRF-MG,DEL16-MG,UOP02-DEL16-MG
389094.0,2021-10-11,segunda-feira,10:05:00,MG,40.0,"638,8",CONSELHEIRO LAFAIETE,Acumulo de água sobre o pavimento,Capotamento,Com Vítimas Feridas,Pleno dia,Decrescente,Chuva,Simples,Reta,Não,2,0,1,1,0,0,2,1,"-20,72342022","-43,80026653",SPRF-MG,DEL05-MG,UOP02-DEL05-MG
389113.0,2021-10-11,segunda-feira,14:00:00,MG,40.0,"486,9",CAPIM BRANCO,Transitar no acostamento,Colisão com objeto,Com Vítimas Feridas,Pleno dia,Crescente,Garoa/Chuvisco,Dupla,Não Informado,Não,5,0,1,0,4,0,1,1,"-19,59064511","-44,22670625",SPRF-MG,DEL02-MG,UOP01-DEL02-MG
389116.0,2021-10-11,segunda-feira,12:50:00,MG,381.0,"924,6",ITAPEVA,Chuva,Saída de leito carroçável,Com Vítimas Feridas,Pleno dia,Crescente,Chuva,Dupla,Curva,Não,2,0,2,0,0,0,2,1,"-22,77050246","-46,23490598",SPRF-MG,DEL16-MG,UOP03-DEL16-MG
389126.0,2021-10-11,segunda-feira,16:50:00,MG,40.0,787,JUIZ DE FORA,Velocidade Incompatível,Saída de leito carroçável,Com Vítimas Feridas,Pleno dia,Decrescente,Chuva,Dupla,Curva,Não,4,0,3,0,1,0,3,1,"-21,76069545","-43,44054222",SPRF-MG,DEL05-MG,UOP01-DEL05-MG
389140.0,2021-10-11,segunda-feira,16:40:00,MG,116.0,"286,3",TEOFILO OTONI,Velocidade Incompatível,Saída de leito carroçável,Com Vítimas Feridas,Pleno dia,Crescente,Garoa/Chuvisco,Simples,Não Informado,Não,1,0,1,0,0,0,1,1,"-17,939105","-41,527982",SPRF-MG,DEL11-MG,UOP01-DEL11-MG
389142.0,2021-10-11,segunda-feira,16:15:00,MG,381.0,"767,9",CAMPANHA,Chuva,Colisão com objeto,Com Vítimas Feridas,Pleno dia,Decrescente,Chuva,Dupla,Curva,Não,2,0,2,0,0,0,2,1,"-21,76799733","-45,42028285",SPRF-MG,DEL16-MG,UOP02-DEL16-MG
389146.0,2021-10-11,segunda-feira,17:00:00,MG,381.0,"728,5",CARMO DA CACHOEIRA,Velocidade Incompatível,Colisão com objeto,Com Vítimas Feridas,Pleno dia,Decrescente,Chuva,Dupla,Não Informado,Não,5,0,1,0,4,0,1,1,"-21,52361199","-45,22481701",SPRF-MG,DEL04-MG,UOP02-DEL04-MG
389151.0,2021-10-11,segunda-feira,17:35:00,MG,40.0,"399,4",CURVELO,Demais falhas mecânicas ou elétricas,Colisão com objeto,Com Vítimas Feridas,Pleno dia,Crescente,Nublado,Simples,Não Informado,Não,2,0,2,0,0,0,2,1,"-19,02290393","-44,65653781",SPRF-MG,DEL02-MG,UOP01-DEL02-MG
389158.0,2021-10-11,segunda-feira,11:05:00,MG,153.0,36,CANAPOLIS,Pedestre andava na pista,Atropelamento de Pedestre,Com Vítimas Feridas,Pleno dia,Crescente,Céu Claro,Dupla,Reta,Sim,2,0,1,0,1,0,1,1,"-18,72189862","-49,1220337",SPRF-MG,DEL15-MG,UOP03-DEL15-MG
389170.0,2021-10-11,segunda-feira,18:23:00,MG,50.0,51,ARAGUARI,Demais falhas mecânicas ou elétricas,Colisão traseira,Sem Vítimas,Plena Noite,Crescente,Céu Claro,Dupla,Reta,Sim,2,0,0,0,2,0,0,2,"-18,74978152","-48,23562384",SPRF-MG,DEL15-MG,UOP02-DEL15-MG
389177.0,2021-10-11,segunda-feira,18:40:00,MG,262.0,366,JUATUBA,Velocidade Incompatível,Saída de leito carroçável,Sem Vítimas,Plena Noite,Decrescente,Chuva,Dupla,Reta,Sim,1,0,0,0,1,0,0,1,"-19,974217","-44,261798",SPRF-MG,DEL01-MG,UOP03-DEL01-MG
389187.0,2021-10-11,segunda-feira,22:50:00,MG,40.0,517,RIBEIRAO DAS NEVES,Animais na Pista,Atropelamento de Animal,Com Vítimas Feridas,Plena Noite,Crescente,Chuva,Dupla,Reta,Sim,1,0,0,1,0,0,1,1,"-19,82456713","-44,08442259",SPRF-MG,DEL01-MG,UOP02-DEL01-MG
389190.0,2021-10-11,segunda-feira,21:30:00,MG,116.0,"530,3",CARATINGA,Ingestão de álcool pelo condutor,Capotamento,Sem Vítimas,Plena Noite,Decrescente,Chuva,Simples,Desvio Temporário,Sim,1,0,0,0,1,0,0,1,"-19,81067298","-42,13539446",SPRF-MG,DEL06-MG,UOP02-DEL06-MG
389195.0,2021-10-11,segunda-feira,23:15:00,MG,381.0,477,CONTAGEM,Velocidade Incompatível,Saída de leito carroçável,Com Vítimas Feridas,Plena Noite,Crescente,Chuva,Dupla,Reta,Não,1,0,0,1,0,0,1,1,"-19,96179268","-44,05041676",SPRF-MG,DEL01-MG,UOP03-DEL01-MG
389199.0,2021-10-11,segunda-feira,23:20:00,MG,50.0,"17,7",UBERLANDIA,Acessar a via sem observar a presença dos outros veículos,Colisão lateral mesmo sentido,Com Vítimas Feridas,Plena Noite,Decrescente,Nublado,Dupla,Reta,Sim,3,0,3,0,0,0,3,2,"-18,92623286","-48,18946034",SPRF-MG,DEL15-MG,UOP01-DEL15-MG
389243.0,2021-10-12,terça-feira,04:00:00,MG,116.0,"95,5",MEDINA,Reação tardia ou ineficiente do condutor,Saída de leito carroçável,Com Vítimas Feridas,Plena Noite,Decrescente,Garoa/Chuvisco,Simples,Curva,Não,3,0,1,0,2,0,1,1,"-16,408849","-41,477227",SPRF-MG,DEL11-MG,UOP02-DEL11-MG
389256.0,2021-10-12,terça-feira,09:00:00,MG,50.0,"53,7",ARAGUARI,Ausência de reação do condutor,Saída de leito carroçável,Com Vítimas Feridas,Pleno dia,Crescente,Céu Claro,Dupla,Não Informado,Não,1,0,1,0,0,0,1,1,"-18,759049","-48,24054499",SPRF-MG,DEL15-MG,UOP02-DEL15-MG
389269.0,2021-10-12,terça-feira,12:30:00,MG,40.0,"718,5",BARBACENA,Velocidade Incompatível,Saída de leito carroçável,Com Vítimas Feridas,Pleno dia,Crescente,Chuva,Dupla,Curva,Não,2,0,2,0,0,0,2,1,"-21,2656332","-43,65557499",SPRF-MG,DEL05-MG,UOP01-DEL05-MG
389280.0,2021-10-12,terça-feira,13:20:00,MG,262.0,567,CORREGO DANTA,Ausência de reação do condutor,Queda de ocupante de veículo,Com Vítimas Feridas,Pleno dia,Decrescente,Céu Claro,Simples,Curva,Não,1,0,1,0,0,0,1,1,"-19,74660592","-45,99893796",SPRF-MG,DEL08-MG,UOP02-DEL08-MG
389286.0,2021-10-07,quinta-feira,22:00:00,MG,116.0,"77,4",MEDINA,Velocidade Incompatível,Tombamento,Com Vítimas Feridas,Plena Noite,Decrescente,Céu Claro,Simples,Reta,Não,2,0,1,1,0,0,2,1,"-16,26106991","-41,47145408",SPRF-MG,DEL11-MG,UOP02-DEL11-MG
389290.0,2021-10-12,terça-feira,15:20:00,MG,381.0,"500,8",BETIM,Condutor deixou de manter distância do veículo da frente,Engavetamento,Com Vítimas Feridas,Pleno dia,Decrescente,Céu Claro,Dupla,Reta,Sim,5,0,1,0,3,1,1,5,"-20,02513493","-44,23112709",SPRF-MG,DEL01-MG,UOP03-DEL01-MG
389295.0,2021-10-12,terça-feira,15:30:00,MG,262.0,"508,7",LUZ,Velocidade Incompatível,Saída de leito carroçável,Com Vítimas Feridas,Pleno dia,Crescente,Céu Claro,Simples,Não Informado,Não,1,0,1,0,0,0,1,1,"-19,77025936","-45,51078303",SPRF-MG,DEL08-MG,UOP03-DEL08-MG
389300.0,2021-10-12,terça-feira,16:00:00,MG,40.0,"727,7",SANTOS DUMONT,Velocidade Incompatível,Capotamento,Com Vítimas Feridas,Pleno dia,Decrescente,Chuva,Dupla,Curva,Não,2,0,1,0,1,0,1,1,"-21,34444395","-43,5839653",SPRF-MG,DEL05-MG,UOP01-DEL05-MG
389312.0,2021-10-12,terça-feira,16:00:00,MG,356.0,269,MURIAE,Ausência de reação do condutor,Colisão traseira,Com Vítimas Feridas,Pleno dia,Decrescente,Nublado,Simples,Não Informado,Sim,3,0,1,0,2,0,1,2,"-21,12682413","-42,34113878",SPRF-MG,DEL07-MG,UOP02-DEL07-MG
389328.0,2021-10-12,terça-feira,18:00:00,MG,40.0,148,PARACATU,Reação tardia ou ineficiente do condutor,Saída de leito carroçável,Com Vítimas Feridas,Anoitecer,Crescente,Chuva,Simples,Reta,Não,3,0,2,0,1,0,2,1,"-17,2454521","-46,8156074",SPRF-MG,DEL14-MG,UOP02-DEL14-MG
389330.0,2021-10-12,terça-feira,18:37:00,MG,40.0,"471,5",SETE LAGOAS,Entrada inopinada do pedestre,Atropelamento de Pedestre,Com Vítimas Fatais,Anoitecer,Crescente,Céu Claro,Múltipla,Não Informado,Sim,4,1,0,0,1,2,0,2,"-19,4781033","-44,28778768",SPRF-MG,DEL02-MG,UOP01-DEL02-MG
389331.0,2021-10-12,terça-feira,13:00:00,MG,381.0,197,PERIQUITO,Ausência de reação do condutor,Saída de leito carroçável,Com Vítimas Feridas,Pleno dia,Crescente,Nublado,Simples,Reta,Não,2,0,2,0,0,0,2,1,"-19,15224031","-42,23424959",SPRF-MG,DEL06-MG,UOP01-DEL06-MG
389339.0,2021-10-12,terça-feira,18:30:00,MG,50.0,"16,5",UBERLANDIA,Acumulo de água sobre o pavimento,Colisão com objeto,Com Vítimas Feridas,Pleno dia,Crescente,Chuva,Dupla,Reta,Sim,1,0,1,0,0,0,1,1,"-18,91943","-48,1803",SPRF-MG,DEL15-MG,UOP01-DEL15-MG
389359.0,2021-10-12,terça-feira,20:30:00,MG,381.0,"536,2",ITATIAIUCU,Ausência de reação do condutor,Saída de leito carroçável,Com Vítimas Feridas,Plena Noite,Crescente,Nublado,Dupla,Não Informado,Não,1,0,1,0,0,0,1,1,"-20,19679078","-44,38553551",SPRF-MG,DEL04-MG,UOP03-DEL04-MG
389374.0,2021-10-12,terça-feira,22:50:00,MG,356.0,"266,3",MURIAE,Velocidade Incompatível,Colisão com objeto,Com Vítimas Feridas,Plena Noite,Decrescente,Nublado,Simples,Curva,Sim,2,0,1,0,0,1,1,1,"-21,12823134","-42,35802453",SPRF-MG,DEL07-MG,UOP02-DEL07-MG
389405.0,2021-10-13,quarta-feira,05:00:00,MG,116.0,413,GOVERNADOR VALADARES,Ingestão de álcool pelo condutor,Colisão com objeto,Com Vítimas Feridas,Amanhecer,Decrescente,Céu Claro,Simples,Interseção de vias,Sim,1,0,1,0,0,0,1,1,"-18,873907","-41,966366",SPRF-MG,DEL06-MG,UOP01-DEL06-MG
389415.0,2021-10-13,quarta-feira,02:45:00,MG,381.0,"886,1",CAMBUI,Velocidade Incompatível,Colisão com objeto,Sem Vítimas,Plena Noite,Decrescente,Céu Claro,Dupla,Curva,Não,1,0,0,0,0,1,0,1,"-22,51160318","-46,01929595",SPRF-MG,DEL16-MG,UOP03-DEL16-MG
389416.0,2021-10-12,terça-feira,23:35:00,MG,381.0,"863,4",POUSO ALEGRE,Velocidade Incompatível,Capotamento,Sem Vítimas,Plena Noite,Crescente,Nublado,Dupla,Reta,Não,1,0,0,0,0,1,0,1,"-22,381389","-45,94581",SPRF-MG,DEL16-MG,UOP01-DEL16-MG
389428.0,2021-10-13,quarta-feira,08:00:00,MG,262.0,"133,9",RIO CASCA,Avarias e/ou desgaste excessivo no pneu,Saída de leito carroçável,Com Vítimas Feridas,Pleno dia,Crescente,Nublado,Simples,Reta,Não,1,0,0,1,0,0,1,1,"-20,12927598","-42,69390431",SPRF-MG,DEL03-MG,UOP03-DEL03-MG
389447.0,2021-10-13,quarta-feira,11:00:00,MG,40.0,"628,1",CONSELHEIRO LAFAIETE,Acessar a via sem observar a presença dos outros veículos,Colisão transversal,Com Vítimas Feridas,Pleno dia,Crescente,Nublado,Simples,Reta,Sim,2,0,1,0,1,0,1,2,"-20,64907711","-43,80947563",SPRF-MG,DEL05-MG,UOP02-DEL05-MG
389455.0,2021-10-13,quarta-feira,12:30:00,MG,381.0,340,BELA VISTA DE MINAS,Transitar na contramão,Colisão transversal,Com Vítimas Feridas,Pleno dia,Crescente,Céu Claro,Simples,Curva,Sim,5,0,1,0,4,0,1,2,"-19,84087497","-43,09635354",SPRF-MG,DEL03-MG,UOP01-DEL03-MG
389483.0,2021-10-13,quarta-feira,14:30:00,MG,40.0,509,RIBEIRAO DAS NEVES,Ausência de reação do condutor,Colisão traseira,Com Vítimas Feridas,Pleno dia,Decrescente,Céu Claro,Dupla,Reta,Não,3,0,1,0,1,1,1,2,"-19,76728744","-44,12855905",SPRF-MG,DEL01-MG,UOP02-DEL01-MG
389484.0,2021-10-13,quarta-feira,15:50:00,MG,381.0,"489,4",BETIM,Avarias e/ou desgaste excessivo no pneu,Tombamento,Com Vítimas Feridas,Pleno dia,Decrescente,Céu Claro,Múltipla,Reta,Sim,1,0,0,1,0,0,1,1,"-19,96245618","-44,16455495",SPRF-MG,DEL01-MG,UOP03-DEL01-MG
389496.0,2021-10-13,quarta-feira,12:20:00,MG,262.0,"38,5",MANHUACU,Conversão proibida,Colisão transversal,Com Vítimas Feridas,Pleno dia,Decrescente,Céu Claro,Simples,Não Informado,Sim,3,0,1,1,1,0,2,2,"-20,26305859","-42,03684948",SPRF-MG,DEL06-MG,UOP04-DEL06-MG
389501.0,2021-10-13,quarta-feira,17:30:00,MG,381.0,487,CONTAGEM,Condutor deixou de manter distância do veículo da frente,Colisão traseira,Com Vítimas Feridas,Pleno dia,Decrescente,Nublado,Dupla,Reta,Sim,2,0,0,1,0,1,1,2,"-19,9615259","-44,0379042",SPRF-MG,DEL01-MG,UOP03-DEL01-MG
389504.0,2021-10-13,quarta-feira,17:50:00,MG,381.0,450,SABARA,Desrespeitar a preferência no cruzamento,Colisão transversal,Com Vítimas Feridas,Pleno dia,Crescente,Sol,Simples,Não Informado,Sim,2,0,0,1,0,1,1,2,"-19,84130639","-43,87176902",SPRF-MG,DEL01-MG,UOP01-DEL01-MG
389522.0,2021-10-13,quarta-feira,19:10:00,MG,262.0,"368,7",JUATUBA,Condutor deixou de manter distância do veículo da frente,Colisão traseira,Sem Vítimas,Plena Noite,Decrescente,Céu Claro,Dupla,Não Informado,Sim,2,0,0,0,1,1,0,2,"-19,97239513","-44,28042402",SPRF-MG,DEL01-MG,UOP03-DEL01-MG
389527.0,2021-10-13,quarta-feira,19:20:00,MG,40.0,"527,1",CONTAGEM,Pedestre cruzava a pista fora da faixa,Atropelamento de Pedestre,Com Vítimas Feridas,Plena Noite,Decrescente,Nublado,Dupla,Reta,Sim,3,0,1,1,0,1,2,1,"-19,90395896","-44,04865265",SPRF-MG,DEL01-MG,UOP02-DEL01-MG
389532.0,2021-10-13,quarta-feira,08:10:00,MG,262.0,"38,1",MANHUACU,Acessar a via sem observar a presença dos outros veículos,Colisão transversal,Com Vítimas Feridas,Pleno dia,Decrescente,Céu Claro,Simples,Reta,Sim,2,0,1,0,1,0,1,2,"-20,26305859","-42,03684948",SPRF-MG,DEL06-MG,UOP04-DEL06-MG
389558.0,2021-10-13,quarta-feira,17:00:00,MG,116.0,"758,4",LEOPOLDINA,Acessar a via sem observar a presença dos outros veículos,Colisão transversal,Com Vítimas Feridas,Anoitecer,Decrescente,Nublado,Simples,Reta,Não,2,0,0,1,1,0,1,2,"-21,50243487","-42,60067703",SPRF-MG,DEL07-MG,UOP01-DEL07-MG
389613.0,2021-07-07,quarta-feira,06:30:00,MG,50.0,169,UBERABA,Acumulo de óleo sobre o pavimento,Queda de ocupante de veículo,Com Vítimas Feridas,Pleno dia,Decrescente,Nublado,Dupla,Desvio Temporário,Não,1,0,0,1,0,0,1,1,"-19,731495","-47,964844",SPRF-MG,DEL13-MG,UOP01-DEL13-MG
389626.0,2021-10-14,quinta-feira,08:10:00,MG,116.0,"527,7",CARATINGA,Ausência de reação do condutor,Colisão traseira,Sem Vítimas,Pleno dia,Crescente,Céu Claro,Dupla,Reta,Sim,4,0,0,0,4,0,0,4,"-19,78510701","-42,13445297",SPRF-MG,DEL06-MG,UOP02-DEL06-MG
389631.0,2021-10-14,quinta-feira,10:20:00,MG,116.0,216,CATUJI,Acessar a via sem observar a presença dos outros veículos,Colisão transversal,Com Vítimas Feridas,Pleno dia,Crescente,Céu Claro,Simples,Não Informado,Não,2,0,1,0,1,0,1,2,"-17,3756538","-41,52881674",SPRF-MG,DEL11-MG,UOP01-DEL11-MG
389633.0,2021-10-14,quinta-feira,12:29:00,MG,381.0,"676,9",PERDOES,Ausência de reação do condutor,Colisão com objeto,Com Vítimas Feridas,Pleno dia,Decrescente,Céu Claro,Dupla,Curva,Sim,1,0,1,0,0,0,1,1,"-21,12375684","-45,09790729",SPRF-MG,DEL04-MG,UOP02-DEL04-MG
389634.0,2021-10-02,sábado,10:00:00,MG,262.0,"374,5",JUATUBA,Velocidade Incompatível,Saída de leito carroçável,Com Vítimas Feridas,Pleno dia,Crescente,Céu Claro,Dupla,Reta,Não,3,0,3,0,0,0,3,1,"-19,93559159","-44,39184666",SPRF-MG,DEL01-MG,UOP03-DEL01-MG
389651.0,2021-10-14,quinta-feira,14:50:00,MG,116.0,"786,4",LEOPOLDINA,Ultrapassagem Indevida,Colisão lateral sentido oposto,Sem Vítimas,Pleno dia,Decrescente,Céu Claro,Simples,Reta,Não,3,0,0,0,2,1,0,3,"-21,6472779","-42,71645409",SPRF-MG,DEL07-MG,UOP01-DEL07-MG
389669.0,2021-10-14,quinta-feira,18:00:00,MG,50.0,72,UBERLANDIA,Desrespeitar a preferência no cruzamento,Colisão lateral mesmo sentido,Com Vítimas Feridas,Anoitecer,Crescente,Nublado,Dupla,Reta,Sim,3,0,2,0,1,0,2,2,"-18,85140204","-48,25345932",SPRF-MG,DEL15-MG,UOP01-DEL15-MG
389676.0,2021-10-14,quinta-feira,17:00:00,MG,381.0,876,ESTIVA,Velocidade Incompatível,Saída de leito carroçável,Com Vítimas Feridas,Anoitecer,Decrescente,Chuva,Dupla,Curva,Não,3,0,2,0,1,0,2,1,"-22,472813","-46,01072791",SPRF-MG,DEL16-MG,UOP01-DEL16-MG
389713.0,2021-10-15,sexta-feira,00:30:00,MG,381.0,"496,3",BETIM,Ingestão de álcool pelo condutor,Saída de leito carroçável,Sem Vítimas,Plena Noite,Decrescente,Garoa/Chuvisco,Múltipla,Reta,Sim,3,0,0,0,0,3,0,2,"-19,99676497","-44,20958506",SPRF-MG,DEL01-MG,UOP03-DEL01-MG
389719.0,2021-10-14,quinta-feira,23:30:00,MG,153.0,1,ARAPORA,Reação tardia ou ineficiente do condutor,Colisão com objeto,Com Vítimas Feridas,Plena Noite,Crescente,Céu Claro,Simples,Curva,Não,2,0,0,2,0,0,2,1,"-18,42608911","-49,19359032",SPRF-MG,DEL15-MG,UOP03-DEL15-MG
389777.0,2021-10-15,sexta-feira,08:35:00,MG,40.0,43,PARACATU,Reação tardia ou ineficiente do condutor,Tombamento,Com Vítimas Feridas,Pleno dia,Decrescente,Céu Claro,Simples,Reta,Sim,1,0,1,0,0,0,1,1,"-17,22598002","-46,86163701",SPRF-MG,DEL14-MG,UOP01-DEL14-MG
389801.0,2021-10-15,sexta-feira,09:50:00,MG,381.0,"681,2",PERDOES,Condutor Dormindo,Saída de leito carroçável,Com Vítimas Feridas,Pleno dia,Crescente,Sol,Dupla,Não Informado,Não,1,0,1,0,0,0,1,1,"-21,16168571","-45,12045619",SPRF-MG,DEL04-MG,UOP02-DEL04-MG
389814.0,2021-10-15,sexta-feira,07:30:00,MG,262.0,"672,7",IBIA,Mal súbito do condutor,Saída de leito carroçável,Com Vítimas Feridas,Pleno dia,Decrescente,Nublado,Simples,Reta,Não,1,0,1,0,0,0,1,1,"-19,54237917","-46,81612789",SPRF-MG,DEL08-MG,UOP01-DEL08-MG
389838.0,2021-10-15,sexta-feira,13:40:00,MG,381.0,487,BETIM,Ausência de reação do condutor,Tombamento,Com Vítimas Feridas,Pleno dia,Crescente,Céu Claro,Múltipla,Reta,Sim,2,0,1,0,1,0,1,2,"-19,95785975","-44,12006378",SPRF-MG,DEL01-MG,UOP03-DEL01-MG
389846.0,2021-10-15,sexta-feira,07:54:00,MG,116.0,"414,4",GOVERNADOR VALADARES,Condutor deixou de manter distância do veículo da frente,Colisão transversal,Com Vítimas Feridas,Pleno dia,Crescente,Nublado,Dupla,Reta,Sim,3,0,1,0,2,0,1,3,"-18,88102703","-41,95910802",SPRF-MG,DEL06-MG,UOP01-DEL06-MG
389910.0,2021-10-15,sexta-feira,19:50:00,MG,50.0,"206,5",DELTA,Condutor deixou de manter distância do veículo da frente,Colisão traseira,Com Vítimas Feridas,Plena Noite,Decrescente,Nublado,Dupla,Reta,Não,2,0,1,0,1,0,1,2,"-19,92627147","-47,82191068",SPRF-MG,DEL13-MG,UOP01-DEL13-MG
389913.0,2021-10-15,sexta-feira,21:20:00,MG,116.0,"71,8",MEDINA,Ausência de reação do condutor,Tombamento,Com Vítimas Feridas,Plena Noite,Crescente,Céu Claro,Simples,Reta,Não,1,0,0,1,0,0,1,1,"-16,218353","-41,471413",SPRF-MG,DEL11-MG,UOP02-DEL11-MG
389924.0,2021-10-15,sexta-feira,22:30:00,MG,381.0,"505,9",BETIM,Ingestão de álcool e/ou substâncias psicoativas pelo pedestre,Colisão traseira,Com Vítimas Feridas,Plena Noite,Decrescente,Céu Claro,Dupla,Reta,Sim,3,0,2,0,1,0,2,2,"-20,04478441","-44,27276484",SPRF-MG,DEL01-MG,UOP03-DEL01-MG