id,data_inversa,dia_semana,horario,uf,br,km,municipio,causa_acidente,tipo_acidente,classificacao_acidente,fase_dia,sentido_via,condicao_metereologica,tipo_pista,tracado_via,uso_solo,pessoas,mortos,feridos_leves,feridos_graves,ilesos,ignorados,feridos,veiculos,latitude,longitude,regional,delegacia,uop
389927.0,2021-10-15,sexta-feira,21:30:00,MG,40.0,"292,7",TRES MARIAS,Ingestão de álcool pelo condutor,Colisão com objeto,Com Vítimas Feridas,Plena Noite,Decrescente,Céu Claro,Dupla,Reta,Não,1,0,0,1,0,0,1,1,"-18,28818271","-45,12852666",SPRF-MG,DEL14-MG,UOP02-DEL14-MG
389931.0,2021-10-15,sexta-feira,22:18:00,MG,40.0,"790,1",JUIZ DE FORA,Ausência de reação do condutor,Queda de ocupante de veículo,Com Vítimas Feridas,Plena Noite,Crescente,Céu Claro,Dupla,Reta,Não,2,0,0,1,1,0,1,1,"-21,77130707","-43,43618608",SPRF-MG,DEL05-MG,UOP01-DEL05-MG
389932.0,2021-10-15,sexta-feira,16:58:00,MG,381.0,"721,7",CARMO DA CACHOEIRA,Velocidade Incompatível,Saída de leito carroçável,Com Vítimas Feridas,Pleno dia,Crescente,Céu Claro,Dupla,Curva,Não,2,0,1,0,1,0,1,1,"-21,46901694","-45,20581183",SPRF-MG,DEL04-MG,UOP02-DEL04-MG
389951.0,2021-10-15,sexta-feira,23:30:00,MG,381.0,"486,7",BETIM,Acessar a via sem observar a presença dos outros veículos,Colisão transversal,Com Vítimas Feridas,Plena Noite,Crescente,Céu Claro,Múltipla,Reta,Sim,3,0,2,0,1,0,2,2,"-19,95592351","-44,11628723",SPRF-MG,DEL01-MG,UOP03-DEL01-MG
389968.0,2021-10-15,sexta-feira,22:25:00,MG,262.0,"34,3",MANHUACU,Ingestão de álcool pelo condutor,Colisão com objeto,Com Vítimas Feridas,Plena Noite,Decrescente,Nublado,Simples,Reta,Sim,1,0,1,0,0,0,1,1,"-20,25692664","-42,01099203",SPRF-MG,DEL06-MG,UOP04-DEL06-MG
389973.0,2021-10-15,sexta-feira,23:45:00,MG,381.0,"874,1",ESTIVA,Demais falhas mecânicas ou elétricas,Incêndio,Sem Vítimas,Plena Noite,Decrescente,Chuva,Dupla,Reta,Não,1,0,0,0,1,0,0,1,"-22,45619351","-46,00792634",SPRF-MG,DEL16-MG,UOP01-DEL16-MG
389975.0,2021-10-16,sábado,00:05:00,MG,116.0,"484,7",DOM CAVATI,Ingestão de álcool e/ou substâncias psicoativas pelo pedestre,Colisão traseira,Com Vítimas Feridas,Plena Noite,Crescente,Nublado,Simples,Curva,Não,2,0,2,0,0,0,2,2,"-19,42849704","-42,12289089",SPRF-MG,DEL06-MG,UOP02-DEL06-MG
389985.0,2021-10-16,sábado,04:30:00,MG,40.0,509,RIBEIRAO DAS NEVES,Condutor Dormindo,Saída de leito carroçável,Com Vítimas Feridas,Plena Noite,Crescente,Ignorado,Dupla,Desvio Temporário,Sim,1,0,1,0,0,0,1,1,"-19,74777213","-44,14726138",SPRF-MG,DEL01-MG,UOP02-DEL01-MG
389988.0,2021-10-16,sábado,03:20:00,MG,381.0,938,EXTREMA,Acumulo de água sobre o pavimento,Colisão com objeto,Com Vítimas Feridas,Plena Noite,Crescente,Chuva,Dupla,Reta,Não,2,0,2,0,0,0,2,1,"-22,83909203","-46,32850893",SPRF-MG,DEL16-MG,UOP03-DEL16-MG
390013.0,2021-10-16,sábado,06:15:00,MG,381.0,"778,4",CAMPANHA,Condutor Dormindo,Colisão com objeto,Com Vítimas Feridas,Pleno dia,Decrescente,Chuva,Dupla,Curva,Não,2,0,0,2,0,0,2,1,"-21,83280868","-45,50064606",SPRF-MG,DEL16-MG,UOP02-DEL16-MG
390019.0,2021-10-16,sábado,10:35:00,MG,50.0,"78,9",UBERLANDIA,Ingestão de álcool e/ou substâncias psicoativas pelo pedestre,Saída de leito carroçável,Sem Vítimas,Pleno dia,Crescente,Nublado,Dupla,Não Informado,Sim,1,0,0,0,1,0,0,1,"-18,986906","-48,211853",SPRF-MG,DEL15-MG,UOP01-DEL15-MG
390022.0,2021-10-16,sábado,08:50:00,MG,40.0,"739,9",SANTOS DUMONT,Chuva,Tombamento,Com Vítimas Feridas,Pleno dia,Decrescente,Chuva,Simples,Curva,Sim,1,0,0,1,0,0,1,1,"-21,394039","-43,56680295",SPRF-MG,DEL05-MG,UOP01-DEL05-MG
390034.0,2021-10-16,sábado,10:10:00,MG,365.0,1,MONTES CLAROS,Retorno proibido,Colisão transversal,Com Vítimas Feridas,Pleno dia,Decrescente,Céu Claro,Simples,Curva,Não,3,0,1,0,2,0,1,2,"-16,716154","-43,863327",SPRF-MG,DEL12-MG,UOP01-DEL12-MG
390046.0,2021-10-16,sábado,11:20:00,MG,40.0,"760,9",EWBANK DA CAMARA,Acesso irregular,Colisão transversal,Com Vítimas Feridas,Pleno dia,Decrescente,Nublado,Simples,Reta,Não,3,0,3,0,0,0,3,2,"-21,52936511","-43,51813418",SPRF-MG,DEL05-MG,UOP01-DEL05-MG
390062.0,2021-10-16,sábado,12:30:00,MG,365.0,756,ITUIUTABA,Acessar a via sem observar a presença dos outros veículos,Colisão transversal,Com Vítimas Feridas,Pleno dia,Decrescente,Nublado,Simples,Reta,Sim,2,0,1,0,1,0,1,2,"-18,95717176","-49,4695793",SPRF-MG,DEL15-MG,UOP03-DEL15-MG
390074.0,2021-10-16,sábado,11:00:00,MG,153.0,"216,1",FRUTAL,Demais falhas mecânicas ou elétricas,Colisão com objeto,Com Vítimas Feridas,Pleno dia,Crescente,Céu Claro,Simples,Curva,Não,1,0,1,0,0,0,1,1,"-20,11995503","-49,10214695",SPRF-MG,DEL13-MG,UOP02-DEL13-MG
390079.0,2021-10-16,sábado,14:40:00,MG,365.0,"621,6",UBERLANDIA,Ausência de reação do condutor,Saída de leito carroçável,Com Vítimas Feridas,Pleno dia,Decrescente,Sol,Dupla,Curva,Sim,1,0,0,1,0,0,1,1,"-18,898674","-48,272143",SPRF-MG,DEL15-MG,UOP01-DEL15-MG
390080.0,2021-10-16,sábado,14:40:00,MG,40.0,"473,6",SETE LAGOAS,Acumulo de areia ou detritos sobre o pavimento,Tombamento,Com Vítimas Feridas,Pleno dia,Decrescente,Nublado,Múltipla,Curva,Sim,2,0,1,1,0,0,2,1,"-19,49351","-44,27985",SPRF-MG,DEL02-MG,UOP01-DEL02-MG
390082.0,2021-10-16,sábado,14:15:00,MG,381.0,"535,5",ITATIAIUCU,Mal súbito do condutor,Colisão com objeto,Sem Vítimas,Pleno dia,Crescente,Nublado,Dupla,Reta,Não,2,0,0,0,2,0,0,1,"-20,190985","-44,382953",SPRF-MG,DEL04-MG,UOP03-DEL04-MG
390089.0,2021-10-16,sábado,16:12:00,MG,262.0,171,SAO DOMINGOS DO PRATA,Velocidade Incompatível,Colisão frontal,Com Vítimas Feridas,Pleno dia,Decrescente,Nublado,Simples,Não Informado,Não,2,0,1,0,1,0,1,2,"-19,953541","-42,930499",SPRF-MG,DEL03-MG,UOP01-DEL03-MG
390096.0,2021-10-16,sábado,17:00:00,MG,40.0,"751,6",SANTOS DUMONT,Velocidade Incompatível,Saída de leito carroçável,Com Vítimas Feridas,Pleno dia,Crescente,Nublado,Simples,Curva,Não,1,0,1,0,0,0,1,1,"-21,46537559","-43,56167779",SPRF-MG,DEL05-MG,UOP01-DEL05-MG
390105.0,2021-10-16,sábado,17:00:00,MG,50.0,"52,5",ARAGUARI,Velocidade Incompatível,Saída de leito carroçável,Com Vítimas Feridas,Pleno dia,Crescente,Chuva,Dupla,Não Informado,Não,3,0,1,0,2,0,1,1,"-18,75140135","-48,2369687",SPRF-MG,DEL15-MG,UOP02-DEL15-MG
390120.0,2021-10-16,sábado,15:55:00,MG,50.0,181,UBERABA,Ausência de reação do condutor,Engavetamento,Com Vítimas Feridas,Pleno dia,Decrescente,Nublado,Dupla,Reta,Não,7,0,2,0,5,0,2,3,"-19,785967","-47,916336",SPRF-MG,DEL13-MG,UOP01-DEL13-MG
390127.0,2021-10-16,sábado,12:10:00,MG,116.0,"538,3",SANTA RITA DE MINAS,Ausência de reação do condutor,Colisão transversal,Com Vítimas Feridas,Pleno dia,Crescente,Nublado,Simples,Reta,Sim,3,0,1,0,0,2,1,2,"-19,87457783","-42,13216953",SPRF-MG,DEL06-MG,UOP02-DEL06-MG
390130.0,2021-10-16,sábado,19:20:00,MG,116.0,"510,3",UBAPORANGA,Transitar na contramão,Colisão frontal,Com Vítimas Feridas,Plena Noite,Crescente,Nublado,Simples,Reta,Sim,3,0,2,0,1,0,2,2,"-19,64532085","-42,10796743",SPRF-MG,DEL06-MG,UOP02-DEL06-MG
390154.0,2021-10-16,sábado,22:20:00,MG,40.0,520,CONTAGEM,Velocidade Incompatível,Capotamento,Com Vítimas Feridas,Plena Noite,Decrescente,Céu Claro,Dupla,Reta,Sim,2,0,1,1,0,0,2,1,"-19,84761911","-44,07276144",SPRF-MG,DEL01-MG,UOP02-DEL01-MG
390160.0,2021-10-16,sábado,21:50:00,MG,365.0,"164,4",PIRAPORA,Velocidade Incompatível,Colisão frontal,Com Vítimas Fatais,Plena Noite,Decrescente,Chuva,Simples,Reta,Não,5,1,0,2,0,2,2,2,"-17,37659084","-44,95293512",SPRF-MG,DEL12-MG,UOP01-DEL12-MG
390169.0,2021-10-17,domingo,00:05:00,MG,50.0,179,UBERABA,Acesso irregular,Tombamento,Com Vítimas Feridas,Plena Noite,Crescente,Céu Claro,Dupla,Não Informado,Sim,1,0,0,1,0,0,1,1,"-19,77827047","-47,93140998",SPRF-MG,DEL13-MG,UOP01-DEL13-MG
390179.0,2021-10-17,domingo,01:10:00,MG,381.0,"704,5",LAVRAS,Velocidade Incompatível,Saída de leito carroçável,Com Vítimas Feridas,Plena Noite,Crescente,Chuva,Dupla,Curva,Não,1,0,1,0,0,0,1,1,"-21,31120487","-45,16351323",SPRF-MG,DEL04-MG,UOP02-DEL04-MG
390226.0,2021-10-17,domingo,05:30:00,MG,381.0,"587,9",CARMOPOLIS DE MINAS,Reação tardia ou ineficiente do condutor,Saída de leito carroçável,Com Vítimas Feridas,Amanhecer,Decrescente,Nublado,Dupla,Reta,Não,4,0,2,0,2,0,2,1,"-20,5460261","-44,65677896",SPRF-MG,DEL04-MG,UOP01-DEL04-MG
390230.0,2021-10-17,domingo,07:50:00,MG,381.0,"526,3",BRUMADINHO,Velocidade Incompatível,Saída de leito carroçável,Com Vítimas Feridas,Pleno dia,Crescente,Nublado,Dupla,Não Informado,Não,1,0,1,0,0,0,1,1,"-20,16175378","-44,34144636",SPRF-MG,DEL04-MG,UOP03-DEL04-MG
390231.0,2021-10-17,domingo,07:35:00,MG,381.0,503,BETIM,Velocidade Incompatível,Saída de leito carroçável,Com Vítimas Feridas,Pleno dia,Decrescente,Chuva,Múltipla,Curva,Sim,1,0,1,0,0,0,1,1,"-20,03855134","-44,25495493",SPRF-MG,DEL01-MG,UOP03-DEL01-MG
390238.0,2021-10-17,domingo,04:00:00,MG,50.0,193,UBERABA,Ingestão de álcool pelo condutor,Colisão com objeto,Sem Vítimas,Plena Noite,Crescente,Nublado,Dupla,Reta,Não,1,0,0,0,1,0,0,1,"-19,87965993","-47,85365089",SPRF-MG,DEL13-MG,UOP01-DEL13-MG
390264.0,2021-10-17,domingo,08:20:00,MG,381.0,413,NOVA UNIAO,Reação tardia ou ineficiente do condutor,Capotamento,Com Vítimas Feridas,Pleno dia,Decrescente,Céu Claro,Dupla,Reta,Não,1,0,1,0,0,0,1,1,"-19,74091908","-43,60699698",SPRF-MG,DEL01-MG,UOP01-DEL01-MG
390274.0,2021-10-17,domingo,13:05:00,MG,381.0,943,EXTREMA,Velocidade Incompatível,Tombamento,Com Vítimas Feridas,Pleno dia,Crescente,Céu Claro,Dupla,Reta,Não,1,0,1,0,0,0,1,1,"-22,83721756","-46,32753099",SPRF-MG,DEL16-MG,UOP03-DEL16-MG
390300.0,2021-10-17,domingo,17:00:00,MG,365.0,"614,4",UBERLANDIA,Transitar na contramão,Colisão frontal,Com Vítimas Feridas,Pleno dia,Decrescente,Céu Claro,Simples,Não Informado,Sim,3,0,2,0,0,1,2,2,"-18,9121531","-48,21992755",SPRF-MG,DEL15-MG,UOP01-DEL15-MG
390302.0,2021-05-22,sábado,17:15:00,MG,40.0,"548,9",NOVA LIMA,Ausência de reação do condutor,Saída de leito carroçável,Com Vítimas Feridas,Pleno dia,Decrescente,Céu Claro,Dupla,Reta,Não,1,0,1,0,0,0,1,1,"-20,04611666","-43,96444537",SPRF-MG,DEL01-MG,UOP02-DEL01-MG
390310.0,2021-10-17,domingo,16:35:00,MG,40.0,721,BARBACENA,Chuva,Tombamento,Com Vítimas Feridas,Pleno dia,Crescente,Chuva,Dupla,Reta,Não,2,0,1,0,0,1,1,1,"-21,28684598","-43,64159531",SPRF-MG,DEL05-MG,UOP01-DEL05-MG
390346.0,2021-10-17,domingo,18:00:00,MG,381.0,614,OLIVEIRA,Velocidade Incompatível,Saída de leito carroçável,Sem Vítimas,Anoitecer,Decrescente,Chuva,Dupla,Reta,Não,1,0,0,0,1,0,0,1,"-20,73605011","-44,77319313",SPRF-MG,DEL04-MG,UOP01-DEL04-MG
390348.0,2021-10-15,sexta-feira,21:00:00,MG,116.0,96,MEDINA,Demais falhas mecânicas ou elétricas,Incêndio,Sem Vítimas,Plena Noite,Decrescente,Céu Claro,Simples,Reta,Não,1,0,0,0,1,0,0,1,"-16,407822","-41,476757",SPRF-MG,DEL11-MG,UOP02-DEL11-MG
390372.0,2021-10-18,segunda-feira,00:10:00,MG,262.0,"521,4",LUZ,Acessar a via sem observar a presença dos outros veículos,Colisão transversal,Com Vítimas Feridas,Plena Noite,Decrescente,Chuva,Simples,Reta,Não,2,0,1,1,0,0,2,2,"-19,7876765","-45,62916392",SPRF-MG,DEL08-MG,UOP03-DEL08-MG
390389.0,2021-10-18,segunda-feira,02:40:00,MG,40.0,633,CONSELHEIRO LAFAIETE,Acumulo de água sobre o pavimento,Tombamento,Com Vítimas Feridas,Plena Noite,Crescente,Garoa/Chuvisco,Dupla,Reta,Sim,1,0,1,0,0,0,1,1,"-20,68168197","-43,79419779",SPRF-MG,DEL05-MG,UOP02-DEL05-MG
390402.0,2021-10-18,segunda-feira,01:00:00,MG,40.0,225,JOAO PINHEIRO,Pedestre andava na pista,Atropelamento de Pedestre,Com Vítimas Feridas,Plena Noite,Crescente,Chuva,Simples,Reta,Sim,2,0,1,0,0,1,1,1,"-17,98562814","-45,61010411",SPRF-MG,DEL14-MG,UOP02-DEL14-MG
390408.0,2021-10-18,segunda-feira,05:50:00,MG,50.0,189,UBERABA,Demais falhas mecânicas ou elétricas,Saída de leito carroçável,Com Vítimas Feridas,Pleno dia,Crescente,Nublado,Dupla,Reta,Não,1,0,1,0,0,0,1,1,"-19,84851283","-47,87469974",SPRF-MG,DEL13-MG,UOP01-DEL13-MG
390410.0,2021-10-17,domingo,22:30:00,MG,381.0,154,GOVERNADOR VALADARES,Acumulo de areia ou detritos sobre o pavimento,Colisão traseira,Com Vítimas Feridas,Plena Noite,Decrescente,Chuva,Simples,Reta,Não,2,0,1,0,1,0,1,2,"-18,88666107","-42,00230199",SPRF-MG,DEL06-MG,UOP01-DEL06-MG
390420.0,2021-10-18,segunda-feira,07:33:00,MG,381.0,913,CAMANDUCAIA,Velocidade Incompatível,Saída de leito carroçável,Com Vítimas Feridas,Pleno dia,Decrescente,Chuva,Dupla,Curva,Não,1,0,1,0,0,0,1,1,"-22,75390001","-46,146503",SPRF-MG,DEL16-MG,UOP03-DEL16-MG
390421.0,2021-10-18,segunda-feira,07:50:00,MG,40.0,"544,1",NOVA LIMA,Ausência de reação do condutor,Colisão traseira,Com Vítimas Feridas,Pleno dia,Decrescente,Garoa/Chuvisco,Dupla,Não Informado,Sim,2,0,0,1,1,0,1,2,"-19,99848032","-43,96256558",SPRF-MG,DEL01-MG,UOP02-DEL01-MG
390425.0,2021-10-18,segunda-feira,08:00:00,MG,354.0,"742,5",POUSO ALTO,Acessar a via sem observar a presença dos outros veículos,Colisão transversal,Sem Vítimas,Pleno dia,Crescente,Nublado,Simples,Reta,Não,2,0,0,0,2,0,0,2,"-22,23118898","-44,9332353",SPRF-MG,DEL17-MG,UOP01-DEL17-MG
390442.0,2021-10-18,segunda-feira,09:40:00,MG,40.0,"779,5",JUIZ DE FORA,Avarias e/ou desgaste excessivo no pneu,Colisão com objeto,Com Vítimas Feridas,Pleno dia,Crescente,Garoa/Chuvisco,Dupla,Curva,Não,1,0,1,0,0,0,1,1,"-21,67252614","-43,44374992",SPRF-MG,DEL05-MG,UOP01-DEL05-MG
390485.0,2021-10-18,segunda-feira,11:00:00,MG,381.0,319,NOVA ERA,Velocidade Incompatível,Saída de leito carroçável,Com Vítimas Feridas,Pleno dia,Decrescente,Chuva,Simples,Curva,Não,3,0,3,0,0,0,3,1,"-19,6851168","-42,98200786",SPRF-MG,DEL03-MG,UOP02-DEL03-MG
390487.0,2021-10-18,segunda-feira,15:15:00,MG,50.0,36,ARAGUARI,Ingestão de álcool pelo condutor,Saída de leito carroçável,Sem Vítimas,Pleno dia,Crescente,Sol,Dupla,Reta,Sim,1,0,0,0,1,0,0,1,"-18,65453092","-48,14727203",SPRF-MG,DEL15-MG,UOP02-DEL15-MG
390493.0,2021-10-18,segunda-feira,14:40:00,MG,381.0,"924,6",CAMANDUCAIA,Velocidade Incompatível,Capotamento,Com Vítimas Feridas,Pleno dia,Crescente,Chuva,Dupla,Curva,Não,1,0,1,0,0,0,1,1,"-22,77050246","-46,23490598",SPRF-MG,DEL16-MG,UOP03-DEL16-MG
390499.0,2021-10-18,segunda-feira,15:22:00,MG,116.0,"417,6",GOVERNADOR VALADARES,Condutor deixou de manter distância do veículo da frente,Colisão lateral mesmo sentido,Com Vítimas Feridas,Pleno dia,Crescente,Céu Claro,Simples,Reta,Sim,2,0,1,0,1,0,1,2,"-18,9007648","-41,94511414",SPRF-MG,DEL06-MG,UOP01-DEL06-MG
390505.0,2021-10-18,segunda-feira,14:30:00,MG,381.0,590,CARMOPOLIS DE MINAS,Ausência de reação do condutor,Queda de ocupante de veículo,Com Vítimas Feridas,Pleno dia,Decrescente,Céu Claro,Dupla,Reta,Sim,2,0,1,0,1,0,1,1,"-20,56679681","-44,67309615",SPRF-MG,DEL04-MG,UOP01-DEL04-MG
390517.0,2021-10-18,segunda-feira,18:20:00,MG,40.0,551,NOVA LIMA,Objeto estático sobre o leito carroçável,Colisão com objeto,Com Vítimas Feridas,Plena Noite,Decrescente,Nublado,Dupla,Reta,Sim,1,0,1,0,0,0,1,1,"-20,05411435","-43,97101875",SPRF-MG,DEL01-MG,UOP02-DEL01-MG
390518.0,2021-10-01,sexta-feira,19:10:00,MG,381.0,290,ANTONIO DIAS,Pista esburacada,Tombamento,Com Vítimas Feridas,Plena Noite,Decrescente,Céu Claro,Simples,Curva,Não,1,0,0,1,0,0,1,1,"-19,63911913","-42,81048864",SPRF-MG,DEL03-MG,UOP02-DEL03-MG
390526.0,2021-10-18,segunda-feira,18:45:00,MG,262.0,358,BETIM,Chuva,Saída de leito carroçável,Com Vítimas Feridas,Plena Noite,Crescente,Chuva,Dupla,Curva,Sim,1,0,1,0,0,0,1,1,"-19,97562699","-44,197751",SPRF-MG,DEL01-MG,UOP03-DEL01-MG
390529.0,2021-10-18,segunda-feira,19:00:00,MG,146.0,"430,5",GUAXUPE,Velocidade Incompatível,Saída de leito carroçável,Sem Vítimas,Plena Noite,Decrescente,Chuva,Simples,Não Informado,Não,1,0,0,0,1,0,0,1,"-21,303981","-46,6685764",SPRF-MG,DEL09-MG,UOP01-DEL09-MG
390530.0,2021-10-18,segunda-feira,19:10:00,MG,40.0,"508,7",RIBEIRAO DAS NEVES,Acumulo de água sobre o pavimento,Saída de leito carroçável,Sem Vítimas,Plena Noite,Decrescente,Chuva,Dupla,Retorno Regulamentado,Sim,1,0,0,0,1,0,0,1,"-19,76061249","-44,1347544",SPRF-MG,DEL01-MG,UOP02-DEL01-MG
390543.0,2021-10-18,segunda-feira,19:30:00,MG,116.0,"524,6",CARATINGA,Acessar a via sem observar a presença dos outros veículos,Atropelamento de Pedestre,Com Vítimas Feridas,Plena Noite,Decrescente,Chuva,Simples,Curva,Sim,2,0,1,0,0,1,1,1,"-19,76027352","-42,13398823",SPRF-MG,DEL06-MG,UOP02-DEL06-MG
390544.0,2021-10-18,segunda-feira,18:00:00,MG,262.0,"36,3",MANHUACU,Reação tardia ou ineficiente do condutor,Colisão lateral mesmo sentido,Com Vítimas Feridas,Plena Noite,Decrescente,Garoa/Chuvisco,Simples,Reta,Sim,3,0,1,0,1,1,1,3,"-20,25932046","-42,02298331",SPRF-MG,DEL06-MG,UOP04-DEL06-MG
390549.0,2021-10-18,segunda-feira,20:30:00,MG,116.0,"702,8",MURIAE,Curva acentuada,Tombamento,Com Vítimas Feridas,Plena Noite,Crescente,Chuva,Simples,Reta,Sim,2,0,0,1,0,1,1,1,"-21,11938311","-42,38006362",SPRF-MG,DEL07-MG,UOP02-DEL07-MG
390585.0,2021-10-18,segunda-feira,17:15:00,MG,381.0,697,LAVRAS,Chuva,Saída de leito carroçável,Sem Vítimas,Pleno dia,Crescente,Chuva,Dupla,Curva,Não,1,0,0,0,0,1,0,1,"-21,29043096","-45,14791909",SPRF-MG,DEL04-MG,UOP02-DEL04-MG
390586.0,2021-10-18,segunda-feira,21:00:00,MG,116.0,"251,7",TEOFILO OTONI,Velocidade Incompatível,Saída de leito carroçável,Com Vítimas Feridas,Plena Noite,Decrescente,Garoa/Chuvisco,Simples,Reta,Não,2,0,1,0,0,1,1,1,"-17,65137591","-41,49335386",SPRF-MG,DEL11-MG,UOP01-DEL11-MG
390587.0,2021-10-19,terça-feira,06:30:00,MG,50.0,71,UBERLANDIA,Ingestão de álcool pelo condutor,Colisão com objeto,Sem Vítimas,Pleno dia,Decrescente,Sol,Simples,Reta,Sim,1,0,0,0,1,0,0,1,"-18,85140204","-48,25345932",SPRF-MG,DEL15-MG,UOP01-DEL15-MG
390597.0,2021-10-19,terça-feira,07:40:00,MG,40.0,519,RIBEIRAO DAS NEVES,Trafegar com motocicleta (ou similar) entre as faixas,Colisão lateral mesmo sentido,Com Vítimas Feridas,Pleno dia,Crescente,Nublado,Dupla,Reta,Não,2,0,1,0,1,0,1,2,"-19,83957589","-44,07684485",SPRF-MG,DEL01-MG,UOP02-DEL01-MG
390602.0,2021-10-19,terça-feira,07:00:00,MG,116.0,"224,4",TEOFILO OTONI,Velocidade Incompatível,Saída de leito carroçável,Com Vítimas Feridas,Pleno dia,Decrescente,Garoa/Chuvisco,Simples,Não Informado,Não,4,0,4,0,0,0,4,1,"-17,443143","-41,509754",SPRF-MG,DEL11-MG,UOP01-DEL11-MG
390610.0,2021-10-19,terça-feira,06:00:00,MG,381.0,250,SANTANA DO PARAISO,Chuva,Tombamento,Com Vítimas Feridas,Amanhecer,Crescente,Chuva,Simples,Não Informado,Não,2,0,1,0,1,0,1,2,"-19,45376523","-42,5211668",SPRF-MG,DEL06-MG,UOP01-DEL06-MG
390625.0,2021-10-19,terça-feira,09:05:00,MG,116.0,415,GOVERNADOR VALADARES,Ausência de reação do condutor,Colisão traseira,Com Vítimas Feridas,Pleno dia,Decrescente,Nevoeiro/Neblina,Simples,Ponte,Sim,3,0,1,0,2,0,1,2,"-18,88401297","-41,94924399",SPRF-MG,DEL06-MG,UOP01-DEL06-MG
390665.0,2021-09-29,quarta-feira,16:34:00,MG,381.0,"532,5",ITATIAIUCU,Manobra de mudança de faixa,Colisão lateral mesmo sentido,Com Vítimas Feridas,Pleno dia,Decrescente,Céu Claro,Dupla,Reta,Não,2,0,0,1,1,0,1,2,"-20,1904316","-44,38268793",SPRF-MG,DEL04-MG,UOP03-DEL04-MG
390683.0,2021-10-19,terça-feira,17:00:00,MG,459.0,"55,3",IPUIUNA,Velocidade Incompatível,Saída de leito carroçável,Com Vítimas Feridas,Plena Noite,Decrescente,Nublado,Simples,Reta,Não,2,0,1,0,1,0,1,1,"-22,077145","-46,2486",SPRF-MG,DEL09-MG,UOP01-DEL09-MG
390692.0,2021-10-19,terça-feira,17:30:00,MG,40.0,"469,3",SETE LAGOAS,Reação tardia ou ineficiente do condutor,Saída de leito carroçável,Com Vítimas Feridas,Anoitecer,Crescente,Chuva,Dupla,Curva,Sim,1,0,1,0,0,0,1,1,"-19,46099279","-44,30121988",SPRF-MG,DEL02-MG,UOP01-DEL02-MG
390736.0,2021-10-19,terça-feira,20:45:00,MG,40.0,456,CAETANOPOLIS,Avarias e/ou desgaste excessivo no pneu,Saída de leito carroçável,Sem Vítimas,Plena Noite,Crescente,Chuva,Dupla,Reta,Não,1,0,0,0,0,1,0,1,"-19,36312782","-44,33978478",SPRF-MG,DEL02-MG,UOP01-DEL02-MG
390753.0,2021-10-19,terça-feira,20:40:00,MG,40.0,133,JOAO PINHEIRO,Reação tardia ou ineficiente do condutor,Saída de leito carroçável,Com Vítimas Feridas,Plena Noite,Decrescente,Céu Claro,Simples,Reta,Não,1,0,1,0,0,0,1,1,"-17,71287522","-46,25812209",SPRF-MG,DEL14-MG,UOP01-DEL14-MG
390774.0,2021-10-20,quarta-feira,02:20:00,MG,262.0,"442,7",NOVA SERRANA,Ausência de reação do condutor,Saída de leito carroçável,Sem Vítimas,Plena Noite,Crescente,Céu Claro,Dupla,Reta,Não,1,0,0,0,1,0,0,1,"-19,8806236","-44,91232265",SPRF-MG,DEL08-MG,UOP03-DEL08-MG
390782.0,2021-10-20,quarta-feira,06:30:00,MG,40.0,"517,7",RIBEIRAO DAS NEVES,Reação tardia ou ineficiente do condutor,Colisão traseira,Com Vítimas Feridas,Pleno dia,Crescente,Céu Claro,Dupla,Reta,Sim,3,0,2,0,1,0,2,3,"-19,82351202","-44,08438913",SPRF-MG,DEL01-MG,UOP02-DEL01-MG
390805.0,2021-10-20,quarta-feira,09:00:00,MG,381.0,332,NOVA ERA,Velocidade Incompatível,Saída de leito carroçável,Com Vítimas Feridas,Pleno dia,Crescente,Chuva,Simples,Curva,Não,1,0,0,1,0,0,1,1,"-19,79994695","-43,05451587",SPRF-MG,DEL03-MG,UOP01-DEL03-MG
390811.0,2021-10-20,quarta-feira,10:10:00,MG,381.0,"358,2",JOAO MONLEVADE,Acessar a via sem observar a presença dos outros veículos,Colisão transversal,Com Vítimas Feridas,Pleno dia,Crescente,Chuva,Simples,Reta,Sim,2,0,1,0,1,0,1,2,"-19,8388435","-43,18286961",SPRF-MG,DEL03-MG,UOP01-DEL03-MG
390816.0,2021-10-20,quarta-feira,08:16:00,MG,50.0,180,UBERABA,Reação tardia ou ineficiente do condutor,Tombamento,Com Vítimas Feridas,Pleno dia,Crescente,Nublado,Simples,Reta,Sim,2,0,2,0,0,0,2,1,"-19,77848216","-47,92194709",SPRF-MG,DEL13-MG,UOP01-DEL13-MG
390827.0,2021-10-20,quarta-feira,11:00:00,MG,262.0,380,MATEUS LEME,Velocidade Incompatível,Saída de leito carroçável,Com Vítimas Feridas,Pleno dia,Decrescente,Chuva,Dupla,Curva,Não,1,0,1,0,0,0,1,1,"-19,9363619","-44,45627734",SPRF-MG,DEL01-MG,UOP03-DEL01-MG
390848.0,2021-10-20,quarta-feira,16:45:00,MG,262.0,185,SAO DOMINGOS DO PRATA,Acessar a via sem observar a presença dos outros veículos,Colisão transversal,Com Vítimas Feridas,Pleno dia,Decrescente,Chuva,Simples,Não Informado,Não,3,0,1,0,2,0,1,2,"-19,90042846","-43,03589608",SPRF-MG,DEL03-MG,UOP01-DEL03-MG