id,data_inversa,dia_semana,horario,uf,br,km,municipio,causa_acidente,tipo_acidente,classificacao_acidente,fase_dia,sentido_via,condicao_metereologica,tipo_pista,tracado_via,uso_solo,pessoas,mortos,feridos_leves,feridos_graves,ilesos,ignorados,feridos,veiculos,latitude,longitude,regional,delegacia,uop
390864.0,2021-10-20,quarta-feira,18:20:00,MG,365.0,"471,5",PATROCINIO,Reação tardia ou ineficiente do condutor,Colisão traseira,Com Vítimas Feridas,Anoitecer,Crescente,Céu Claro,Simples,Reta,Não,2,0,1,0,1,0,1,2,"-18,92484793","-46,99984701",SPRF-MG,DEL10-MG,UOP01-DEL10-MG
390869.0,2021-08-21,sábado,18:05:00,MG,116.0,610,SAO JOAO DO MANHUACU,Acessar a via sem observar a presença dos outros veículos,Colisão transversal,Com Vítimas Feridas,Anoitecer,Crescente,Ignorado,Simples,Reta,Sim,1,0,0,1,0,0,1,1,"-20,40055344","-42,15026205",SPRF-MG,DEL07-MG,UOP03-DEL07-MG
390874.0,2021-10-20,quarta-feira,18:15:00,MG,381.0,"849,9",POUSO ALEGRE,Objeto estático sobre o leito carroçável,Colisão com objeto,Com Vítimas Feridas,Anoitecer,Decrescente,Nublado,Dupla,Reta,Não,3,0,2,0,0,1,2,1,"-22,26991499","-45,89241402",SPRF-MG,DEL16-MG,UOP01-DEL16-MG
390906.0,2021-10-20,quarta-feira,17:40:00,MG,50.0,"172,1",UBERABA,Demais falhas mecânicas ou elétricas,Tombamento,Com Vítimas Feridas,Pleno dia,Decrescente,Céu Claro,Dupla,Reta,Sim,2,0,1,1,0,0,2,1,"-19,75402507","-47,98051917",SPRF-MG,DEL13-MG,UOP01-DEL13-MG
390911.0,2021-10-20,quarta-feira,21:00:00,MG,381.0,484,BETIM,Velocidade Incompatível,Colisão lateral mesmo sentido,Com Vítimas Feridas,Plena Noite,Decrescente,Chuva,Dupla,Não Informado,Sim,2,0,1,0,1,0,1,2,"-19,95531717","-44,11722196",SPRF-MG,DEL01-MG,UOP03-DEL01-MG
390913.0,2021-10-20,quarta-feira,18:40:00,MG,381.0,"504,3",BETIM,Velocidade Incompatível,Colisão traseira,Com Vítimas Feridas,Plena Noite,Decrescente,Nublado,Dupla,Não Informado,Não,2,0,0,1,0,1,1,2,"-20,02625818","-44,231987",SPRF-MG,DEL01-MG,UOP03-DEL01-MG
390942.0,2021-10-20,quarta-feira,22:10:00,MG,354.0,"750,2",ITANHANDU,Animais na Pista,Atropelamento de Animal,Com Vítimas Feridas,Plena Noite,Crescente,Nublado,Simples,Reta,Não,1,0,1,0,0,0,1,1,"-22,28077569","-44,87170669",SPRF-MG,DEL17-MG,UOP01-DEL17-MG
390953.0,2021-10-21,quinta-feira,06:20:00,MG,146.0,495,BOTELHOS,Animais na Pista,Atropelamento de Animal,Com Vítimas Feridas,Pleno dia,Crescente,Céu Claro,Simples,Reta,Não,1,0,1,0,0,0,1,1,"-21,673913","-46,416477",SPRF-MG,DEL09-MG,UOP01-DEL09-MG
390955.0,2021-10-21,quinta-feira,07:10:00,MG,381.0,484,BETIM,Acumulo de areia ou detritos sobre o pavimento,Tombamento,Com Vítimas Feridas,Amanhecer,Crescente,Nublado,Dupla,Curva,Sim,1,0,1,0,0,0,1,1,"-19,95659379","-44,09381129",SPRF-MG,DEL01-MG,UOP03-DEL01-MG
390956.0,2021-10-18,segunda-feira,06:30:00,MG,262.0,726,PERDIZES,Demais falhas mecânicas ou elétricas,Colisão traseira,Sem Vítimas,Amanhecer,Decrescente,Nublado,Simples,Reta,Não,2,0,0,0,2,0,0,1,"-19,61995185","-47,23297119",SPRF-MG,DEL08-MG,UOP01-DEL08-MG
390957.0,2021-10-21,quinta-feira,07:14:00,MG,50.0,178,UBERABA,Pista esburacada,Tombamento,Com Vítimas Feridas,Pleno dia,Crescente,Céu Claro,Dupla,Túnel,Sim,2,0,2,0,0,0,2,1,"-19,77896821","-47,94093599",SPRF-MG,DEL13-MG,UOP01-DEL13-MG
390960.0,2021-10-21,quinta-feira,07:40:00,MG,40.0,"748,7",SANTOS DUMONT,Chuva,Colisão com objeto,Sem Vítimas,Pleno dia,Decrescente,Chuva,Simples,Curva,Não,2,0,0,0,2,0,0,1,"-21,43796619","-43,55638245",SPRF-MG,DEL05-MG,UOP01-DEL05-MG
390962.0,2021-10-21,quinta-feira,08:15:00,MG,381.0,"796,5",SAO GONCALO DO SAPUCAI,Reação tardia ou ineficiente do condutor,Saída de leito carroçável,Com Vítimas Feridas,Pleno dia,Decrescente,Nublado,Dupla,Reta,Não,4,0,2,0,2,0,2,2,"-21,94639129","-45,62086966",SPRF-MG,DEL16-MG,UOP02-DEL16-MG
390988.0,2021-10-21,quinta-feira,11:00:00,MG,40.0,"779,4",JUIZ DE FORA,Manobra de mudança de faixa,Colisão lateral mesmo sentido,Sem Vítimas,Pleno dia,Crescente,Nublado,Dupla,Curva,Sim,2,0,0,0,2,0,0,2,"-21,67252614","-43,44374992",SPRF-MG,DEL05-MG,UOP01-DEL05-MG
390992.0,2021-01-01,sexta-feira,17:35:00,MG,40.0,"79,3",PARACATU,Ausência de reação do condutor,Saída de leito carroçável,Com Vítimas Feridas,Pleno dia,Decrescente,Chuva,Simples,Reta,Não,3,0,3,0,0,0,3,1,"-17,45703003","-46,66874501",SPRF-MG,DEL14-MG,UOP01-DEL14-MG
391042.0,2021-10-21,quinta-feira,17:40:00,MG,116.0,"706,8",MURIAE,Acessar a via sem observar a presença dos outros veículos,Colisão transversal,Com Vítimas Feridas,Pleno dia,Crescente,Nublado,Simples,Reta,Sim,3,0,1,1,1,0,2,2,"-21,15538281","-42,38264744",SPRF-MG,DEL07-MG,UOP02-DEL07-MG
391046.0,2021-10-21,quinta-feira,18:25:00,MG,40.0,"549,5",NOVA LIMA,Avarias e/ou desgaste excessivo no pneu,Tombamento,Com Vítimas Feridas,Plena Noite,Decrescente,Nublado,Dupla,Não Informado,Sim,2,0,2,0,0,0,2,1,"-20,03972326","-43,96703232",SPRF-MG,DEL01-MG,UOP02-DEL01-MG
391054.0,2021-10-21,quinta-feira,18:50:00,MG,365.0,750,ITUIUTABA,Ausência de reação do condutor,Tombamento,Com Vítimas Feridas,Plena Noite,Crescente,Céu Claro,Simples,Rotatória,Sim,1,0,1,0,0,0,1,1,"-18,93793339","-49,43876589",SPRF-MG,DEL15-MG,UOP03-DEL15-MG
391072.0,2021-10-21,quinta-feira,17:55:00,MG,262.0,35,MANHUACU,Demais falhas na via,Tombamento,Com Vítimas Feridas,Anoitecer,Crescente,Nublado,Simples,Reta,Sim,1,0,0,1,0,0,1,1,"-20,2592562","-42,01698194",SPRF-MG,DEL06-MG,UOP04-DEL06-MG
391095.0,2021-10-21,quinta-feira,22:55:00,MG,381.0,"805,7",SAO GONCALO DO SAPUCAI,Reação tardia ou ineficiente do condutor,Colisão com objeto,Sem Vítimas,Plena Noite,Decrescente,Ignorado,Dupla,Reta,Não,1,0,0,0,1,0,0,1,"-21,97203984","-45,63097474",SPRF-MG,DEL16-MG,UOP02-DEL16-MG
391115.0,2021-10-21,quinta-feira,19:55:00,MG,153.0,"64,1",MONTE ALEGRE DE MINAS,Ausência de reação do condutor,Saída de leito carroçável,Com Vítimas Feridas,Plena Noite,Decrescente,Céu Claro,Múltipla,Não Informado,Não,2,0,1,0,1,0,1,1,"-18,92679699","-49,03242496",SPRF-MG,DEL15-MG,UOP03-DEL15-MG
391151.0,2021-10-22,sexta-feira,07:55:00,MG,365.0,675,MONTE ALEGRE DE MINAS,Demais falhas mecânicas ou elétricas,Eventos atípicos,Com Vítimas Feridas,Pleno dia,Crescente,Céu Claro,Dupla,Reta,Não,2,0,0,1,1,0,1,1,"-18,85773852","-48,77367765",SPRF-MG,DEL15-MG,UOP01-DEL15-MG
391157.0,2021-08-22,domingo,08:30:00,MG,381.0,317,NOVA ERA,Velocidade Incompatível,Colisão frontal,Com Vítimas Fatais,Pleno dia,Decrescente,Céu Claro,Simples,Curva,Não,5,3,0,2,0,0,2,2,"-19,67556524","-42,97439575",SPRF-MG,DEL03-MG,UOP02-DEL03-MG
391164.0,2021-10-22,sexta-feira,11:00:00,MG,40.0,581,ITABIRITO,Retorno proibido,Colisão transversal,Com Vítimas Feridas,Pleno dia,Crescente,Céu Claro,Simples,Reta,Não,3,0,2,0,1,0,2,2,"-20,30234388","-43,93887077",SPRF-MG,DEL01-MG,UOP02-DEL01-MG
391180.0,2021-10-22,sexta-feira,09:50:00,MG,262.0,"38,2",MANHUACU,Animais na Pista,Atropelamento de Animal,Com Vítimas Feridas,Pleno dia,Decrescente,Nublado,Simples,Reta,Sim,1,0,0,1,0,0,1,1,"-20,26305859","-42,03684948",SPRF-MG,DEL06-MG,UOP04-DEL06-MG
391194.0,2021-10-22,sexta-feira,14:00:00,MG,459.0,106,POUSO ALEGRE,Reação tardia ou ineficiente do condutor,Colisão lateral mesmo sentido,Com Vítimas Feridas,Pleno dia,Crescente,Céu Claro,Dupla,Interseção de vias,Sim,2,0,1,0,1,0,1,2,"-22,23387","-45,898136",SPRF-MG,DEL16-MG,UOP01-DEL16-MG
391205.0,2021-08-03,terça-feira,18:20:00,MG,381.0,250,SANTANA DO PARAISO,Desrespeitar a preferência no cruzamento,Colisão transversal,Com Vítimas Feridas,Plena Noite,Crescente,Ignorado,Simples,Não Informado,Não,2,0,0,1,1,0,1,2,"-19,45364383","-42,5211668",SPRF-MG,DEL06-MG,UOP01-DEL06-MG
391215.0,2021-10-22,sexta-feira,16:20:00,MG,40.0,552,NOVA LIMA,Acesso irregular,Colisão lateral mesmo sentido,Com Vítimas Feridas,Pleno dia,Crescente,Céu Claro,Simples,Reta,Sim,3,0,1,0,2,0,1,2,"-20,06084086","-43,97716423",SPRF-MG,DEL01-MG,UOP02-DEL01-MG
391217.0,2021-10-22,sexta-feira,15:30:00,MG,50.0,31,ARAGUARI,Ausência de reação do condutor,Colisão com objeto,Com Vítimas Feridas,Pleno dia,Decrescente,Céu Claro,Dupla,Desvio Temporário,Não,1,0,1,0,0,0,1,1,"-18,62419107","-48,11705236",SPRF-MG,DEL15-MG,UOP02-DEL15-MG
391220.0,2021-10-22,sexta-feira,15:20:00,MG,381.0,853,POUSO ALEGRE,Reação tardia ou ineficiente do condutor,Queda de ocupante de veículo,Com Vítimas Feridas,Pleno dia,Decrescente,Sol,Dupla,Não Informado,Sim,1,0,1,0,0,0,1,1,"-22,30499294","-45,90167524",SPRF-MG,DEL16-MG,UOP01-DEL16-MG
391240.0,2021-08-24,terça-feira,11:40:00,MG,262.0,"38,5",MANHUACU,Conversão proibida,Colisão transversal,Com Vítimas Feridas,Pleno dia,Decrescente,Céu Claro,Simples,Reta,Sim,2,0,1,0,1,0,1,2,"-20,26305859","-42,03684948",SPRF-MG,DEL06-MG,UOP04-DEL06-MG
391248.0,2021-10-22,sexta-feira,19:10:00,MG,40.0,477,SETE LAGOAS,Acessar a via sem observar a presença dos outros veículos,Colisão lateral sentido oposto,Com Vítimas Feridas,Plena Noite,Decrescente,Garoa/Chuvisco,Simples,Reta,Não,1,0,0,1,0,0,1,1,"-19,52130888","-44,26525586",SPRF-MG,DEL02-MG,UOP01-DEL02-MG
391259.0,2021-10-22,sexta-feira,19:40:00,MG,40.0,"180,8",JOAO PINHEIRO,Ultrapassagem Indevida,Colisão lateral sentido oposto,Com Vítimas Feridas,Plena Noite,Crescente,Céu Claro,Simples,Curva,Não,10,0,1,0,9,0,1,2,"-17,97187523","-45,97486496",SPRF-MG,DEL14-MG,UOP02-DEL14-MG
391262.0,2021-10-22,sexta-feira,20:15:00,MG,267.0,"120,8",JUIZ DE FORA,Manobra de mudança de faixa,Colisão frontal,Com Vítimas Feridas,Plena Noite,Crescente,Nublado,Simples,Reta,Não,2,0,0,2,0,0,2,2,"-21,70442007","-43,46667202",SPRF-MG,DEL05-MG,UOP01-DEL05-MG
391271.0,2021-10-22,sexta-feira,18:45:00,MG,262.0,"40,9",MANHUACU,Transitar na contramão,Colisão frontal,Com Vítimas Feridas,Plena Noite,Crescente,Nublado,Simples,Reta,Não,2,0,0,1,1,0,1,2,"-20,27334219","-42,04913988",SPRF-MG,DEL06-MG,UOP04-DEL06-MG
391272.0,2021-10-22,sexta-feira,20:00:00,MG,381.0,"508,1",SAO JOAQUIM DE BICAS,Desrespeitar a preferência no cruzamento,Colisão transversal,Com Vítimas Feridas,Plena Noite,Decrescente,Céu Claro,Múltipla,Interseção de vias,Sim,2,0,0,1,1,0,1,2,"-20,04908548","-44,27579015",SPRF-MG,DEL01-MG,UOP03-DEL01-MG
391311.0,2021-10-22,sexta-feira,21:00:00,MG,262.0,564,CORREGO DANTA,Transitar na contramão,Colisão frontal,Com Vítimas Fatais,Plena Noite,Crescente,Céu Claro,Simples,Curva,Não,4,2,0,1,0,1,1,2,"-19,749627","-45,991309",SPRF-MG,DEL08-MG,UOP02-DEL08-MG
391323.0,2021-10-22,sexta-feira,23:45:00,MG,251.0,"360,3",PADRE CARVALHO,Manobra de mudança de faixa,Colisão frontal,Com Vítimas Fatais,Plena Noite,Crescente,Ignorado,Simples,Reta,Não,2,1,0,1,0,0,1,2,"-16,26805496","-42,59249878",SPRF-MG,DEL12-MG,UOP01-DEL12-MG
391325.0,2021-10-23,sábado,02:20:00,MG,40.0,"638,8",CONSELHEIRO LAFAIETE,Ingestão de álcool pelo condutor,Saída de leito carroçável,Com Vítimas Fatais,Plena Noite,Decrescente,Céu Claro,Simples,Desvio Temporário,Não,2,1,0,1,0,0,1,1,"-20,72342022","-43,80026653",SPRF-MG,DEL05-MG,UOP02-DEL05-MG
391356.0,2021-10-22,sexta-feira,21:15:00,MG,116.0,416,GOVERNADOR VALADARES,Reação tardia ou ineficiente do condutor,Colisão transversal,Com Vítimas Feridas,Plena Noite,Decrescente,Nublado,Simples,Retorno Regulamentado,Sim,2,0,1,0,1,0,1,2,"-18,89215187","-41,94699543",SPRF-MG,DEL06-MG,UOP01-DEL06-MG
391409.0,2021-10-23,sábado,11:30:00,MG,116.0,"609,4",SAO JOAO DO MANHUACU,Acessar a via sem observar a presença dos outros veículos,Colisão transversal,Com Vítimas Feridas,Pleno dia,Crescente,Nublado,Simples,Reta,Sim,2,0,1,0,1,0,1,2,"-20,40488795","-42,15173121",SPRF-MG,DEL07-MG,UOP03-DEL07-MG
391421.0,2021-10-23,sábado,11:20:00,MG,116.0,"275,6",TEOFILO OTONI,Condutor deixou de manter distância do veículo da frente,Colisão traseira,Com Vítimas Feridas,Pleno dia,Decrescente,Nublado,Dupla,Reta,Sim,3,0,0,1,2,0,1,2,"-17,846991","-41,51549",SPRF-MG,DEL11-MG,UOP01-DEL11-MG
391458.0,2021-10-23,sábado,17:50:00,MG,381.0,6,BETIM,Ingestão de álcool pelo condutor,Colisão traseira,Com Vítimas Feridas,Anoitecer,Decrescente,Céu Claro,Múltipla,Curva,Sim,2,0,1,0,1,0,1,2,"-19,99012686","-44,19490814",SPRF-MG,DEL01-MG,UOP03-DEL01-MG
391485.0,2021-10-23,sábado,20:00:00,MG,354.0,"702,8",CAXAMBU,Retorno proibido,Colisão transversal,Com Vítimas Feridas,Plena Noite,Decrescente,Céu Claro,Simples,Reta,Sim,2,0,1,0,1,0,1,2,"-21,96745","-44,92219",SPRF-MG,DEL17-MG,UOP01-DEL17-MG
391549.0,2021-10-23,sábado,22:35:00,MG,365.0,"629,1",UBERLANDIA,Ausência de reação do condutor,Colisão traseira,Com Vítimas Fatais,Plena Noite,Crescente,Céu Claro,Dupla,Não Informado,Não,3,1,0,0,1,1,0,2,"-18,90049028","-48,36226204",SPRF-MG,DEL15-MG,UOP01-DEL15-MG
391581.0,2021-10-24,domingo,04:15:00,MG,40.0,"509,7",RIBEIRAO DAS NEVES,Condutor Dormindo,Saída de leito carroçável,Com Vítimas Fatais,Plena Noite,Decrescente,Céu Claro,Dupla,Não Informado,Sim,3,1,0,2,0,0,2,1,"-19,7677637","-44,12848592",SPRF-MG,DEL01-MG,UOP02-DEL01-MG
391608.0,2021-10-24,domingo,06:30:00,MG,40.0,"753,8",EWBANK DA CAMARA,Condutor Dormindo,Saída de leito carroçável,Com Vítimas Feridas,Pleno dia,Decrescente,Céu Claro,Simples,Reta,Não,2,0,1,0,1,0,1,1,"-21,47144207","-43,5456067",SPRF-MG,DEL05-MG,UOP01-DEL05-MG
391609.0,2021-10-24,domingo,07:30:00,MG,40.0,"793,8",JUIZ DE FORA,Reação tardia ou ineficiente do condutor,Saída de leito carroçável,Com Vítimas Feridas,Pleno dia,Crescente,Nublado,Dupla,Reta,Não,1,0,0,1,0,0,1,1,"-21,79449311","-43,41425031",SPRF-MG,DEL05-MG,UOP01-DEL05-MG
391617.0,2021-09-25,sábado,13:35:00,MG,381.0,348,JOAO MONLEVADE,Velocidade Incompatível,Saída de leito carroçável,Com Vítimas Feridas,Pleno dia,Decrescente,Céu Claro,Simples,Curva,Não,3,0,2,1,0,0,3,1,"-19,84939396","-43,14382553",SPRF-MG,DEL03-MG,UOP01-DEL03-MG
391627.0,2021-10-24,domingo,08:45:00,MG,262.0,475,BOM DESPACHO,Pista Escorregadia,Tombamento,Com Vítimas Feridas,Pleno dia,Crescente,Nublado,Simples,Interseção de vias,Não,1,0,1,0,0,0,1,1,"-19,78735338","-45,20201711",SPRF-MG,DEL08-MG,UOP03-DEL08-MG
391633.0,2021-10-24,domingo,10:15:00,MG,267.0,"295,7",BAEPENDI,Velocidade Incompatível,Saída de leito carroçável,Com Vítimas Feridas,Pleno dia,Crescente,Chuva,Simples,Reta,Não,1,0,1,0,0,0,1,1,"-21,93627829","-44,8591733",SPRF-MG,DEL17-MG,UOP01-DEL17-MG
391637.0,2021-10-24,domingo,09:55:00,MG,40.0,"503,5",ESMERALDAS,Acostamento em desnível,Tombamento,Sem Vítimas,Pleno dia,Crescente,Nublado,Dupla,Não Informado,Não,1,0,0,0,0,1,0,1,"-19,725554","-44,154375",SPRF-MG,DEL02-MG,UOP01-DEL02-MG
391641.0,2021-10-24,domingo,10:50:00,MG,354.0,"735,1",POUSO ALTO,Reação tardia ou ineficiente do condutor,Colisão frontal,Com Vítimas Feridas,Pleno dia,Decrescente,Chuva,Simples,Reta,Sim,2,0,1,0,1,0,1,2,"-22,19215356","-44,97565627",SPRF-MG,DEL17-MG,UOP01-DEL17-MG
391643.0,2021-10-24,domingo,11:30:00,MG,267.0,"297,2",BAEPENDI,Condutor deixou de manter distância do veículo da frente,Tombamento,Com Vítimas Feridas,Pleno dia,Decrescente,Nublado,Simples,Desvio Temporário,Não,1,0,1,0,0,0,1,1,"-21,935942","-44,872665",SPRF-MG,DEL17-MG,UOP01-DEL17-MG
391652.0,2021-10-24,domingo,12:45:00,MG,381.0,363,JOAO MONLEVADE,Velocidade Incompatível,Saída de leito carroçável,Com Vítimas Feridas,Pleno dia,Crescente,Nublado,Simples,Curva,Não,1,0,1,0,0,0,1,1,"-19,856741","-43,226764",SPRF-MG,DEL03-MG,UOP01-DEL03-MG
391661.0,2021-10-24,domingo,14:20:00,MG,381.0,"636,6",SANTO ANTONIO DO AMPARO,Velocidade Incompatível,Colisão com objeto,Com Vítimas Feridas,Pleno dia,Decrescente,Chuva,Dupla,Curva,Não,1,0,1,0,0,0,1,1,"-20,89141186","-44,8525565",SPRF-MG,DEL04-MG,UOP01-DEL04-MG
391665.0,2021-10-24,domingo,07:20:00,MG,365.0,862,SANTA VITORIA,Pista Escorregadia,Saída de leito carroçável,Com Vítimas Feridas,Pleno dia,Decrescente,Chuva,Simples,Reta,Não,3,0,3,0,0,0,3,1,"-19,04241577","-50,42875702",SPRF-MG,DEL15-MG,UOP03-DEL15-MG
391666.0,2021-10-24,domingo,13:15:00,MG,381.0,"533,4",ITATIAIUCU,Velocidade Incompatível,Saída de leito carroçável,Com Vítimas Feridas,Pleno dia,Crescente,Chuva,Dupla,Curva,Não,1,0,1,0,0,0,1,1,"-20,19896036","-44,38641307",SPRF-MG,DEL04-MG,UOP03-DEL04-MG
391673.0,2021-10-24,domingo,12:30:00,MG,381.0,502,BETIM,Manobra de mudança de faixa,Colisão com objeto,Sem Vítimas,Pleno dia,Decrescente,Nublado,Dupla,Reta,Sim,1,0,0,0,0,1,0,1,"-20,01197494","-44,21978127",SPRF-MG,DEL01-MG,UOP03-DEL01-MG
391675.0,2021-10-24,domingo,15:30:00,MG,40.0,"385,9",CURVELO,Condutor deixou de manter distância do veículo da frente,Colisão com objeto,Com Vítimas Feridas,Pleno dia,Crescente,Chuva,Simples,Reta,Não,3,0,2,0,1,0,2,1,"-18,90524802","-44,6867981",SPRF-MG,DEL02-MG,UOP01-DEL02-MG
391679.0,2021-10-24,domingo,14:45:00,MG,40.0,"28,5",PARACATU,Condutor usando celular,Colisão traseira,Com Vítimas Feridas,Pleno dia,Decrescente,Céu Claro,Simples,Reta,Não,3,0,1,0,2,0,1,2,"-17,14331029","-46,94988306",SPRF-MG,DEL14-MG,UOP01-DEL14-MG
391711.0,2021-10-24,domingo,18:00:00,MG,381.0,926,ITAPEVA,Velocidade Incompatível,Saída de leito carroçável,Com Vítimas Feridas,Anoitecer,Decrescente,Chuva,Múltipla,Não Informado,Não,1,0,1,0,0,0,1,1,"-22,777207","-46,23911301",SPRF-MG,DEL16-MG,UOP03-DEL16-MG
391717.0,2021-10-24,domingo,11:20:00,MG,365.0,463,PATROCINIO,Reação tardia ou ineficiente do condutor,Saída de leito carroçável,Com Vítimas Feridas,Pleno dia,Decrescente,Céu Claro,Simples,Reta,Não,2,0,2,0,0,0,2,1,"-18,884","-46,9243",SPRF-MG,DEL10-MG,UOP01-DEL10-MG
391744.0,2021-10-24,domingo,19:30:00,MG,262.0,850,CONCEICAO DAS ALAGOAS,Demais falhas mecânicas ou elétricas,Incêndio,Sem Vítimas,Plena Noite,Decrescente,Céu Claro,Simples,Não Informado,Não,1,0,0,0,1,0,0,1,"-19,75599413","-48,33588893",SPRF-MG,DEL13-MG,UOP01-DEL13-MG
391748.0,2021-10-24,domingo,20:50:00,MG,381.0,"890,7",CAMBUI,Pedestre andava na pista,Atropelamento de Pedestre,Com Vítimas Feridas,Plena Noite,Crescente,Chuva,Dupla,Curva,Não,3,0,1,0,1,1,1,1,"-22,5863847","-46,0498174",SPRF-MG,DEL16-MG,UOP03-DEL16-MG
391750.0,2021-10-24,domingo,17:50:00,MG,381.0,"522,5",BRUMADINHO,Velocidade Incompatível,Capotamento,Com Vítimas Feridas,Plena Noite,Decrescente,Chuva,Dupla,Curva,Não,5,0,2,0,3,0,2,1,"-20,14551016","-44,32277183",SPRF-MG,DEL04-MG,UOP03-DEL04-MG
391758.0,2021-10-24,domingo,19:10:00,MG,262.0,35,MANHUACU,Desrespeitar a preferência no cruzamento,Colisão frontal,Com Vítimas Feridas,Plena Noite,Decrescente,Céu Claro,Simples,Reta,Não,3,0,1,1,1,0,2,2,"-20,2592562","-42,01698194",SPRF-MG,DEL06-MG,UOP04-DEL06-MG
391771.0,2021-10-24,domingo,17:30:00,MG,365.0,832,SANTA VITORIA,Demais falhas mecânicas ou elétricas,Incêndio,Sem Vítimas,Pleno dia,Decrescente,Céu Claro,Simples,Reta,Não,1,0,0,0,1,0,0,1,"-18,90505008","-50,20362197",SPRF-MG,DEL15-MG,UOP03-DEL15-MG
391772.0,2021-10-24,domingo,22:45:00,MG,40.0,816,SIMAO PEREIRA,Deficiência do Sistema de Iluminação/Sinalização,Colisão com objeto,Com Vítimas Feridas,Plena Noite,Decrescente,Céu Claro,Dupla,Reta,Não,1,0,1,0,0,0,1,1,"-21,90755681","-43,31493223",SPRF-MG,DEL05-MG,UOP01-DEL05-MG
391787.0,2021-10-24,domingo,23:20:00,MG,365.0,739,ITUIUTABA,Demais falhas mecânicas ou elétricas,Incêndio,Com Vítimas Feridas,Plena Noite,Crescente,Céu Claro,Simples,Não Informado,Não,2,0,2,0,0,0,2,1,"-18,91153423","-49,36367595",SPRF-MG,DEL15-MG,UOP03-DEL15-MG
391815.0,2021-10-25,segunda-feira,04:00:00,MG,365.0,"468,5",PATROCINIO,Animais na Pista,Colisão com objeto,Sem Vítimas,Plena Noite,Crescente,Céu Claro,Simples,Não Informado,Não,3,0,0,0,3,0,0,1,"-18,91497317","-46,97376201",SPRF-MG,DEL10-MG,UOP01-DEL10-MG
391820.0,2021-10-25,segunda-feira,06:20:00,MG,50.0,39,ARAGUARI,Reação tardia ou ineficiente do condutor,Tombamento,Com Vítimas Feridas,Pleno dia,Crescente,Céu Claro,Dupla,Não Informado,Sim,1,0,1,0,0,0,1,1,"-18,6698279","-48,1771946",SPRF-MG,DEL15-MG,UOP02-DEL15-MG
391824.0,2021-10-25,segunda-feira,07:10:00,MG,50.0,"43,7",ARAGUARI,Condutor deixou de manter distância do veículo da frente,Colisão traseira,Sem Vítimas,Pleno dia,Decrescente,Nublado,Dupla,Não Informado,Não,2,0,0,0,2,0,0,2,"-18,69834223","-48,1855417",SPRF-MG,DEL15-MG,UOP02-DEL15-MG
391833.0,2021-10-24,domingo,19:00:00,MG,116.0,"508,9",CARATINGA,Velocidade Incompatível,Saída de leito carroçável,Com Vítimas Feridas,Plena Noite,Decrescente,Nublado,Simples,Reta,Não,1,0,1,0,0,0,1,1,"-19,6503476","-42,1105957",SPRF-MG,DEL06-MG,UOP02-DEL06-MG
391842.0,2021-10-25,segunda-feira,08:55:00,MG,267.0,"286,4",BAEPENDI,Velocidade Incompatível,Saída de leito carroçável,Com Vítimas Feridas,Pleno dia,Crescente,Nublado,Simples,Curva,Não,2,0,1,1,0,0,2,1,"-21,92586805","-44,78319168",SPRF-MG,DEL17-MG,UOP01-DEL17-MG
391844.0,2021-10-25,segunda-feira,07:15:00,MG,40.0,"657,8",CARANDAI,Reação tardia ou ineficiente do condutor,Tombamento,Com Vítimas Feridas,Pleno dia,Decrescente,Nublado,Simples,Curva,Não,1,0,0,1,0,0,1,1,"-20,88802377","-43,81296158",SPRF-MG,DEL05-MG,UOP02-DEL05-MG
391882.0,2021-10-25,segunda-feira,13:30:00,MG,40.0,"738,1",SANTOS DUMONT,Reação tardia ou ineficiente do condutor,Colisão com objeto,Com Vítimas Feridas,Pleno dia,Crescente,Chuva,Simples,Curva,Não,1,0,1,0,0,0,1,1,"-21,38880304","-43,56910622",SPRF-MG,DEL05-MG,UOP01-DEL05-MG
391889.0,2021-10-25,segunda-feira,14:40:00,MG,262.0,"37,9",MANHUACU,Acessar a via sem observar a presença dos outros veículos,Colisão transversal,Com Vítimas Feridas,Pleno dia,Decrescente,Chuva,Simples,Reta,Sim,2,0,1,0,1,0,1,2,"-20,25748975","-42,03048732",SPRF-MG,DEL06-MG,UOP04-DEL06-MG
391915.0,2021-10-25,segunda-feira,17:30:00,MG,50.0,"74,6",UBERLANDIA,Ausência de reação do condutor,Colisão traseira,Com Vítimas Feridas,Pleno dia,Decrescente,Nublado,Dupla,Não Informado,Sim,2,0,1,0,0,1,1,2,"-18,85140204","-48,25345932",SPRF-MG,DEL15-MG,UOP01-DEL15-MG
391918.0,2021-10-25,segunda-feira,16:50:00,MG,381.0,381,SAO GONCALO DO RIO ABAIXO,Reação tardia ou ineficiente do condutor,Colisão frontal,Sem Vítimas,Pleno dia,Decrescente,Céu Claro,Simples,Reta,Sim,2,0,0,0,2,0,0,2,"-19,82692046","-43,38405945",SPRF-MG,DEL01-MG,UOP01-DEL01-MG