id,data_inversa,dia_semana,horario,uf,br,km,municipio,causa_acidente,tipo_acidente,classificacao_acidente,fase_dia,sentido_via,condicao_metereologica,tipo_pista,tracado_via,uso_solo,pessoas,mortos,feridos_leves,feridos_graves,ilesos,ignorados,feridos,veiculos,latitude,longitude,regional,delegacia,uop
391955.0,2021-10-25,segunda-feira,21:55:00,MG,40.0,"611,2",CONGONHAS,Transitar na contramão,Colisão frontal,Com Vítimas Feridas,Plena Noite,Crescente,Céu Claro,Simples,Reta,Não,8,0,6,0,0,2,6,2,"-20,51043545","-43,84039195",SPRF-MG,DEL05-MG,UOP02-DEL05-MG
391956.0,2021-10-25,segunda-feira,19:20:00,MG,267.0,"50,9",MARIPA DE MINAS,Manobra de mudança de faixa,Colisão transversal,Com Vítimas Feridas,Plena Noite,Decrescente,Nublado,Simples,Curva,Não,2,0,1,1,0,0,2,2,"-21,69577022","-42,98279189",SPRF-MG,DEL07-MG,UOP01-DEL07-MG
391973.0,2021-10-26,terça-feira,00:10:00,MG,364.0,"28,1",FRUTAL,Reação tardia ou ineficiente do condutor,Tombamento,Com Vítimas Feridas,Plena Noite,Decrescente,Céu Claro,Simples,Rotatória,Não,2,0,2,0,0,0,2,1,"-20,025185","-48,94096",SPRF-MG,DEL13-MG,UOP02-DEL13-MG
392007.0,2021-10-26,terça-feira,08:20:00,MG,381.0,"863,6",POUSO ALEGRE,Reação tardia ou ineficiente do condutor,Saída de leito carroçável,Com Vítimas Feridas,Pleno dia,Crescente,Nublado,Dupla,Não Informado,Não,1,0,1,0,0,0,1,1,"-22,381389","-45,94581",SPRF-MG,DEL16-MG,UOP01-DEL16-MG
392047.0,2021-08-23,segunda-feira,19:05:00,MG,381.0,456,BELO HORIZONTE,Ausência de reação do condutor,Atropelamento de Pedestre,Com Vítimas Feridas,Plena Noite,Crescente,Chuva,Dupla,Reta,Não,2,0,1,0,0,1,1,1,"-19,85862954","-43,91292495",SPRF-MG,DEL01-MG,UOP01-DEL01-MG
392048.0,2021-10-26,terça-feira,12:00:00,MG,381.0,"289,8",ANTONIO DIAS,Pista esburacada,Queda de ocupante de veículo,Com Vítimas Feridas,Pleno dia,Decrescente,Nublado,Simples,Reta,Não,2,0,1,1,0,0,2,1,"-19,63794104","-42,82137904",SPRF-MG,DEL03-MG,UOP02-DEL03-MG
392065.0,2021-10-26,terça-feira,15:00:00,MG,381.0,"500,5",BETIM,Ingestão de álcool pelo condutor,Colisão traseira,Com Vítimas Feridas,Pleno dia,Decrescente,Nublado,Dupla,Reta,Não,2,0,1,0,1,0,1,2,"-19,99980571","-44,21070099",SPRF-MG,DEL01-MG,UOP03-DEL01-MG
392091.0,2021-10-26,terça-feira,15:00:00,MG,381.0,386,SAO GONCALO DO RIO ABAIXO,Ausência de reação do condutor,Saída de leito carroçável,Com Vítimas Feridas,Pleno dia,Crescente,Céu Claro,Simples,Curva,Sim,2,0,1,1,0,0,2,1,"-19,8263889","-43,38427484",SPRF-MG,DEL01-MG,UOP01-DEL01-MG
392127.0,2021-10-26,terça-feira,22:30:00,MG,381.0,478,CONTAGEM,Condutor deixou de manter distância do veículo da frente,Colisão traseira,Com Vítimas Feridas,Plena Noite,Crescente,Céu Claro,Dupla,Reta,Sim,2,0,1,0,1,0,1,2,"-19,95826094","-44,05921101",SPRF-MG,DEL01-MG,UOP03-DEL01-MG
392131.0,2021-10-26,terça-feira,11:00:00,MG,262.0,657,IBIA,Chuva,Saída de leito carroçável,Com Vítimas Feridas,Pleno dia,Decrescente,Chuva,Simples,Reta,Não,3,0,2,0,1,0,2,1,"-19,5767773","-46,69062487",SPRF-MG,DEL08-MG,UOP01-DEL08-MG
392142.0,2021-10-27,quarta-feira,05:15:00,MG,262.0,127,RIO CASCA,Ingestão de álcool pelo condutor,Queda de ocupante de veículo,Com Vítimas Feridas,Amanhecer,Decrescente,Chuva,Simples,Reta,Não,1,0,1,0,0,0,1,1,"-20,18090294","-42,69776582",SPRF-MG,DEL03-MG,UOP03-DEL03-MG
392145.0,2021-10-27,quarta-feira,06:08:00,MG,381.0,456,BELO HORIZONTE,Velocidade Incompatível,Queda de ocupante de veículo,Com Vítimas Feridas,Pleno dia,Decrescente,Nublado,Dupla,Reta,Sim,2,0,1,1,0,0,2,1,"-19,85862954","-43,91292495",SPRF-MG,DEL01-MG,UOP01-DEL01-MG
392151.0,2021-10-27,quarta-feira,06:30:00,MG,381.0,"481,3",CONTAGEM,Trafegar com motocicleta (ou similar) entre as faixas,Colisão lateral mesmo sentido,Com Vítimas Feridas,Pleno dia,Decrescente,Sol,Dupla,Reta,Sim,2,0,1,0,1,0,1,2,"-19,95882786","-44,05963898",SPRF-MG,DEL01-MG,UOP03-DEL01-MG
392170.0,2021-10-27,quarta-feira,08:20:00,MG,116.0,"765,7",LEOPOLDINA,Desvio temporário,Colisão lateral mesmo sentido,Com Vítimas Feridas,Pleno dia,Decrescente,Nublado,Simples,Não Informado,Sim,2,0,2,0,0,0,2,2,"-21,5197389","-42,6491103",SPRF-MG,DEL07-MG,UOP01-DEL07-MG
392211.0,2021-10-27,quarta-feira,07:25:00,MG,116.0,"278,9",TEOFILO OTONI,Pista Escorregadia,Tombamento,Com Vítimas Feridas,Pleno dia,Decrescente,Sol,Dupla,Reta,Sim,2,0,2,0,0,0,2,1,"-17,874224","-41,520404",SPRF-MG,DEL11-MG,UOP01-DEL11-MG
392216.0,2021-10-11,segunda-feira,07:45:00,MG,262.0,"434,8",NOVA SERRANA,Mal súbito do condutor,Saída de leito carroçável,Com Vítimas Feridas,Pleno dia,Crescente,Chuva,Dupla,Não Informado,Não,2,0,1,1,0,0,2,1,"-19,89266739","-44,84258586",SPRF-MG,DEL08-MG,UOP03-DEL08-MG
392220.0,2021-10-27,quarta-feira,13:20:00,MG,40.0,"517,8",RIBEIRAO DAS NEVES,Avarias e/ou desgaste excessivo no pneu,Queda de ocupante de veículo,Com Vítimas Feridas,Pleno dia,Crescente,Céu Claro,Dupla,Reta,Sim,2,0,2,0,0,0,2,1,"-19,83722324","-44,07875776",SPRF-MG,DEL01-MG,UOP02-DEL01-MG
392221.0,2021-10-27,quarta-feira,12:20:00,MG,40.0,"530,8",BELO HORIZONTE,Acesso irregular,Colisão transversal,Com Vítimas Feridas,Pleno dia,Crescente,Céu Claro,Dupla,Retorno Regulamentado,Sim,2,0,0,1,1,0,1,2,"-19,92064782","-44,0335681",SPRF-MG,DEL01-MG,UOP02-DEL01-MG
392226.0,2021-09-13,segunda-feira,08:50:00,MG,116.0,"115,5",ITAOBIM,Ausência de reação do condutor,Colisão traseira,Com Vítimas Feridas,Pleno dia,Crescente,Céu Claro,Simples,Não Informado,Sim,3,0,1,0,0,2,1,2,"-16,56133607","-41,50356",SPRF-MG,DEL11-MG,UOP02-DEL11-MG
392228.0,2021-10-27,quarta-feira,13:40:00,MG,262.0,814,UBERABA,Condutor deixou de manter distância do veículo da frente,Colisão lateral mesmo sentido,Com Vítimas Feridas,Pleno dia,Decrescente,Nublado,Dupla,Túnel,Sim,4,0,1,0,2,1,1,2,"-19,76506609","-48,12286402",SPRF-MG,DEL13-MG,UOP01-DEL13-MG
392249.0,2021-10-27,quarta-feira,14:20:00,MG,381.0,"925,5",ITAPEVA,Demais falhas mecânicas ou elétricas,Eventos atípicos,Sem Vítimas,Pleno dia,Decrescente,Chuva,Dupla,Não Informado,Não,2,0,0,0,2,0,0,1,"-22,77097808","-46,20263815",SPRF-MG,DEL16-MG,UOP03-DEL16-MG
392262.0,2021-10-27,quarta-feira,17:00:00,MG,40.0,449,CAETANOPOLIS,Condutor Dormindo,Saída de leito carroçável,Com Vítimas Feridas,Pleno dia,Crescente,Céu Claro,Dupla,Reta,Sim,2,0,1,0,1,0,1,1,"-19,30931885","-44,37278577",SPRF-MG,DEL02-MG,UOP01-DEL02-MG
392289.0,2021-10-27,quarta-feira,19:00:00,MG,116.0,"415,2",GOVERNADOR VALADARES,Condutor deixou de manter distância do veículo da frente,Queda de ocupante de veículo,Com Vítimas Feridas,Anoitecer,Crescente,Céu Claro,Simples,Reta,Sim,1,0,1,0,0,0,1,1,"-18,88401297","-41,94924399",SPRF-MG,DEL06-MG,UOP01-DEL06-MG
392297.0,2021-10-27,quarta-feira,18:45:00,MG,262.0,"50,4",MANHUACU,Acessar a via sem observar a presença dos outros veículos,Colisão transversal,Com Vítimas Feridas,Plena Noite,Decrescente,Céu Claro,Simples,Curva,Não,2,0,1,0,1,0,1,2,"-20,2428055","-42,13652397",SPRF-MG,DEL06-MG,UOP04-DEL06-MG
392334.0,2021-10-28,quinta-feira,04:00:00,MG,262.0,"387,5",FLORESTAL,Velocidade Incompatível,Colisão com objeto,Sem Vítimas,Plena Noite,Crescente,Céu Claro,Dupla,Curva,Não,1,0,0,0,0,1,0,1,"-19,93472988","-44,43457599",SPRF-MG,DEL01-MG,UOP03-DEL01-MG
392342.0,2021-10-28,quinta-feira,05:30:00,MG,381.0,"379,9",SAO GONCALO DO RIO ABAIXO,Condutor Dormindo,Saída de leito carroçável,Com Vítimas Feridas,Amanhecer,Crescente,Nublado,Simples,Não Informado,Não,4,0,4,0,0,0,4,1,"-19,83794988","-43,33480954",SPRF-MG,DEL01-MG,UOP01-DEL01-MG
392347.0,2021-10-27,quarta-feira,21:10:00,MG,262.0,35,MANHUACU,Desrespeitar a preferência no cruzamento,Colisão frontal,Com Vítimas Feridas,Plena Noite,Decrescente,Nublado,Simples,Interseção de vias,Sim,2,0,1,0,1,0,1,2,"-20,2592562","-42,01698194",SPRF-MG,DEL06-MG,UOP04-DEL06-MG
392350.0,2021-10-28,quinta-feira,06:40:00,MG,40.0,548,NOVA LIMA,Condutor deixou de manter distância do veículo da frente,Colisão traseira,Com Vítimas Feridas,Pleno dia,Crescente,Céu Claro,Dupla,Reta,Não,3,0,1,1,1,0,2,3,"-20,036318","-43,968677",SPRF-MG,DEL01-MG,UOP02-DEL01-MG
392366.0,2021-10-28,quinta-feira,08:25:00,MG,381.0,267,TIMOTEO,Acessar a via sem observar a presença dos outros veículos,Colisão transversal,Com Vítimas Feridas,Pleno dia,Decrescente,Nublado,Simples,Reta,Não,3,0,1,0,2,0,1,2,"-19,53743297","-42,67521503",SPRF-MG,DEL03-MG,UOP02-DEL03-MG
392373.0,2021-10-28,quinta-feira,08:30:00,MG,354.0,"705,5",CAXAMBU,Transitar na contramão,Saída de leito carroçável,Com Vítimas Feridas,Pleno dia,Decrescente,Nublado,Simples,Rotatória,Sim,1,0,1,0,0,0,1,1,"-21,99205276","-44,9251702",SPRF-MG,DEL17-MG,UOP01-DEL17-MG
392403.0,2021-10-28,quinta-feira,10:30:00,MG,116.0,"704,1",MURIAE,Desrespeitar a preferência no cruzamento,Colisão transversal,Com Vítimas Feridas,Pleno dia,Decrescente,Sol,Simples,Interseção de vias,Sim,4,0,1,1,2,0,2,2,"-21,1216546","-42,37982512",SPRF-MG,DEL07-MG,UOP02-DEL07-MG
392410.0,2021-10-28,quinta-feira,08:30:00,MG,262.0,"855,8",VERISSIMO,Retorno proibido,Colisão transversal,Com Vítimas Feridas,Pleno dia,Crescente,Céu Claro,Dupla,Reta,Não,2,0,1,0,1,0,1,2,"-19,779802","-48,390449",SPRF-MG,DEL13-MG,UOP01-DEL13-MG
392471.0,2021-10-28,quinta-feira,14:00:00,MG,365.0,755,ITUIUTABA,Manobra de mudança de faixa,Tombamento,Com Vítimas Feridas,Pleno dia,Decrescente,Sol,Simples,Reta,Sim,1,0,1,0,0,0,1,1,"-18,94957096","-49,46275237",SPRF-MG,DEL15-MG,UOP03-DEL15-MG
392528.0,2021-10-29,sexta-feira,02:35:00,MG,365.0,"647,8",UBERLANDIA,Entrada inopinada do pedestre,Atropelamento de Pedestre,Com Vítimas Fatais,Plena Noite,Decrescente,Nublado,Dupla,Reta,Não,2,1,0,0,1,0,0,1,"-18,87368148","-48,53594542",SPRF-MG,DEL15-MG,UOP01-DEL15-MG
392531.0,2021-10-28,quinta-feira,23:55:00,MG,365.0,858,SANTA VITORIA,Reação tardia ou ineficiente do condutor,Atropelamento de Animal,Sem Vítimas,Plena Noite,Crescente,Nublado,Simples,Desvio Temporário,Não,1,0,0,0,1,0,0,1,"-19,03546848","-50,39125514",SPRF-MG,DEL15-MG,UOP03-DEL15-MG
392554.0,2021-10-29,sexta-feira,07:20:00,MG,40.0,"737,8",SANTOS DUMONT,Reação tardia ou ineficiente do condutor,Colisão com objeto,Com Vítimas Feridas,Amanhecer,Crescente,Chuva,Simples,Curva,Sim,4,0,1,0,3,0,1,3,"-21,38296999","-43,57033542",SPRF-MG,DEL05-MG,UOP01-DEL05-MG
392561.0,2021-10-29,sexta-feira,06:40:00,MG,381.0,486,BETIM,Velocidade Incompatível,Saída de leito carroçável,Sem Vítimas,Pleno dia,Decrescente,Céu Claro,Dupla,Não Informado,Sim,2,0,0,0,0,2,0,1,"-19,95644414","-44,13611598",SPRF-MG,DEL01-MG,UOP03-DEL01-MG
392573.0,2021-10-29,sexta-feira,06:00:00,MG,153.0,2,ARAPORA,Velocidade Incompatível,Colisão traseira,Com Vítimas Feridas,Amanhecer,Decrescente,Céu Claro,Dupla,Não Informado,Sim,2,0,1,1,0,0,2,1,"-18,4343521","-49,19082831",SPRF-MG,DEL15-MG,UOP03-DEL15-MG
392602.0,2021-10-29,sexta-feira,11:15:00,MG,116.0,704,MURIAE,Acessar a via sem observar a presença dos outros veículos,Colisão transversal,Com Vítimas Feridas,Pleno dia,Decrescente,Nublado,Simples,Reta,Sim,2,0,1,0,1,0,1,2,"-21,12160539","-42,37987272",SPRF-MG,DEL07-MG,UOP02-DEL07-MG
392611.0,2021-10-29,sexta-feira,14:25:00,MG,50.0,90,UBERLANDIA,Velocidade Incompatível,Tombamento,Com Vítimas Feridas,Pleno dia,Decrescente,Céu Claro,Dupla,Reta,Não,1,0,1,0,0,0,1,1,"-19,04871805","-48,19677417",SPRF-MG,DEL15-MG,UOP01-DEL15-MG
392618.0,2021-10-29,sexta-feira,12:35:00,MG,50.0,179,UBERABA,Ausência de reação do condutor,Colisão com objeto,Com Vítimas Feridas,Pleno dia,Crescente,Céu Claro,Dupla,Reta,Sim,1,0,0,1,0,0,1,1,"-19,7786126","-47,93233573",SPRF-MG,DEL13-MG,UOP01-DEL13-MG
392619.0,2021-10-29,sexta-feira,14:20:00,MG,262.0,"399,9",PARA DE MINAS,Acessar a via sem observar a presença dos outros veículos,Colisão com objeto,Com Vítimas Feridas,Pleno dia,Decrescente,Sol,Dupla,Reta,Sim,1,0,1,0,0,0,1,1,"-19,90311456","-44,534",SPRF-MG,DEL01-MG,UOP03-DEL01-MG
392628.0,2021-10-29,sexta-feira,15:45:00,MG,459.0,97,POUSO ALEGRE,Acessar a via sem observar a presença dos outros veículos,Queda de ocupante de veículo,Com Vítimas Fatais,Pleno dia,Crescente,Nublado,Simples,Reta,Não,3,1,0,0,1,1,0,2,"-22,199377","-45,969555",SPRF-MG,DEL09-MG,UOP01-DEL09-MG
392630.0,2021-10-29,sexta-feira,13:40:00,MG,40.0,"279,7",TRES MARIAS,Ultrapassagem Indevida,Colisão transversal,Com Vítimas Feridas,Pleno dia,Decrescente,Céu Claro,Simples,Reta,Não,2,0,2,0,0,0,2,2,"-18,22833211","-45,2202001",SPRF-MG,DEL14-MG,UOP02-DEL14-MG
392654.0,2021-10-29,sexta-feira,16:50:00,MG,40.0,569,NOVA LIMA,Conversão proibida,Colisão transversal,Com Vítimas Feridas,Pleno dia,Crescente,Nublado,Dupla,Desvio Temporário,Não,4,0,1,0,3,0,1,2,"-20,20394093","-43,97409456",SPRF-MG,DEL01-MG,UOP02-DEL01-MG
392659.0,2021-10-29,sexta-feira,16:38:00,MG,381.0,"648,9",SANTO ANTONIO DO AMPARO,Manobra de mudança de faixa,Colisão traseira,Com Vítimas Feridas,Pleno dia,Decrescente,Céu Claro,Dupla,Reta,Não,3,0,1,0,2,0,1,2,"-20,9578328","-44,90172386",SPRF-MG,DEL04-MG,UOP02-DEL04-MG
392672.0,2021-10-29,sexta-feira,07:30:00,MG,116.0,"617,1",ORIZANIA,Pedestre andava na pista,Atropelamento de Pedestre,Com Vítimas Feridas,Pleno dia,Decrescente,Nublado,Simples,Reta,Não,2,0,0,2,0,0,2,1,"-20,45963014","-42,17440546",SPRF-MG,DEL07-MG,UOP03-DEL07-MG
392674.0,2021-10-29,sexta-feira,17:50:00,MG,381.0,484,BETIM,Trafegar com motocicleta (ou similar) entre as faixas,Colisão lateral mesmo sentido,Com Vítimas Feridas,Anoitecer,Crescente,Céu Claro,Dupla,Reta,Não,2,0,1,0,1,0,1,2,"-19,95531717","-44,11722196",SPRF-MG,DEL01-MG,UOP03-DEL01-MG
392693.0,2021-10-29,sexta-feira,18:10:00,MG,262.0,"371,3",JUATUBA,Velocidade Incompatível,Saída de leito carroçável,Com Vítimas Fatais,Anoitecer,Crescente,Céu Claro,Dupla,Reta,Não,4,1,0,2,1,0,2,2,"-19,95717232","-44,36342776",SPRF-MG,DEL01-MG,UOP03-DEL01-MG
392706.0,2021-10-29,sexta-feira,20:30:00,MG,40.0,"607,4",CONGONHAS,Acessar a via sem observar a presença dos outros veículos,Colisão lateral mesmo sentido,Sem Vítimas,Plena Noite,Crescente,Céu Claro,Simples,Reta,Não,2,0,0,0,2,0,0,2,"-20,47579776","-43,84269847",SPRF-MG,DEL05-MG,UOP02-DEL05-MG
392709.0,2021-08-03,terça-feira,00:10:00,MG,40.0,"736,5",SANTOS DUMONT,Animais na Pista,Atropelamento de Animal,Com Vítimas Feridas,Plena Noite,Decrescente,Ignorado,Simples,Reta,Não,2,0,0,1,0,1,1,1,"-21,40309256","-43,56667042",SPRF-MG,DEL05-MG,UOP01-DEL05-MG
392710.0,2021-10-29,sexta-feira,22:00:00,MG,116.0,"277,8",TEOFILO OTONI,Pedestre cruzava a pista fora da faixa,Atropelamento de Pedestre,Com Vítimas Feridas,Plena Noite,Decrescente,Nublado,Dupla,Interseção de vias,Sim,3,0,2,0,0,1,2,1,"-17,859945","-41,515144",SPRF-MG,DEL11-MG,UOP01-DEL11-MG
392727.0,2021-10-29,sexta-feira,23:50:00,MG,50.0,"55,8",UBERLANDIA,Manobra de mudança de faixa,Colisão lateral mesmo sentido,Sem Vítimas,Plena Noite,Crescente,Nublado,Dupla,Não Informado,Não,2,0,0,0,2,0,0,2,"-18,77290538","-48,24124319",SPRF-MG,DEL15-MG,UOP02-DEL15-MG
392733.0,2021-10-29,sexta-feira,23:40:00,MG,50.0,167,UBERABA,Ausência de reação do condutor,Saída de leito carroçável,Sem Vítimas,Plena Noite,Decrescente,Céu Claro,Dupla,Curva,Não,1,0,0,0,1,0,0,1,"-19,7102529","-47,98304473",SPRF-MG,DEL13-MG,UOP01-DEL13-MG
392735.0,2021-10-30,sábado,00:40:00,MG,381.0,"491,3",BETIM,Velocidade Incompatível,Colisão lateral mesmo sentido,Com Vítimas Feridas,Plena Noite,Decrescente,Céu Claro,Dupla,Interseção de vias,Sim,3,0,1,1,1,0,2,2,"-19,97018187","-44,18210416",SPRF-MG,DEL01-MG,UOP03-DEL01-MG
392746.0,2021-10-30,sábado,02:50:00,MG,381.0,"844,3",SAO SEBASTIAO DA BELA VISTA,Ausência de reação do condutor,Saída de leito carroçável,Com Vítimas Fatais,Plena Noite,Crescente,Ignorado,Dupla,Reta,Não,6,1,5,0,0,0,5,1,"-22,229838","-45,876144",SPRF-MG,DEL16-MG,UOP01-DEL16-MG
392778.0,2021-09-05,domingo,20:00:00,MG,365.0,91,JEQUITAI,Animais na Pista,Queda de ocupante de veículo,Com Vítimas Feridas,Plena Noite,Crescente,Ignorado,Simples,Reta,Não,2,0,1,0,0,1,1,1,"-17,19245478","-44,43283081",SPRF-MG,DEL12-MG,UOP01-DEL12-MG
392797.0,2021-10-30,sábado,07:00:00,MG,459.0,"86,4",CONGONHAL,Ingestão de álcool pelo condutor,Colisão traseira,Com Vítimas Feridas,Pleno dia,Decrescente,Céu Claro,Simples,Não Informado,Não,2,0,0,1,1,0,1,2,"-22,149527","-46,017314",SPRF-MG,DEL09-MG,UOP01-DEL09-MG
392807.0,2021-10-30,sábado,08:10:00,MG,381.0,"345,9",BELA VISTA DE MINAS,Pista Escorregadia,Saída de leito carroçável,Com Vítimas Feridas,Pleno dia,Decrescente,Chuva,Simples,Não Informado,Não,2,0,2,0,0,0,2,1,"-19,842581","-43,100441",SPRF-MG,DEL03-MG,UOP01-DEL03-MG
392851.0,2021-10-30,sábado,09:20:00,MG,116.0,"524,7",CARATINGA,Desrespeitar a preferência no cruzamento,Colisão transversal,Com Vítimas Feridas,Pleno dia,Decrescente,Nublado,Simples,Interseção de vias,Sim,2,0,1,0,1,0,1,2,"-19,76027352","-42,13398823",SPRF-MG,DEL06-MG,UOP02-DEL06-MG
392857.0,2021-10-30,sábado,10:45:00,MG,116.0,"782,3",LEOPOLDINA,Velocidade Incompatível,Saída de leito carroçável,Com Vítimas Feridas,Pleno dia,Decrescente,Céu Claro,Simples,Curva,Não,1,0,1,0,0,0,1,1,"-21,5425382","-42,6556465",SPRF-MG,DEL07-MG,UOP01-DEL07-MG
392880.0,2021-10-30,sábado,16:15:00,MG,40.0,614,CONGONHAS,Reação tardia ou ineficiente do condutor,Colisão lateral mesmo sentido,Sem Vítimas,Pleno dia,Decrescente,Nublado,Simples,Reta,Não,2,0,0,0,2,0,0,2,"-20,52977973","-43,82351464",SPRF-MG,DEL05-MG,UOP02-DEL05-MG
392889.0,2021-10-30,sábado,12:00:00,MG,262.0,"141,5",RIO CASCA,Acessar a via sem observar a presença dos outros veículos,Colisão traseira,Com Vítimas Feridas,Pleno dia,Crescente,Céu Claro,Simples,Não Informado,Não,7,0,2,0,5,0,2,3,"-20,06617491","-42,71832256",SPRF-MG,DEL03-MG,UOP03-DEL03-MG
392905.0,2021-10-30,sábado,18:53:00,MG,381.0,"881,6",ESTIVA,Velocidade Incompatível,Saída de leito carroçável,Com Vítimas Feridas,Plena Noite,Crescente,Céu Claro,Dupla,Reta,Não,3,0,1,0,0,2,1,1,"-22,51533401","-46,02134878",SPRF-MG,DEL16-MG,UOP03-DEL16-MG
392933.0,2021-10-30,sábado,19:00:00,MG,116.0,"10,7",DIVISA ALEGRE,Ingestão de álcool pelo condutor,Queda de ocupante de veículo,Com Vítimas Feridas,Plena Noite,Crescente,Nublado,Simples,Reta,Não,1,0,1,0,0,0,1,1,"-15,78393094","-41,34012643",SPRF-BA,DEL08-BA,UOP03-DEL08-BA
392937.0,2021-10-30,sábado,21:15:00,MG,262.0,423,IGARATINGA,Acessar a via sem observar a presença dos outros veículos,Colisão lateral mesmo sentido,Com Vítimas Feridas,Plena Noite,Decrescente,Chuva,Dupla,Reta,Não,2,0,1,0,1,0,1,2,"-19,88411644","-44,73943306",SPRF-MG,DEL08-MG,UOP03-DEL08-MG
392942.0,2021-10-30,sábado,19:00:00,MG,381.0,"456,9",BELO HORIZONTE,Reação tardia ou ineficiente do condutor,Colisão traseira,Sem Vítimas,Plena Noite,Crescente,Céu Claro,Dupla,Curva,Sim,2,0,0,0,2,0,0,2,"-19,84863481","-43,88788909",SPRF-MG,DEL01-MG,UOP01-DEL01-MG
392962.0,2021-10-30,sábado,21:20:00,MG,50.0,36,ARAGUARI,Ingestão de álcool pelo condutor,Colisão com objeto,Sem Vítimas,Plena Noite,Decrescente,Chuva,Dupla,Retorno Regulamentado,Não,1,0,0,0,1,0,0,1,"-18,65453092","-48,14727203",SPRF-MG,DEL15-MG,UOP02-DEL15-MG
392963.0,2021-10-30,sábado,22:50:00,MG,262.0,462,ARAUJOS,Chuva,Colisão traseira,Com Vítimas Feridas,Plena Noite,Decrescente,Chuva,Simples,Reta,Não,2,0,2,0,0,0,2,2,"-19,81682578","-45,08869985",SPRF-MG,DEL08-MG,UOP03-DEL08-MG
392968.0,2021-10-30,sábado,21:40:00,MG,262.0,504,LUZ,Chuva,Saída de leito carroçável,Com Vítimas Feridas,Plena Noite,Decrescente,Chuva,Simples,Reta,Não,1,0,1,0,0,0,1,1,"-19,77363977","-45,47288591",SPRF-MG,DEL08-MG,UOP03-DEL08-MG
392971.0,2021-10-30,sábado,23:00:00,MG,356.0,"270,1",MURIAE,Animais na Pista,Atropelamento de Animal,Com Vítimas Feridas,Plena Noite,Crescente,Nublado,Simples,Ponte,Não,2,0,1,0,0,1,1,1,"-21,12839937","-42,32458406",SPRF-MG,DEL07-MG,UOP02-DEL07-MG
392972.0,2021-10-30,sábado,20:45:00,MG,365.0,851,SANTA VITORIA,Ingestão de álcool pelo condutor,Colisão traseira,Com Vítimas Feridas,Plena Noite,Crescente,Garoa/Chuvisco,Simples,Não Informado,Não,3,0,0,1,2,0,1,2,"-19,01825662","-50,32731611",SPRF-MG,DEL15-MG,UOP03-DEL15-MG
392974.0,2021-10-30,sábado,22:50:00,MG,262.0,803,UBERABA,Acumulo de óleo sobre o pavimento,Tombamento,Com Vítimas Feridas,Plena Noite,Decrescente,Céu Claro,Dupla,Curva,Não,1,0,1,0,0,0,1,1,"-19,77509606","-47,97201785",SPRF-MG,DEL13-MG,UOP01-DEL13-MG
392986.0,2021-10-31,domingo,01:00:00,MG,40.0,"739,2",SANTOS DUMONT,Avarias e/ou desgaste excessivo no pneu,Saída de leito carroçável,Sem Vítimas,Plena Noite,Crescente,Chuva,Simples,Reta,Não,1,0,0,0,1,0,0,1,"-21,394039","-43,56680295",SPRF-MG,DEL05-MG,UOP01-DEL05-MG
393002.0,2021-10-31,domingo,02:30:00,MG,40.0,"388,9",CURVELO,Velocidade Incompatível,Saída de leito carroçável,Sem Vítimas,Plena Noite,Crescente,Céu Claro,Simples,Reta,Não,4,0,0,0,4,0,0,1,"-18,93174501","-44,68450988",SPRF-MG,DEL02-MG,UOP01-DEL02-MG
393009.0,2021-10-31,domingo,03:50:00,MG,381.0,484,BETIM,Ingestão de álcool pelo condutor,Saída de leito carroçável,Com Vítimas Feridas,Plena Noite,Crescente,Nublado,Dupla,Não Informado,Sim,7,0,4,0,2,1,4,2,"-19,95531717","-44,11722196",SPRF-MG,DEL01-MG,UOP03-DEL01-MG
393018.0,2021-10-31,domingo,03:00:00,MG,116.0,"515,7",CARATINGA,Condutor Dormindo,Saída de leito carroçável,Com Vítimas Feridas,Plena Noite,Crescente,Nublado,Simples,Reta,Não,1,0,1,0,0,0,1,1,"-19,68778501","-42,11758577",SPRF-MG,DEL06-MG,UOP02-DEL06-MG
393031.0,2021-10-30,sábado,23:00:00,MG,262.0,"36,8",MANHUACU,Reação tardia ou ineficiente do condutor,Colisão lateral mesmo sentido,Sem Vítimas,Plena Noite,Crescente,Nublado,Simples,Reta,Sim,2,0,0,0,2,0,0,2,"-20,25932046","-42,02298331",SPRF-MG,DEL06-MG,UOP04-DEL06-MG
393033.0,2021-10-30,sábado,20:19:00,MG,251.0,"275,6",SALINAS,Animais na Pista,Atropelamento de Animal,Sem Vítimas,Plena Noite,Crescente,Céu Claro,Simples,Curva,Não,3,0,0,0,3,0,0,1,"-16,0164153","-42,06307978",SPRF-MG,DEL11-MG,UOP02-DEL11-MG
393049.0,2021-10-30,sábado,23:50:00,MG,116.0,429,ALPERCATA,Ingestão de álcool ou de substâncias psicoativas pelo pedestre,Atropelamento de Pedestre,Com Vítimas Feridas,Plena Noite,Decrescente,Nublado,Simples,Reta,Não,2,0,0,1,0,1,1,1,"-18,990239","-41,98462",SPRF-MG,DEL06-MG,UOP01-DEL06-MG