id,data_inversa,dia_semana,horario,uf,br,km,municipio,causa_acidente,tipo_acidente,classificacao_acidente,fase_dia,sentido_via,condicao_metereologica,tipo_pista,tracado_via,uso_solo,pessoas,mortos,feridos_leves,feridos_graves,ilesos,ignorados,feridos,veiculos,latitude,longitude,regional,delegacia,uop
393058.0,2021-10-31,domingo,08:30:00,MG,381.0,"515,9",IGARAPE,Velocidade Incompatível,Colisão traseira,Com Vítimas Feridas,Pleno dia,Crescente,Céu Claro,Dupla,Reta,Não,4,0,0,2,2,0,2,2,"-20,11094229","-44,32385296",SPRF-MG,DEL01-MG,UOP03-DEL01-MG
393060.0,2021-10-31,domingo,07:00:00,MG,40.0,700,BARBACENA,Ausência de reação do condutor,Saída de leito carroçável,Com Vítimas Feridas,Pleno dia,Decrescente,Nublado,Simples,Curva,Não,3,0,3,0,0,0,3,1,"-21,17760699","-43,75627477",SPRF-MG,DEL05-MG,UOP02-DEL05-MG
393063.0,2021-10-31,domingo,07:26:00,MG,381.0,"533,9",ITATIAIUCU,Velocidade Incompatível,Saída de leito carroçável,Com Vítimas Feridas,Pleno dia,Decrescente,Chuva,Dupla,Curva,Não,3,0,1,0,2,0,1,1,"-20,19896036","-44,38641307",SPRF-MG,DEL04-MG,UOP03-DEL04-MG
393091.0,2021-10-31,domingo,13:30:00,MG,40.0,553,NOVA LIMA,Avarias e/ou desgaste excessivo no pneu,Saída de leito carroçável,Com Vítimas Feridas,Pleno dia,Crescente,Nublado,Dupla,Curva,Sim,2,0,2,0,0,0,2,1,"-20,07742034","-43,9825201",SPRF-MG,DEL01-MG,UOP02-DEL01-MG
393108.0,2021-10-31,domingo,15:15:00,MG,40.0,"656,4",CRISTIANO OTONI,Velocidade Incompatível,Colisão com objeto,Com Vítimas Feridas,Pleno dia,Decrescente,Nublado,Dupla,Não Informado,Não,1,0,1,0,0,0,1,1,"-20,879724","-43,800623",SPRF-MG,DEL05-MG,UOP02-DEL05-MG
393130.0,2021-10-31,domingo,17:45:00,MG,40.0,493,ESMERALDAS,Demais falhas mecânicas ou elétricas,Tombamento,Com Vítimas Feridas,Anoitecer,Crescente,Céu Claro,Dupla,Reta,Não,2,0,0,1,1,0,1,1,"-19,64620694","-44,20301977",SPRF-MG,DEL02-MG,UOP01-DEL02-MG
393139.0,2021-10-31,domingo,17:30:00,MG,381.0,"888,3",CAMBUI,Velocidade Incompatível,Colisão com objeto,Sem Vítimas,Pleno dia,Decrescente,Chuva,Dupla,Curva,Não,2,0,0,0,2,0,0,1,"-22,57036508","-46,04169076",SPRF-MG,DEL16-MG,UOP03-DEL16-MG
393147.0,2021-10-31,domingo,17:30:00,MG,365.0,643,UBERLANDIA,Reação tardia ou ineficiente do condutor,Saída de leito carroçável,Com Vítimas Feridas,Anoitecer,Decrescente,Garoa/Chuvisco,Dupla,Reta,Não,2,0,2,0,0,0,2,1,"-18,8808611","-48,49354102",SPRF-MG,DEL15-MG,UOP01-DEL15-MG
393161.0,2021-10-31,domingo,19:30:00,MG,40.0,"702,4",BARBACENA,Velocidade Incompatível,Saída de leito carroçável,Sem Vítimas,Plena Noite,Crescente,Chuva,Dupla,Curva,Não,1,0,0,0,0,1,0,1,"-21,19178602","-43,75167711",SPRF-MG,DEL05-MG,UOP02-DEL05-MG
393189.0,2021-10-31,domingo,20:30:00,MG,50.0,78,UBERLANDIA,Ausência de reação do condutor,Tombamento,Com Vítimas Feridas,Plena Noite,Crescente,Céu Claro,Dupla,Reta,Sim,1,0,1,0,0,0,1,1,"-18,986906","-48,211853",SPRF-MG,DEL15-MG,UOP01-DEL15-MG
393202.0,2021-10-31,domingo,23:30:00,MG,116.0,"589,8",MANHUACU,Ausência de reação do condutor,Saída de leito carroçável,Sem Vítimas,Plena Noite,Crescente,Chuva,Simples,Curva,Não,1,0,0,0,0,1,0,1,"-20,247452","-42,1437",SPRF-MG,DEL06-MG,UOP04-DEL06-MG
393213.0,2021-10-31,domingo,18:30:00,MG,381.0,"606,6",OLIVEIRA,Velocidade Incompatível,Colisão com objeto,Sem Vítimas,Plena Noite,Decrescente,Chuva,Dupla,Não Informado,Não,1,0,0,0,0,1,0,1,"-20,67638406","-44,73850226",SPRF-MG,DEL04-MG,UOP01-DEL04-MG
393218.0,2021-10-31,domingo,23:00:00,MG,381.0,"482,6",BETIM,Chuva,Queda de ocupante de veículo,Com Vítimas Feridas,Plena Noite,Crescente,Chuva,Simples,Reta,Sim,1,0,1,0,0,0,1,1,"-19,955532","-44,097209",SPRF-MG,DEL01-MG,UOP03-DEL01-MG
393229.0,2021-10-31,domingo,22:20:00,MG,365.0,"831,9",SANTA VITORIA,Ausência de reação do condutor,Colisão lateral sentido oposto,Com Vítimas Feridas,Plena Noite,Decrescente,Céu Claro,Simples,Reta,Não,2,0,1,0,1,0,1,2,"-18,90190394","-50,19473002",SPRF-MG,DEL15-MG,UOP03-DEL15-MG
393262.0,2021-11-01,segunda-feira,06:00:00,MG,459.0,"103,3",POUSO ALEGRE,Velocidade Incompatível,Colisão com objeto,Sem Vítimas,Pleno dia,Decrescente,Chuva,Dupla,Retorno Regulamentado,Sim,1,0,0,0,1,0,0,1,"-22,224699","-45,91256",SPRF-MG,DEL16-MG,UOP01-DEL16-MG
393265.0,2021-11-01,segunda-feira,08:30:00,MG,381.0,335,NOVA ERA,Velocidade Incompatível,Saída de leito carroçável,Com Vítimas Feridas,Pleno dia,Decrescente,Chuva,Simples,Curva,Não,2,0,1,0,1,0,1,1,"-19,81700707","-43,06661887",SPRF-MG,DEL03-MG,UOP01-DEL03-MG
393268.0,2021-10-03,domingo,18:55:00,MG,40.0,"146,7",JOAO PINHEIRO,Velocidade Incompatível,Colisão traseira,Com Vítimas Feridas,Plena Noite,Decrescente,Céu Claro,Simples,Reta,Não,4,0,3,0,0,1,3,2,"-17,76031425","-46,15533115",SPRF-MG,DEL14-MG,UOP02-DEL14-MG
393289.0,2021-11-01,segunda-feira,11:45:00,MG,381.0,343,BELA VISTA DE MINAS,Chuva,Capotamento,Com Vítimas Feridas,Pleno dia,Decrescente,Chuva,Simples,Curva,Não,5,0,1,1,3,0,2,1,"-19,85663904","-43,10916603",SPRF-MG,DEL03-MG,UOP01-DEL03-MG
393294.0,2021-11-01,segunda-feira,06:45:00,MG,262.0,391,FLORESTAL,Ausência de reação do condutor,Capotamento,Com Vítimas Feridas,Amanhecer,Crescente,Chuva,Dupla,Reta,Não,4,0,4,0,0,0,4,1,"-19,92369912","-44,46409813",SPRF-MG,DEL01-MG,UOP03-DEL01-MG
393311.0,2021-11-01,segunda-feira,15:20:00,MG,381.0,"707,1",NEPOMUCENO,Velocidade Incompatível,Saída de leito carroçável,Com Vítimas Feridas,Pleno dia,Decrescente,Chuva,Dupla,Não Informado,Não,3,0,2,0,1,0,2,1,"-21,36199299","-45,19169583",SPRF-MG,DEL04-MG,UOP02-DEL04-MG
393313.0,2021-11-01,segunda-feira,16:00:00,MG,40.0,"793,2",JUIZ DE FORA,Velocidade Incompatível,Saída de leito carroçável,Com Vítimas Feridas,Pleno dia,Crescente,Nublado,Simples,Curva,Não,1,0,0,1,0,0,1,1,"-21,79449311","-43,41425031",SPRF-MG,DEL05-MG,UOP01-DEL05-MG
393325.0,2021-11-01,segunda-feira,06:45:00,MG,116.0,517,CARATINGA,Chuva,Colisão frontal,Com Vítimas Feridas,Pleno dia,Decrescente,Chuva,Simples,Curva,Não,2,0,2,0,0,0,2,2,"-19,70492713","-42,11720373",SPRF-MG,DEL06-MG,UOP02-DEL06-MG
393326.0,2021-11-01,segunda-feira,17:00:00,MG,50.0,"179,2",UBERABA,Pista esburacada,Saída de leito carroçável,Sem Vítimas,Pleno dia,Crescente,Céu Claro,Dupla,Túnel,Não,1,0,0,0,1,0,0,1,"-19,77827391","-47,93504477",SPRF-MG,DEL13-MG,UOP01-DEL13-MG
393332.0,2021-11-01,segunda-feira,16:30:00,MG,262.0,403,PARA DE MINAS,Velocidade Incompatível,Tombamento,Com Vítimas Feridas,Pleno dia,Crescente,Nublado,Dupla,Reta,Não,2,0,1,0,1,0,1,1,"-19,89468798","-44,57131499",SPRF-MG,DEL01-MG,UOP03-DEL01-MG
393349.0,2021-11-01,segunda-feira,17:00:00,MG,381.0,"494,4",BETIM,Reação tardia ou ineficiente do condutor,Colisão lateral mesmo sentido,Sem Vítimas,Pleno dia,Crescente,Chuva,Múltipla,Reta,Sim,3,0,0,0,3,0,0,3,"-19,985563","-44,20318",SPRF-MG,DEL01-MG,UOP03-DEL01-MG
393360.0,2021-08-05,quinta-feira,07:35:00,MG,116.0,"706,3",MURIAE,Acessar a via sem observar a presença dos outros veículos,Colisão frontal,Com Vítimas Feridas,Pleno dia,Crescente,Céu Claro,Simples,Curva,Não,2,0,1,0,1,0,1,2,"-21,147048","-42,381522",SPRF-MG,DEL07-MG,UOP02-DEL07-MG
393366.0,2021-11-01,segunda-feira,21:00:00,MG,262.0,"444,5",NOVA SERRANA,Acessar a via sem observar a presença dos outros veículos,Colisão transversal,Com Vítimas Feridas,Plena Noite,Crescente,Chuva,Dupla,Reta,Sim,3,0,0,1,2,0,1,2,"-19,881131","-44,931502",SPRF-MG,DEL08-MG,UOP03-DEL08-MG
393383.0,2021-11-01,segunda-feira,22:10:00,MG,116.0,527,CARATINGA,Acessar a via sem observar a presença dos outros veículos,Colisão transversal,Com Vítimas Feridas,Plena Noite,Crescente,Chuva,Simples,Interseção de vias,Sim,2,0,1,0,1,0,1,2,"-19,78510701","-42,13445297",SPRF-MG,DEL06-MG,UOP02-DEL06-MG
393406.0,2021-11-02,terça-feira,00:50:00,MG,40.0,"622,7",CONSELHEIRO LAFAIETE,Ingestão de álcool pelo condutor,Colisão frontal,Sem Vítimas,Plena Noite,Decrescente,Nublado,Simples,Reta,Sim,3,0,0,0,2,1,0,2,"-20,60362336","-43,80772591",SPRF-MG,DEL05-MG,UOP02-DEL05-MG
393412.0,2021-11-02,terça-feira,04:15:00,MG,365.0,"652,4",UBERLANDIA,Ausência de reação do condutor,Colisão com objeto,Sem Vítimas,Amanhecer,Decrescente,Nevoeiro/Neblina,Dupla,Reta,Não,1,0,0,0,1,0,0,1,"-18,86577425","-48,57750103",SPRF-MG,DEL15-MG,UOP01-DEL15-MG
393413.0,2021-11-02,terça-feira,04:00:00,MG,40.0,"278,9",TRES MARIAS,Chuva,Queda de ocupante de veículo,Com Vítimas Feridas,Plena Noite,Crescente,Chuva,Simples,Não Informado,Sim,2,0,1,0,1,0,1,1,"-18,22800425","-45,22060391",SPRF-MG,DEL14-MG,UOP02-DEL14-MG
393418.0,2021-11-02,terça-feira,04:15:00,MG,40.0,"546,8",NOVA LIMA,Velocidade Incompatível,Saída de leito carroçável,Sem Vítimas,Plena Noite,Crescente,Nublado,Dupla,Curva,Sim,1,0,0,0,0,1,0,1,"-20,01444685","-43,96893823",SPRF-MG,DEL01-MG,UOP02-DEL01-MG
393426.0,2021-11-02,terça-feira,07:15:00,MG,381.0,886,ESTIVA,Ausência de reação do condutor,Saída de leito carroçável,Com Vítimas Feridas,Pleno dia,Crescente,Sol,Dupla,Curva,Não,2,0,2,0,0,0,2,1,"-22,55262102","-46,03939916",SPRF-MG,DEL16-MG,UOP03-DEL16-MG
393428.0,2021-11-02,terça-feira,07:05:00,MG,50.0,"56,7",UBERLANDIA,Reação tardia ou ineficiente do condutor,Saída de leito carroçável,Sem Vítimas,Pleno dia,Decrescente,Céu Claro,Dupla,Reta,Não,1,0,0,0,1,0,0,1,"-18,78116115","-48,23825717",SPRF-MG,DEL15-MG,UOP02-DEL15-MG
393435.0,2021-09-15,quarta-feira,18:10:00,MG,365.0,68,UBERLANDIA,Ausência de reação do condutor,Colisão traseira,Com Vítimas Feridas,Anoitecer,Crescente,Céu Claro,Dupla,Reta,Sim,2,0,0,1,0,1,1,2,"-18,88470618","-48,26558948",SPRF-MG,DEL12-MG,UOP01-DEL12-MG
393449.0,2021-10-24,domingo,15:20:00,MG,381.0,597,CARMOPOLIS DE MINAS,Frear bruscamente,Colisão traseira,Com Vítimas Feridas,Pleno dia,Crescente,Ignorado,Dupla,Reta,Não,1,0,1,0,0,0,1,1,"-20,595787","-44,706877",SPRF-MG,DEL04-MG,UOP01-DEL04-MG
393470.0,2021-11-02,terça-feira,13:10:00,MG,40.0,"2,1",PARACATU,Velocidade Incompatível,Saída de leito carroçável,Com Vítimas Feridas,Pleno dia,Crescente,Chuva,Simples,Não Informado,Não,5,0,3,0,2,0,3,1,"-17,04379505","-47,14265103",SPRF-MG,DEL14-MG,UOP01-DEL14-MG
393481.0,2021-11-02,terça-feira,12:40:00,MG,381.0,"153,9",GOVERNADOR VALADARES,Velocidade Incompatível,Colisão lateral sentido oposto,Com Vítimas Feridas,Pleno dia,Decrescente,Céu Claro,Simples,Curva,Sim,2,0,0,1,1,0,1,2,"-18,88190287","-41,99497022",SPRF-MG,DEL06-MG,UOP01-DEL06-MG
393503.0,2021-11-02,terça-feira,16:40:00,MG,40.0,"516,2",RIBEIRAO DAS NEVES,Ultrapassagem Indevida,Colisão lateral mesmo sentido,Com Vítimas Feridas,Pleno dia,Decrescente,Céu Claro,Dupla,Reta,Sim,4,0,1,1,1,1,2,2,"-19,81628624","-44,08960124",SPRF-MG,DEL01-MG,UOP02-DEL01-MG
393517.0,2021-11-02,terça-feira,19:00:00,MG,262.0,"446,5",NOVA SERRANA,Entrada inopinada do pedestre,Atropelamento de Pedestre,Com Vítimas Feridas,Plena Noite,Crescente,Nublado,Simples,Não Informado,Sim,3,0,0,1,1,1,1,1,"-19,87514825","-44,95031205",SPRF-MG,DEL08-MG,UOP03-DEL08-MG
393522.0,2021-11-02,terça-feira,15:35:00,MG,356.0,264,MURIAE,Conversão proibida,Colisão lateral mesmo sentido,Com Vítimas Feridas,Pleno dia,Decrescente,Céu Claro,Simples,Interseção de vias,Sim,3,0,2,0,1,0,2,2,"-21,12552649","-42,37547729",SPRF-MG,DEL07-MG,UOP02-DEL07-MG
393530.0,2021-11-02,terça-feira,20:30:00,MG,40.0,639,CONSELHEIRO LAFAIETE,Transitar na contramão,Colisão lateral sentido oposto,Com Vítimas Feridas,Plena Noite,Crescente,Nublado,Simples,Reta,Não,4,0,0,1,3,0,1,2,"-20,73219989","-43,79985054",SPRF-MG,DEL05-MG,UOP02-DEL05-MG
393556.0,2021-11-02,terça-feira,23:30:00,MG,40.0,705,BARBACENA,Ausência de reação do condutor,Colisão com objeto,Com Vítimas Feridas,Plena Noite,Crescente,Céu Claro,Dupla,Curva,Não,2,0,2,0,0,0,2,1,"-21,2165929","-43,7462589",SPRF-MG,DEL05-MG,UOP02-DEL05-MG
393566.0,2021-11-03,quarta-feira,00:30:00,MG,153.0,"49,5",MONTE ALEGRE DE MINAS,Condutor Dormindo,Saída de leito carroçável,Sem Vítimas,Plena Noite,Decrescente,Céu Claro,Dupla,Reta,Não,1,0,0,0,1,0,0,1,"-18,81309302","-49,08638495",SPRF-MG,DEL15-MG,UOP03-DEL15-MG
393569.0,2021-11-03,quarta-feira,02:10:00,MG,40.0,"517,2",RIBEIRAO DAS NEVES,Pedestre cruzava a pista fora da faixa,Atropelamento de Pedestre,Com Vítimas Feridas,Plena Noite,Crescente,Nublado,Dupla,Curva,Não,2,0,0,1,0,1,1,1,"-19,82351202","-44,08438913",SPRF-MG,DEL01-MG,UOP02-DEL01-MG
393580.0,2021-11-02,terça-feira,19:30:00,MG,381.0,489,BETIM,Ausência de reação do condutor,Queda de ocupante de veículo,Com Vítimas Feridas,Plena Noite,Decrescente,Céu Claro,Múltipla,Reta,Sim,1,0,1,0,0,0,1,1,"-19,96245618","-44,16455495",SPRF-MG,DEL01-MG,UOP03-DEL01-MG
393596.0,2021-11-03,quarta-feira,07:50:00,MG,381.0,"487,4",BETIM,Condutor deixou de manter distância do veículo da frente,Colisão traseira,Com Vítimas Feridas,Pleno dia,Decrescente,Céu Claro,Múltipla,Reta,Sim,2,0,1,0,1,0,1,2,"-19,95586853","-44,14609501",SPRF-MG,DEL01-MG,UOP03-DEL01-MG
393622.0,2021-11-03,quarta-feira,09:00:00,MG,40.0,"736,8",SANTOS DUMONT,Acessar a via sem observar a presença dos outros veículos,Colisão transversal,Com Vítimas Feridas,Pleno dia,Crescente,Céu Claro,Simples,Reta,Não,4,0,2,0,2,0,2,2,"-21,37609516","-43,56993701",SPRF-MG,DEL05-MG,UOP01-DEL05-MG
393629.0,2021-08-08,domingo,22:50:00,MG,356.0,271,EUGENOPOLIS,Ingestão de álcool pelo condutor,Colisão frontal,Com Vítimas Feridas,Plena Noite,Decrescente,Céu Claro,Simples,Não Informado,Não,2,0,0,1,1,0,1,2,"-21,13692575","-42,30183406",SPRF-MG,DEL07-MG,UOP02-DEL07-MG
393637.0,2021-11-03,quarta-feira,11:00:00,MG,381.0,"932,2",EXTREMA,Ausência de reação do condutor,Capotamento,Com Vítimas Feridas,Pleno dia,Decrescente,Céu Claro,Simples,Reta,Não,1,0,1,0,0,0,1,1,"-22,81198015","-46,28431295",SPRF-MG,DEL16-MG,UOP03-DEL16-MG
393638.0,2021-11-03,quarta-feira,08:30:00,MG,381.0,300,ANTONIO DIAS,Velocidade Incompatível,Saída de leito carroçável,Com Vítimas Feridas,Pleno dia,Decrescente,Céu Claro,Dupla,Não Informado,Não,1,0,1,0,0,0,1,1,"-19,636885","-42,89911294",SPRF-MG,DEL03-MG,UOP02-DEL03-MG
393667.0,2021-10-14,quinta-feira,15:00:00,MG,354.0,"718,5",POUSO ALTO,Transitar na contramão,Colisão frontal,Com Vítimas Feridas,Pleno dia,Crescente,Céu Claro,Simples,Curva,Não,2,0,0,1,1,0,1,2,"-22,08809066","-44,94666703",SPRF-MG,DEL17-MG,UOP01-DEL17-MG
393679.0,2021-11-03,quarta-feira,15:45:00,MG,267.0,"73,2",JUIZ DE FORA,Reação tardia ou ineficiente do condutor,Saída de leito carroçável,Com Vítimas Feridas,Pleno dia,Decrescente,Sol,Simples,Reta,Não,1,0,1,0,0,0,1,1,"-21,75070613","-43,15938495",SPRF-MG,DEL05-MG,UOP01-DEL05-MG
393686.0,2021-11-03,quarta-feira,16:00:00,MG,40.0,"498,9",ESMERALDAS,Conversão proibida,Colisão transversal,Com Vítimas Feridas,Pleno dia,Crescente,Céu Claro,Simples,Reta,Sim,3,0,1,0,2,0,1,2,"-19,68467685","-44,18191183",SPRF-MG,DEL02-MG,UOP01-DEL02-MG
393691.0,2021-11-03,quarta-feira,15:40:00,MG,116.0,"814,3",ALEM PARAIBA,Demais falhas mecânicas ou elétricas,Incêndio,Sem Vítimas,Pleno dia,Crescente,Céu Claro,Simples,Reta,Não,1,0,0,0,0,1,0,1,"-21,85629","-42,66083",SPRF-MG,DEL07-MG,UOP01-DEL07-MG
393692.0,2021-11-03,quarta-feira,13:00:00,MG,381.0,626,OLIVEIRA,Problema com o freio,Tombamento,Com Vítimas Feridas,Pleno dia,Decrescente,Sol,Simples,Não Informado,Não,1,0,1,0,0,0,1,1,"-20,805195","-44,790446",SPRF-MG,DEL04-MG,UOP01-DEL04-MG
393697.0,2021-11-03,quarta-feira,18:00:00,MG,40.0,473,SETE LAGOAS,Ausência de reação do condutor,Engavetamento,Com Vítimas Feridas,Anoitecer,Crescente,Céu Claro,Múltipla,Reta,Sim,5,0,2,1,2,0,3,3,"-19,496351","-44,27992",SPRF-MG,DEL02-MG,UOP01-DEL02-MG
393703.0,2021-11-03,quarta-feira,18:28:00,MG,381.0,357,JOAO MONLEVADE,Transitar na contramão,Colisão frontal,Com Vítimas Feridas,Plena Noite,Decrescente,Céu Claro,Simples,Reta,Sim,2,0,1,0,1,0,1,2,"-19,85175308","-43,213709",SPRF-MG,DEL03-MG,UOP01-DEL03-MG
393734.0,2021-11-03,quarta-feira,21:40:00,MG,381.0,"454,5",BELO HORIZONTE,Condutor deixou de manter distância do veículo da frente,Colisão traseira,Com Vítimas Feridas,Plena Noite,Decrescente,Céu Claro,Simples,Curva,Não,3,0,2,0,1,0,2,2,"-19,84132062","-43,87321472",SPRF-MG,DEL01-MG,UOP01-DEL01-MG
393783.0,2021-11-04,quinta-feira,08:45:00,MG,40.0,607,CONGONHAS,Objeto estático sobre o leito carroçável,Colisão com objeto,Com Vítimas Feridas,Pleno dia,Decrescente,Sol,Simples,Reta,Sim,2,0,1,0,1,0,1,1,"-20,47904994","-43,84133046",SPRF-MG,DEL05-MG,UOP02-DEL05-MG
393790.0,2021-11-04,quinta-feira,10:10:00,MG,381.0,"500,5",BETIM,Demais falhas mecânicas ou elétricas,Queda de ocupante de veículo,Com Vítimas Feridas,Pleno dia,Crescente,Céu Claro,Dupla,Curva,Não,1,0,1,0,0,0,1,1,"-20,02513493","-44,23112709",SPRF-MG,DEL01-MG,UOP03-DEL01-MG
393822.0,2021-11-04,quinta-feira,13:10:00,MG,40.0,29,PARACATU,Acumulo de água sobre o pavimento,Saída de leito carroçável,Com Vítimas Feridas,Pleno dia,Crescente,Chuva,Simples,Curva,Não,3,0,3,0,0,0,3,1,"-17,14892389","-46,94276491",SPRF-MG,DEL14-MG,UOP01-DEL14-MG
393828.0,2021-11-04,quinta-feira,07:50:00,MG,50.0,"177,4",UBERABA,Acumulo de areia ou detritos sobre o pavimento,Tombamento,Com Vítimas Feridas,Pleno dia,Decrescente,Céu Claro,Dupla,Viaduto,Sim,1,0,1,0,0,0,1,1,"-19,77914852","-47,95047701",SPRF-MG,DEL13-MG,UOP01-DEL13-MG
393830.0,2021-11-04,quinta-feira,08:27:00,MG,50.0,"177,3",UBERABA,Acumulo de areia ou detritos sobre o pavimento,Tombamento,Com Vítimas Feridas,Pleno dia,Crescente,Sol,Dupla,Viaduto,Sim,1,0,1,0,0,0,1,1,"-19,77914852","-47,95047701",SPRF-MG,DEL13-MG,UOP01-DEL13-MG
393843.0,2021-11-04,quinta-feira,16:00:00,MG,40.0,545,NOVA LIMA,Avarias e/ou desgaste excessivo no pneu,Tombamento,Com Vítimas Feridas,Pleno dia,Decrescente,Nublado,Dupla,Reta,Sim,2,0,2,0,0,0,2,1,"-20,00670404","-43,96418668",SPRF-MG,DEL01-MG,UOP02-DEL01-MG
393855.0,2021-11-04,quinta-feira,17:30:00,MG,365.0,"604,1",UBERLANDIA,Acessar a via sem observar a presença dos outros veículos,Tombamento,Com Vítimas Feridas,Pleno dia,Crescente,Céu Claro,Dupla,Não Informado,Não,4,0,1,0,0,3,1,2,"-18,89210463","-48,14238489",SPRF-MG,DEL15-MG,UOP01-DEL15-MG
393870.0,2021-11-04,quinta-feira,20:33:00,MG,40.0,"456,7",CAETANOPOLIS,Objeto estático sobre o leito carroçável,Colisão com objeto,Com Vítimas Feridas,Plena Noite,Decrescente,Céu Claro,Dupla,Retorno Regulamentado,Não,2,0,2,0,0,0,2,1,"-19,36312782","-44,33978478",SPRF-MG,DEL02-MG,UOP01-DEL02-MG
393871.0,2021-11-04,quinta-feira,17:00:00,MG,381.0,158,GOVERNADOR VALADARES,Acessar a via sem observar a presença dos outros veículos,Colisão transversal,Com Vítimas Feridas,Pleno dia,Crescente,Sol,Simples,Reta,Não,3,0,2,1,0,0,3,2,"-18,91795246","-42,01337465",SPRF-MG,DEL06-MG,UOP01-DEL06-MG
393875.0,2021-11-04,quinta-feira,17:35:00,MG,262.0,"37,2",MANHUACU,Manobra de mudança de faixa,Colisão lateral mesmo sentido,Com Vítimas Feridas,Plena Noite,Crescente,Nublado,Simples,Reta,Sim,2,0,1,0,1,0,1,2,"-20,25748975","-42,03048732",SPRF-MG,DEL06-MG,UOP04-DEL06-MG
393886.0,2021-11-04,quinta-feira,12:10:00,MG,381.0,"521,9",ITATIAIUCU,Velocidade Incompatível,Queda de ocupante de veículo,Com Vítimas Feridas,Pleno dia,Decrescente,Céu Claro,Dupla,Curva,Não,1,0,1,0,0,0,1,1,"-20,13846621","-44,31715274",SPRF-MG,DEL04-MG,UOP03-DEL04-MG
393905.0,2021-11-04,quinta-feira,18:30:00,MG,116.0,"360,2",JAMPRUCA,Animais na Pista,Atropelamento de Animal,Com Vítimas Feridas,Plena Noite,Decrescente,Nublado,Simples,Reta,Não,1,0,0,1,0,0,1,1,"-18,46116482","-41,85181837",SPRF-MG,DEL11-MG,UOP01-DEL11-MG
393925.0,2021-11-05,sexta-feira,04:45:00,MG,50.0,"177,8",UBERABA,Ausência de reação do condutor,Colisão com objeto,Sem Vítimas,Amanhecer,Crescente,Céu Claro,Dupla,Curva,Sim,1,0,0,0,1,0,0,1,"-19,77914852","-47,95047701",SPRF-MG,DEL13-MG,UOP01-DEL13-MG
393947.0,2021-07-16,sexta-feira,19:30:00,MG,40.0,"745,3",SANTOS DUMONT,Pedestre andava na pista,Colisão traseira,Com Vítimas Feridas,Plena Noite,Crescente,Céu Claro,Simples,Curva,Não,3,0,0,2,1,0,2,2,"-21,42474901","-43,55706568",SPRF-MG,DEL05-MG,UOP01-DEL05-MG
393975.0,2021-11-05,sexta-feira,13:50:00,MG,381.0,355,JOAO MONLEVADE,Chuva,Queda de ocupante de veículo,Com Vítimas Feridas,Pleno dia,Decrescente,Chuva,Simples,Curva,Não,1,0,1,0,0,0,1,1,"-19,84112398","-43,199388",SPRF-MG,DEL03-MG,UOP01-DEL03-MG
393977.0,2021-11-02,terça-feira,21:45:00,MG,40.0,185,JOAO PINHEIRO,Animais na Pista,Atropelamento de Animal,Sem Vítimas,Plena Noite,Crescente,Chuva,Simples,Reta,Não,2,0,0,0,2,0,0,1,"-17,99197979","-45,94369704",SPRF-MG,DEL14-MG,UOP02-DEL14-MG
394008.0,2021-11-05,sexta-feira,16:30:00,MG,459.0,"97,7",POUSO ALEGRE,Acessar a via sem observar a presença dos outros veículos,Colisão transversal,Com Vítimas Feridas,Pleno dia,Crescente,Sol,Dupla,Retorno Regulamentado,Sim,3,0,1,0,1,1,1,2,"-22,199377","-45,969555",SPRF-MG,DEL16-MG,UOP01-DEL16-MG
394034.0,2021-11-05,sexta-feira,16:00:00,MG,40.0,426,PARAOPEBA,Ingestão de álcool pelo condutor,Colisão com objeto,Sem Vítimas,Pleno dia,Decrescente,Nublado,Dupla,Não Informado,Não,1,0,0,0,0,1,0,1,"-19,16976","-44,51336",SPRF-MG,DEL02-MG,UOP01-DEL02-MG
394035.0,2021-11-05,sexta-feira,18:00:00,MG,116.0,705,MURIAE,Ausência de reação do condutor,Queda de ocupante de veículo,Com Vítimas Feridas,Anoitecer,Crescente,Nublado,Simples,Reta,Sim,2,0,1,0,0,1,1,1,"-21,1404896","-42,38136978",SPRF-MG,DEL07-MG,UOP02-DEL07-MG
394038.0,2021-11-05,sexta-feira,07:00:00,MG,116.0,"115,9",ITAOBIM,Acessar a via sem observar a presença dos outros veículos,Colisão transversal,Com Vítimas Feridas,Pleno dia,Crescente,Nublado,Simples,Reta,Sim,2,0,0,1,1,0,1,2,"-16,567146","-41,504999",SPRF-MG,DEL11-MG,UOP02-DEL11-MG
394047.0,2021-11-05,sexta-feira,17:20:00,MG,116.0,"376,1",MATHIAS LOBATO,Pedestre andava na pista,Atropelamento de Pedestre,Com Vítimas Feridas,Anoitecer,Crescente,Céu Claro,Simples,Reta,Sim,2,0,1,0,1,0,1,1,"-18,586299","-41,92426908",SPRF-MG,DEL06-MG,UOP01-DEL06-MG
394082.0,2021-11-05,sexta-feira,22:50:00,MG,40.0,408,RIBEIRAO DAS NEVES,Condutor Dormindo,Colisão com objeto,Com Vítimas Feridas,Plena Noite,Crescente,Nublado,Dupla,Reta,Não,1,0,1,0,0,0,1,1,"-19,76061249","-44,1347544",SPRF-MG,DEL02-MG,UOP01-DEL02-MG