id,data_inversa,dia_semana,horario,uf,br,km,municipio,causa_acidente,tipo_acidente,classificacao_acidente,fase_dia,sentido_via,condicao_metereologica,tipo_pista,tracado_via,uso_solo,pessoas,mortos,feridos_leves,feridos_graves,ilesos,ignorados,feridos,veiculos,latitude,longitude,regional,delegacia,uop
394085.0,2021-11-06,sábado,00:01:00,MG,356.0,267,MURIAE,Acessar a via sem observar a presença dos outros veículos,Colisão frontal,Com Vítimas Feridas,Plena Noite,Decrescente,Céu Claro,Simples,Interseção de vias,Sim,2,0,0,1,0,1,1,2,"-21,12759472","-42,35769337",SPRF-MG,DEL07-MG,UOP02-DEL07-MG
394100.0,2021-11-06,sábado,02:40:00,MG,365.0,"39,3",CLARO DOS POCOES,Demais falhas mecânicas ou elétricas,Incêndio,Sem Vítimas,Plena Noite,Crescente,Ignorado,Simples,Reta,Não,1,0,0,0,1,0,0,1,"-16,86518999","-44,16141272",SPRF-MG,DEL12-MG,UOP01-DEL12-MG
394101.0,2021-11-06,sábado,02:11:00,MG,381.0,"525,5",BRUMADINHO,Velocidade Incompatível,Colisão com objeto,Sem Vítimas,Plena Noite,Crescente,Céu Claro,Dupla,Não Informado,Não,1,0,0,0,1,0,0,1,"-20,16710798","-44,33422398",SPRF-MG,DEL04-MG,UOP03-DEL04-MG
394105.0,2021-11-06,sábado,04:20:00,MG,40.0,519,CONTAGEM,Condutor deixou de manter distância do veículo da frente,Colisão traseira,Com Vítimas Feridas,Anoitecer,Crescente,Nublado,Dupla,Reta,Sim,2,0,1,0,1,0,1,2,"-19,83957589","-44,07684485",SPRF-MG,DEL01-MG,UOP02-DEL01-MG
394107.0,2021-11-06,sábado,04:30:00,MG,365.0,750,ITUIUTABA,Ausência de reação do condutor,Colisão traseira,Com Vítimas Feridas,Plena Noite,Crescente,Céu Claro,Dupla,Reta,Sim,3,0,2,0,0,1,2,2,"-18,94742","-49,45964",SPRF-MG,DEL15-MG,UOP03-DEL15-MG
394122.0,2021-11-06,sábado,05:40:00,MG,365.0,"648,7",UBERLANDIA,Ausência de reação do condutor,Colisão lateral mesmo sentido,Sem Vítimas,Amanhecer,Crescente,Céu Claro,Dupla,Reta,Não,2,0,0,0,1,1,0,2,"-18,87219928","-48,54277968",SPRF-MG,DEL15-MG,UOP01-DEL15-MG
394129.0,2021-11-06,sábado,07:50:00,MG,116.0,"277,3",TEOFILO OTONI,Reação tardia ou ineficiente do condutor,Colisão com objeto,Com Vítimas Feridas,Pleno dia,Crescente,Nublado,Dupla,Reta,Sim,2,0,2,0,0,0,2,1,"-17,86184772","-41,51496291",SPRF-MG,DEL11-MG,UOP01-DEL11-MG
394130.0,2021-11-06,sábado,04:26:00,MG,146.0,"399,5",GUAXUPE,Animais na Pista,Saída de leito carroçável,Com Vítimas Feridas,Amanhecer,Decrescente,Céu Claro,Simples,Reta,Não,2,0,0,2,0,0,2,1,"-21,294502","-46,694449",SPRF-MG,DEL09-MG,UOP01-DEL09-MG
394133.0,2021-11-06,sábado,08:00:00,MG,365.0,"753,9",ITUIUTABA,Ausência de reação do condutor,Colisão transversal,Com Vítimas Feridas,Amanhecer,Crescente,Céu Claro,Simples,Não Informado,Sim,2,0,0,2,0,0,2,2,"-18,94957096","-49,46275237",SPRF-MG,DEL15-MG,UOP03-DEL15-MG
394162.0,2021-11-06,sábado,11:50:00,MG,365.0,"650,5",UBERLANDIA,Objeto estático sobre o leito carroçável,Tombamento,Com Vítimas Feridas,Pleno dia,Decrescente,Céu Claro,Dupla,Não Informado,Não,1,0,1,0,0,0,1,1,"-18,86933815","-48,55889003",SPRF-MG,DEL15-MG,UOP01-DEL15-MG
394192.0,2021-11-06,sábado,14:30:00,MG,381.0,481,BETIM,Ingestão de álcool pelo condutor,Colisão traseira,Com Vítimas Feridas,Pleno dia,Crescente,Céu Claro,Múltipla,Reta,Sim,2,0,1,0,1,0,1,2,"-19,95931561","-44,08825597",SPRF-MG,DEL01-MG,UOP03-DEL01-MG
394197.0,2021-11-06,sábado,14:15:00,MG,262.0,832,UBERABA,Reação tardia ou ineficiente do condutor,Tombamento,Com Vítimas Feridas,Pleno dia,Crescente,Céu Claro,Dupla,Não Informado,Não,1,0,0,1,0,0,1,1,"-19,74213602","-48,212724",SPRF-MG,DEL13-MG,UOP01-DEL13-MG
394199.0,2021-11-06,sábado,15:00:00,MG,365.0,386,PATOS DE MINAS,Acessar a via sem observar a presença dos outros veículos,Colisão transversal,Com Vítimas Feridas,Pleno dia,Crescente,Sol,Simples,Reta,Não,2,0,0,1,1,0,1,2,"-18,628","-46,306",SPRF-MG,DEL10-MG,UOP01-DEL10-MG
394200.0,2021-11-06,sábado,14:15:00,MG,354.0,"712,9",CAXAMBU,Ausência de reação do condutor,Saída de leito carroçável,Com Vítimas Feridas,Pleno dia,Decrescente,Céu Claro,Simples,Curva,Não,1,0,1,0,0,0,1,1,"-22,04873198","-44,92665648",SPRF-MG,DEL17-MG,UOP01-DEL17-MG
394226.0,2021-11-06,sábado,19:00:00,MG,262.0,364,JUATUBA,Velocidade Incompatível,Saída de leito carroçável,Com Vítimas Feridas,Plena Noite,Decrescente,Céu Claro,Dupla,Curva,Não,1,0,1,0,0,0,1,1,"-19,98290644","-44,24492623",SPRF-MG,DEL01-MG,UOP03-DEL01-MG
394232.0,2021-11-06,sábado,15:00:00,MG,116.0,"416,8",GOVERNADOR VALADARES,Desrespeitar a preferência no cruzamento,Colisão transversal,Com Vítimas Feridas,Pleno dia,Crescente,Sol,Simples,Curva,Sim,2,0,1,1,0,0,2,2,"-18,89215187","-41,94699543",SPRF-MG,DEL06-MG,UOP01-DEL06-MG
394234.0,2021-11-06,sábado,09:45:00,MG,262.0,876,CAMPO FLORIDO,Retorno proibido,Colisão lateral mesmo sentido,Sem Vítimas,Pleno dia,Crescente,Sol,Simples,Reta,Sim,2,0,0,0,2,0,0,2,"-19,78185033","-48,50810792",SPRF-MG,DEL13-MG,UOP01-DEL13-MG
394254.0,2021-11-06,sábado,20:20:00,MG,40.0,"40,9",PARACATU,Reação tardia ou ineficiente do condutor,Colisão traseira,Com Vítimas Feridas,Plena Noite,Decrescente,Céu Claro,Dupla,Reta,Sim,2,0,1,0,0,1,1,2,"-17,21013894","-46,88089301",SPRF-MG,DEL14-MG,UOP01-DEL14-MG
394278.0,2021-11-07,domingo,00:10:00,MG,50.0,"73,2",UBERLANDIA,Condutor deixou de manter distância do veículo da frente,Colisão traseira,Com Vítimas Feridas,Plena Noite,Crescente,Céu Claro,Dupla,Reta,Sim,2,0,1,0,1,0,1,2,"-18,90565719","-48,23113918",SPRF-MG,DEL15-MG,UOP01-DEL15-MG
394280.0,2021-11-06,sábado,23:50:00,MG,262.0,"456,1",NOVA SERRANA,Ultrapassagem Indevida,Colisão lateral sentido oposto,Com Vítimas Feridas,Plena Noite,Crescente,Vento,Simples,Reta,Não,2,0,1,0,0,1,1,2,"-19,84401343","-45,04068778",SPRF-MG,DEL08-MG,UOP03-DEL08-MG
394281.0,2021-11-07,domingo,00:10:00,MG,262.0,"412,3",IGARATINGA,Acessar a via sem observar a presença dos outros veículos,Colisão traseira,Com Vítimas Feridas,Plena Noite,Decrescente,Céu Claro,Múltipla,Retorno Regulamentado,Não,5,0,4,0,1,0,4,2,"-19,89051204","-44,64959297",SPRF-MG,DEL08-MG,UOP03-DEL08-MG
394295.0,2021-11-07,domingo,02:05:00,MG,381.0,"890,1",CAMBUI,Ingestão de álcool pelo condutor,Colisão traseira,Sem Vítimas,Plena Noite,Decrescente,Céu Claro,Dupla,Curva,Não,3,0,0,0,2,1,0,2,"-22,53872379","-46,03702832",SPRF-MG,DEL16-MG,UOP03-DEL16-MG
394326.0,2021-11-07,domingo,06:30:00,MG,365.0,626,UBERLANDIA,Ausência de reação do condutor,Tombamento,Com Vítimas Feridas,Pleno dia,Decrescente,Céu Claro,Dupla,Não Informado,Sim,1,0,1,0,0,0,1,1,"-18,90659356","-48,33469405",SPRF-MG,DEL15-MG,UOP01-DEL15-MG
394343.0,2021-11-07,domingo,08:30:00,MG,381.0,489,BETIM,Condutor Dormindo,Saída de leito carroçável,Sem Vítimas,Pleno dia,Crescente,Céu Claro,Dupla,Retorno Regulamentado,Sim,1,0,0,0,0,1,0,1,"-19,96245618","-44,16455495",SPRF-MG,DEL01-MG,UOP03-DEL01-MG
394354.0,2021-11-07,domingo,09:35:00,MG,365.0,"651,2",UBERLANDIA,Ausência de reação do condutor,Colisão com objeto,Com Vítimas Feridas,Pleno dia,Decrescente,Nublado,Dupla,Não Informado,Não,2,0,0,1,0,1,1,1,"-18,86755464","-48,56819793",SPRF-MG,DEL15-MG,UOP01-DEL15-MG
394365.0,2021-11-07,domingo,11:50:00,MG,262.0,353,BETIM,Velocidade Incompatível,Tombamento,Com Vítimas Feridas,Pleno dia,Crescente,Nublado,Simples,Curva,Sim,1,0,0,1,0,0,1,1,"-19,95947688","-44,15416308",SPRF-MG,DEL01-MG,UOP03-DEL01-MG
394374.0,2021-11-07,domingo,12:00:00,MG,267.0,"118,9",JUIZ DE FORA,Reação tardia ou ineficiente do condutor,Capotamento,Com Vítimas Feridas,Pleno dia,Crescente,Céu Claro,Dupla,Curva,Não,1,0,1,0,0,0,1,1,"-21,71110451","-43,44807355",SPRF-MG,DEL05-MG,UOP01-DEL05-MG
394397.0,2021-11-07,domingo,15:30:00,MG,381.0,"365,5",SAO GONCALO DO RIO ABAIXO,Velocidade Incompatível,Colisão frontal,Com Vítimas Feridas,Pleno dia,Crescente,Nublado,Simples,Curva,Não,3,0,1,2,0,0,3,2,"-19,854651","-43,261071",SPRF-MG,DEL03-MG,UOP01-DEL03-MG
394426.0,2021-11-07,domingo,17:45:00,MG,381.0,506,SAO JOAQUIM DE BICAS,Avarias e/ou desgaste excessivo no pneu,Queda de ocupante de veículo,Com Vítimas Feridas,Anoitecer,Crescente,Nublado,Múltipla,Reta,Sim,2,0,2,0,0,0,2,1,"-20,05039397","-44,27962502",SPRF-MG,DEL01-MG,UOP03-DEL01-MG
394473.0,2021-11-07,domingo,20:00:00,MG,40.0,551,NOVA LIMA,Reação tardia ou ineficiente do condutor,Saída de leito carroçável,Sem Vítimas,Plena Noite,Decrescente,Chuva,Dupla,Reta,Sim,3,0,0,0,0,3,0,1,"-20,01444685","-43,96893823",SPRF-MG,DEL01-MG,UOP02-DEL01-MG
394480.0,2021-11-07,domingo,16:20:00,MG,262.0,"447,5",NOVA SERRANA,Chuva,Colisão com objeto,Com Vítimas Feridas,Anoitecer,Decrescente,Chuva,Simples,Reta,Sim,7,0,4,0,3,0,4,2,"-19,87341662","-44,96007194",SPRF-MG,DEL08-MG,UOP03-DEL08-MG
394485.0,2021-11-07,domingo,21:40:00,MG,50.0,80,UBERLANDIA,Chuva,Queda de ocupante de veículo,Com Vítimas Feridas,Plena Noite,Decrescente,Chuva,Simples,Rotatória,Não,1,0,0,1,0,0,1,1,"-18,986906","-48,211853",SPRF-MG,DEL15-MG,UOP01-DEL15-MG
394513.0,2021-11-08,segunda-feira,06:20:00,MG,381.0,"482,9",BETIM,Velocidade Incompatível,Colisão traseira,Com Vítimas Feridas,Pleno dia,Decrescente,Céu Claro,Dupla,Reta,Sim,2,0,1,0,1,0,1,2,"-19,955532","-44,097209",SPRF-MG,DEL01-MG,UOP03-DEL01-MG
394514.0,2021-11-08,segunda-feira,04:30:00,MG,354.0,"773,6",ITAMONTE,Curva acentuada,Saída de leito carroçável,Com Vítimas Fatais,Amanhecer,Decrescente,Céu Claro,Simples,Curva,Não,1,1,0,0,0,0,0,1,"-22,37576213","-44,761809",SPRF-MG,DEL17-MG,UOP01-DEL17-MG
394518.0,2021-11-08,segunda-feira,06:10:00,MG,40.0,"739,2",SANTOS DUMONT,Velocidade Incompatível,Colisão com objeto,Sem Vítimas,Pleno dia,Crescente,Nublado,Simples,Curva,Não,1,0,0,0,1,0,0,1,"-21,394039","-43,56680295",SPRF-MG,DEL05-MG,UOP01-DEL05-MG
394535.0,2021-11-08,segunda-feira,06:50:00,MG,40.0,"548,7",NOVA LIMA,Reação tardia ou ineficiente do condutor,Colisão traseira,Com Vítimas Feridas,Pleno dia,Crescente,Nublado,Dupla,Não Informado,Sim,2,0,1,0,1,0,1,2,"-20,03136499","-43,96967792",SPRF-MG,DEL01-MG,UOP02-DEL01-MG
394539.0,2021-11-08,segunda-feira,08:50:00,MG,262.0,586,CAMPOS ALTOS,Velocidade Incompatível,Saída de leito carroçável,Com Vítimas Feridas,Pleno dia,Decrescente,Nublado,Simples,Curva,Não,1,0,0,1,0,0,1,1,"-19,66225488","-46,10030694",SPRF-MG,DEL08-MG,UOP02-DEL08-MG
394557.0,2021-11-08,segunda-feira,11:15:00,MG,381.0,"656,7",SANTO ANTONIO DO AMPARO,Velocidade Incompatível,Saída de leito carroçável,Com Vítimas Feridas,Pleno dia,Crescente,Sol,Dupla,Não Informado,Não,1,0,1,0,0,0,1,1,"-21,00645107","-44,97543296",SPRF-MG,DEL04-MG,UOP02-DEL04-MG
394606.0,2021-11-08,segunda-feira,15:30:00,MG,40.0,"500,9",ESMERALDAS,Chuva,Colisão com objeto,Sem Vítimas,Pleno dia,Decrescente,Chuva,Dupla,Desvio Temporário,Sim,1,0,0,0,1,0,0,1,"-19,70073502","-44,17382703",SPRF-MG,DEL02-MG,UOP01-DEL02-MG
394651.0,2021-11-08,segunda-feira,18:00:00,MG,40.0,247,SAO GONCALO DO ABAETE,Acostamento em desnível,Tombamento,Com Vítimas Feridas,Anoitecer,Decrescente,Nublado,Simples,Reta,Não,2,0,0,1,0,1,1,1,"-18,15557947","-45,42752649",SPRF-MG,DEL14-MG,UOP02-DEL14-MG
394680.0,2021-11-08,segunda-feira,22:30:00,MG,40.0,520,CONTAGEM,Acessar a via sem observar a presença dos outros veículos,Atropelamento de Pedestre,Com Vítimas Feridas,Plena Noite,Crescente,Nublado,Dupla,Não Informado,Sim,2,0,1,1,0,0,2,1,"-19,84761911","-44,07276144",SPRF-MG,DEL01-MG,UOP02-DEL01-MG
394711.0,2021-11-09,terça-feira,05:50:00,MG,381.0,498,BETIM,Velocidade Incompatível,Saída de leito carroçável,Sem Vítimas,Amanhecer,Decrescente,Chuva,Simples,Curva,Não,1,0,0,0,0,1,0,1,"-20,01172662","-44,21976041",SPRF-MG,DEL01-MG,UOP03-DEL01-MG
394712.0,2021-11-09,terça-feira,06:10:00,MG,381.0,483,BETIM,Ausência de reação do condutor,Queda de ocupante de veículo,Com Vítimas Feridas,Pleno dia,Decrescente,Nublado,Dupla,Não Informado,Sim,3,0,2,0,1,0,2,2,"-19,95594491","-44,10721699",SPRF-MG,DEL01-MG,UOP03-DEL01-MG
394730.0,2021-11-09,terça-feira,07:50:00,MG,354.0,"751,6",ITAMONTE,Velocidade Incompatível,Saída de leito carroçável,Com Vítimas Feridas,Pleno dia,Crescente,Céu Claro,Simples,Curva,Não,1,0,0,1,0,0,1,1,"-22,26880748","-44,88088176",SPRF-MG,DEL17-MG,UOP01-DEL17-MG
394731.0,2021-11-09,terça-feira,07:30:00,MG,381.0,488,BETIM,Manobra de mudança de faixa,Colisão lateral mesmo sentido,Com Vítimas Feridas,Pleno dia,Decrescente,Céu Claro,Dupla,Reta,Não,3,0,1,1,1,0,2,3,"-19,9598656","-44,15489715",SPRF-MG,DEL01-MG,UOP03-DEL01-MG
394743.0,2021-11-09,terça-feira,09:45:00,MG,40.0,"488,8",ESMERALDAS,Demais falhas mecânicas ou elétricas,Saída de leito carroçável,Com Vítimas Feridas,Pleno dia,Crescente,Nublado,Dupla,Não Informado,Não,1,0,0,1,0,0,1,1,"-19,61264","-44,21704",SPRF-MG,DEL02-MG,UOP01-DEL02-MG
394768.0,2021-11-09,terça-feira,10:00:00,MG,262.0,"446,4",NOVA SERRANA,Manobra de mudança de faixa,Colisão lateral mesmo sentido,Com Vítimas Feridas,Pleno dia,Crescente,Sol,Simples,Reta,Sim,2,0,0,1,1,0,1,2,"-19,87514825","-44,95031205",SPRF-MG,DEL08-MG,UOP03-DEL08-MG
394771.0,2021-10-08,sexta-feira,08:40:00,MG,116.0,"535,1",SANTA RITA DE MINAS,Ausência de reação do condutor,Tombamento,Com Vítimas Feridas,Pleno dia,Decrescente,Nublado,Simples,Curva,Não,2,0,1,0,0,1,1,1,"-19,85292504","-42,14058636",SPRF-MG,DEL06-MG,UOP02-DEL06-MG
394777.0,2021-11-09,terça-feira,14:30:00,MG,262.0,"796,5",UBERABA,Condutor deixou de manter distância do veículo da frente,Colisão traseira,Com Vítimas Feridas,Pleno dia,Decrescente,Céu Claro,Simples,Reta,Não,5,0,4,1,0,0,5,2,"-19,762726","-47,855134",SPRF-MG,DEL13-MG,UOP01-DEL13-MG
394784.0,2021-11-09,terça-feira,15:30:00,MG,262.0,"866,9",CAMPO FLORIDO,Ausência de reação do condutor,Saída de leito carroçável,Sem Vítimas,Pleno dia,Decrescente,Céu Claro,Simples,Reta,Não,2,0,0,0,2,0,0,1,"-19,78510165","-48,44068087",SPRF-MG,DEL13-MG,UOP01-DEL13-MG
394793.0,2021-11-09,terça-feira,15:30:00,MG,365.0,677,MONTE ALEGRE DE MINAS,Avarias e/ou desgaste excessivo no pneu,Tombamento,Com Vítimas Feridas,Pleno dia,Crescente,Céu Claro,Dupla,Reta,Não,1,0,1,0,0,0,1,1,"-18,85178767","-48,79093697",SPRF-MG,DEL15-MG,UOP01-DEL15-MG
394829.0,2021-11-09,terça-feira,19:15:00,MG,381.0,"897,4",CAMBUI,Acessar a via sem observar a presença dos outros veículos,Queda de ocupante de veículo,Com Vítimas Fatais,Plena Noite,Decrescente,Céu Claro,Dupla,Reta,Não,1,1,0,0,0,0,0,1,"-22,60415159","-46,05915254",SPRF-MG,DEL16-MG,UOP03-DEL16-MG
394850.0,2021-11-09,terça-feira,20:50:00,MG,381.0,510,SAO JOAQUIM DE BICAS,Acessar a via sem observar a presença dos outros veículos,Colisão transversal,Com Vítimas Feridas,Plena Noite,Crescente,Céu Claro,Dupla,Não Informado,Sim,2,0,0,1,1,0,1,2,"-20,07738209","-44,30434488",SPRF-MG,DEL01-MG,UOP03-DEL01-MG
394871.0,2021-11-10,quarta-feira,00:25:00,MG,381.0,"490,1",BETIM,Reação tardia ou ineficiente do condutor,Queda de ocupante de veículo,Com Vítimas Feridas,Plena Noite,Crescente,Ignorado,Dupla,Reta,Não,1,0,1,0,0,0,1,1,"-19,96502819","-44,17422195",SPRF-MG,DEL01-MG,UOP03-DEL01-MG
394874.0,2021-11-10,quarta-feira,05:55:00,MG,381.0,646,SANTO ANTONIO DO AMPARO,Condutor Dormindo,Saída de leito carroçável,Com Vítimas Feridas,Amanhecer,Decrescente,Ignorado,Dupla,Reta,Não,1,0,1,0,0,0,1,1,"-20,95720609","-44,90296563",SPRF-MG,DEL04-MG,UOP02-DEL04-MG
394878.0,2021-11-09,terça-feira,18:25:00,MG,381.0,"480,1",CONTAGEM,Manobra de mudança de faixa,Tombamento,Com Vítimas Feridas,Pleno dia,Crescente,Céu Claro,Múltipla,Reta,Sim,1,0,0,1,0,0,1,1,"-19,95749597","-44,07899901",SPRF-MG,DEL01-MG,UOP03-DEL01-MG
394890.0,2021-11-10,quarta-feira,08:15:00,MG,146.0,"481,4",POCOS DE CALDAS,Mal súbito do condutor,Saída de leito carroçável,Com Vítimas Feridas,Pleno dia,Decrescente,Céu Claro,Simples,Reta,Não,2,0,0,1,0,1,1,1,"-21,766942","-46,420006",SPRF-MG,DEL09-MG,UOP01-DEL09-MG
394923.0,2021-10-16,sábado,16:45:00,MG,40.0,"645,4",CRISTIANO OTONI,Acessar a via sem observar a presença dos outros veículos,Colisão transversal,Com Vítimas Feridas,Pleno dia,Decrescente,Nublado,Simples,Não Informado,Não,5,0,3,0,2,0,3,2,"-20,78897452","-43,8108221",SPRF-MG,DEL05-MG,UOP02-DEL05-MG
394947.0,2021-11-10,quarta-feira,14:50:00,MG,381.0,"498,9",BETIM,Reação tardia ou ineficiente do condutor,Tombamento,Com Vítimas Feridas,Pleno dia,Crescente,Nublado,Dupla,Reta,Sim,1,0,1,0,0,0,1,1,"-19,99092432","-44,20705687",SPRF-MG,DEL01-MG,UOP03-DEL01-MG
394979.0,2021-11-10,quarta-feira,18:15:00,MG,116.0,416,GOVERNADOR VALADARES,Pista esburacada,Tombamento,Com Vítimas Feridas,Anoitecer,Decrescente,Nublado,Simples,Reta,Sim,1,0,1,0,0,0,1,1,"-18,89227889","-41,94687366",SPRF-MG,DEL06-MG,UOP01-DEL06-MG
394991.0,2021-11-10,quarta-feira,11:10:00,MG,153.0,8,ARAPORA,Ausência de reação do condutor,Saída de leito carroçável,Com Vítimas Feridas,Pleno dia,Decrescente,Céu Claro,Dupla,Reta,Não,1,0,1,0,0,0,1,1,"-18,48778001","-49,18862284",SPRF-MG,DEL15-MG,UOP03-DEL15-MG
395004.0,2021-11-10,quarta-feira,18:30:00,MG,381.0,430,SABARA,Reação tardia ou ineficiente do condutor,Saída de leito carroçável,Com Vítimas Feridas,Anoitecer,Crescente,Nublado,Simples,Curva,Não,1,0,1,0,0,0,1,1,"-19,78496805","-43,72311799",SPRF-MG,DEL01-MG,UOP01-DEL01-MG
395008.0,2021-11-10,quarta-feira,19:00:00,MG,116.0,"542,7",SANTA RITA DE MINAS,Transitar no acostamento,Tombamento,Com Vítimas Fatais,Anoitecer,Crescente,Nublado,Simples,Curva,Não,1,1,0,0,0,0,0,1,"-19,90319206","-42,13408157",SPRF-MG,DEL06-MG,UOP02-DEL06-MG
395011.0,2021-11-10,quarta-feira,18:30:00,MG,116.0,619,ORIZANIA,Acessar a via sem observar a presença dos outros veículos,Colisão transversal,Com Vítimas Feridas,Plena Noite,Decrescente,Céu Claro,Simples,Reta,Não,3,0,1,2,0,0,3,2,"-20,4851753","-42,18307972",SPRF-MG,DEL07-MG,UOP03-DEL07-MG
395028.0,2021-11-10,quarta-feira,12:15:00,MG,50.0,150,UBERABA,Ausência de reação do condutor,Saída de leito carroçável,Com Vítimas Feridas,Pleno dia,Crescente,Céu Claro,Dupla,Reta,Não,1,0,1,0,0,0,1,1,"-19,56472304","-48,03358933",SPRF-MG,DEL13-MG,UOP01-DEL13-MG
395064.0,2021-11-11,quinta-feira,07:40:00,MG,40.0,"468,5",SETE LAGOAS,Acumulo de água sobre o pavimento,Saída de leito carroçável,Com Vítimas Feridas,Amanhecer,Decrescente,Chuva,Dupla,Curva,Não,1,0,1,0,0,0,1,1,"-19,45630182","-44,30941888",SPRF-MG,DEL02-MG,UOP01-DEL02-MG
395072.0,2021-11-11,quinta-feira,05:50:00,MG,365.0,538,ROMARIA,Velocidade Incompatível,Saída de leito carroçável,Com Vítimas Feridas,Amanhecer,Crescente,Chuva,Simples,Curva,Não,3,0,3,0,0,0,3,1,"-18,93113188","-47,55758286",SPRF-MG,DEL10-MG,UOP01-DEL10-MG
395103.0,2021-11-11,quinta-feira,10:40:00,MG,267.0,28,ARGIRITA,Pista Escorregadia,Colisão frontal,Com Vítimas Feridas,Pleno dia,Crescente,Garoa/Chuvisco,Simples,Curva,Não,5,0,3,1,1,0,4,2,"-21,62799078","-42,83040926",SPRF-MG,DEL07-MG,UOP01-DEL07-MG
395110.0,2021-11-11,quinta-feira,12:02:00,MG,116.0,"523,8",CARATINGA,Conversão proibida,Colisão lateral mesmo sentido,Com Vítimas Feridas,Pleno dia,Decrescente,Nublado,Simples,Reta,Sim,3,0,1,1,1,0,2,2,"-19,75187896","-42,1326603",SPRF-MG,DEL06-MG,UOP02-DEL06-MG
395111.0,2021-11-11,quinta-feira,12:05:00,MG,381.0,925,ITAPEVA,Velocidade Incompatível,Colisão com objeto,Com Vítimas Feridas,Pleno dia,Crescente,Chuva,Dupla,Curva,Não,2,0,1,0,1,0,1,1,"-22,777207","-46,23911301",SPRF-MG,DEL16-MG,UOP03-DEL16-MG
395115.0,2021-11-11,quinta-feira,13:30:00,MG,381.0,"501,9",BETIM,Reação tardia ou ineficiente do condutor,Colisão com objeto,Com Vítimas Feridas,Pleno dia,Crescente,Garoa/Chuvisco,Dupla,Reta,Não,2,0,1,0,1,0,1,2,"-20,03146447","-44,2377893",SPRF-MG,DEL01-MG,UOP03-DEL01-MG
395129.0,2021-11-11,quinta-feira,10:15:00,MG,356.0,"279,5",PATROCINIO DO MURIAE,Velocidade Incompatível,Capotamento,Com Vítimas Feridas,Pleno dia,Decrescente,Chuva,Simples,Curva,Não,2,0,2,0,0,0,2,1,"-21,12514202","-42,254502",SPRF-MG,DEL07-MG,UOP02-DEL07-MG
395133.0,2021-11-11,quinta-feira,12:10:00,MG,40.0,"602,2",CONGONHAS,Demais falhas mecânicas ou elétricas,Eventos atípicos,Com Vítimas Feridas,Pleno dia,Crescente,Céu Claro,Simples,Reta,Sim,1,0,1,0,0,0,1,1,"-20,43679609","-43,84638106",SPRF-MG,DEL05-MG,UOP02-DEL05-MG
395134.0,2021-11-11,quinta-feira,14:26:00,MG,40.0,509,RIBEIRAO DAS NEVES,Ausência de reação do condutor,Saída de leito carroçável,Com Vítimas Feridas,Pleno dia,Decrescente,Chuva,Dupla,Reta,Sim,1,0,1,0,0,0,1,1,"-19,76728744","-44,12855905",SPRF-MG,DEL01-MG,UOP02-DEL01-MG
395135.0,2021-11-11,quinta-feira,14:55:00,MG,40.0,"741,4",SANTOS DUMONT,Acumulo de água sobre o pavimento,Saída de leito carroçável,Com Vítimas Feridas,Pleno dia,Decrescente,Chuva,Simples,Não Informado,Não,2,0,1,0,1,0,1,1,"-21,40505399","-43,56732403",SPRF-MG,DEL05-MG,UOP01-DEL05-MG
395140.0,2021-11-11,quinta-feira,15:00:00,MG,262.0,"380,1",JUATUBA,Velocidade Incompatível,Saída de leito carroçável,Com Vítimas Feridas,Pleno dia,Crescente,Chuva,Dupla,Curva,Não,2,0,2,0,0,0,2,1,"-19,947864","-44,381226",SPRF-MG,DEL01-MG,UOP03-DEL01-MG
395143.0,2021-11-11,quinta-feira,14:00:00,MG,251.0,"457,1",GRAO MOGOL,Pista Escorregadia,Saída de leito carroçável,Com Vítimas Feridas,Pleno dia,Crescente,Garoa/Chuvisco,Simples,Curva,Não,2,0,2,0,0,0,2,1,"-16,41786952","-43,35991682",SPRF-MG,DEL12-MG,UOP01-DEL12-MG
395144.0,2021-11-11,quinta-feira,16:00:00,MG,262.0,381,JUATUBA,Velocidade Incompatível,Colisão com objeto,Com Vítimas Feridas,Pleno dia,Decrescente,Chuva,Dupla,Não Informado,Não,1,0,1,0,0,0,1,1,"-19,93430059","-44,39334869",SPRF-MG,DEL01-MG,UOP03-DEL01-MG
395149.0,2021-11-11,quinta-feira,15:25:00,MG,40.0,"653,2",CRISTIANO OTONI,Acumulo de água sobre o pavimento,Colisão frontal,Com Vítimas Fatais,Pleno dia,Decrescente,Chuva,Simples,Reta,Não,4,1,1,1,1,0,2,2,"-20,84938602","-43,79880593",SPRF-MG,DEL05-MG,UOP02-DEL05-MG
395160.0,2021-11-11,quinta-feira,07:45:00,MG,153.0,3,ARAPORA,Ausência de reação do condutor,Saída de leito carroçável,Com Vítimas Feridas,Amanhecer,Decrescente,Chuva,Dupla,Curva,Não,1,0,0,1,0,0,1,1,"-18,44267098","-49,18831685",SPRF-MG,DEL15-MG,UOP03-DEL15-MG
395186.0,2021-11-11,quinta-feira,16:50:00,MG,356.0,"267,5",MURIAE,Acessar a via sem observar a presença dos outros veículos,Colisão transversal,Com Vítimas Feridas,Pleno dia,Decrescente,Chuva,Simples,Não Informado,Sim,3,0,0,1,2,0,1,2,"-21,12531296","-42,35445326",SPRF-MG,DEL07-MG,UOP02-DEL07-MG