id,data_inversa,dia_semana,horario,uf,br,km,municipio,causa_acidente,tipo_acidente,classificacao_acidente,fase_dia,sentido_via,condicao_metereologica,tipo_pista,tracado_via,uso_solo,pessoas,mortos,feridos_leves,feridos_graves,ilesos,ignorados,feridos,veiculos,latitude,longitude,regional,delegacia,uop
395207.0,2021-11-11,quinta-feira,14:40:00,MG,40.0,656,CRISTIANO OTONI,Velocidade Incompatível,Saída de leito carroçável,Com Vítimas Feridas,Pleno dia,Decrescente,Chuva,Dupla,Curva,Não,4,0,3,0,1,0,3,1,"-20,87261896","-43,79985605",SPRF-MG,DEL05-MG,UOP02-DEL05-MG
395228.0,2021-11-12,sexta-feira,05:00:00,MG,40.0,"544,5",BELO HORIZONTE,Avarias e/ou desgaste excessivo no pneu,Saída de leito carroçável,Com Vítimas Feridas,Plena Noite,Crescente,Chuva,Dupla,Curva,Sim,1,0,1,0,0,0,1,1,"-20,00670404","-43,96418668",SPRF-MG,DEL01-MG,UOP02-DEL01-MG
395233.0,2021-11-12,sexta-feira,05:00:00,MG,365.0,626,UBERLANDIA,Reação tardia ou ineficiente do condutor,Tombamento,Sem Vítimas,Amanhecer,Decrescente,Nevoeiro/Neblina,Dupla,Reta,Sim,1,0,0,0,1,0,0,1,"-18,90049028","-48,36226204",SPRF-MG,DEL15-MG,UOP01-DEL15-MG
395235.0,2021-11-12,sexta-feira,05:40:00,MG,262.0,356,BETIM,Chuva,Saída de leito carroçável,Sem Vítimas,Amanhecer,Decrescente,Chuva,Dupla,Reta,Sim,1,0,0,0,0,1,0,1,"-19,96890716","-44,18104581",SPRF-MG,DEL01-MG,UOP03-DEL01-MG
395239.0,2021-11-12,sexta-feira,03:00:00,MG,381.0,"644,1",SANTO ANTONIO DO AMPARO,Mal súbito do condutor,Capotamento,Com Vítimas Fatais,Plena Noite,Decrescente,Chuva,Dupla,Reta,Não,1,1,0,0,0,0,0,1,"-20,94919537","-44,8872138",SPRF-MG,DEL04-MG,UOP02-DEL04-MG
395268.0,2021-11-12,sexta-feira,08:00:00,MG,381.0,"521,5",BRUMADINHO,Avarias e/ou desgaste excessivo no pneu,Saída de leito carroçável,Com Vítimas Feridas,Pleno dia,Crescente,Chuva,Dupla,Não Informado,Não,3,0,3,0,0,0,3,1,"-20,13846621","-44,31715274",SPRF-MG,DEL04-MG,UOP03-DEL04-MG
395272.0,2021-11-12,sexta-feira,07:15:00,MG,267.0,"81,7",JUIZ DE FORA,Velocidade Incompatível,Saída de leito carroçável,Com Vítimas Feridas,Pleno dia,Crescente,Chuva,Simples,Não Informado,Não,18,0,5,13,0,0,18,1,"-21,76012664","-43,21968811",SPRF-MG,DEL05-MG,UOP01-DEL05-MG
395289.0,2021-11-12,sexta-feira,09:30:00,MG,50.0,172,UBERABA,Condutor deixou de manter distância do veículo da frente,Colisão traseira,Com Vítimas Feridas,Pleno dia,Crescente,Nublado,Dupla,Reta,Não,3,0,2,0,1,0,2,2,"-19,75402507","-47,98051917",SPRF-MG,DEL13-MG,UOP01-DEL13-MG
395305.0,2021-11-12,sexta-feira,13:00:00,MG,381.0,906,CAMBUI,Reação tardia ou ineficiente do condutor,Saída de leito carroçável,Com Vítimas Feridas,Pleno dia,Crescente,Nublado,Múltipla,Não Informado,Não,2,0,1,0,0,1,1,1,"-22,664911","-46,0926",SPRF-MG,DEL16-MG,UOP03-DEL16-MG
395308.0,2021-11-12,sexta-feira,12:05:00,MG,40.0,"738,5",SANTOS DUMONT,Chuva,Colisão com objeto,Com Vítimas Feridas,Pleno dia,Crescente,Chuva,Dupla,Curva,Não,1,0,1,0,0,0,1,1,"-21,38880304","-43,56910622",SPRF-MG,DEL05-MG,UOP01-DEL05-MG
395311.0,2021-10-31,domingo,15:23:00,MG,381.0,913,CAMANDUCAIA,Velocidade Incompatível,Saída de leito carroçável,Com Vítimas Feridas,Pleno dia,Decrescente,Chuva,Dupla,Curva,Não,5,0,0,1,4,0,1,1,"-22,73923886","-46,13525033",SPRF-MG,DEL16-MG,UOP03-DEL16-MG
395339.0,2021-11-12,sexta-feira,15:30:00,MG,40.0,"549,5",NOVA LIMA,Reação tardia ou ineficiente do condutor,Engavetamento,Com Vítimas Feridas,Pleno dia,Decrescente,Garoa/Chuvisco,Dupla,Curva,Não,3,0,1,0,2,0,1,3,"-20,03972326","-43,96703232",SPRF-MG,DEL01-MG,UOP02-DEL01-MG
395344.0,2021-11-12,sexta-feira,15:30:00,MG,116.0,"526,6",CARATINGA,Transitar no acostamento,Colisão transversal,Com Vítimas Feridas,Pleno dia,Crescente,Chuva,Simples,Interseção de vias,Não,2,0,1,0,1,0,1,2,"-19,77654011","-42,13327989",SPRF-MG,DEL06-MG,UOP02-DEL06-MG
395361.0,2021-11-12,sexta-feira,16:15:00,MG,262.0,379,JUATUBA,Avarias e/ou desgaste excessivo no pneu,Saída de leito carroçável,Com Vítimas Feridas,Pleno dia,Crescente,Nublado,Dupla,Curva,Não,2,0,2,0,0,0,2,1,"-19,95241506","-44,37342001",SPRF-MG,DEL01-MG,UOP03-DEL01-MG
395373.0,2021-11-12,sexta-feira,18:05:00,MG,40.0,"757,6",EWBANK DA CAMARA,Entrada inopinada do pedestre,Atropelamento de Pedestre,Com Vítimas Feridas,Plena Noite,Decrescente,Nublado,Simples,Reta,Sim,2,0,0,1,1,0,1,1,"-21,50323045","-43,53179519",SPRF-MG,DEL05-MG,UOP01-DEL05-MG
395375.0,2021-11-12,sexta-feira,17:30:00,MG,267.0,"85,7",JUIZ DE FORA,Ingestão de álcool pelo condutor,Colisão traseira,Sem Vítimas,Anoitecer,Crescente,Chuva,Simples,Curva,Não,2,0,0,0,2,0,0,2,"-21,76198367","-43,25075184",SPRF-MG,DEL05-MG,UOP01-DEL05-MG
395401.0,2021-11-12,sexta-feira,18:25:00,MG,40.0,521,CONTAGEM,Reação tardia ou ineficiente do condutor,Tombamento,Com Vítimas Feridas,Plena Noite,Decrescente,Céu Claro,Dupla,Reta,Não,1,0,1,0,0,0,1,1,"-19,85651501","-44,07213222",SPRF-MG,DEL01-MG,UOP02-DEL01-MG
395421.0,2021-11-12,sexta-feira,21:10:00,MG,262.0,"55,8",MANHUACU,Ingestão de álcool e/ou substâncias psicoativas pelo pedestre,Tombamento,Com Vítimas Feridas,Plena Noite,Crescente,Nublado,Simples,Não Informado,Não,1,0,1,0,0,0,1,1,"-20,26638115","-42,18214384",SPRF-MG,DEL06-MG,UOP04-DEL06-MG
395437.0,2021-11-12,sexta-feira,22:10:00,MG,40.0,"574,7",NOVA LIMA,Acessar a via sem observar a presença dos outros veículos,Atropelamento de Pedestre,Com Vítimas Feridas,Plena Noite,Crescente,Chuva,Simples,Reta,Sim,2,0,0,1,1,0,1,1,"-20,25642982","-43,96109462",SPRF-MG,DEL01-MG,UOP02-DEL01-MG
395438.0,2021-11-12,sexta-feira,21:40:00,MG,381.0,512,IGARAPE,Velocidade Incompatível,Tombamento,Com Vítimas Feridas,Plena Noite,Crescente,Céu Claro,Simples,Reta,Não,2,0,1,0,1,0,1,2,"-20,09239724","-44,31458341",SPRF-MG,DEL01-MG,UOP03-DEL01-MG
395447.0,2021-11-12,sexta-feira,22:30:00,MG,116.0,"529,2",CARATINGA,Velocidade Incompatível,Colisão lateral mesmo sentido,Com Vítimas Feridas,Plena Noite,Crescente,Nublado,Dupla,Curva,Sim,3,0,1,0,2,0,1,3,"-19,80209596","-42,13678193",SPRF-MG,DEL06-MG,UOP02-DEL06-MG
395460.0,2021-11-12,sexta-feira,16:30:00,MG,116.0,"222,7",TEOFILO OTONI,Velocidade Incompatível,Saída de leito carroçável,Com Vítimas Feridas,Pleno dia,Crescente,Chuva,Simples,Curva,Não,2,0,2,0,0,0,2,1,"-17,429004","-41,515273",SPRF-MG,DEL11-MG,UOP01-DEL11-MG
395477.0,2021-11-13,sábado,04:28:00,MG,262.0,"121,5",RIO CASCA,Acessar a via sem observar a presença dos outros veículos,Colisão transversal,Sem Vítimas,Amanhecer,Crescente,Nublado,Simples,Não Informado,Não,2,0,0,0,1,1,0,2,"-20,21069651","-42,66044855",SPRF-MG,DEL03-MG,UOP03-DEL03-MG
395501.0,2021-11-12,sexta-feira,18:30:00,MG,40.0,"28,9",PARACATU,Ultrapassagem Indevida,Colisão frontal,Com Vítimas Fatais,Anoitecer,Decrescente,Nublado,Simples,Reta,Não,7,1,3,3,0,0,6,2,"-17,14331029","-46,94988306",SPRF-MG,DEL14-MG,UOP01-DEL14-MG
395502.0,2021-11-13,sábado,06:30:00,MG,356.0,"279,6",EUGENOPOLIS,Velocidade Incompatível,Saída de leito carroçável,Com Vítimas Feridas,Amanhecer,Decrescente,Nublado,Simples,Curva,Não,2,0,1,0,1,0,1,1,"-21,12569185","-42,25550305",SPRF-MG,DEL07-MG,UOP02-DEL07-MG
395517.0,2021-04-15,quinta-feira,17:10:00,MG,251.0,397,GRAO MOGOL,Acessar a via sem observar a presença dos outros veículos,Queda de ocupante de veículo,Sem Vítimas,Pleno dia,Crescente,Céu Claro,Simples,Reta,Não,2,0,0,0,1,1,0,2,"-16,2155625","-42,86732934",SPRF-MG,DEL12-MG,UOP01-DEL12-MG
395519.0,2021-11-12,sexta-feira,13:20:00,MG,381.0,677,PERDOES,Transitar na contramão,Colisão frontal,Com Vítimas Feridas,Pleno dia,Decrescente,Nublado,Simples,Retorno Regulamentado,Sim,2,0,2,0,0,0,2,2,"-21,10628144","-45,09029388",SPRF-MG,DEL04-MG,UOP02-DEL04-MG
395524.0,2021-11-13,sábado,08:45:00,MG,40.0,508,RIBEIRAO DAS NEVES,Reação tardia ou ineficiente do condutor,Colisão traseira,Com Vítimas Feridas,Pleno dia,Decrescente,Nublado,Dupla,Reta,Sim,2,0,1,0,1,0,1,2,"-19,76042","-44,13494",SPRF-MG,DEL02-MG,UOP01-DEL02-MG
395531.0,2021-11-13,sábado,09:45:00,MG,50.0,"45,1",ARAGUARI,Acostamento em desnível,Tombamento,Com Vítimas Feridas,Pleno dia,Crescente,Nublado,Dupla,Não Informado,Não,1,0,0,1,0,0,1,1,"-18,71289097","-48,19662304",SPRF-MG,DEL15-MG,UOP02-DEL15-MG
395533.0,2021-11-13,sábado,10:00:00,MG,381.0,484,BETIM,Condutor deixou de manter distância do veículo da frente,Colisão traseira,Com Vítimas Feridas,Pleno dia,Decrescente,Nublado,Dupla,Não Informado,Sim,2,0,1,0,1,0,1,2,"-19,95531717","-44,11722196",SPRF-MG,DEL01-MG,UOP03-DEL01-MG
395537.0,2021-11-13,sábado,10:05:00,MG,50.0,"45,1",ARAGUARI,Ausência de reação do condutor,Tombamento,Com Vítimas Feridas,Pleno dia,Crescente,Céu Claro,Dupla,Reta,Não,1,0,1,0,0,0,1,1,"-18,71289097","-48,19662304",SPRF-MG,DEL15-MG,UOP02-DEL15-MG
395550.0,2021-11-13,sábado,10:35:00,MG,50.0,61,UBERLANDIA,Velocidade Incompatível,Saída de leito carroçável,Sem Vítimas,Pleno dia,Decrescente,Nublado,Dupla,Não Informado,Não,1,0,0,0,0,1,0,1,"-18,81603099","-48,25003475",SPRF-MG,DEL15-MG,UOP02-DEL15-MG
395576.0,2021-10-12,terça-feira,09:15:00,MG,365.0,"699,2",MONTE ALEGRE DE MINAS,Velocidade Incompatível,Saída de leito carroçável,Com Vítimas Feridas,Pleno dia,Crescente,Sol,Dupla,Curva,Não,3,0,0,1,0,2,1,1,"-18,87979021","-48,98864599",SPRF-MG,DEL15-MG,UOP03-DEL15-MG
395583.0,2021-11-13,sábado,10:00:00,MG,459.0,"85,6",CONGONHAL,Velocidade Incompatível,Colisão transversal,Com Vítimas Feridas,Pleno dia,Crescente,Nublado,Simples,Não Informado,Sim,2,0,0,1,1,0,1,2,"-22,14997982","-46,02700802",SPRF-MG,DEL09-MG,UOP01-DEL09-MG
395584.0,2021-11-13,sábado,12:40:00,MG,146.0,487,POCOS DE CALDAS,Condutor Dormindo,Colisão com objeto,Sem Vítimas,Pleno dia,Crescente,Céu Claro,Simples,Curva,Não,1,0,0,0,1,0,0,1,"-21,79839542","-46,44538879",SPRF-MG,DEL09-MG,UOP01-DEL09-MG
395586.0,2021-11-13,sábado,10:40:00,MG,365.0,475,PATROCINIO,Objeto estático sobre o leito carroçável,Saída de leito carroçável,Com Vítimas Feridas,Pleno dia,Crescente,Nublado,Simples,Curva,Sim,2,0,2,0,0,0,2,1,"-18,921","-47,022",SPRF-MG,DEL10-MG,UOP01-DEL10-MG
395592.0,2021-11-13,sábado,09:50:00,MG,251.0,445,GRAO MOGOL,Pista Escorregadia,Saída de leito carroçável,Com Vítimas Feridas,Pleno dia,Crescente,Chuva,Simples,Curva,Não,4,0,1,0,3,0,1,1,"-16,42541501","-43,26662199",SPRF-MG,DEL12-MG,UOP01-DEL12-MG
395609.0,2021-11-13,sábado,14:15:00,MG,50.0,"102,5",UBERABA,Ingestão de álcool pelo condutor,Saída de leito carroçável,Com Vítimas Feridas,Pleno dia,Crescente,Céu Claro,Dupla,Não Informado,Não,3,0,3,0,0,0,3,1,"-19,15357015","-48,16546551",SPRF-MG,DEL13-MG,UOP01-DEL13-MG
395625.0,2021-11-13,sábado,17:12:00,MG,50.0,68,UBERLANDIA,Reação tardia ou ineficiente do condutor,Colisão traseira,Sem Vítimas,Pleno dia,Decrescente,Céu Claro,Dupla,Reta,Sim,2,0,0,0,2,0,0,2,"-18,85140204","-48,25345932",SPRF-MG,DEL15-MG,UOP02-DEL15-MG
395659.0,2021-11-13,sábado,19:50:00,MG,40.0,756,SANTOS DUMONT,Ingestão de álcool pelo condutor,Colisão com objeto,Com Vítimas Feridas,Plena Noite,Crescente,Céu Claro,Simples,Reta,Não,1,0,1,0,0,0,1,1,"-21,49531809","-43,53514132",SPRF-MG,DEL05-MG,UOP01-DEL05-MG
395675.0,2021-11-13,sábado,17:45:00,MG,381.0,187,PERIQUITO,Transitar na contramão,Colisão lateral sentido oposto,Com Vítimas Feridas,Pleno dia,Crescente,Céu Claro,Simples,Reta,Não,4,0,4,0,0,0,4,2,"-19,08514282","-42,18687937",SPRF-MG,DEL06-MG,UOP01-DEL06-MG
395680.0,2021-11-13,sábado,21:30:00,MG,381.0,423,CAETE,Demais falhas mecânicas ou elétricas,Incêndio,Sem Vítimas,Plena Noite,Decrescente,Céu Claro,Dupla,Reta,Não,1,0,0,0,1,0,0,1,"-19,78973406","-43,67222724",SPRF-MG,DEL01-MG,UOP01-DEL01-MG
395687.0,2021-11-13,sábado,23:00:00,MG,40.0,562,NOVA LIMA,Condutor Dormindo,Colisão com objeto,Com Vítimas Feridas,Plena Noite,Crescente,Céu Claro,Dupla,Curva,Sim,1,0,1,0,0,0,1,1,"-20,14451602","-43,95966007",SPRF-MG,DEL01-MG,UOP02-DEL01-MG
395702.0,2021-11-14,domingo,00:10:00,MG,381.0,492,BETIM,Ingestão de álcool pelo condutor,Saída de leito carroçável,Com Vítimas Feridas,Plena Noite,Decrescente,Céu Claro,Múltipla,Reta,Sim,2,0,1,0,1,0,1,1,"-19,97490091","-44,19004301",SPRF-MG,DEL01-MG,UOP03-DEL01-MG
395705.0,2021-11-14,domingo,00:20:00,MG,116.0,"413,9",GOVERNADOR VALADARES,Ultrapassagem Indevida,Tombamento,Com Vítimas Feridas,Plena Noite,Crescente,Nublado,Simples,Não Informado,Sim,3,0,0,2,1,0,2,2,"-18,873907","-41,966366",SPRF-MG,DEL06-MG,UOP01-DEL06-MG
395706.0,2021-11-14,domingo,01:50:00,MG,40.0,"621,7",CONSELHEIRO LAFAIETE,Demais falhas mecânicas ou elétricas,Incêndio,Sem Vítimas,Plena Noite,Decrescente,Nublado,Simples,Reta,Sim,46,0,0,0,46,0,0,1,"-20,58556107","-43,80743334",SPRF-MG,DEL05-MG,UOP02-DEL05-MG
395707.0,2021-11-14,domingo,01:50:00,MG,381.0,489,BETIM,Ausência de reação do condutor,Colisão com objeto,Com Vítimas Feridas,Plena Noite,Crescente,Céu Claro,Dupla,Curva,Sim,1,0,1,0,0,0,1,1,"-19,96245618","-44,16455495",SPRF-MG,DEL01-MG,UOP03-DEL01-MG
395708.0,2021-11-14,domingo,00:40:00,MG,116.0,"536,1",SANTA RITA DE MINAS,Ultrapassagem Indevida,Colisão frontal,Com Vítimas Feridas,Pleno dia,Decrescente,Ignorado,Simples,Curva,Não,3,0,3,0,0,0,3,3,"-19,8582936","-42,1353868",SPRF-MG,DEL06-MG,UOP02-DEL06-MG
395747.0,2021-11-13,sábado,10:30:00,MG,381.0,"484,5",BETIM,Velocidade Incompatível,Colisão com objeto,Com Vítimas Feridas,Plena Noite,Decrescente,Céu Claro,Dupla,Reta,Sim,1,0,1,0,0,0,1,1,"-19,95531717","-44,11722196",SPRF-MG,DEL01-MG,UOP03-DEL01-MG
395750.0,2021-11-14,domingo,07:20:00,MG,40.0,"700,1",BARBACENA,Velocidade Incompatível,Colisão com objeto,Com Vítimas Fatais,Pleno dia,Decrescente,Céu Claro,Simples,Curva,Não,1,1,0,0,0,0,0,1,"-21,17760699","-43,75627477",SPRF-MG,DEL05-MG,UOP02-DEL05-MG
395753.0,2021-11-14,domingo,07:21:00,MG,116.0,"704,5",MURIAE,Desrespeitar a preferência no cruzamento,Colisão traseira,Com Vítimas Feridas,Pleno dia,Crescente,Céu Claro,Simples,Interseção de vias,Sim,2,0,1,0,1,0,1,2,"-21,13416858","-42,38722798",SPRF-MG,DEL05-MG,UOP01-DEL05-MG
395759.0,2021-11-14,domingo,09:10:00,MG,262.0,358,BETIM,Avarias e/ou desgaste excessivo no pneu,Tombamento,Com Vítimas Feridas,Pleno dia,Crescente,Céu Claro,Dupla,Reta,Não,2,0,2,0,0,0,2,1,"-19,97562699","-44,197751",SPRF-MG,DEL01-MG,UOP03-DEL01-MG
395760.0,2021-11-14,domingo,06:00:00,MG,381.0,"563,7",ITAGUARA,Velocidade Incompatível,Saída de leito carroçável,Com Vítimas Feridas,Pleno dia,Decrescente,Céu Claro,Dupla,Reta,Não,1,0,1,0,0,0,1,1,"-20,40233189","-44,509134",SPRF-MG,DEL04-MG,UOP03-DEL04-MG
395799.0,2021-11-14,domingo,13:45:00,MG,40.0,"497,4",ESMERALDAS,Ausência de reação do condutor,Saída de leito carroçável,Com Vítimas Fatais,Pleno dia,Crescente,Nublado,Dupla,Reta,Não,2,1,0,1,0,0,1,1,"-19,67802022","-44,18830216",SPRF-MG,DEL02-MG,UOP01-DEL02-MG
395802.0,2021-11-14,domingo,13:40:00,MG,50.0,"64,1",UBERLANDIA,Reação tardia ou ineficiente do condutor,Saída de leito carroçável,Com Vítimas Feridas,Pleno dia,Decrescente,Nublado,Dupla,Não Informado,Não,1,0,1,0,0,0,1,1,"-18,84701788","-48,25343242",SPRF-MG,DEL15-MG,UOP02-DEL15-MG
395834.0,2021-11-14,domingo,17:30:00,MG,262.0,"402,3",PARA DE MINAS,Conversão proibida,Colisão traseira,Com Vítimas Feridas,Pleno dia,Decrescente,Céu Claro,Dupla,Não Informado,Não,3,0,2,0,1,0,2,2,"-19,89743381","-44,56208695",SPRF-MG,DEL01-MG,UOP03-DEL01-MG
395838.0,2021-11-14,domingo,15:45:00,MG,459.0,"105,1",POUSO ALEGRE,Ingestão de álcool pelo condutor,Colisão traseira,Sem Vítimas,Pleno dia,Crescente,Céu Claro,Dupla,Reta,Não,2,0,0,0,2,0,0,2,"-22,23918287","-45,88825683",SPRF-MG,DEL16-MG,UOP01-DEL16-MG
395839.0,2021-11-14,domingo,18:20:00,MG,40.0,618,CONGONHAS,Retorno proibido,Colisão transversal,Com Vítimas Feridas,Plena Noite,Decrescente,Nublado,Simples,Reta,Não,3,0,1,0,1,1,1,2,"-20,5615888","-43,81227278",SPRF-MG,DEL05-MG,UOP02-DEL05-MG
395846.0,2021-11-14,domingo,19:00:00,MG,381.0,"487,7",BETIM,Condutor deixou de manter distância do veículo da frente,Colisão traseira,Com Vítimas Feridas,Plena Noite,Crescente,Nublado,Dupla,Reta,Sim,3,0,1,0,2,0,1,2,"-19,95713198","-44,12392795",SPRF-MG,DEL01-MG,UOP03-DEL01-MG
395847.0,2021-11-14,domingo,19:15:00,MG,381.0,800,SAO GONCALO DO SAPUCAI,Reação tardia ou ineficiente do condutor,Saída de leito carroçável,Com Vítimas Feridas,Plena Noite,Crescente,Céu Claro,Dupla,Reta,Não,1,0,1,0,0,0,1,1,"-21,97761923","-45,63996491",SPRF-MG,DEL16-MG,UOP02-DEL16-MG
395899.0,2021-11-11,quinta-feira,20:30:00,MG,116.0,"94,5",MEDINA,Chuva,Capotamento,Sem Vítimas,Plena Noite,Decrescente,Chuva,Simples,Curva,Não,1,0,0,0,1,0,0,1,"-16,384692","-41,47280999",SPRF-MG,DEL11-MG,UOP02-DEL11-MG
395920.0,2021-11-15,segunda-feira,01:20:00,MG,116.0,66,MEDINA,Frear bruscamente,Colisão lateral mesmo sentido,Com Vítimas Feridas,Plena Noite,Decrescente,Céu Claro,Simples,Curva,Não,2,0,1,0,1,0,1,2,"-16,17495978","-41,45198214",SPRF-MG,DEL11-MG,UOP02-DEL11-MG
395943.0,2021-11-15,segunda-feira,06:22:00,MG,40.0,"553,8",NOVA LIMA,Reação tardia ou ineficiente do condutor,Saída de leito carroçável,Sem Vítimas,Amanhecer,Crescente,Sol,Dupla,Curva,Sim,1,0,0,0,1,0,0,1,"-20,06863326","-43,98194759",SPRF-MG,DEL01-MG,UOP02-DEL01-MG
395986.0,2021-11-15,segunda-feira,11:15:00,MG,381.0,2,BETIM,Velocidade Incompatível,Colisão com objeto,Com Vítimas Feridas,Pleno dia,Crescente,Sol,Dupla,Curva,Não,2,0,2,0,0,0,2,1,"-19,96825","-44,198708",SPRF-MG,DEL01-MG,UOP03-DEL01-MG
396020.0,2021-11-15,segunda-feira,15:40:00,MG,40.0,"614,2",CONGONHAS,Conversão proibida,Colisão transversal,Com Vítimas Feridas,Pleno dia,Decrescente,Céu Claro,Simples,Curva,Não,3,0,2,1,0,0,3,2,"-20,52977973","-43,82351464",SPRF-MG,DEL05-MG,UOP02-DEL05-MG
396023.0,2021-11-15,segunda-feira,15:30:00,MG,381.0,478,CONTAGEM,Condutor deixou de manter distância do veículo da frente,Tombamento,Com Vítimas Feridas,Pleno dia,Decrescente,Céu Claro,Dupla,Reta,Sim,2,0,2,0,0,0,2,1,"-19,95826094","-44,05921101",SPRF-MG,DEL01-MG,UOP03-DEL01-MG
396029.0,2021-11-15,segunda-feira,16:50:00,MG,40.0,501,RIBEIRAO DAS NEVES,Condutor deixou de manter distância do veículo da frente,Engavetamento,Com Vítimas Feridas,Pleno dia,Crescente,Céu Claro,Dupla,Reta,Não,8,0,2,0,6,0,2,3,"-19,70735708","-44,16736508",SPRF-MG,DEL02-MG,UOP01-DEL02-MG
396040.0,2021-11-15,segunda-feira,16:50:00,MG,40.0,"616,5",CONGONHAS,Condutor deixou de manter distância do veículo da frente,Colisão traseira,Com Vítimas Feridas,Pleno dia,Decrescente,Sol,Simples,Não Informado,Não,3,0,2,0,1,0,2,2,"-20,55292543","-43,81454056",SPRF-MG,DEL05-MG,UOP02-DEL05-MG
396043.0,2021-11-15,segunda-feira,18:10:00,MG,262.0,367,JUATUBA,Condutor deixou de manter distância do veículo da frente,Colisão transversal,Com Vítimas Feridas,Anoitecer,Decrescente,Céu Claro,Dupla,Reta,Sim,4,0,1,0,3,0,1,2,"-19,97391261","-44,27096197",SPRF-MG,DEL01-MG,UOP03-DEL01-MG
396047.0,2021-11-15,segunda-feira,15:30:00,MG,262.0,"159,8",SAO DOMINGOS DO PRATA,Pista esburacada,Colisão transversal,Com Vítimas Feridas,Pleno dia,Crescente,Céu Claro,Simples,Não Informado,Não,6,0,3,0,3,0,3,2,"-19,95907975","-42,82841881",SPRF-MG,DEL03-MG,UOP03-DEL03-MG
396056.0,2021-11-15,segunda-feira,18:45:00,MG,116.0,416,GOVERNADOR VALADARES,Pedestre cruzava a pista fora da faixa,Atropelamento de Pedestre,Com Vítimas Feridas,Plena Noite,Decrescente,Céu Claro,Simples,Reta,Sim,2,0,0,1,1,0,1,1,"-18,89215187","-41,94699543",SPRF-MG,DEL06-MG,UOP01-DEL06-MG
396059.0,2021-11-15,segunda-feira,18:35:00,MG,365.0,635,UBERLANDIA,Entrada inopinada do pedestre,Atropelamento de Pedestre,Com Vítimas Feridas,Plena Noite,Decrescente,Céu Claro,Dupla,Reta,Não,2,0,0,1,1,0,1,1,"-18,89262095","-48,41859299",SPRF-MG,DEL15-MG,UOP01-DEL15-MG
396100.0,2021-11-16,terça-feira,00:48:00,MG,50.0,149,UBERABA,Condutor Dormindo,Capotamento,Com Vítimas Feridas,Plena Noite,Crescente,Céu Claro,Dupla,Reta,Não,1,0,1,0,0,0,1,1,"-19,55574501","-48,03471604",SPRF-MG,DEL13-MG,UOP01-DEL13-MG
396122.0,2021-11-16,terça-feira,05:15:00,MG,153.0,43,MONTE ALEGRE DE MINAS,Condutor Dormindo,Capotamento,Com Vítimas Feridas,Amanhecer,Decrescente,Céu Claro,Dupla,Curva,Não,4,0,2,2,0,0,4,1,"-18,76410695","-49,07452386",SPRF-MG,DEL15-MG,UOP03-DEL15-MG
396130.0,2021-11-16,terça-feira,07:20:00,MG,40.0,553,NOVA LIMA,Ausência de reação do condutor,Colisão traseira,Com Vítimas Feridas,Pleno dia,Decrescente,Nublado,Dupla,Curva,Sim,2,0,0,1,1,0,1,2,"-20,06863326","-43,98194759",SPRF-MG,DEL01-MG,UOP02-DEL01-MG
396135.0,2021-11-16,terça-feira,00:30:00,MG,381.0,"623,7",OLIVEIRA,Condutor Dormindo,Saída de leito carroçável,Com Vítimas Feridas,Plena Noite,Decrescente,Nublado,Dupla,Não Informado,Não,1,0,1,0,0,0,1,1,"-20,78494031","-44,78546867",SPRF-MG,DEL04-MG,UOP01-DEL04-MG
396151.0,2021-11-16,terça-feira,08:30:00,MG,381.0,487,BETIM,Velocidade Incompatível,Colisão traseira,Com Vítimas Feridas,Pleno dia,Crescente,Céu Claro,Dupla,Desvio Temporário,Sim,2,0,1,0,1,0,1,2,"-19,95586853","-44,14609501",SPRF-MG,DEL01-MG,UOP03-DEL01-MG
396175.0,2021-11-16,terça-feira,11:10:00,MG,116.0,"530,5",CARATINGA,Demais falhas mecânicas ou elétricas,Colisão transversal,Com Vítimas Feridas,Pleno dia,Crescente,Nublado,Simples,Interseção de vias,Sim,4,0,1,0,3,0,1,2,"-19,81067298","-42,13539446",SPRF-MG,DEL06-MG,UOP02-DEL06-MG
396226.0,2021-11-16,terça-feira,12:40:00,MG,116.0,"583,2",MANHUACU,Acessar a via sem observar a presença dos outros veículos,Colisão transversal,Com Vítimas Feridas,Pleno dia,Decrescente,Nublado,Simples,Reta,Não,2,0,0,1,1,0,1,2,"-20,21424995","-42,18135561",SPRF-MG,DEL06-MG,UOP04-DEL06-MG
396232.0,2021-11-16,terça-feira,13:00:00,MG,262.0,"525,1",LUZ,Ausência de reação do condutor,Capotamento,Com Vítimas Fatais,Pleno dia,Crescente,Sol,Simples,Reta,Não,1,1,0,0,0,0,0,1,"-19,78185764","-45,66689699",SPRF-MG,DEL08-MG,UOP03-DEL08-MG
396233.0,2021-11-16,terça-feira,16:00:00,MG,40.0,358,FELIXLANDIA,Demais falhas mecânicas ou elétricas,Tombamento,Com Vítimas Feridas,Pleno dia,Decrescente,Céu Claro,Simples,Reta,Sim,3,0,0,1,1,1,1,2,"-18,73600801","-44,86508301",SPRF-MG,DEL02-MG,UOP01-DEL02-MG