id,data_inversa,dia_semana,horario,uf,br,km,municipio,causa_acidente,tipo_acidente,classificacao_acidente,fase_dia,sentido_via,condicao_metereologica,tipo_pista,tracado_via,uso_solo,pessoas,mortos,feridos_leves,feridos_graves,ilesos,ignorados,feridos,veiculos,latitude,longitude,regional,delegacia,uop
396280.0,2021-11-16,terça-feira,13:15:00,MG,251.0,"508,6",FRANCISCO SA,Demais falhas mecânicas ou elétricas,Saída de leito carroçável,Com Vítimas Feridas,Pleno dia,Crescente,Céu Claro,Simples,Não Informado,Não,1,0,0,1,0,0,1,1,"-16,63317695","-43,69642613",SPRF-MG,DEL12-MG,UOP01-DEL12-MG
396283.0,2021-11-16,terça-feira,21:00:00,MG,262.0,"802,7",UBERABA,Condutor deixou de manter distância do veículo da frente,Colisão traseira,Com Vítimas Feridas,Plena Noite,Decrescente,Céu Claro,Dupla,Reta,Sim,2,0,1,0,1,0,1,2,"-19,779234","-47,964844",SPRF-MG,DEL13-MG,UOP01-DEL13-MG
396284.0,2021-11-16,terça-feira,21:10:00,MG,50.0,"177,8",UBERABA,Transitar na contramão,Colisão lateral mesmo sentido,Com Vítimas Feridas,Plena Noite,Crescente,Céu Claro,Dupla,Viaduto,Sim,4,0,1,1,1,1,2,3,"-19,77914852","-47,95047701",SPRF-MG,DEL13-MG,UOP01-DEL13-MG
396306.0,2021-11-16,terça-feira,21:45:00,MG,146.0,"426,2",MUZAMBINHO,Ausência de reação do condutor,Colisão traseira,Com Vítimas Feridas,Plena Noite,Decrescente,Nublado,Simples,Reta,Não,2,0,1,1,0,0,2,2,"-21,3578157","-46,50289536",SPRF-MG,DEL09-MG,UOP01-DEL09-MG
396311.0,2021-11-17,quarta-feira,03:40:00,MG,381.0,342,BELA VISTA DE MINAS,Velocidade Incompatível,Colisão com objeto,Com Vítimas Feridas,Plena Noite,Crescente,Céu Claro,Simples,Ponte,Sim,1,0,1,0,0,0,1,1,"-19,84962291","-43,10954212",SPRF-MG,DEL03-MG,UOP01-DEL03-MG
396312.0,2021-11-17,quarta-feira,05:10:00,MG,40.0,"635,5",CONSELHEIRO LAFAIETE,Pedestre andava na pista,Atropelamento de Pedestre,Com Vítimas Feridas,Amanhecer,Crescente,Céu Claro,Simples,Reta,Não,2,0,0,1,1,0,1,1,"-20,703839","-43,792767",SPRF-MG,DEL05-MG,UOP02-DEL05-MG
396325.0,2021-11-17,quarta-feira,07:00:00,MG,262.0,482,BETIM,Afundamento ou ondulação no pavimento,Tombamento,Com Vítimas Feridas,Amanhecer,Decrescente,Céu Claro,Dupla,Reta,Sim,1,0,1,0,0,0,1,1,"-19,95914457","-44,07341849",SPRF-MG,DEL08-MG,UOP03-DEL08-MG
396326.0,2021-11-17,quarta-feira,08:07:00,MG,381.0,349,JOAO MONLEVADE,Condutor deixou de manter distância do veículo da frente,Colisão traseira,Com Vítimas Feridas,Pleno dia,Decrescente,Céu Claro,Simples,Interseção de vias,Não,2,0,1,0,1,0,1,2,"-19,8499239","-43,14868105",SPRF-MG,DEL03-MG,UOP01-DEL03-MG
396345.0,2021-11-17,quarta-feira,09:00:00,MG,40.0,532,BELO HORIZONTE,Manobra de mudança de faixa,Colisão lateral mesmo sentido,Com Vítimas Feridas,Pleno dia,Decrescente,Céu Claro,Dupla,Reta,Sim,2,0,1,0,1,0,1,2,"-19,92372561","-44,01700789",SPRF-MG,DEL01-MG,UOP02-DEL01-MG
396359.0,2021-11-17,quarta-feira,12:10:00,MG,40.0,"616,5",CONGONHAS,Manobra de mudança de faixa,Queda de ocupante de veículo,Com Vítimas Feridas,Pleno dia,Crescente,Nublado,Simples,Reta,Não,1,0,1,0,0,0,1,1,"-20,55278746","-43,81481431",SPRF-MG,DEL05-MG,UOP02-DEL05-MG
396378.0,2021-09-19,domingo,07:55:00,MG,116.0,767,LEOPOLDINA,Acessar a via sem observar a presença dos outros veículos,Colisão transversal,Com Vítimas Feridas,Pleno dia,Crescente,Céu Claro,Simples,Não Informado,Sim,2,0,1,0,1,0,1,2,"-21,5356551","-42,65610863",SPRF-MG,DEL07-MG,UOP01-DEL07-MG
396382.0,2021-11-17,quarta-feira,14:25:00,MG,146.0,"485,7",POCOS DE CALDAS,Avarias e/ou desgaste excessivo no pneu,Queda de ocupante de veículo,Com Vítimas Feridas,Pleno dia,Crescente,Céu Claro,Simples,Não Informado,Não,2,0,2,0,0,0,2,1,"-21,789487","-46,442716",SPRF-MG,DEL09-MG,UOP01-DEL09-MG
396385.0,2021-11-17,quarta-feira,14:40:00,MG,116.0,"797,1",ALEM PARAIBA,Frear bruscamente,Saída de leito carroçável,Com Vítimas Feridas,Pleno dia,Decrescente,Céu Claro,Simples,Curva,Não,1,0,0,1,0,0,1,1,"-21,73681384","-42,72988351",SPRF-MG,DEL07-MG,UOP01-DEL07-MG
396427.0,2021-11-17,quarta-feira,19:45:00,MG,365.0,"735,2",ITUIUTABA,Chuva,Colisão com objeto,Com Vítimas Feridas,Plena Noite,Decrescente,Chuva,Simples,Não Informado,Não,2,0,2,0,0,0,2,1,"-18,90585964","-49,32623604",SPRF-MG,DEL15-MG,UOP03-DEL15-MG
396457.0,2021-11-18,quinta-feira,00:40:00,MG,381.0,478,CONTAGEM,Pedestre cruzava a pista fora da faixa,Atropelamento de Pedestre,Sem Vítimas,Plena Noite,Decrescente,Céu Claro,Múltipla,Não Informado,Sim,1,0,0,0,1,0,0,1,"-19,95826094","-44,05921101",SPRF-MG,DEL01-MG,UOP03-DEL01-MG
396460.0,2021-11-17,quarta-feira,19:50:00,MG,116.0,"360,5",JAMPRUCA,Transitar na contramão,Colisão frontal,Com Vítimas Feridas,Plena Noite,Crescente,Nublado,Simples,Reta,Não,6,0,5,0,0,1,5,2,"-18,461131","-41,85186",SPRF-MG,DEL11-MG,UOP01-DEL11-MG
396518.0,2021-10-24,domingo,01:00:00,MG,365.0,614,UBERLANDIA,Ausência de reação do condutor,Colisão traseira,Com Vítimas Feridas,Plena Noite,Crescente,Céu Claro,Simples,Reta,Não,2,0,2,0,0,0,2,2,"-18,884602","-48,26594",SPRF-MG,DEL15-MG,UOP01-DEL15-MG
396527.0,2021-11-18,quinta-feira,12:45:00,MG,50.0,"152,2",UBERABA,Acumulo de água sobre o pavimento,Tombamento,Com Vítimas Feridas,Pleno dia,Crescente,Nublado,Dupla,Reta,Não,1,0,1,0,0,0,1,1,"-19,58265703","-48,03133923",SPRF-MG,DEL13-MG,UOP01-DEL13-MG
396532.0,2021-11-18,quinta-feira,13:50:00,MG,40.0,"737,9",SANTOS DUMONT,Reação tardia ou ineficiente do condutor,Colisão frontal,Com Vítimas Feridas,Pleno dia,Decrescente,Chuva,Simples,Curva,Não,3,0,2,0,1,0,2,2,"-21,38296999","-43,57033542",SPRF-MG,DEL05-MG,UOP01-DEL05-MG
396542.0,2021-11-18,quinta-feira,12:40:00,MG,365.0,"672,2",MONTE ALEGRE DE MINAS,Chuva,Saída de leito carroçável,Com Vítimas Feridas,Pleno dia,Decrescente,Chuva,Dupla,Curva,Não,1,0,1,0,0,0,1,1,"-18,871928","-48,754094",SPRF-MG,DEL15-MG,UOP01-DEL15-MG
396549.0,2021-11-18,quinta-feira,10:50:00,MG,381.0,"938,4",EXTREMA,Curva acentuada,Capotamento,Com Vítimas Feridas,Pleno dia,Crescente,Chuva,Dupla,Curva,Não,2,0,1,0,1,0,1,1,"-22,83909203","-46,32850893",SPRF-MG,DEL16-MG,UOP03-DEL16-MG
396550.0,2021-11-18,quinta-feira,14:50:00,MG,459.0,"78,5",CONGONHAL,Ultrapassagem Indevida,Colisão frontal,Com Vítimas Feridas,Pleno dia,Crescente,Nublado,Simples,Reta,Não,2,0,1,1,0,0,2,2,"-22,157735","-46,095289",SPRF-MG,DEL09-MG,UOP01-DEL09-MG
396585.0,2021-11-18,quinta-feira,16:50:00,MG,40.0,"685,1",RESSAQUINHA,Acumulo de água sobre o pavimento,Saída de leito carroçável,Com Vítimas Feridas,Pleno dia,Decrescente,Chuva,Simples,Curva,Não,2,0,1,0,1,0,1,1,"-21,08428656","-43,76844456",SPRF-MG,DEL05-MG,UOP02-DEL05-MG
396606.0,2021-11-18,quinta-feira,19:00:00,MG,116.0,"276,3",TEOFILO OTONI,Reação tardia ou ineficiente do condutor,Colisão traseira,Com Vítimas Feridas,Plena Noite,Crescente,Céu Claro,Dupla,Interseção de vias,Sim,3,0,1,0,0,2,1,2,"-17,85105696","-41,51454492",SPRF-MG,DEL11-MG,UOP01-DEL11-MG
396609.0,2021-11-18,quinta-feira,17:20:00,MG,40.0,550,NOVA LIMA,Ausência de reação do condutor,Tombamento,Com Vítimas Feridas,Plena Noite,Crescente,Chuva,Dupla,Reta,Não,1,0,1,0,0,0,1,1,"-20,0477638","-43,96439441",SPRF-MG,DEL01-MG,UOP02-DEL01-MG
396614.0,2021-11-18,quinta-feira,21:30:00,MG,40.0,"547,9",NOVA LIMA,Demais falhas mecânicas ou elétricas,Engavetamento,Com Vítimas Feridas,Plena Noite,Decrescente,Nublado,Dupla,Desvio Temporário,Não,3,0,1,0,2,0,1,3,"-20,02252424","-43,97026042",SPRF-MG,DEL01-MG,UOP02-DEL01-MG
396638.0,2021-11-19,sexta-feira,05:15:00,MG,365.0,"18,1",MONTES CLAROS,Velocidade Incompatível,Saída de leito carroçável,Com Vítimas Fatais,Amanhecer,Crescente,Chuva,Simples,Curva,Não,6,1,2,1,2,0,3,1,"-16,87824584","-44,00270102",SPRF-MG,DEL12-MG,UOP01-DEL12-MG
396645.0,2021-11-19,sexta-feira,02:50:00,MG,381.0,"484,7",BETIM,Chuva,Colisão com objeto,Sem Vítimas,Plena Noite,Decrescente,Chuva,Dupla,Curva,Sim,1,0,0,0,1,0,0,1,"-19,95531717","-44,11722196",SPRF-MG,DEL01-MG,UOP03-DEL01-MG
396653.0,2021-11-19,sexta-feira,07:15:00,MG,116.0,"749,6",LEOPOLDINA,Velocidade Incompatível,Saída de leito carroçável,Com Vítimas Feridas,Pleno dia,Decrescente,Chuva,Simples,Curva,Não,4,0,4,0,0,0,4,1,"-21,44738715","-42,54573392",SPRF-MG,DEL07-MG,UOP01-DEL07-MG
396684.0,2021-10-14,quinta-feira,11:00:00,MG,267.0,90,JUIZ DE FORA,Reação tardia ou ineficiente do condutor,Engavetamento,Com Vítimas Feridas,Pleno dia,Decrescente,Ignorado,Simples,Não Informado,Não,4,0,1,0,3,0,1,3,"-21,75070983","-43,28034306",SPRF-MG,DEL05-MG,UOP01-DEL05-MG
396694.0,2021-09-16,quinta-feira,09:30:00,MG,40.0,462,SETE LAGOAS,Condutor deixou de manter distância do veículo da frente,Colisão traseira,Com Vítimas Feridas,Pleno dia,Crescente,Céu Claro,Dupla,Não Informado,Não,5,0,1,0,4,0,1,2,"-19,4136917","-44,33879427",SPRF-MG,DEL02-MG,UOP01-DEL02-MG
396760.0,2021-11-19,sexta-feira,16:56:00,MG,262.0,"469,2",BOM DESPACHO,Velocidade Incompatível,Saída de leito carroçável,Com Vítimas Feridas,Anoitecer,Crescente,Chuva,Simples,Reta,Não,2,0,1,1,0,0,2,1,"-19,79107504","-45,18189375",SPRF-MG,DEL08-MG,UOP03-DEL08-MG
396776.0,2021-11-19,sexta-feira,19:45:00,MG,381.0,"865,2",POUSO ALEGRE,Pedestre andava na pista,Atropelamento de Pedestre,Com Vítimas Feridas,Plena Noite,Crescente,Nublado,Dupla,Curva,Não,3,0,0,1,2,0,1,1,"-22,39502394","-45,95810707",SPRF-MG,DEL16-MG,UOP01-DEL16-MG
396783.0,2021-11-19,sexta-feira,19:45:00,MG,40.0,"770,5",JUIZ DE FORA,Chuva,Colisão com objeto,Com Vítimas Feridas,Plena Noite,Crescente,Chuva,Simples,Curva,Não,1,0,1,0,0,0,1,1,"-21,59924304","-43,4579108",SPRF-MG,DEL05-MG,UOP01-DEL05-MG
396785.0,2021-11-19,sexta-feira,16:50:00,MG,116.0,"456,9",ENGENHEIRO CALDAS,Entrada inopinada do pedestre,Atropelamento de Pedestre,Com Vítimas Feridas,Pleno dia,Decrescente,Chuva,Simples,Reta,Sim,3,0,1,0,1,1,1,1,"-19,20082084","-42,04762426",SPRF-MG,DEL06-MG,UOP02-DEL06-MG
396786.0,2021-11-19,sexta-feira,19:10:00,MG,262.0,"72,3",MATIPO,Desrespeitar a preferência no cruzamento,Colisão transversal,Com Vítimas Feridas,Plena Noite,Crescente,Nublado,Simples,Rotatória,Não,3,0,0,2,1,0,2,2,"-20,31052475","-42,31517791",SPRF-MG,DEL06-MG,UOP04-DEL06-MG
396789.0,2021-11-19,sexta-feira,21:15:00,MG,381.0,5,BETIM,Acumulo de água sobre o pavimento,Saída de leito carroçável,Com Vítimas Feridas,Plena Noite,Decrescente,Chuva,Dupla,Reta,Não,5,0,5,0,0,0,5,1,"-19,98948158","-44,1866684",SPRF-MG,DEL01-MG,UOP03-DEL01-MG
396790.0,2021-11-19,sexta-feira,21:00:00,MG,381.0,"503,5",BETIM,Velocidade Incompatível,Colisão com objeto,Sem Vítimas,Plena Noite,Decrescente,Chuva,Dupla,Curva,Sim,1,0,0,0,1,0,0,1,"-20,03855134","-44,25495493",SPRF-MG,DEL01-MG,UOP03-DEL01-MG
396806.0,2021-11-19,sexta-feira,22:40:00,MG,116.0,414,GOVERNADOR VALADARES,Acessar a via sem observar a presença dos outros veículos,Colisão traseira,Com Vítimas Feridas,Plena Noite,Crescente,Céu Claro,Dupla,Reta,Sim,2,0,0,1,1,0,1,2,"-18,88174548","-41,95826949",SPRF-MG,DEL06-MG,UOP01-DEL06-MG
396825.0,2021-11-20,sábado,02:00:00,MG,381.0,"484,3",BETIM,Velocidade Incompatível,Capotamento,Com Vítimas Feridas,Plena Noite,Crescente,Chuva,Dupla,Não Informado,Sim,3,0,0,1,1,1,1,3,"-19,95531717","-44,11722196",SPRF-MG,DEL01-MG,UOP03-DEL01-MG
396828.0,2021-11-20,sábado,03:00:00,MG,381.0,"493,5",BETIM,Ingestão de álcool pelo condutor,Colisão com objeto,Sem Vítimas,Plena Noite,Crescente,Nublado,Dupla,Reta,Sim,2,0,0,0,2,0,0,1,"-19,97670801","-44,19962698",SPRF-MG,DEL01-MG,UOP03-DEL01-MG
396839.0,2021-11-20,sábado,02:25:00,MG,40.0,"507,6",RIBEIRAO DAS NEVES,Pedestre andava na pista,Atropelamento de Pedestre,Com Vítimas Fatais,Plena Noite,Crescente,Chuva,Simples,Interseção de vias,Sim,2,1,0,0,0,1,0,1,"-19,75431705","-44,14152606",SPRF-MG,DEL02-MG,UOP01-DEL02-MG
396859.0,2021-11-20,sábado,05:30:00,MG,262.0,"822,3",UBERABA,Reação tardia ou ineficiente do condutor,Saída de leito carroçável,Sem Vítimas,Amanhecer,Crescente,Chuva,Dupla,Reta,Não,1,0,0,0,1,0,0,1,"-19,76063273","-48,14580492",SPRF-MG,DEL13-MG,UOP01-DEL13-MG
396868.0,2021-11-20,sábado,06:55:00,MG,365.0,626,UBERLANDIA,Ingestão de álcool pelo condutor,Saída de leito carroçável,Com Vítimas Feridas,Pleno dia,Crescente,Garoa/Chuvisco,Dupla,Não Informado,Não,2,0,1,0,0,1,1,1,"-18,90659356","-48,33469405",SPRF-MG,DEL15-MG,UOP01-DEL15-MG
396875.0,2021-11-20,sábado,07:25:00,MG,381.0,"527,1",BRUMADINHO,Chuva,Saída de leito carroçável,Com Vítimas Feridas,Pleno dia,Crescente,Chuva,Dupla,Curva,Não,1,0,1,0,0,0,1,1,"-20,16283256","-44,35072739",SPRF-MG,DEL04-MG,UOP03-DEL04-MG
396884.0,2021-11-20,sábado,09:00:00,MG,365.0,"338,1",VARJAO DE MINAS,Reação tardia ou ineficiente do condutor,Saída de leito carroçável,Com Vítimas Feridas,Pleno dia,Crescente,Nublado,Simples,Não Informado,Não,2,0,2,0,0,0,2,1,"-18,335088","-46,012213",SPRF-MG,DEL10-MG,UOP01-DEL10-MG
396894.0,2021-11-20,sábado,09:20:00,MG,381.0,"630,8",OLIVEIRA,Acumulo de água sobre o pavimento,Saída de leito carroçável,Com Vítimas Feridas,Pleno dia,Crescente,Chuva,Dupla,Não Informado,Não,2,0,1,1,0,0,2,1,"-20,84702065","-44,83281432",SPRF-MG,DEL04-MG,UOP01-DEL04-MG
396904.0,2021-11-20,sábado,11:30:00,MG,40.0,"749,6",SANTOS DUMONT,Velocidade Incompatível,Saída de leito carroçável,Com Vítimas Feridas,Pleno dia,Crescente,Chuva,Simples,Curva,Sim,1,0,1,0,0,0,1,1,"-21,447874","-43,55738803",SPRF-MG,DEL05-MG,UOP01-DEL05-MG
396908.0,2021-11-20,sábado,11:50:00,MG,262.0,123,RIO CASCA,Demais falhas na via,Saída de leito carroçável,Com Vítimas Feridas,Pleno dia,Decrescente,Céu Claro,Simples,Não Informado,Não,4,0,2,0,2,0,2,1,"-20,2075719","-42,67303285",SPRF-MG,DEL03-MG,UOP03-DEL03-MG
396911.0,2021-11-20,sábado,11:00:00,MG,251.0,449,GRAO MOGOL,Acumulo de água sobre o pavimento,Saída de leito carroçável,Com Vítimas Feridas,Pleno dia,Crescente,Chuva,Simples,Curva,Não,2,0,1,0,1,0,1,1,"-16,420528","-43,28967",SPRF-MG,DEL12-MG,UOP01-DEL12-MG
396921.0,2021-11-20,sábado,06:00:00,MG,459.0,"18,9",CALDAS,Animais na Pista,Atropelamento de Animal,Sem Vítimas,Pleno dia,Decrescente,Céu Claro,Simples,Curva,Não,1,0,0,0,0,1,0,1,"-21,857208","-46,430317",SPRF-MG,DEL09-MG,UOP01-DEL09-MG
396924.0,2021-11-20,sábado,13:00:00,MG,262.0,379,JUATUBA,Chuva,Saída de leito carroçável,Com Vítimas Feridas,Pleno dia,Decrescente,Garoa/Chuvisco,Dupla,Curva,Não,2,0,2,0,0,0,2,1,"-19,95241506","-44,37342001",SPRF-MG,DEL01-MG,UOP03-DEL01-MG
396926.0,2021-11-20,sábado,11:30:00,MG,381.0,"781,1",CAMPANHA,Condutor Dormindo,Saída de leito carroçável,Com Vítimas Feridas,Pleno dia,Decrescente,Céu Claro,Dupla,Curva,Não,3,0,0,1,1,1,1,1,"-21,85166608","-45,52037769",SPRF-MG,DEL16-MG,UOP02-DEL16-MG
396935.0,2021-11-20,sábado,11:30:00,MG,40.0,"205,8",JOAO PINHEIRO,Demais falhas mecânicas ou elétricas,Tombamento,Com Vítimas Feridas,Pleno dia,Crescente,Nublado,Simples,Reta,Não,1,0,1,0,0,0,1,1,"-17,99237393","-45,77319798",SPRF-MG,DEL14-MG,UOP02-DEL14-MG
396940.0,2021-11-20,sábado,15:20:00,MG,40.0,462,SETE LAGOAS,Chuva,Saída de leito carroçável,Sem Vítimas,Pleno dia,Crescente,Chuva,Dupla,Desvio Temporário,Não,1,0,0,0,1,0,0,1,"-19,4136917","-44,33879427",SPRF-MG,DEL02-MG,UOP01-DEL02-MG
396941.0,2021-09-29,quarta-feira,12:10:00,MG,116.0,"526,3",CARATINGA,Acessar a via sem observar a presença dos outros veículos,Colisão transversal,Com Vítimas Feridas,Pleno dia,Decrescente,Céu Claro,Simples,Reta,Não,4,0,0,1,1,2,1,2,"-19,77654011","-42,13327989",SPRF-MG,DEL06-MG,UOP02-DEL06-MG
396948.0,2021-10-25,segunda-feira,17:00:00,MG,,,UBERLANDIA,Reação tardia ou ineficiente do condutor,Tombamento,Sem Vítimas,Pleno dia,Não Informado,Céu Claro,Dupla,Reta,Sim,1,0,0,0,1,0,0,1,"-18,92885305","-48,29244912",SPRF-MG,DEL15-MG,UOP01-DEL15-MG
396956.0,2021-11-20,sábado,15:40:00,MG,40.0,464,SETE LAGOAS,Condutor usando celular,Saída de leito carroçável,Sem Vítimas,Pleno dia,Decrescente,Chuva,Dupla,Curva,Não,1,0,0,0,1,0,0,1,"-19,43110896","-44,33657482",SPRF-MG,DEL02-MG,UOP01-DEL02-MG
396957.0,2021-11-20,sábado,17:10:00,MG,40.0,479,SETE LAGOAS,Ingestão de álcool pelo condutor,Colisão com objeto,Com Vítimas Feridas,Anoitecer,Crescente,Chuva,Dupla,Curva,Não,1,0,1,0,0,0,1,1,"-19,53622599","-44,25468498",SPRF-MG,DEL02-MG,UOP01-DEL02-MG
396978.0,2021-11-20,sábado,17:20:00,MG,,,ABRE CAMPO,Velocidade Incompatível,Colisão lateral mesmo sentido,Sem Vítimas,Pleno dia,Não Informado,Céu Claro,Simples,Não Informado,Sim,3,0,0,0,3,0,0,3,"-20,29654812","-42,4783664",SPRF-MG,DEL03-MG,UOP03-DEL03-MG
396987.0,2021-11-20,sábado,19:30:00,MG,364.0,"13,3",FRUTAL,Transitar na contramão,Colisão lateral sentido oposto,Com Vítimas Feridas,Plena Noite,Crescente,Nublado,Simples,Reta,Não,3,0,1,1,0,1,2,2,"-20,025185","-48,94096",SPRF-MG,DEL13-MG,UOP02-DEL13-MG
397006.0,2021-11-20,sábado,14:15:00,MG,116.0,411,GOVERNADOR VALADARES,Demais falhas mecânicas ou elétricas,Tombamento,Com Vítimas Feridas,Pleno dia,Decrescente,Nublado,Simples,Reta,Sim,1,0,0,1,0,0,1,1,"-18,86244705","-41,97405237",SPRF-MG,DEL06-MG,UOP01-DEL06-MG
397007.0,2021-11-20,sábado,20:10:00,MG,381.0,159,GOVERNADOR VALADARES,Reação tardia ou ineficiente do condutor,Saída de leito carroçável,Com Vítimas Feridas,Plena Noite,Decrescente,Céu Claro,Simples,Rotatória,Não,1,0,0,1,0,0,1,1,"-18,89206572","-42,00484157",SPRF-MG,DEL06-MG,UOP01-DEL06-MG
397028.0,2021-11-20,sábado,21:45:00,MG,262.0,"819,5",UBERABA,Reação tardia ou ineficiente do condutor,Saída de leito carroçável,Sem Vítimas,Plena Noite,Crescente,Chuva,Dupla,Reta,Não,1,0,0,0,1,0,0,1,"-19,76295465","-48,13371599",SPRF-MG,DEL13-MG,UOP01-DEL13-MG
397030.0,2021-11-20,sábado,23:35:00,MG,40.0,615,CONGONHAS,Transitar na contramão,Colisão frontal,Com Vítimas Fatais,Plena Noite,Crescente,Nublado,Simples,Reta,Não,4,1,1,1,1,0,2,2,"-20,53765999","-43,82077849",SPRF-MG,DEL05-MG,UOP02-DEL05-MG
397041.0,2021-11-20,sábado,23:40:00,MG,40.0,"517,3",RIBEIRAO DAS NEVES,Ingestão de álcool pelo condutor,Colisão lateral mesmo sentido,Com Vítimas Feridas,Plena Noite,Decrescente,Chuva,Dupla,Reta,Sim,5,0,3,0,2,0,3,3,"-19,82351202","-44,08438913",SPRF-MG,DEL01-MG,UOP02-DEL01-MG
397057.0,2021-11-21,domingo,03:45:00,MG,381.0,485,BETIM,Velocidade Incompatível,Colisão com objeto,Com Vítimas Feridas,Plena Noite,Decrescente,Garoa/Chuvisco,Dupla,Reta,Sim,1,0,0,1,0,0,1,1,"-19,95659361","-44,12622893",SPRF-MG,DEL01-MG,UOP03-DEL01-MG
397060.0,2021-11-21,domingo,05:00:00,MG,267.0,119,JUIZ DE FORA,Ingestão de álcool pelo condutor,Saída de leito carroçável,Sem Vítimas,Amanhecer,Decrescente,Nublado,Simples,Interseção de vias,Sim,1,0,0,0,1,0,0,1,"-21,70273313","-43,45311417",SPRF-MG,DEL05-MG,UOP01-DEL05-MG
397063.0,2021-11-21,domingo,05:40:00,MG,262.0,379,JUATUBA,Condutor Dormindo,Saída de leito carroçável,Com Vítimas Feridas,Pleno dia,Crescente,Céu Claro,Dupla,Curva,Não,2,0,2,0,0,0,2,1,"-19,95241506","-44,37342001",SPRF-MG,DEL01-MG,UOP03-DEL01-MG
397071.0,2021-11-21,domingo,05:45:00,MG,262.0,364,JUATUBA,Ingestão de álcool pelo condutor,Tombamento,Com Vítimas Feridas,Pleno dia,Crescente,Céu Claro,Dupla,Reta,Não,2,0,1,0,1,0,1,1,"-19,98290644","-44,24492623",SPRF-MG,DEL01-MG,UOP03-DEL01-MG
397077.0,2021-11-21,domingo,06:00:00,MG,40.0,"710,3",BARBACENA,Velocidade Incompatível,Saída de leito carroçável,Com Vítimas Feridas,Amanhecer,Decrescente,Céu Claro,Dupla,Reta,Não,4,0,4,0,0,0,4,1,"-21,24588","-43,683945",SPRF-MG,DEL05-MG,UOP02-DEL05-MG
397085.0,2021-11-21,domingo,05:00:00,MG,40.0,"548,1",NOVA LIMA,Velocidade Incompatível,Saída de leito carroçável,Com Vítimas Feridas,Pleno dia,Decrescente,Nublado,Dupla,Reta,Não,1,0,0,1,0,0,1,1,"-19,98790272","-43,9547646",SPRF-MG,DEL01-MG,UOP02-DEL01-MG
397097.0,2021-11-21,domingo,08:30:00,MG,354.0,740,POUSO ALTO,Curva acentuada,Colisão frontal,Com Vítimas Feridas,Pleno dia,Crescente,Céu Claro,Simples,Curva,Não,2,0,1,0,1,0,1,2,"-22,21864616","-44,94174287",SPRF-MG,DEL17-MG,UOP01-DEL17-MG
397098.0,2021-11-21,domingo,08:40:00,MG,153.0,"210,1",FRUTAL,Ultrapassagem Indevida,Colisão com objeto,Com Vítimas Feridas,Pleno dia,Crescente,Nublado,Dupla,Reta,Não,2,0,0,2,0,0,2,1,"-20,023058","-49,047783",SPRF-MG,DEL13-MG,UOP02-DEL13-MG
397119.0,2021-11-21,domingo,11:00:00,MG,267.0,"129,8",JUIZ DE FORA,Velocidade Incompatível,Saída de leito carroçável,Com Vítimas Fatais,Pleno dia,Crescente,Céu Claro,Simples,Reta,Sim,1,1,0,0,0,0,0,1,"-21,74441526","-43,56555478",SPRF-MG,DEL05-MG,UOP01-DEL05-MG
397139.0,2021-11-21,domingo,14:45:00,MG,267.0,"130,2",JUIZ DE FORA,Ultrapassagem Indevida,Colisão frontal,Com Vítimas Fatais,Pleno dia,Decrescente,Nublado,Simples,Reta,Não,3,1,0,1,0,1,1,2,"-21,75025131","-43,57819387",SPRF-MG,DEL05-MG,UOP01-DEL05-MG
397229.0,2021-11-21,domingo,20:30:00,MG,364.0,29,FRUTAL,Acessar a via sem observar a presença dos outros veículos,Colisão transversal,Com Vítimas Feridas,Plena Noite,Crescente,Céu Claro,Simples,Reta,Sim,5,0,1,1,3,0,2,3,"-20,025185","-48,94096",SPRF-MG,DEL13-MG,UOP02-DEL13-MG
397266.0,2021-11-22,segunda-feira,06:00:00,MG,40.0,"737,3",SANTOS DUMONT,Conversão proibida,Colisão transversal,Com Vítimas Fatais,Pleno dia,Crescente,Céu Claro,Simples,Reta,Sim,2,1,0,1,0,0,1,2,"-21,38296999","-43,57033542",SPRF-MG,DEL05-MG,UOP01-DEL05-MG
397272.0,2021-11-22,segunda-feira,01:00:00,MG,262.0,"457,1",NOVA SERRANA,Ingestão de álcool pelo condutor,Colisão com objeto,Com Vítimas Feridas,Plena Noite,Decrescente,Céu Claro,Simples,Reta,Não,3,0,1,1,1,0,2,1,"-19,84061491","-45,04942597",SPRF-MG,DEL08-MG,UOP03-DEL08-MG
397279.0,2021-11-22,segunda-feira,06:00:00,MG,365.0,"666,2",MONTE ALEGRE DE MINAS,Reação tardia ou ineficiente do condutor,Saída de leito carroçável,Com Vítimas Feridas,Amanhecer,Crescente,Sol,Dupla,Reta,Não,4,0,3,0,0,1,3,1,"-18,89043341","-48,69822607",SPRF-MG,DEL15-MG,UOP01-DEL15-MG
397293.0,2021-11-22,segunda-feira,07:00:00,MG,356.0,"276,4",EUGENOPOLIS,Condutor deixou de manter distância do veículo da frente,Engavetamento,Com Vítimas Feridas,Pleno dia,Decrescente,Sol,Simples,Não Informado,Não,7,0,1,0,6,0,1,3,"-21,12449685","-42,28182793",SPRF-MG,DEL07-MG,UOP02-DEL07-MG