id,data_inversa,dia_semana,horario,uf,br,km,municipio,causa_acidente,tipo_acidente,classificacao_acidente,fase_dia,sentido_via,condicao_metereologica,tipo_pista,tracado_via,uso_solo,pessoas,mortos,feridos_leves,feridos_graves,ilesos,ignorados,feridos,veiculos,latitude,longitude,regional,delegacia,uop
397326.0,2021-11-22,segunda-feira,12:05:00,MG,381.0,"898,2",CAMBUI,Frear bruscamente,Saída de leito carroçável,Com Vítimas Feridas,Pleno dia,Decrescente,Sol,Dupla,Reta,Sim,1,0,1,0,0,0,1,1,"-22,616699","-46,06872567",SPRF-MG,DEL16-MG,UOP03-DEL16-MG
397331.0,2021-11-22,segunda-feira,12:00:00,MG,40.0,"741,2",SANTOS DUMONT,Ausência de reação do condutor,Colisão transversal,Com Vítimas Feridas,Pleno dia,Decrescente,Céu Claro,Simples,Reta,Sim,3,0,1,0,2,0,1,2,"-21,4050539887","-43,5673240328",SPRF-MG,DEL05-MG,UOP01-DEL05-MG
397350.0,2021-11-22,segunda-feira,07:00:00,MG,116.0,415,GOVERNADOR VALADARES,Condutor deixou de manter distância do veículo da frente,Colisão traseira,Sem Vítimas,Pleno dia,Decrescente,Chuva,Simples,Reta,Sim,1,0,0,0,1,0,0,1,"-18,88401297","-41,94924399",SPRF-MG,DEL06-MG,UOP01-DEL06-MG
397357.0,2021-11-22,segunda-feira,16:00:00,MG,50.0,206,DELTA,Ausência de reação do condutor,Colisão traseira,Com Vítimas Feridas,Pleno dia,Decrescente,Sol,Dupla,Não Informado,Não,3,0,1,0,2,0,1,2,"-19,92627147","-47,82191068",SPRF-MG,DEL13-MG,UOP01-DEL13-MG
397375.0,2021-11-22,segunda-feira,18:00:00,MG,116.0,"411,3",GOVERNADOR VALADARES,Entrada inopinada do pedestre,Atropelamento de Pedestre,Com Vítimas Feridas,Anoitecer,Decrescente,Nublado,Múltipla,Curva,Sim,2,0,2,0,0,0,2,1,"-18,86244705","-41,97405237",SPRF-MG,DEL06-MG,UOP01-DEL06-MG
397422.0,2021-11-23,terça-feira,05:00:00,MG,262.0,801,UBERABA,Animais na Pista,Atropelamento de Animal,Com Vítimas Feridas,Amanhecer,Crescente,Céu Claro,Dupla,Reta,Sim,1,0,0,1,0,0,1,1,"-19,77920263","-47,955319",SPRF-MG,DEL13-MG,UOP01-DEL13-MG
397475.0,2021-11-23,terça-feira,12:25:00,MG,381.0,"480,5",CONTAGEM,Condutor deixou de manter distância do veículo da frente,Colisão traseira,Com Vítimas Feridas,Pleno dia,Crescente,Céu Claro,Dupla,Reta,Sim,2,0,1,0,1,0,1,2,"-19,95749597","-44,07899901",SPRF-MG,DEL01-MG,UOP03-DEL01-MG
397476.0,2021-11-23,terça-feira,10:21:00,MG,262.0,"655,1",IBIA,Condutor deixou de manter distância do veículo da frente,Engavetamento,Com Vítimas Feridas,Pleno dia,Crescente,Céu Claro,Simples,Reta,Não,3,0,1,0,2,0,1,3,"-19,5717018","-46,6726059",SPRF-MG,DEL08-MG,UOP01-DEL08-MG
397478.0,2021-11-23,terça-feira,12:00:00,MG,365.0,"663,1",MONTE ALEGRE DE MINAS,Demais falhas mecânicas ou elétricas,Tombamento,Com Vítimas Feridas,Pleno dia,Decrescente,Céu Claro,Dupla,Reta,Não,2,0,2,0,0,0,2,1,"-18,89100473","-48,67040895",SPRF-MG,DEL15-MG,UOP01-DEL15-MG
397482.0,2021-11-13,sábado,00:10:00,MG,262.0,799,UBERABA,Animais na Pista,Atropelamento de Animal,Com Vítimas Feridas,Plena Noite,Crescente,Céu Claro,Simples,Reta,Não,3,0,2,1,0,0,3,1,"-19,77864246","-47,93629597",SPRF-MG,DEL13-MG,UOP01-DEL13-MG
397519.0,2021-11-23,terça-feira,16:00:00,MG,381.0,482,BETIM,Demais falhas mecânicas ou elétricas,Incêndio,Sem Vítimas,Pleno dia,Decrescente,Céu Claro,Múltipla,Reta,Sim,2,0,0,0,0,2,0,1,"-19,955532","-44,097209",SPRF-MG,DEL01-MG,UOP03-DEL01-MG
397528.0,2021-11-23,terça-feira,14:30:00,MG,381.0,"404,8",BOM JESUS DO AMPARO,Demais falhas mecânicas ou elétricas,Incêndio,Sem Vítimas,Pleno dia,Crescente,Sol,Dupla,Curva,Não,1,0,0,0,1,0,0,1,"-19,7490622","-43,54398027",SPRF-MG,DEL01-MG,UOP01-DEL01-MG
397573.0,2021-11-23,terça-feira,19:20:00,MG,381.0,"212,8",NAQUE,Ingestão de álcool pelo condutor,Colisão frontal,Com Vítimas Fatais,Plena Noite,Crescente,Nublado,Simples,Curva,Não,4,1,3,0,0,0,3,2,"-19,24611089","-42,33758028",SPRF-MG,DEL06-MG,UOP01-DEL06-MG
397600.0,2021-11-24,quarta-feira,05:30:00,MG,381.0,"567,9",ITAGUARA,Transitar na contramão,Colisão frontal,Com Vítimas Feridas,Amanhecer,Decrescente,Céu Claro,Dupla,Reta,Não,3,0,1,0,2,0,1,2,"-20,42174833","-44,53677185",SPRF-MG,DEL04-MG,UOP03-DEL04-MG
397625.0,2021-11-21,domingo,16:02:00,MG,40.0,"30,9",PARACATU,Chuva,Saída de leito carroçável,Com Vítimas Feridas,Pleno dia,Decrescente,Nublado,Simples,Curva,Não,4,0,2,0,2,0,2,1,"-17,15673205","-46,93875619",SPRF-MG,DEL14-MG,UOP01-DEL14-MG
397636.0,2021-11-24,quarta-feira,10:50:00,MG,381.0,4,BETIM,Demais falhas mecânicas ou elétricas,Incêndio,Sem Vítimas,Pleno dia,Crescente,Céu Claro,Dupla,Reta,Sim,1,0,0,0,1,0,0,1,"-19,96825","-44,198708",SPRF-MG,DEL01-MG,UOP03-DEL01-MG
397643.0,2021-11-23,terça-feira,21:40:00,MG,251.0,"290,3",SALINAS,Condutor Dormindo,Capotamento,Com Vítimas Feridas,Plena Noite,Crescente,Nublado,Simples,Curva,Não,4,0,4,0,0,0,4,1,"-16,05956695","-42,186276",SPRF-MG,DEL11-MG,UOP02-DEL11-MG
397653.0,2021-11-24,quarta-feira,12:20:00,MG,116.0,"704,1",MURIAE,Desrespeitar a preferência no cruzamento,Colisão transversal,Com Vítimas Feridas,Pleno dia,Decrescente,Sol,Simples,Não Informado,Sim,2,0,1,0,1,0,1,2,"-21,1216546","-42,37987876",SPRF-MG,DEL07-MG,UOP02-DEL07-MG
397674.0,2021-11-24,quarta-feira,15:00:00,MG,40.0,"552,8",NOVA LIMA,Avarias e/ou desgaste excessivo no pneu,Tombamento,Com Vítimas Feridas,Pleno dia,Crescente,Céu Claro,Múltipla,Reta,Sim,2,0,2,0,0,0,2,1,"-20,0670156","-43,9811654",SPRF-MG,DEL01-MG,UOP02-DEL01-MG
397690.0,2021-11-24,quarta-feira,16:30:00,MG,40.0,548,NOVA LIMA,Trafegar com motocicleta (ou similar) entre as faixas,Colisão lateral mesmo sentido,Com Vítimas Feridas,Pleno dia,Decrescente,Céu Claro,Dupla,Curva,Não,3,0,1,0,2,0,1,3,"-20,0330232","-43,9690667",SPRF-MG,DEL01-MG,UOP02-DEL01-MG
397701.0,2021-11-24,quarta-feira,17:40:00,MG,365.0,611,UBERLANDIA,Estacionar ou parar em local proibido,Colisão com objeto,Com Vítimas Feridas,Pleno dia,Crescente,Céu Claro,Simples,Reta,Sim,3,0,1,1,1,0,2,2,"-18,92342899","-48,20088387",SPRF-MG,DEL15-MG,UOP01-DEL15-MG
397702.0,2021-11-24,quarta-feira,18:30:00,MG,50.0,72,UBERLANDIA,Condutor deixou de manter distância do veículo da frente,Colisão traseira,Com Vítimas Feridas,Plena Noite,Crescente,Céu Claro,Dupla,Reta,Sim,2,0,1,0,1,0,1,2,"-18,85140204","-48,25345932",SPRF-MG,DEL15-MG,UOP01-DEL15-MG
397707.0,2021-11-24,quarta-feira,17:45:00,MG,40.0,"492,9",ESMERALDAS,Avarias e/ou desgaste excessivo no pneu,Capotamento,Sem Vítimas,Pleno dia,Decrescente,Céu Claro,Dupla,Desvio Temporário,Não,1,0,0,0,0,1,0,1,"-19,63737896","-44,20372986",SPRF-MG,DEL02-MG,UOP01-DEL02-MG
397714.0,2021-11-24,quarta-feira,19:15:00,MG,381.0,"507,8",SAO JOAQUIM DE BICAS,Pista esburacada,Tombamento,Com Vítimas Feridas,Plena Noite,Decrescente,Céu Claro,Múltipla,Reta,Sim,2,0,1,0,1,0,1,1,"-20,04012782","-44,2546463",SPRF-MG,DEL01-MG,UOP03-DEL01-MG
397721.0,2021-11-24,quarta-feira,17:10:00,MG,116.0,"411,4",GOVERNADOR VALADARES,Velocidade Incompatível,Colisão transversal,Com Vítimas Feridas,Pleno dia,Crescente,Céu Claro,Dupla,Reta,Sim,2,0,1,0,0,1,1,2,"-18,86244705","-41,97405237",SPRF-MG,DEL06-MG,UOP01-DEL06-MG
397757.0,2021-11-24,quarta-feira,19:05:00,MG,267.0,"55,5",GUARARA,Ausência de reação do condutor,Colisão traseira,Com Vítimas Feridas,Plena Noite,Crescente,Céu Claro,Simples,Reta,Sim,4,0,0,1,2,1,1,2,"-21,7223005","-43,0125878",SPRF-MG,DEL07-MG,UOP01-DEL07-MG
397758.0,2021-11-24,quarta-feira,23:45:00,MG,262.0,802,UBERABA,Ausência de reação do condutor,Tombamento,Com Vítimas Feridas,Plena Noite,Crescente,Céu Claro,Dupla,Reta,Sim,1,0,1,0,0,0,1,1,"-19,77108245","-47,90926874",SPRF-MG,DEL13-MG,UOP01-DEL13-MG
397780.0,2021-11-24,quarta-feira,20:40:00,MG,365.0,815,SANTA VITORIA,Ausência de reação do condutor,Saída de leito carroçável,Com Vítimas Feridas,Plena Noite,Crescente,Nublado,Simples,Reta,Não,1,0,1,0,0,0,1,1,"-18,88376516","-50,04859802",SPRF-MG,DEL15-MG,UOP03-DEL15-MG
397820.0,2021-11-25,quinta-feira,10:40:00,MG,262.0,"50,3",MANHUACU,Demais falhas mecânicas ou elétricas,Tombamento,Com Vítimas Feridas,Pleno dia,Crescente,Céu Claro,Simples,Reta,Sim,2,0,1,1,0,0,2,1,"-20,2428055","-42,13652397",SPRF-MG,DEL06-MG,UOP04-DEL06-MG
397822.0,2021-11-25,quinta-feira,11:20:00,MG,40.0,"637,5",CONSELHEIRO LAFAIETE,Mal súbito do condutor,Saída de leito carroçável,Com Vítimas Feridas,Pleno dia,Decrescente,Céu Claro,Simples,Reta,Não,1,0,0,1,0,0,1,1,"-20,7152208","-43,79625842",SPRF-MG,DEL05-MG,UOP02-DEL05-MG
397829.0,2021-11-25,quinta-feira,12:00:00,MG,40.0,"489,5",ESMERALDAS,Demais falhas mecânicas ou elétricas,Queda de ocupante de veículo,Com Vítimas Feridas,Pleno dia,Decrescente,Céu Claro,Dupla,Não Informado,Não,2,0,1,1,0,0,2,1,"-19,61711","-44,21104",SPRF-MG,DEL02-MG,UOP01-DEL02-MG
397846.0,2021-11-25,quinta-feira,14:30:00,MG,381.0,484,BETIM,Condutor deixou de manter distância do veículo da frente,Tombamento,Com Vítimas Feridas,Pleno dia,Crescente,Céu Claro,Dupla,Reta,Sim,2,0,1,0,1,0,1,2,"-19,95710041","-44,09353321",SPRF-MG,DEL01-MG,UOP03-DEL01-MG
397866.0,2021-11-25,quinta-feira,16:00:00,MG,50.0,67,UBERLANDIA,Reação tardia ou ineficiente do condutor,Colisão traseira,Com Vítimas Feridas,Pleno dia,Crescente,Céu Claro,Dupla,Retorno Regulamentado,Sim,2,0,1,0,1,0,1,2,"-18,87393528","-48,25828314",SPRF-MG,DEL15-MG,UOP02-DEL15-MG
397876.0,2021-11-07,domingo,13:54:00,MG,40.0,606,CONGONHAS,Ausência de reação do condutor,Colisão com objeto,Com Vítimas Feridas,Pleno dia,Crescente,Nublado,Simples,Reta,Não,1,0,1,0,0,0,1,1,"-20,46834617","-43,84095284",SPRF-MG,DEL05-MG,UOP02-DEL05-MG
397885.0,2021-11-25,quinta-feira,17:20:00,MG,356.0,267,MURIAE,Ausência de reação do condutor,Saída de leito carroçável,Com Vítimas Feridas,Pleno dia,Decrescente,Céu Claro,Simples,Reta,Sim,2,0,0,1,0,1,1,1,"-21,12725696","-42,35052695",SPRF-MG,DEL07-MG,UOP02-DEL07-MG
397889.0,2021-11-25,quinta-feira,17:15:00,MG,381.0,"652,8",SANTO ANTONIO DO AMPARO,Manobra de mudança de faixa,Saída de leito carroçável,Com Vítimas Feridas,Pleno dia,Crescente,Céu Claro,Dupla,Não Informado,Não,1,0,1,0,0,0,1,1,"-20,96975045","-44,93172266",SPRF-MG,DEL04-MG,UOP02-DEL04-MG
397893.0,2021-11-25,quinta-feira,15:45:00,MG,40.0,"145,8",PARACATU,Ausência de reação do condutor,Saída de leito carroçável,Sem Vítimas,Pleno dia,Crescente,Céu Claro,Simples,Reta,Não,1,0,0,0,1,0,0,1,"-17,2454388","-46,8156263",SPRF-MG,DEL14-MG,UOP02-DEL14-MG
397903.0,2021-11-25,quinta-feira,18:23:00,MG,116.0,"413,6",GOVERNADOR VALADARES,Condutor deixou de manter distância do veículo da frente,Colisão traseira,Com Vítimas Feridas,Anoitecer,Decrescente,Céu Claro,Simples,Não Informado,Sim,2,0,1,0,1,0,1,2,"-18,873907","-41,966366",SPRF-MG,DEL06-MG,UOP01-DEL06-MG
397932.0,2021-11-26,sexta-feira,03:00:00,MG,354.0,760,ITAMONTE,Velocidade Incompatível,Saída de leito carroçável,Com Vítimas Feridas,Plena Noite,Crescente,Céu Claro,Simples,Não Informado,Não,1,0,1,0,0,0,1,1,"-22,33176436","-44,83256463",SPRF-MG,DEL17-MG,UOP01-DEL17-MG
397937.0,2021-11-26,sexta-feira,05:00:00,MG,381.0,"582,5",CARMOPOLIS DE MINAS,Reação tardia ou ineficiente do condutor,Saída de leito carroçável,Com Vítimas Feridas,Amanhecer,Crescente,Céu Claro,Dupla,Curva,Sim,4,0,3,0,1,0,3,1,"-20,51930642","-44,62405985",SPRF-MG,DEL04-MG,UOP01-DEL04-MG
397941.0,2021-11-26,sexta-feira,04:00:00,MG,365.0,627,UBERLANDIA,Condutor deixou de manter distância do veículo da frente,Colisão traseira,Sem Vítimas,Amanhecer,Crescente,Céu Claro,Dupla,Não Informado,Sim,2,0,0,0,2,0,0,2,"-18,90359335","-48,34361612",SPRF-MG,DEL15-MG,UOP01-DEL15-MG
397969.0,2021-11-26,sexta-feira,07:30:00,MG,381.0,479,CONTAGEM,Condutor deixou de manter distância do veículo da frente,Colisão traseira,Com Vítimas Feridas,Pleno dia,Decrescente,Céu Claro,Dupla,Reta,Sim,3,0,2,0,1,0,2,3,"-19,95889605","-44,069202",SPRF-MG,DEL01-MG,UOP03-DEL01-MG
398017.0,2021-11-26,sexta-feira,11:07:00,MG,50.0,"163,7",UBERABA,Chuva,Capotamento,Com Vítimas Feridas,Pleno dia,Crescente,Chuva,Dupla,Reta,Não,1,0,0,1,0,0,1,1,"-19,67626592","-47,99599279",SPRF-MG,DEL13-MG,UOP01-DEL13-MG
398024.0,2021-11-26,sexta-feira,13:00:00,MG,381.0,"712,5",CARMO DA CACHOEIRA,Chuva,Capotamento,Sem Vítimas,Pleno dia,Crescente,Chuva,Dupla,Curva,Não,1,0,0,0,1,0,0,1,"-21,37179794","-45,18921744",SPRF-MG,DEL04-MG,UOP02-DEL04-MG
398035.0,2021-11-26,sexta-feira,11:25:00,MG,116.0,"384,6",GOVERNADOR VALADARES,Acessar a via sem observar a presença dos outros veículos,Colisão transversal,Com Vítimas Feridas,Pleno dia,Decrescente,Sol,Simples,Curva,Não,2,0,0,1,0,1,1,2,"-18,65434309","-41,97036284",SPRF-MG,DEL06-MG,UOP01-DEL06-MG
398069.0,2021-11-26,sexta-feira,18:40:00,MG,40.0,"511,4",RIBEIRAO DAS NEVES,Reação tardia ou ineficiente do condutor,Saída de leito carroçável,Com Vítimas Feridas,Plena Noite,Decrescente,Nublado,Dupla,Reta,Sim,3,0,2,0,1,0,2,1,"-19,78164295","-44,11733194",SPRF-MG,DEL01-MG,UOP02-DEL01-MG
398071.0,2021-11-26,sexta-feira,18:50:00,MG,40.0,555,NOVA LIMA,Ausência de reação do condutor,Tombamento,Com Vítimas Feridas,Plena Noite,Decrescente,Nublado,Dupla,Reta,Sim,1,0,1,0,0,0,1,1,"-20,08472706","-43,97697012",SPRF-MG,DEL01-MG,UOP02-DEL01-MG
398101.0,2021-11-26,sexta-feira,13:30:00,MG,381.0,376,SAO GONCALO DO RIO ABAIXO,Condutor deixou de manter distância do veículo da frente,Colisão lateral mesmo sentido,Com Vítimas Feridas,Pleno dia,Crescente,Céu Claro,Simples,Reta,Não,2,0,1,0,1,0,1,2,"-19,8367193","-43,34504908",SPRF-MG,DEL01-MG,UOP01-DEL01-MG
398130.0,2021-11-26,sexta-feira,22:30:00,MG,381.0,2,BETIM,Velocidade Incompatível,Saída de leito carroçável,Com Vítimas Feridas,Plena Noite,Decrescente,Nublado,Dupla,Curva,Sim,1,0,1,0,0,0,1,1,"-19,97937861","-44,16059732",SPRF-MG,DEL01-MG,UOP03-DEL01-MG
398150.0,2021-11-27,sábado,05:40:00,MG,40.0,799,JUIZ DE FORA,Ausência de reação do condutor,Capotamento,Com Vítimas Feridas,Pleno dia,Decrescente,Nublado,Simples,Curva,Sim,2,0,1,0,1,0,1,1,"-21,82857001","-43,37364401",SPRF-MG,DEL05-MG,UOP01-DEL05-MG
398153.0,2021-11-27,sábado,02:55:00,MG,116.0,"689,3",MURIAE,Acumulo de areia ou detritos sobre o pavimento,Colisão frontal,Com Vítimas Fatais,Plena Noite,Decrescente,Chuva,Simples,Reta,Não,4,2,0,0,1,1,0,2,"-21,00134925","-42,36641407",SPRF-MG,DEL07-MG,UOP02-DEL07-MG
398160.0,2021-11-26,sexta-feira,19:30:00,MG,116.0,"538,6",SANTA RITA DE MINAS,Conversão proibida,Colisão transversal,Com Vítimas Feridas,Plena Noite,Crescente,Céu Claro,Simples,Reta,Sim,3,0,1,0,2,0,1,2,"-19,87457783","-42,13216953",SPRF-MG,DEL06-MG,UOP02-DEL06-MG
398167.0,2021-11-27,sábado,06:00:00,MG,381.0,"520,6",BRUMADINHO,Acumulo de água sobre o pavimento,Colisão com objeto,Sem Vítimas,Amanhecer,Decrescente,Chuva,Dupla,Curva,Não,1,0,0,0,1,0,0,1,"-20,13363702","-44,309515",SPRF-MG,DEL04-MG,UOP03-DEL04-MG
398174.0,2021-11-27,sábado,06:50:00,MG,40.0,"557,8",NOVA LIMA,Ausência de reação do condutor,Saída de leito carroçável,Com Vítimas Feridas,Amanhecer,Crescente,Chuva,Dupla,Reta,Não,1,0,1,0,0,0,1,1,"-20,1120248","-43,97154115",SPRF-MG,DEL01-MG,UOP02-DEL01-MG
398191.0,2021-11-27,sábado,09:05:00,MG,50.0,"19,8",ARAGUARI,Acumulo de água sobre o pavimento,Saída de leito carroçável,Com Vítimas Feridas,Pleno dia,Crescente,Chuva,Múltipla,Curva,Não,2,0,2,0,0,0,2,1,"-18,57876301","-48,06009904",SPRF-MG,DEL15-MG,UOP02-DEL15-MG
398200.0,2021-11-27,sábado,06:20:00,MG,40.0,178,JOAO PINHEIRO,Chuva,Saída de leito carroçável,Com Vítimas Feridas,Amanhecer,Crescente,Chuva,Simples,Não Informado,Não,2,0,2,0,0,0,2,1,"-17,9690548","-45,99870802",SPRF-MG,DEL14-MG,UOP02-DEL14-MG
398204.0,2021-11-27,sábado,08:00:00,MG,40.0,"474,5",SETE LAGOAS,Velocidade Incompatível,Saída de leito carroçável,Com Vítimas Feridas,Pleno dia,Decrescente,Chuva,Dupla,Reta,Não,1,0,1,0,0,0,1,1,"-19,49804878","-44,27929974",SPRF-MG,DEL02-MG,UOP01-DEL02-MG
398217.0,2021-11-27,sábado,12:00:00,MG,381.0,484,BETIM,Ausência de reação do condutor,Colisão lateral mesmo sentido,Sem Vítimas,Pleno dia,Decrescente,Garoa/Chuvisco,Múltipla,Reta,Sim,2,0,0,0,2,0,0,2,"-19,95967495","-44,08655763",SPRF-MG,DEL01-MG,UOP03-DEL01-MG
398225.0,2021-11-27,sábado,11:40:00,MG,40.0,"616,5",CONGONHAS,Transitar na contramão,Colisão frontal,Com Vítimas Feridas,Pleno dia,Decrescente,Céu Claro,Simples,Não Informado,Não,3,0,0,3,0,0,3,2,"-20,55465173","-43,81426722",SPRF-MG,DEL05-MG,UOP02-DEL05-MG
398230.0,2021-11-27,sábado,13:00:00,MG,381.0,"485,1",BETIM,Ausência de reação do condutor,Engavetamento,Com Vítimas Feridas,Pleno dia,Decrescente,Chuva,Dupla,Desvio Temporário,Sim,5,0,1,0,4,0,1,4,"-19,95858583","-44,09156799",SPRF-MG,DEL01-MG,UOP03-DEL01-MG
398232.0,2021-11-27,sábado,13:41:00,MG,381.0,445,SABARA,Velocidade Incompatível,Colisão traseira,Com Vítimas Feridas,Pleno dia,Crescente,Chuva,Simples,Reta,Sim,2,0,2,0,0,0,2,1,"-19,82543027","-43,83409786",SPRF-MG,DEL01-MG,UOP01-DEL01-MG
398233.0,2021-11-27,sábado,11:05:00,MG,262.0,"437,5",NOVA SERRANA,Acumulo de areia ou detritos sobre o pavimento,Tombamento,Com Vítimas Feridas,Pleno dia,Crescente,Sol,Dupla,Retorno Regulamentado,Sim,1,0,1,0,0,0,1,1,"-19,89622194","-44,86972815",SPRF-MG,DEL08-MG,UOP03-DEL08-MG
398235.0,2021-11-27,sábado,13:50:00,MG,40.0,"769,7",JUIZ DE FORA,Pista Escorregadia,Saída de leito carroçável,Com Vítimas Feridas,Pleno dia,Crescente,Chuva,Simples,Curva,Não,7,0,3,3,1,0,6,1,"-21,58922593","-43,4583538",SPRF-MG,DEL05-MG,UOP01-DEL05-MG
398254.0,2021-11-27,sábado,15:30:00,MG,40.0,"762,6",JUIZ DE FORA,Velocidade Incompatível,Capotamento,Sem Vítimas,Pleno dia,Crescente,Chuva,Simples,Curva,Não,1,0,0,0,0,1,0,1,"-21,5460179","-43,50917993",SPRF-MG,DEL05-MG,UOP01-DEL05-MG
398276.0,2021-11-27,sábado,15:40:00,MG,40.0,"817,4",SIMAO PEREIRA,Chuva,Saída de leito carroçável,Com Vítimas Feridas,Pleno dia,Decrescente,Granizo,Dupla,Reta,Não,4,0,1,0,3,0,1,1,"-21,91490209","-43,32070083",SPRF-MG,DEL05-MG,UOP01-DEL05-MG
398289.0,2021-11-27,sábado,16:45:00,MG,262.0,"488,6",BOM DESPACHO,Ingestão de álcool pelo condutor,Saída de leito carroçável,Com Vítimas Feridas,Pleno dia,Crescente,Sol,Simples,Reta,Não,2,0,1,0,1,0,1,1,"-19,78442409","-45,32295201",SPRF-MG,DEL08-MG,UOP03-DEL08-MG
398301.0,2021-11-27,sábado,19:30:00,MG,381.0,928,ITAPEVA,Entrada inopinada do pedestre,Atropelamento de Pedestre,Com Vítimas Feridas,Plena Noite,Crescente,Céu Claro,Dupla,Reta,Sim,2,0,1,0,1,0,1,1,"-22,79564412","-46,25379582",SPRF-MG,DEL16-MG,UOP03-DEL16-MG
398338.0,2021-11-27,sábado,23:04:00,MG,50.0,72,UBERLANDIA,Ausência de reação do condutor,Queda de ocupante de veículo,Com Vítimas Feridas,Plena Noite,Crescente,Céu Claro,Dupla,Desvio Temporário,Sim,1,0,1,0,0,0,1,1,"-18,901043","-48,239017",SPRF-MG,DEL15-MG,UOP01-DEL15-MG
398362.0,2021-11-28,domingo,01:40:00,MG,381.0,6,BETIM,Condutor Dormindo,Colisão com objeto,Sem Vítimas,Amanhecer,Decrescente,Céu Claro,Dupla,Reta,Não,2,0,0,0,1,1,0,1,"-19,96825","-44,198708",SPRF-MG,DEL01-MG,UOP03-DEL01-MG
398385.0,2021-11-28,domingo,05:10:00,MG,40.0,552,NOVA LIMA,Ultrapassagem Indevida,Colisão frontal,Com Vítimas Feridas,Amanhecer,Crescente,Chuva,Múltipla,Reta,Sim,2,0,1,0,1,0,1,2,"-20,06084086","-43,97716423",SPRF-MG,DEL01-MG,UOP02-DEL01-MG
398394.0,2021-11-28,domingo,04:30:00,MG,40.0,546,NOVA LIMA,Reação tardia ou ineficiente do condutor,Colisão com objeto,Sem Vítimas,Amanhecer,Decrescente,Chuva,Dupla,Desvio Temporário,Não,1,0,0,0,1,0,0,1,"-20,01444685","-43,96893823",SPRF-MG,DEL01-MG,UOP02-DEL01-MG
398414.0,2021-11-28,domingo,06:30:00,MG,262.0,811,UBERABA,Ingestão de álcool pelo condutor,Colisão com objeto,Com Vítimas Feridas,Pleno dia,Crescente,Céu Claro,Dupla,Viaduto,Sim,1,0,1,0,0,0,1,1,"-19,76622901","-47,99037337",SPRF-MG,DEL13-MG,UOP01-DEL13-MG
398419.0,2021-11-27,sábado,20:00:00,MG,251.0,"405,6",GRAO MOGOL,Velocidade Incompatível,Colisão com objeto,Com Vítimas Feridas,Plena Noite,Decrescente,Chuva,Simples,Não Informado,Não,3,0,3,0,0,0,3,1,"-16,26065115","-42,95698091",SPRF-MG,DEL12-MG,UOP01-DEL12-MG
398430.0,2021-11-28,domingo,09:10:00,MG,364.0,"15,6",FRUTAL,Reação tardia ou ineficiente do condutor,Tombamento,Com Vítimas Feridas,Pleno dia,Crescente,Sol,Simples,Reta,Não,1,0,1,0,0,0,1,1,"-20,06884","-48,79253",SPRF-MG,DEL13-MG,UOP02-DEL13-MG
398474.0,2021-11-28,domingo,13:45:00,MG,365.0,"625,5",UBERLANDIA,Reação tardia ou ineficiente do condutor,Colisão com objeto,Com Vítimas Fatais,Pleno dia,Crescente,Chuva,Dupla,Curva,Sim,2,1,0,0,0,1,0,1,"-18,90585472","-48,32526001",SPRF-MG,DEL15-MG,UOP01-DEL15-MG
398489.0,2021-11-28,domingo,16:05:00,MG,381.0,500,BETIM,Reação tardia ou ineficiente do condutor,Saída de leito carroçável,Sem Vítimas,Pleno dia,Decrescente,Céu Claro,Dupla,Reta,Não,1,0,0,0,1,0,0,1,"-20,02513493","-44,23112709",SPRF-MG,DEL01-MG,UOP03-DEL01-MG
398493.0,2021-11-28,domingo,16:35:00,MG,381.0,479,CONTAGEM,Estacionar ou parar em local proibido,Colisão traseira,Com Vítimas Feridas,Pleno dia,Decrescente,Céu Claro,Dupla,Curva,Sim,4,0,2,0,2,0,2,2,"-19,95889605","-44,069202",SPRF-MG,DEL01-MG,UOP03-DEL01-MG
398508.0,2021-11-28,domingo,15:10:00,MG,116.0,"79,4",MEDINA,Velocidade Incompatível,Colisão frontal,Com Vítimas Feridas,Pleno dia,Crescente,Chuva,Simples,Não Informado,Não,4,0,4,0,0,0,4,2,"-16,27388596","-41,48212392",SPRF-MG,DEL11-MG,UOP02-DEL11-MG
398525.0,2021-11-28,domingo,20:00:00,MG,40.0,429,PARAOPEBA,Reação tardia ou ineficiente do condutor,Colisão traseira,Com Vítimas Feridas,Plena Noite,Crescente,Nublado,Dupla,Reta,Não,2,0,0,1,1,0,1,2,"-19,18561589","-44,49396791",SPRF-MG,DEL02-MG,UOP01-DEL02-MG
398545.0,2021-11-28,domingo,20:30:00,MG,40.0,425,CURVELO,Acessar a via sem observar a presença dos outros veículos,Colisão traseira,Com Vítimas Fatais,Plena Noite,Crescente,Céu Claro,Dupla,Não Informado,Não,2,1,0,0,0,1,0,2,"-19,16224489","-44,52254591",SPRF-MG,DEL02-MG,UOP01-DEL02-MG
398561.0,2021-11-28,domingo,17:45:00,MG,116.0,"612,8",SAO JOAO DO MANHUACU,Reação tardia ou ineficiente do condutor,Colisão traseira,Com Vítimas Fatais,Anoitecer,Decrescente,Nublado,Simples,Curva,Não,2,2,0,0,0,0,0,2,"-20,42881501","-42,16258798",SPRF-MG,DEL07-MG,UOP03-DEL07-MG
398563.0,2021-10-17,domingo,21:34:00,MG,381.0,490,BETIM,Transitar na contramão,Queda de ocupante de veículo,Com Vítimas Feridas,Plena Noite,Decrescente,Céu Claro,Múltipla,Reta,Sim,2,0,1,0,0,1,1,2,"-19,9565861","-44,13510025",SPRF-MG,DEL01-MG,UOP03-DEL01-MG