id,data_inversa,dia_semana,horario,uf,br,km,municipio,causa_acidente,tipo_acidente,classificacao_acidente,fase_dia,sentido_via,condicao_metereologica,tipo_pista,tracado_via,uso_solo,pessoas,mortos,feridos_leves,feridos_graves,ilesos,ignorados,feridos,veiculos,latitude,longitude,regional,delegacia,uop
398565.0,2021-11-28,domingo,19:10:00,MG,459.0,"31,5",CALDAS,Velocidade Incompatível,Saída de leito carroçável,Com Vítimas Feridas,Plena Noite,Decrescente,Céu Claro,Simples,Curva,Não,1,0,1,0,0,0,1,1,"-21,924654","-46,368149",SPRF-MG,DEL09-MG,UOP01-DEL09-MG
398636.0,2021-11-29,segunda-feira,07:20:00,MG,40.0,513,RIBEIRAO DAS NEVES,Trafegar com motocicleta (ou similar) entre as faixas,Colisão lateral mesmo sentido,Com Vítimas Feridas,Pleno dia,Crescente,Nublado,Dupla,Reta,Sim,2,0,0,2,0,0,2,2,"-19,7970544","-44,1080512",SPRF-MG,DEL01-MG,UOP02-DEL01-MG
398640.0,2021-11-29,segunda-feira,08:50:00,MG,40.0,"701,5",BARBACENA,Acessar a via sem observar a presença dos outros veículos,Atropelamento de Pedestre,Com Vítimas Feridas,Pleno dia,Decrescente,Céu Claro,Dupla,Reta,Sim,2,0,1,0,1,0,1,1,"-21,18449034","-43,7528965",SPRF-MG,DEL05-MG,UOP02-DEL05-MG
398649.0,2021-11-29,segunda-feira,09:30:00,MG,381.0,356,JOAO MONLEVADE,Acessar a via sem observar a presença dos outros veículos,Colisão lateral mesmo sentido,Com Vítimas Feridas,Pleno dia,Decrescente,Céu Claro,Simples,Reta,Sim,2,0,1,0,1,0,1,2,"-19,84765404","-43,20566395",SPRF-MG,DEL03-MG,UOP01-DEL03-MG
398670.0,2021-11-29,segunda-feira,13:10:00,MG,364.0,"21,3",FRUTAL,Demais falhas na via,Saída de leito carroçável,Com Vítimas Feridas,Pleno dia,Decrescente,Céu Claro,Simples,Reta,Não,1,0,1,0,0,0,1,1,"-20,047287","-48,842231",SPRF-MG,DEL13-MG,UOP02-DEL13-MG
398703.0,2021-11-29,segunda-feira,16:45:00,MG,381.0,"867,6",POUSO ALEGRE,Ausência de reação do condutor,Tombamento,Com Vítimas Feridas,Pleno dia,Crescente,Céu Claro,Dupla,Reta,Não,1,0,1,0,0,0,1,1,"-22,411919","-45,96177005",SPRF-MG,DEL16-MG,UOP01-DEL16-MG
398710.0,2021-11-29,segunda-feira,17:10:00,MG,381.0,359,JOAO MONLEVADE,Conversão proibida,Colisão traseira,Com Vítimas Feridas,Pleno dia,Decrescente,Céu Claro,Simples,Reta,Sim,2,0,1,0,1,0,1,2,"-19,8551458","-43,22402296",SPRF-MG,DEL03-MG,UOP01-DEL03-MG
398711.0,2021-11-29,segunda-feira,17:00:00,MG,381.0,"0,5",BETIM,Condutor deixou de manter distância do veículo da frente,Colisão lateral mesmo sentido,Com Vítimas Feridas,Pleno dia,Crescente,Céu Claro,Dupla,Reta,Sim,2,0,1,0,1,0,1,2,"-19,96015301","-44,15487181",SPRF-MG,DEL01-MG,UOP03-DEL01-MG
398730.0,2021-11-29,segunda-feira,18:00:00,MG,381.0,331,NOVA ERA,Reação tardia ou ineficiente do condutor,Saída de leito carroçável,Com Vítimas Feridas,Plena Noite,Decrescente,Céu Claro,Simples,Ponte,Não,1,0,0,1,0,0,1,1,"-19,77227681","-43,04692268",SPRF-MG,DEL03-MG,UOP01-DEL03-MG
398761.0,2021-11-29,segunda-feira,23:40:00,MG,40.0,"507,8",RIBEIRAO DAS NEVES,Acessar a via sem observar a presença dos outros veículos,Tombamento,Com Vítimas Fatais,Plena Noite,Crescente,Céu Claro,Dupla,Reta,Não,2,1,0,0,0,1,0,2,"-19,75431705","-44,14152606",SPRF-MG,DEL02-MG,UOP01-DEL02-MG
398778.0,2021-11-30,terça-feira,06:00:00,MG,381.0,490,BETIM,Condutor deixou de manter distância do veículo da frente,Colisão lateral mesmo sentido,Com Vítimas Feridas,Amanhecer,Crescente,Céu Claro,Dupla,Reta,Sim,2,0,1,0,1,0,1,2,"-19,9563956","-44,14260171",SPRF-MG,DEL01-MG,UOP03-DEL01-MG
398780.0,2021-11-29,segunda-feira,18:50:00,MG,381.0,507,SAO JOAQUIM DE BICAS,Ausência de reação do condutor,Atropelamento de Pedestre,Com Vítimas Feridas,Plena Noite,Crescente,Céu Claro,Dupla,Reta,Não,3,0,0,1,0,2,1,1,"-20,05643192","-44,28663308",SPRF-MG,DEL01-MG,UOP03-DEL01-MG
398781.0,2021-11-30,terça-feira,06:45:00,MG,381.0,"671,4",PERDOES,Condutor Dormindo,Saída de leito carroçável,Com Vítimas Feridas,Pleno dia,Crescente,Nublado,Dupla,Não Informado,Não,2,0,2,0,0,0,2,1,"-21,06724089","-45,05227089",SPRF-MG,DEL04-MG,UOP02-DEL04-MG
398819.0,2021-11-30,terça-feira,11:40:00,MG,50.0,69,UBERLANDIA,Ausência de reação do condutor,Colisão traseira,Com Vítimas Feridas,Pleno dia,Crescente,Nublado,Dupla,Reta,Sim,2,0,1,0,1,0,1,2,"-18,85140204","-48,25345932",SPRF-MG,DEL15-MG,UOP01-DEL15-MG
398829.0,2021-11-30,terça-feira,10:20:00,MG,116.0,686,MURIAE,Transitar na contramão,Colisão transversal,Com Vítimas Feridas,Pleno dia,Decrescente,Nublado,Simples,Reta,Não,2,0,1,0,1,0,1,2,"-20,98983685","-42,35915614",SPRF-MG,DEL07-MG,UOP02-DEL07-MG
398834.0,2021-11-30,terça-feira,10:20:00,MG,262.0,"409,2",IGARATINGA,Ausência de reação do condutor,Saída de leito carroçável,Com Vítimas Feridas,Pleno dia,Crescente,Céu Claro,Dupla,Reta,Não,2,0,2,0,0,0,2,1,"-19,8901412","-44,62313102",SPRF-MG,DEL08-MG,UOP03-DEL08-MG
398876.0,2021-11-30,terça-feira,17:30:00,MG,50.0,"25,2",ARAGUARI,Velocidade Incompatível,Saída de leito carroçável,Com Vítimas Feridas,Pleno dia,Decrescente,Chuva,Dupla,Curva,Não,4,0,1,3,0,0,4,2,"-18,61146226","-48,07749391",SPRF-MG,DEL15-MG,UOP02-DEL15-MG
398905.0,2021-11-30,terça-feira,20:00:00,MG,116.0,"273,4",TEOFILO OTONI,Acessar a via sem observar a presença dos outros veículos,Colisão transversal,Com Vítimas Feridas,Plena Noite,Decrescente,Céu Claro,Simples,Reta,Não,3,0,2,0,1,0,2,2,"-17,82616139","-41,50619857",SPRF-MG,DEL11-MG,UOP01-DEL11-MG
398940.0,2021-12-01,quarta-feira,03:00:00,MG,381.0,"888,8",CAMBUI,Condutor Dormindo,Saída de leito carroçável,Com Vítimas Feridas,Plena Noite,Crescente,Chuva,Dupla,Curva,Não,1,0,1,0,0,0,1,1,"-22,57036508","-46,04169076",SPRF-MG,DEL16-MG,UOP03-DEL16-MG
398959.0,2021-12-01,quarta-feira,07:00:00,MG,381.0,"510,3",IGARAPE,Acesso irregular,Colisão transversal,Com Vítimas Feridas,Pleno dia,Decrescente,Chuva,Múltipla,Reta,Sim,3,0,2,0,1,0,2,2,"-20,05876994","-44,28891778",SPRF-MG,DEL01-MG,UOP03-DEL01-MG
398960.0,2021-12-01,quarta-feira,04:56:00,MG,381.0,"558,5",ITAGUARA,Demais falhas mecânicas ou elétricas,Incêndio,Sem Vítimas,Amanhecer,Decrescente,Chuva,Dupla,Reta,Não,1,0,0,0,1,0,0,1,"-20,37563821","-44,47422681",SPRF-MG,DEL04-MG,UOP03-DEL04-MG
398972.0,2021-12-01,quarta-feira,07:45:00,MG,262.0,385,MATEUS LEME,Velocidade Incompatível,Saída de leito carroçável,Com Vítimas Feridas,Pleno dia,Crescente,Chuva,Dupla,Curva,Não,1,0,1,0,0,0,1,1,"-19,93325094","-44,42077402",SPRF-MG,DEL01-MG,UOP03-DEL01-MG
398983.0,2021-12-01,quarta-feira,07:30:00,MG,40.0,523,CONTAGEM,Reação tardia ou ineficiente do condutor,Colisão traseira,Com Vítimas Feridas,Pleno dia,Crescente,Chuva,Dupla,Reta,Sim,2,0,1,0,1,0,1,2,"-19,86874894","-44,05962197",SPRF-MG,DEL01-MG,UOP02-DEL01-MG
398989.0,2021-12-01,quarta-feira,07:30:00,MG,262.0,357,BETIM,Chuva,Queda de ocupante de veículo,Com Vítimas Feridas,Pleno dia,Decrescente,Chuva,Múltipla,Curva,Sim,1,0,1,0,0,0,1,1,"-19,97470835","-44,18804897",SPRF-MG,DEL01-MG,UOP03-DEL01-MG
399016.0,2021-12-01,quarta-feira,12:30:00,MG,381.0,"429,8",SABARA,Velocidade Incompatível,Saída de leito carroçável,Com Vítimas Feridas,Pleno dia,Crescente,Chuva,Simples,Curva,Não,5,0,3,2,0,0,5,1,"-19,78964153","-43,70498657",SPRF-MG,DEL01-MG,UOP01-DEL01-MG
399019.0,2021-09-19,domingo,18:30:00,MG,40.0,"529,2",CONTAGEM,Entrada inopinada do pedestre,Atropelamento de Pedestre,Com Vítimas Fatais,Anoitecer,Decrescente,Céu Claro,Dupla,Curva,Sim,3,1,2,0,0,0,2,1,"-19,91635592","-44,03966566",SPRF-MG,DEL01-MG,UOP02-DEL01-MG
399029.0,2021-12-01,quarta-feira,15:00:00,MG,459.0,"105,6",POUSO ALEGRE,Reação tardia ou ineficiente do condutor,Colisão lateral mesmo sentido,Com Vítimas Feridas,Pleno dia,Decrescente,Céu Claro,Dupla,Não Informado,Não,3,0,1,1,1,0,2,2,"-22,227884","-45,903973",SPRF-MG,DEL16-MG,UOP01-DEL16-MG
399046.0,2021-12-01,quarta-feira,15:20:00,MG,116.0,529,CARATINGA,Conversão proibida,Colisão lateral mesmo sentido,Com Vítimas Feridas,Pleno dia,Crescente,Céu Claro,Dupla,Não Informado,Sim,2,0,1,0,1,0,1,2,"-19,78394252","-42,13399079",SPRF-MG,DEL06-MG,UOP02-DEL06-MG
399047.0,2021-12-01,quarta-feira,17:40:00,MG,381.0,503,BETIM,Ausência de reação do condutor,Tombamento,Com Vítimas Feridas,Pleno dia,Decrescente,Céu Claro,Múltipla,Reta,Sim,1,0,1,0,0,0,1,1,"-20,02238736","-44,22958374",SPRF-MG,DEL01-MG,UOP03-DEL01-MG
399076.0,2021-12-01,quarta-feira,20:30:00,MG,40.0,"626,8",CONSELHEIRO LAFAIETE,Pedestre cruzava a pista fora da faixa,Atropelamento de Pedestre,Com Vítimas Feridas,Plena Noite,Decrescente,Céu Claro,Simples,Curva,Sim,2,0,1,0,1,0,1,1,"-20,62801922","-43,80896769",SPRF-MG,DEL05-MG,UOP02-DEL05-MG
399083.0,2021-12-01,quarta-feira,19:45:00,MG,262.0,"33,9",MANHUACU,Acessar a via sem observar a presença dos outros veículos,Colisão transversal,Sem Vítimas,Plena Noite,Decrescente,Nublado,Simples,Curva,Sim,2,0,0,0,2,0,0,2,"-20,25550548","-42,00465315",SPRF-MG,DEL06-MG,UOP04-DEL06-MG
399092.0,2021-12-01,quarta-feira,19:00:00,MG,50.0,206,UBERABA,Ausência de reação do condutor,Colisão com objeto,Com Vítimas Feridas,Plena Noite,Crescente,Nublado,Dupla,Curva,Não,1,0,1,0,0,0,1,1,"-19,92627147","-47,82191068",SPRF-MG,DEL13-MG,UOP01-DEL13-MG
399103.0,2021-12-02,quinta-feira,00:10:00,MG,50.0,187,UBERABA,Acesso irregular,Tombamento,Com Vítimas Feridas,Plena Noite,Crescente,Nublado,Dupla,Não Informado,Não,1,0,1,0,0,0,1,1,"-19,83290398","-47,88516697",SPRF-MG,DEL13-MG,UOP01-DEL13-MG
399129.0,2021-12-02,quinta-feira,06:45:00,MG,381.0,"499,8",BETIM,Condutor deixou de manter distância do veículo da frente,Engavetamento,Com Vítimas Feridas,Pleno dia,Decrescente,Céu Claro,Dupla,Reta,Sim,5,0,1,0,4,0,1,5,"-20,01792651","-44,2261448",SPRF-MG,DEL01-MG,UOP03-DEL01-MG
399159.0,2021-12-02,quinta-feira,08:00:00,MG,40.0,516,RIBEIRAO DAS NEVES,Velocidade Incompatível,Engavetamento,Com Vítimas Feridas,Pleno dia,Crescente,Céu Claro,Dupla,Desvio Temporário,Sim,3,0,1,0,2,0,1,3,"-19,81628624","-44,08960124",SPRF-MG,DEL01-MG,UOP02-DEL01-MG
399161.0,2021-12-02,quinta-feira,10:00:00,MG,381.0,358,JOAO MONLEVADE,Acumulo de areia ou detritos sobre o pavimento,Queda de ocupante de veículo,Com Vítimas Feridas,Pleno dia,Crescente,Céu Claro,Simples,Rotatória,Sim,2,0,1,0,1,0,1,2,"-19,85592801","-43,21689055",SPRF-MG,DEL03-MG,UOP01-DEL03-MG
399172.0,2021-12-02,quinta-feira,10:30:00,MG,50.0,"180,3",UBERABA,Ausência de reação do condutor,Colisão com objeto,Sem Vítimas,Pleno dia,Crescente,Céu Claro,Dupla,Reta,Sim,1,0,0,0,1,0,0,1,"-19,77848216","-47,92194709",SPRF-MG,DEL13-MG,UOP01-DEL13-MG
399181.0,2021-12-02,quinta-feira,12:00:00,MG,40.0,470,SETE LAGOAS,Velocidade Incompatível,Saída de leito carroçável,Com Vítimas Fatais,Pleno dia,Crescente,Céu Claro,Dupla,Reta,Sim,1,1,0,0,0,0,0,1,"-19,46787403","-44,29555707",SPRF-MG,DEL02-MG,UOP01-DEL02-MG
399190.0,2021-12-02,quinta-feira,12:20:00,MG,40.0,473,SETE LAGOAS,Ingestão de álcool pelo condutor,Colisão com objeto,Sem Vítimas,Pleno dia,Crescente,Céu Claro,Simples,Não Informado,Sim,2,0,0,0,1,1,0,1,"-19,496351","-44,27992",SPRF-MG,DEL02-MG,UOP01-DEL02-MG
399215.0,2021-10-08,sexta-feira,18:30:00,MG,40.0,"670,9",CARANDAI,Acessar a via sem observar a presença dos outros veículos,Colisão transversal,Com Vítimas Fatais,Plena Noite,Decrescente,Garoa/Chuvisco,Simples,Não Informado,Não,4,1,0,0,1,2,0,3,"-20,9807656","-43,78110062",SPRF-MG,DEL05-MG,UOP02-DEL05-MG
399279.0,2021-12-02,quinta-feira,22:30:00,MG,381.0,483,BETIM,Velocidade Incompatível,Colisão com objeto,Sem Vítimas,Plena Noite,Crescente,Céu Claro,Dupla,Curva,Sim,1,0,0,0,0,1,0,1,"-19,95594491","-44,10721699",SPRF-MG,DEL01-MG,UOP03-DEL01-MG
399281.0,2021-12-02,quinta-feira,21:10:00,MG,116.0,"770,8",LEOPOLDINA,Restrição de visibilidade em curvas horizontais,Colisão frontal,Com Vítimas Feridas,Plena Noite,Crescente,Chuva,Simples,Não Informado,Não,7,0,4,1,2,0,5,2,"-21,55054675","-42,67361103",SPRF-MG,DEL07-MG,UOP01-DEL07-MG
399282.0,2021-12-02,quinta-feira,21:50:00,MG,262.0,398,PARA DE MINAS,Transitar na contramão,Colisão traseira,Com Vítimas Feridas,Plena Noite,Crescente,Céu Claro,Múltipla,Reta,Sim,4,0,1,0,3,0,1,4,"-19,90299685","-44,524329",SPRF-MG,DEL01-MG,UOP03-DEL01-MG
399284.0,2021-12-02,quinta-feira,20:35:00,MG,116.0,"526,3",CARATINGA,Acessar a via sem observar a presença dos outros veículos,Colisão transversal,Com Vítimas Feridas,Plena Noite,Decrescente,Céu Claro,Simples,Interseção de vias,Sim,2,0,1,0,1,0,1,2,"-19,77654011","-42,13327989",SPRF-MG,DEL06-MG,UOP02-DEL06-MG
399320.0,2021-12-03,sexta-feira,05:45:00,MG,50.0,152,UBERABA,Velocidade Incompatível,Saída de leito carroçável,Com Vítimas Feridas,Amanhecer,Decrescente,Céu Claro,Dupla,Reta,Não,2,0,2,0,0,0,2,1,"-19,58265703","-48,03133923",SPRF-MG,DEL13-MG,UOP01-DEL13-MG
399353.0,2021-12-03,sexta-feira,08:00:00,MG,381.0,483,BETIM,Condutor deixou de manter distância do veículo da frente,Colisão traseira,Com Vítimas Feridas,Pleno dia,Decrescente,Nublado,Dupla,Reta,Não,3,0,1,0,2,0,1,3,"-19,95803528","-44,07979142",SPRF-MG,DEL01-MG,UOP03-DEL01-MG
399354.0,2021-12-03,sexta-feira,09:20:00,MG,381.0,483,BETIM,Condutor deixou de manter distância do veículo da frente,Colisão traseira,Sem Vítimas,Pleno dia,Decrescente,Sol,Dupla,Reta,Sim,3,0,0,0,3,0,0,3,"-19,95838952","-44,08042717",SPRF-MG,DEL01-MG,UOP03-DEL01-MG
399365.0,2021-11-19,sexta-feira,21:31:00,MG,153.0,238,FRONTEIRA,Demais falhas na via,Tombamento,Com Vítimas Feridas,Plena Noite,Decrescente,Garoa/Chuvisco,Simples,Reta,Sim,1,0,1,0,0,0,1,1,"-20,29057384","-49,20176626",SPRF-MG,DEL13-MG,UOP02-DEL13-MG
399372.0,2021-12-03,sexta-feira,10:30:00,MG,267.0,"81,7",JUIZ DE FORA,Velocidade Incompatível,Saída de leito carroçável,Com Vítimas Fatais,Pleno dia,Decrescente,Nublado,Simples,Curva,Não,4,1,3,0,0,0,3,1,"-21,76012664","-43,21968811",SPRF-MG,DEL05-MG,UOP01-DEL05-MG
399394.0,2021-12-03,sexta-feira,09:40:00,MG,116.0,"276,9",TEOFILO OTONI,Acessar a via sem observar a presença dos outros veículos,Colisão transversal,Com Vítimas Feridas,Pleno dia,Crescente,Chuva,Dupla,Reta,Sim,2,0,1,0,1,0,1,2,"-17,85105696","-41,51454492",SPRF-MG,DEL11-MG,UOP01-DEL11-MG
399395.0,2021-12-03,sexta-feira,13:45:00,MG,262.0,378,JUATUBA,Velocidade Incompatível,Tombamento,Sem Vítimas,Pleno dia,Decrescente,Nublado,Dupla,Retorno Regulamentado,Não,1,0,0,0,0,1,0,1,"-19,94337175","-44,38459765",SPRF-MG,DEL01-MG,UOP03-DEL01-MG
399401.0,2021-12-03,sexta-feira,14:00:00,MG,40.0,630,CONSELHEIRO LAFAIETE,Conversão proibida,Colisão transversal,Com Vítimas Feridas,Pleno dia,Decrescente,Céu Claro,Simples,Reta,Sim,3,0,1,1,1,0,2,2,"-20,65824152","-43,80259134",SPRF-MG,DEL05-MG,UOP02-DEL05-MG
399412.0,2021-12-03,sexta-feira,15:20:00,MG,116.0,527,CARATINGA,Reação tardia ou ineficiente do condutor,Colisão traseira,Sem Vítimas,Pleno dia,Crescente,Chuva,Simples,Reta,Sim,3,0,0,0,2,1,0,3,"-19,78510701","-42,13445297",SPRF-MG,DEL06-MG,UOP02-DEL06-MG
399417.0,2021-12-03,sexta-feira,15:40:00,MG,40.0,"493,3",ESMERALDAS,Avarias e/ou desgaste excessivo no pneu,Saída de leito carroçável,Com Vítimas Feridas,Pleno dia,Decrescente,Chuva,Dupla,Não Informado,Não,1,0,1,0,0,0,1,1,"-19,64833","-44,20184",SPRF-MG,DEL02-MG,UOP01-DEL02-MG
399430.0,2021-12-03,sexta-feira,10:40:00,MG,40.0,735,SANTOS DUMONT,Velocidade Incompatível,Saída de leito carroçável,Com Vítimas Feridas,Pleno dia,Decrescente,Chuva,Simples,Curva,Não,2,0,2,0,0,0,2,1,"-21,37012696","-43,57558994",SPRF-MG,DEL05-MG,UOP01-DEL05-MG
399434.0,2021-12-03,sexta-feira,15:17:00,MG,116.0,"716,6",MURIAE,Reação tardia ou ineficiente do condutor,Saída de leito carroçável,Com Vítimas Feridas,Pleno dia,Crescente,Nublado,Simples,Curva,Não,1,0,1,0,0,0,1,1,"-21,21283022","-42,38932659",SPRF-MG,DEL07-MG,UOP02-DEL07-MG
399447.0,2021-12-03,sexta-feira,18:30:00,MG,116.0,706,MURIAE,Acessar a via sem observar a presença dos outros veículos,Queda de ocupante de veículo,Com Vítimas Feridas,Anoitecer,Crescente,Céu Claro,Simples,Reta,Não,2,0,1,0,1,0,1,2,"-21,147048","-42,381522",SPRF-MG,DEL07-MG,UOP02-DEL07-MG
399455.0,2021-12-03,sexta-feira,18:45:00,MG,354.0,"703,7",CAXAMBU,Condutor deixou de manter distância do veículo da frente,Colisão traseira,Com Vítimas Feridas,Plena Noite,Crescente,Garoa/Chuvisco,Simples,Reta,Sim,2,0,1,0,1,0,1,2,"-21,97540939","-44,92323124",SPRF-MG,DEL17-MG,UOP01-DEL17-MG
399484.0,2021-12-03,sexta-feira,20:10:00,MG,365.0,627,UBERLANDIA,Ingestão de álcool pelo condutor,Tombamento,Com Vítimas Feridas,Plena Noite,Decrescente,Céu Claro,Dupla,Reta,Sim,2,0,1,0,1,0,1,2,"-18,90674325","-48,31819296",SPRF-MG,DEL15-MG,UOP01-DEL15-MG
399489.0,2021-12-03,sexta-feira,20:20:00,MG,365.0,"751,1",ITUIUTABA,Reação tardia ou ineficiente do condutor,Colisão traseira,Com Vítimas Feridas,Plena Noite,Crescente,Nublado,Dupla,Reta,Sim,2,0,2,0,0,0,2,2,"-18,93793339","-49,43876589",SPRF-MG,DEL15-MG,UOP03-DEL15-MG
399490.0,2021-12-03,sexta-feira,18:15:00,MG,365.0,"765,9",ITUIUTABA,Ausência de reação do condutor,Colisão traseira,Sem Vítimas,Anoitecer,Decrescente,Céu Claro,Dupla,Reta,Não,2,0,0,0,2,0,0,2,"-18,96344519","-49,56143601",SPRF-MG,DEL15-MG,UOP03-DEL15-MG
399496.0,2021-12-03,sexta-feira,21:30:00,MG,40.0,"666,8",CARANDAI,Velocidade Incompatível,Colisão com objeto,Sem Vítimas,Plena Noite,Crescente,Nublado,Simples,Não Informado,Sim,1,0,0,0,1,0,0,1,"-20,94787055","-43,79772848",SPRF-MG,DEL05-MG,UOP02-DEL05-MG
399497.0,2021-12-03,sexta-feira,19:00:00,MG,354.0,"703,7",CAXAMBU,Ausência de reação do condutor,Colisão com objeto,Com Vítimas Feridas,Plena Noite,Crescente,Garoa/Chuvisco,Simples,Reta,Sim,4,0,1,0,3,0,1,4,"-21,97540939","-44,92323124",SPRF-MG,DEL17-MG,UOP01-DEL17-MG
399540.0,2021-12-04,sábado,02:40:00,MG,459.0,38,SANTA RITA DE CALDAS,Condutor Dormindo,Capotamento,Com Vítimas Feridas,Plena Noite,Decrescente,Céu Claro,Simples,Curva,Não,2,0,1,0,1,0,1,1,"-21,97394","-46,33268",SPRF-MG,DEL09-MG,UOP01-DEL09-MG
399543.0,2021-12-04,sábado,03:00:00,MG,50.0,52,ARAGUARI,Ingestão de álcool pelo condutor,Saída de leito carroçável,Sem Vítimas,Plena Noite,Decrescente,Garoa/Chuvisco,Múltipla,Curva,Não,1,0,0,0,1,0,0,1,"-18,75140135","-48,2369687",SPRF-MG,DEL15-MG,UOP02-DEL15-MG
399548.0,2021-12-04,sábado,03:20:00,MG,116.0,"703,9",MURIAE,Pedestre andava na pista,Atropelamento de Pedestre,Com Vítimas Feridas,Plena Noite,Crescente,Céu Claro,Simples,Reta,Não,2,0,1,0,0,1,1,1,"-21,12682309","-42,3832189",SPRF-MG,DEL07-MG,UOP02-DEL07-MG
399562.0,2021-12-04,sábado,05:20:00,MG,381.0,490,BETIM,Velocidade Incompatível,Tombamento,Com Vítimas Feridas,Amanhecer,Decrescente,Céu Claro,Simples,Curva,Sim,1,0,0,1,0,0,1,1,"-19,95584283","-44,14757252",SPRF-MG,DEL01-MG,UOP03-DEL01-MG
399573.0,2021-12-04,sábado,06:00:00,MG,381.0,482,BETIM,Ausência de reação do condutor,Colisão transversal,Com Vítimas Feridas,Pleno dia,Crescente,Nublado,Simples,Reta,Sim,2,0,1,0,1,0,1,2,"-19,955532","-44,097209",SPRF-MG,DEL01-MG,UOP03-DEL01-MG
399581.0,2021-12-04,sábado,08:15:00,MG,262.0,"452,7",NOVA SERRANA,Reação tardia ou ineficiente do condutor,Colisão traseira,Sem Vítimas,Pleno dia,Decrescente,Céu Claro,Simples,Reta,Não,4,0,0,0,4,0,0,2,"-19,8563698","-45,01560692",SPRF-MG,DEL08-MG,UOP03-DEL08-MG
399586.0,2021-12-04,sábado,08:10:00,MG,356.0,267,MURIAE,Pedestre cruzava a pista fora da faixa,Atropelamento de Pedestre,Com Vítimas Feridas,Pleno dia,Crescente,Céu Claro,Simples,Reta,Sim,3,0,0,1,1,1,1,1,"-21,12725696","-42,35052695",SPRF-MG,DEL07-MG,UOP02-DEL07-MG
399587.0,2021-12-04,sábado,08:30:00,MG,50.0,"171,9",UBERABA,Pedestre cruzava a pista fora da faixa,Atropelamento de Pedestre,Com Vítimas Feridas,Pleno dia,Crescente,Céu Claro,Dupla,Reta,Não,2,0,0,1,1,0,1,1,"-19,74554892","-47,98382166",SPRF-MG,DEL13-MG,UOP01-DEL13-MG
399604.0,2021-12-04,sábado,11:30:00,MG,381.0,501,BETIM,Avarias e/ou desgaste excessivo no pneu,Colisão traseira,Sem Vítimas,Pleno dia,Decrescente,Céu Claro,Dupla,Reta,Não,2,0,0,0,2,0,0,2,"-20,03146447","-44,2377893",SPRF-MG,DEL01-MG,UOP03-DEL01-MG
399612.0,2021-12-04,sábado,11:50:00,MG,50.0,70,UBERLANDIA,Ausência de reação do condutor,Colisão traseira,Com Vítimas Feridas,Pleno dia,Crescente,Nublado,Dupla,Não Informado,Sim,2,0,0,1,1,0,1,2,"-18,85140204","-48,25345932",SPRF-MG,DEL15-MG,UOP01-DEL15-MG
399614.0,2021-12-04,sábado,09:20:00,MG,381.0,313,ANTONIO DIAS,Manobra de mudança de faixa,Tombamento,Com Vítimas Feridas,Pleno dia,Decrescente,Ignorado,Simples,Reta,Não,1,0,1,0,0,0,1,1,"-19,68108013","-42,98147866",SPRF-MG,DEL03-MG,UOP02-DEL03-MG
399617.0,2021-12-04,sábado,12:10:00,MG,40.0,42,PARACATU,Acessar a via sem observar a presença dos outros veículos,Colisão transversal,Com Vítimas Feridas,Pleno dia,Crescente,Céu Claro,Simples,Não Informado,Sim,3,0,1,0,1,1,1,2,"-17,2188441","-46,8666753",SPRF-MG,DEL14-MG,UOP01-DEL14-MG
399633.0,2021-12-04,sábado,12:15:00,MG,50.0,"175,9",UBERABA,Demais falhas mecânicas ou elétricas,Tombamento,Com Vítimas Feridas,Pleno dia,Decrescente,Sol,Dupla,Reta,Sim,2,0,2,0,0,0,2,1,"-19,77880359","-47,9695118",SPRF-MG,DEL13-MG,UOP01-DEL13-MG
399643.0,2021-12-04,sábado,10:30:00,MG,116.0,"155,9",PONTO DOS VOLANTES,Pedestre cruzava a pista fora da faixa,Atropelamento de Pedestre,Com Vítimas Feridas,Pleno dia,Decrescente,Nublado,Simples,Reta,Não,4,0,3,1,0,0,4,1,"-16,89275118","-41,47383649",SPRF-MG,DEL11-MG,UOP02-DEL11-MG
399675.0,2021-12-04,sábado,17:40:00,MG,50.0,"44,4",ARAGUARI,Ausência de reação do condutor,Saída de leito carroçável,Sem Vítimas,Pleno dia,Crescente,Céu Claro,Dupla,Não Informado,Não,1,0,0,0,1,0,0,1,"-18,70751982","-48,19247443",SPRF-MG,DEL15-MG,UOP02-DEL15-MG
399679.0,2021-12-04,sábado,17:30:00,MG,40.0,"531,7",BELO HORIZONTE,Entrada inopinada do pedestre,Atropelamento de Pedestre,Com Vítimas Feridas,Pleno dia,Crescente,Céu Claro,Dupla,Curva,Sim,2,0,0,1,1,0,1,1,"-19,91962483","-44,02522683",SPRF-MG,DEL01-MG,UOP02-DEL01-MG
399687.0,2021-12-04,sábado,18:00:00,MG,116.0,767,LEOPOLDINA,Acessar a via sem observar a presença dos outros veículos,Colisão lateral mesmo sentido,Com Vítimas Feridas,Anoitecer,Decrescente,Céu Claro,Simples,Reta,Não,3,0,1,0,2,0,1,2,"-21,5356551","-42,65610863",SPRF-MG,DEL07-MG,UOP01-DEL07-MG