id,data_inversa,dia_semana,horario,uf,br,km,municipio,causa_acidente,tipo_acidente,classificacao_acidente,fase_dia,sentido_via,condicao_metereologica,tipo_pista,tracado_via,uso_solo,pessoas,mortos,feridos_leves,feridos_graves,ilesos,ignorados,feridos,veiculos,latitude,longitude,regional,delegacia,uop
399704.0,2021-12-04,sábado,20:20:00,MG,381.0,480,CONTAGEM,Reação tardia ou ineficiente do condutor,Queda de ocupante de veículo,Com Vítimas Feridas,Plena Noite,Decrescente,Céu Claro,Múltipla,Curva,Sim,2,0,1,1,0,0,2,1,"-19,95749597","-44,07899901",SPRF-MG,DEL01-MG,UOP03-DEL01-MG
399728.0,2021-12-04,sábado,21:40:00,MG,262.0,"362,5",JUATUBA,Demais falhas mecânicas ou elétricas,Incêndio,Sem Vítimas,Plena Noite,Decrescente,Nublado,Dupla,Reta,Não,1,0,0,0,0,1,0,1,"-19,97197574","-44,28396285",SPRF-MG,DEL01-MG,UOP03-DEL01-MG
399731.0,2021-12-04,sábado,21:00:00,MG,354.0,729,POUSO ALTO,Transitar na contramão,Colisão frontal,Sem Vítimas,Plena Noite,Decrescente,Nublado,Simples,Curva,Não,2,0,0,0,2,0,0,2,"-22,15102857","-44,96352933",SPRF-MG,DEL17-MG,UOP01-DEL17-MG
399735.0,2021-12-04,sábado,18:40:00,MG,116.0,"473,7",TARUMIRIM,Velocidade Incompatível,Saída de leito carroçável,Com Vítimas Feridas,Plena Noite,Decrescente,Céu Claro,Simples,Curva,Não,2,0,2,0,0,0,2,2,"-19,34151389","-42,08087031",SPRF-MG,DEL06-MG,UOP02-DEL06-MG
399747.0,2021-12-04,sábado,15:00:00,MG,365.0,831,SANTA VITORIA,Reação tardia ou ineficiente do condutor,Saída de leito carroçável,Com Vítimas Feridas,Pleno dia,Crescente,Céu Claro,Simples,Não Informado,Não,1,0,1,0,0,0,1,1,"-18,90505008","-50,20362197",SPRF-MG,DEL15-MG,UOP03-DEL15-MG
399795.0,2021-12-05,domingo,02:50:00,MG,50.0,179,UBERABA,Reação tardia ou ineficiente do condutor,Colisão com objeto,Com Vítimas Feridas,Plena Noite,Decrescente,Céu Claro,Dupla,Não Informado,Sim,2,0,2,0,0,0,2,1,"-19,77827047","-47,93140998",SPRF-MG,DEL13-MG,UOP01-DEL13-MG
399822.0,2021-12-05,domingo,06:33:00,MG,365.0,"624,5",UBERLANDIA,Curva acentuada,Colisão com objeto,Com Vítimas Feridas,Pleno dia,Decrescente,Céu Claro,Simples,Curva,Sim,3,0,3,0,0,0,3,1,"-18,90754763","-48,3160669",SPRF-MG,DEL15-MG,UOP01-DEL15-MG
399849.0,2021-12-05,domingo,09:24:00,MG,365.0,672,MONTE ALEGRE DE MINAS,Condutor Dormindo,Saída de leito carroçável,Com Vítimas Feridas,Pleno dia,Decrescente,Céu Claro,Dupla,Reta,Não,1,0,1,0,0,0,1,1,"-18,87383013","-48,75091309",SPRF-MG,DEL15-MG,UOP01-DEL15-MG
399852.0,2021-12-05,domingo,09:50:00,MG,262.0,399,PARA DE MINAS,Acessar a via sem observar a presença dos outros veículos,Colisão traseira,Com Vítimas Feridas,Pleno dia,Decrescente,Céu Claro,Dupla,Reta,Sim,2,0,1,0,1,0,1,2,"-19,90311456","-44,534",SPRF-MG,DEL01-MG,UOP03-DEL01-MG
399856.0,2021-12-05,domingo,10:15:00,MG,381.0,442,SABARA,Estacionar ou parar em local proibido,Colisão traseira,Com Vítimas Feridas,Pleno dia,Crescente,Céu Claro,Simples,Reta,Sim,3,0,1,0,2,0,1,2,"-19,80950766","-43,77132297",SPRF-MG,DEL01-MG,UOP01-DEL01-MG
399868.0,2021-12-05,domingo,11:40:00,MG,381.0,883,ESTIVA,Ausência de reação do condutor,Colisão com objeto,Com Vítimas Feridas,Pleno dia,Decrescente,Céu Claro,Dupla,Reta,Não,3,0,3,0,0,0,3,1,"-22,48842101","-46,0109652",SPRF-MG,DEL16-MG,UOP03-DEL16-MG
399874.0,2021-12-05,domingo,10:10:00,MG,381.0,"583,8",CARMOPOLIS DE MINAS,Velocidade Incompatível,Saída de leito carroçável,Com Vítimas Feridas,Pleno dia,Crescente,Nublado,Dupla,Não Informado,Não,1,0,1,0,0,0,1,1,"-20,509567","-44,612258",SPRF-MG,DEL04-MG,UOP01-DEL04-MG
399876.0,2021-12-05,domingo,13:20:00,MG,381.0,"505,9",BETIM,Avarias e/ou desgaste excessivo no pneu,Colisão traseira,Com Vítimas Feridas,Pleno dia,Decrescente,Céu Claro,Dupla,Reta,Sim,3,0,2,0,1,0,2,2,"-20,04478441","-44,27276484",SPRF-MG,DEL01-MG,UOP03-DEL01-MG
399882.0,2021-12-05,domingo,07:00:00,MG,262.0,628,IBIA,Acumulo de areia ou detritos sobre o pavimento,Eventos atípicos,Sem Vítimas,Pleno dia,Decrescente,Sol,Simples,Reta,Não,1,0,0,0,1,0,0,1,"-19,57610227","-46,43935292",SPRF-MG,DEL08-MG,UOP01-DEL08-MG
399889.0,2021-12-05,domingo,11:00:00,MG,153.0,239,FRONTEIRA,Ausência de reação do condutor,Saída de leito carroçável,Sem Vítimas,Pleno dia,Crescente,Nublado,Simples,Reta,Não,1,0,0,0,0,1,0,1,"-20,29847332","-49,20614844",SPRF-MG,DEL13-MG,UOP02-DEL13-MG
399956.0,2021-12-05,domingo,18:30:00,MG,381.0,"382,5",SAO GONCALO DO RIO ABAIXO,Velocidade Incompatível,Atropelamento de Pedestre,Com Vítimas Fatais,Plena Noite,Crescente,Céu Claro,Simples,Reta,Sim,2,1,0,0,0,1,0,1,"-19,82692046","-43,38405945",SPRF-MG,DEL01-MG,UOP01-DEL01-MG
399957.0,2021-12-05,domingo,19:00:00,MG,116.0,444,ENGENHEIRO CALDAS,Ausência de reação do condutor,Tombamento,Com Vítimas Feridas,Plena Noite,Crescente,Céu Claro,Simples,Curva,Não,1,0,0,1,0,0,1,1,"-19,0996681","-42,0072056",SPRF-MG,DEL06-MG,UOP02-DEL06-MG
399960.0,2021-12-05,domingo,16:39:00,MG,365.0,799,GURINHATA,Velocidade Incompatível,Saída de leito carroçável,Com Vítimas Feridas,Pleno dia,Crescente,Sol,Simples,Reta,Não,4,0,2,2,0,0,4,1,"-18,90929961","-49,89912086",SPRF-MG,DEL15-MG,UOP03-DEL15-MG
399973.0,2021-12-05,domingo,21:15:00,MG,50.0,185,UBERABA,Velocidade Incompatível,Colisão traseira,Com Vítimas Feridas,Plena Noite,Crescente,Céu Claro,Dupla,Reta,Não,3,0,0,1,2,0,1,2,"-19,8172798","-47,89559069",SPRF-MG,DEL13-MG,UOP01-DEL13-MG
399989.0,2021-12-05,domingo,19:00:00,MG,262.0,"73,3",MATIPO,Velocidade Incompatível,Colisão com objeto,Com Vítimas Fatais,Plena Noite,Crescente,Nublado,Simples,Curva,Não,3,1,1,1,0,0,2,2,"-20,31219098","-42,32448898",SPRF-MG,DEL03-MG,UOP03-DEL03-MG
399991.0,2021-12-05,domingo,23:10:00,MG,267.0,"51,9",MARIPA DE MINAS,Velocidade Incompatível,Saída de leito carroçável,Com Vítimas Feridas,Plena Noite,Decrescente,Chuva,Simples,Reta,Não,2,0,2,0,0,0,2,1,"-21,70228417","-42,98867684",SPRF-MG,DEL07-MG,UOP01-DEL07-MG
400002.0,2021-12-05,domingo,22:10:00,MG,146.0,"473,6",BANDEIRA DO SUL,Velocidade Incompatível,Colisão com objeto,Com Vítimas Feridas,Pleno dia,Crescente,Nublado,Simples,Não Informado,Não,2,0,1,1,0,0,2,1,"-21,71648036","-46,41951799",SPRF-MG,DEL09-MG,UOP01-DEL09-MG
400017.0,2021-12-05,domingo,22:30:00,MG,262.0,"439,1",NOVA SERRANA,Ingestão de álcool pelo condutor,Saída de leito carroçável,Sem Vítimas,Plena Noite,Crescente,Céu Claro,Dupla,Reta,Não,1,0,0,0,0,1,0,1,"-19,87998819","-44,93528366",SPRF-MG,DEL08-MG,UOP03-DEL08-MG
400058.0,2021-12-06,segunda-feira,07:40:00,MG,40.0,684,RESSAQUINHA,Velocidade Incompatível,Colisão com objeto,Com Vítimas Feridas,Pleno dia,Crescente,Chuva,Simples,Curva,Não,2,0,1,0,1,0,1,2,"-21,06342685","-43,76285914",SPRF-MG,DEL05-MG,UOP02-DEL05-MG
400065.0,2021-12-06,segunda-feira,08:00:00,MG,381.0,"497,4",BETIM,Chuva,Tombamento,Com Vítimas Feridas,Pleno dia,Crescente,Chuva,Múltipla,Curva,Sim,1,0,0,1,0,0,1,1,"-20,00483625","-44,21367172",SPRF-MG,DEL01-MG,UOP03-DEL01-MG
400069.0,2021-12-06,segunda-feira,08:10:00,MG,40.0,"437,5",PARAOPEBA,Chuva,Saída de leito carroçável,Com Vítimas Feridas,Pleno dia,Decrescente,Chuva,Dupla,Não Informado,Não,1,0,1,0,0,0,1,1,"-19,23433586","-44,43184376",SPRF-MG,DEL02-MG,UOP01-DEL02-MG
400083.0,2021-11-18,quinta-feira,15:15:00,MG,116.0,758,LEOPOLDINA,Animais na Pista,Atropelamento de Animal,Sem Vítimas,Pleno dia,Crescente,Céu Claro,Simples,Reta,Não,1,0,0,0,1,0,0,1,"-21,48596969","-42,5773859",SPRF-MG,DEL07-MG,UOP01-DEL07-MG
400086.0,2021-12-06,segunda-feira,09:00:00,MG,116.0,"456,5",ENGENHEIRO CALDAS,Desrespeitar a preferência no cruzamento,Colisão frontal,Com Vítimas Feridas,Pleno dia,Crescente,Nublado,Simples,Interseção de vias,Sim,2,0,1,0,1,0,1,2,"-19,20082084","-42,04762426",SPRF-MG,DEL06-MG,UOP02-DEL06-MG
400094.0,2021-12-06,segunda-feira,09:50:00,MG,381.0,"598,6",CARMOPOLIS DE MINAS,Chuva,Saída de leito carroçável,Com Vítimas Feridas,Pleno dia,Decrescente,Chuva,Dupla,Reta,Não,1,0,1,0,0,0,1,1,"-20,60716895","-44,73310303",SPRF-MG,DEL04-MG,UOP01-DEL04-MG
400113.0,2021-12-06,segunda-feira,10:45:00,MG,116.0,"113,2",ITAOBIM,Acessar a via sem observar a presença dos outros veículos,Colisão transversal,Com Vítimas Feridas,Pleno dia,Crescente,Sol,Simples,Reta,Não,4,0,1,0,3,0,1,2,"-16,543018","-41,504666",SPRF-MG,DEL11-MG,UOP02-DEL11-MG
400119.0,2021-12-06,segunda-feira,10:10:00,MG,40.0,"656,3",CRISTIANO OTONI,Velocidade Incompatível,Colisão com objeto,Com Vítimas Feridas,Pleno dia,Decrescente,Chuva,Dupla,Não Informado,Não,1,0,1,0,0,0,1,1,"-20,879537","-43,800648",SPRF-MG,DEL05-MG,UOP02-DEL05-MG
400122.0,2021-12-06,segunda-feira,12:15:00,MG,40.0,516,RIBEIRAO DAS NEVES,Chuva,Saída de leito carroçável,Com Vítimas Feridas,Pleno dia,Decrescente,Chuva,Dupla,Curva,Sim,1,0,1,0,0,0,1,1,"-19,81628624","-44,08960124",SPRF-MG,DEL01-MG,UOP02-DEL01-MG
400137.0,2021-12-06,segunda-feira,11:30:00,MG,365.0,104,JEQUITAI,Acumulo de óleo sobre o pavimento,Saída de leito carroçável,Com Vítimas Feridas,Pleno dia,Crescente,Chuva,Simples,Reta,Não,1,0,1,0,0,0,1,1,"-17,21442312","-44,56049104",SPRF-MG,DEL12-MG,UOP01-DEL12-MG
400140.0,2021-12-06,segunda-feira,08:50:00,MG,40.0,"635,3",CONSELHEIRO LAFAIETE,Chuva,Colisão frontal,Com Vítimas Feridas,Pleno dia,Crescente,Chuva,Simples,Curva,Não,3,0,0,3,0,0,3,2,"-20,706183","-43,792703",SPRF-MG,DEL05-MG,UOP02-DEL05-MG
400162.0,2021-12-06,segunda-feira,14:15:00,MG,116.0,"597,8",SAO JOAO DO MANHUACU,Ausência de reação do condutor,Colisão traseira,Com Vítimas Feridas,Pleno dia,Decrescente,Chuva,Simples,Reta,Não,4,0,2,0,2,0,2,2,"-20,30758163","-42,1471677",SPRF-MG,DEL06-MG,UOP04-DEL06-MG
400201.0,2021-12-06,segunda-feira,15:30:00,MG,381.0,"568,7",ITAGUARA,Velocidade Incompatível,Saída de leito carroçável,Com Vítimas Feridas,Pleno dia,Crescente,Nublado,Dupla,Reta,Não,4,0,3,1,0,0,4,1,"-20,42649228","-44,54458383",SPRF-MG,DEL04-MG,UOP03-DEL04-MG
400208.0,2021-09-01,quarta-feira,19:25:00,MG,365.0,589,ARAGUARI,Reação tardia ou ineficiente do condutor,Saída de leito carroçável,Com Vítimas Feridas,Plena Noite,Crescente,Céu Claro,Simples,Reta,Não,7,0,6,0,1,0,6,1,"-18,88216035","-48,03476866",SPRF-MG,DEL15-MG,UOP02-DEL15-MG
400223.0,2021-12-06,segunda-feira,21:30:00,MG,381.0,"491,1",BETIM,Condutor usando celular,Colisão com objeto,Sem Vítimas,Plena Noite,Decrescente,Nublado,Dupla,Interseção de vias,Sim,1,0,0,0,0,1,0,1,"-19,97018187","-44,18210416",SPRF-MG,DEL01-MG,UOP03-DEL01-MG
400247.0,2021-12-07,terça-feira,04:45:00,MG,40.0,"511,1",RIBEIRAO DAS NEVES,Acessar a via sem observar a presença dos outros veículos,Atropelamento de Pedestre,Com Vítimas Feridas,Plena Noite,Crescente,Chuva,Dupla,Reta,Sim,2,0,1,0,1,0,1,1,"-19,78164295","-44,11733194",SPRF-MG,DEL01-MG,UOP02-DEL01-MG
400262.0,2021-12-07,terça-feira,07:15:00,MG,381.0,334,BELA VISTA DE MINAS,Chuva,Capotamento,Com Vítimas Feridas,Pleno dia,Crescente,Chuva,Simples,Curva,Não,3,0,2,0,1,0,2,1,"-19,81025584","-43,06303471",SPRF-MG,DEL03-MG,UOP01-DEL03-MG
400304.0,2021-12-07,terça-feira,12:05:00,MG,381.0,564,ITAGUARA,Entrada inopinada do pedestre,Atropelamento de Pedestre,Com Vítimas Feridas,Pleno dia,Crescente,Nublado,Dupla,Reta,Sim,3,0,0,1,1,1,1,1,"-20,40450975","-44,51780716",SPRF-MG,DEL04-MG,UOP03-DEL04-MG
400307.0,2021-12-07,terça-feira,12:40:00,MG,381.0,"452,2",SABARA,Ultrapassagem Indevida,Colisão lateral mesmo sentido,Com Vítimas Feridas,Pleno dia,Crescente,Nublado,Simples,Reta,Sim,2,0,1,0,1,0,1,2,"-19,834378","-43,858281",SPRF-MG,DEL01-MG,UOP01-DEL01-MG
400320.0,2021-12-07,terça-feira,08:25:00,MG,116.0,"779,6",LEOPOLDINA,Retorno proibido,Colisão transversal,Com Vítimas Feridas,Pleno dia,Crescente,Céu Claro,Simples,Curva,Não,2,0,2,0,0,0,2,2,"-21,60837977","-42,69596393",SPRF-MG,DEL07-MG,UOP01-DEL07-MG
400346.0,2021-11-17,quarta-feira,17:45:00,MG,116.0,"637,3",DIVINO,Desrespeitar a preferência no cruzamento,Colisão transversal,Com Vítimas Feridas,Pleno dia,Crescente,Céu Claro,Simples,Não Informado,Não,2,0,0,1,1,0,1,2,"-20,6236239","-42,2214908",SPRF-MG,DEL07-MG,UOP03-DEL07-MG
400353.0,2021-12-07,terça-feira,17:00:00,MG,40.0,20,PARACATU,Velocidade Incompatível,Saída de leito carroçável,Com Vítimas Feridas,Pleno dia,Crescente,Nublado,Simples,Curva,Não,4,0,2,1,1,0,3,1,"-17,10894114","-47,00908295",SPRF-MG,DEL14-MG,UOP01-DEL14-MG
400391.0,2021-12-07,terça-feira,20:50:00,MG,40.0,553,NOVA LIMA,Chuva,Saída de leito carroçável,Com Vítimas Feridas,Plena Noite,Crescente,Chuva,Dupla,Curva,Sim,1,0,1,0,0,0,1,1,"-20,06863326","-43,98194759",SPRF-MG,DEL01-MG,UOP02-DEL01-MG
400417.0,2021-12-08,quarta-feira,01:00:00,MG,50.0,144,UBERABA,Ausência de reação do condutor,Saída de leito carroçável,Com Vítimas Feridas,Plena Noite,Crescente,Céu Claro,Dupla,Reta,Não,2,0,2,0,0,0,2,1,"-19,51129203","-48,04264209",SPRF-MG,DEL13-MG,UOP01-DEL13-MG
400419.0,2021-12-03,sexta-feira,07:00:00,MG,116.0,"392,5",GOVERNADOR VALADARES,Chuva,Colisão lateral sentido oposto,Com Vítimas Feridas,Pleno dia,Crescente,Chuva,Simples,Curva,Não,2,0,1,0,1,0,1,2,"-18,69984034","-41,98589444",SPRF-MG,DEL06-MG,UOP01-DEL06-MG
400440.0,2021-12-08,quarta-feira,07:30:00,MG,40.0,"516,4",RIBEIRAO DAS NEVES,Chuva,Saída de leito carroçável,Com Vítimas Feridas,Pleno dia,Decrescente,Chuva,Dupla,Curva,Não,2,0,2,0,0,0,2,1,"-19,81628624","-44,08960124",SPRF-MG,DEL01-MG,UOP02-DEL01-MG
400446.0,2021-12-08,quarta-feira,08:20:00,MG,40.0,"823,6",SIMAO PEREIRA,Chuva,Colisão com objeto,Com Vítimas Feridas,Pleno dia,Crescente,Chuva,Dupla,Curva,Não,1,0,1,0,0,0,1,1,"-21,9614888","-43,2986757",SPRF-MG,DEL05-MG,UOP01-DEL05-MG
400452.0,2021-11-21,domingo,20:16:00,MG,40.0,"676,7",CARANDAI,Acessar a via sem observar a presença dos outros veículos,Colisão traseira,Com Vítimas Feridas,Plena Noite,Crescente,Nublado,Simples,Reta,Não,1,0,1,0,0,0,1,1,"-21,0202435","-43,78295034",SPRF-MG,DEL05-MG,UOP02-DEL05-MG
400472.0,2021-12-08,quarta-feira,11:22:00,MG,381.0,"913,1",CAMANDUCAIA,Ausência de reação do condutor,Colisão com objeto,Com Vítimas Fatais,Pleno dia,Decrescente,Nublado,Dupla,Não Informado,Não,2,1,1,0,0,0,1,1,"-22,71668974","-46,12565351",SPRF-MG,DEL16-MG,UOP03-DEL16-MG
400482.0,2021-12-08,quarta-feira,11:05:00,MG,251.0,"444,4",GRAO MOGOL,Pista Escorregadia,Saída de leito carroçável,Com Vítimas Feridas,Pleno dia,Decrescente,Chuva,Simples,Curva,Não,2,0,1,0,1,0,1,1,"-16,4185062","-43,26071281",SPRF-MG,DEL12-MG,UOP01-DEL12-MG
400493.0,2021-12-08,quarta-feira,12:30:00,MG,381.0,341,BELA VISTA DE MINAS,Velocidade Incompatível,Capotamento,Com Vítimas Feridas,Pleno dia,Crescente,Garoa/Chuvisco,Simples,Não Informado,Não,4,0,4,0,0,0,4,1,"-19,84403064","-43,10352396",SPRF-MG,DEL03-MG,UOP01-DEL03-MG
400503.0,2021-12-08,quarta-feira,14:00:00,MG,40.0,"549,6",NOVA LIMA,Reação tardia ou ineficiente do condutor,Saída de leito carroçável,Com Vítimas Feridas,Pleno dia,Decrescente,Chuva,Dupla,Não Informado,Sim,1,0,1,0,0,0,1,1,"-20,03972326","-43,96703232",SPRF-MG,DEL01-MG,UOP02-DEL01-MG
400506.0,2021-12-08,quarta-feira,14:20:00,MG,262.0,"882,4",CAMPO FLORIDO,Ausência de reação do condutor,Saída de leito carroçável,Com Vítimas Feridas,Pleno dia,Decrescente,Céu Claro,Simples,Desvio Temporário,Não,2,0,2,0,0,0,2,1,"-19,759798","-48,628418",SPRF-MG,DEL13-MG,UOP02-DEL13-MG
400509.0,2021-12-08,quarta-feira,14:10:00,MG,40.0,"548,4",NOVA LIMA,Ingestão de álcool pelo condutor,Colisão com objeto,Sem Vítimas,Pleno dia,Decrescente,Nublado,Dupla,Curva,Não,1,0,0,0,0,1,0,1,"-20,03136499","-43,96967792",SPRF-MG,DEL01-MG,UOP02-DEL01-MG
400556.0,2021-12-08,quarta-feira,20:00:00,MG,267.0,"152,5",LIMA DUARTE,Acessar a via sem observar a presença dos outros veículos,Colisão transversal,Com Vítimas Feridas,Plena Noite,Crescente,Chuva,Simples,Reta,Sim,2,0,0,1,1,0,1,2,"-21,825264","-43,75612716",SPRF-MG,DEL05-MG,UOP01-DEL05-MG
400569.0,2021-12-08,quarta-feira,15:20:00,MG,365.0,352,VARJAO DE MINAS,Pista em desnível,Saída de leito carroçável,Com Vítimas Feridas,Pleno dia,Decrescente,Céu Claro,Simples,Reta,Não,3,0,1,0,2,0,1,1,"-18,34261392","-46,01673413",SPRF-MG,DEL10-MG,UOP01-DEL10-MG
400572.0,2021-12-08,quarta-feira,19:40:00,MG,365.0,"467,5",PATROCINIO,Acessar a via sem observar a presença dos outros veículos,Colisão lateral mesmo sentido,Com Vítimas Feridas,Plena Noite,Crescente,Céu Claro,Simples,Reta,Não,3,0,0,1,2,0,1,2,"-18,90856613","-46,96707288",SPRF-MG,DEL10-MG,UOP01-DEL10-MG
400601.0,2021-12-09,quinta-feira,02:20:00,MG,381.0,850,POUSO ALEGRE,Ingestão de álcool pelo condutor,Colisão com objeto,Sem Vítimas,Plena Noite,Decrescente,Céu Claro,Dupla,Não Informado,Sim,1,0,0,0,1,0,0,1,"-22,24045395","-45,8811456",SPRF-MG,DEL16-MG,UOP01-DEL16-MG
400604.0,2021-12-09,quinta-feira,04:00:00,MG,40.0,"614,5",CONGONHAS,Ausência de reação do condutor,Saída de leito carroçável,Sem Vítimas,Plena Noite,Decrescente,Nublado,Simples,Curva,Não,1,0,0,0,1,0,0,1,"-20,52977973","-43,82351464",SPRF-MG,DEL05-MG,UOP02-DEL05-MG
400618.0,2021-12-09,quinta-feira,06:30:00,MG,50.0,"102,3",UBERABA,Avarias e/ou desgaste excessivo no pneu,Saída de leito carroçável,Sem Vítimas,Pleno dia,Crescente,Céu Claro,Dupla,Retorno Regulamentado,Não,1,0,0,0,1,0,0,1,"-19,15357015","-48,16546551",SPRF-MG,DEL13-MG,UOP01-DEL13-MG
400622.0,2021-12-09,quinta-feira,07:50:00,MG,40.0,"639,5",CONSELHEIRO LAFAIETE,Ausência de reação do condutor,Queda de ocupante de veículo,Com Vítimas Feridas,Pleno dia,Crescente,Céu Claro,Simples,Reta,Não,1,0,1,0,0,0,1,1,"-20,73219989","-43,79985054",SPRF-MG,DEL05-MG,UOP02-DEL05-MG
400663.0,2021-12-05,domingo,17:45:00,MG,116.0,"528,6",CARATINGA,Velocidade Incompatível,Colisão com objeto,Com Vítimas Feridas,Anoitecer,Crescente,Nublado,Simples,Reta,Sim,2,0,1,1,0,0,2,1,"-19,794033","-42,13731414",SPRF-MG,DEL06-MG,UOP02-DEL06-MG
400717.0,2021-12-09,quinta-feira,18:05:00,MG,365.0,"17,5",MONTES CLAROS,Chuva,Capotamento,Com Vítimas Feridas,Anoitecer,Decrescente,Chuva,Simples,Reta,Não,2,0,2,0,0,0,2,1,"-16,87724015","-43,993381",SPRF-MG,DEL12-MG,UOP01-DEL12-MG
400721.0,2021-12-09,quinta-feira,19:45:00,MG,50.0,206,DELTA,Ausência de reação do condutor,Tombamento,Com Vítimas Feridas,Plena Noite,Decrescente,Céu Claro,Dupla,Reta,Não,1,0,0,1,0,0,1,1,"-19,92627147","-47,82191068",SPRF-MG,DEL13-MG,UOP01-DEL13-MG
400727.0,2021-12-09,quinta-feira,18:35:00,MG,116.0,"412,9",GOVERNADOR VALADARES,Manobra de mudança de faixa,Colisão lateral mesmo sentido,Com Vítimas Feridas,Anoitecer,Crescente,Nublado,Simples,Viaduto,Sim,3,0,2,0,1,0,2,2,"-18,86882342","-41,97144241",SPRF-MG,DEL06-MG,UOP01-DEL06-MG
400742.0,2021-12-09,quinta-feira,20:40:00,MG,116.0,"705,3",MURIAE,Pedestre andava na pista,Atropelamento de Pedestre,Com Vítimas Feridas,Plena Noite,Crescente,Céu Claro,Simples,Interseção de vias,Sim,2,0,0,1,1,0,1,1,"-21,1404896","-42,38136978",SPRF-MG,DEL07-MG,UOP02-DEL07-MG
400748.0,2021-12-09,quinta-feira,19:00:00,MG,262.0,445,NOVA SERRANA,Acessar a via sem observar a presença dos outros veículos,Colisão traseira,Sem Vítimas,Plena Noite,Decrescente,Nublado,Múltipla,Interseção de vias,Sim,2,0,0,0,2,0,0,2,"-19,87799664","-44,94086286",SPRF-MG,DEL08-MG,UOP03-DEL08-MG
400752.0,2021-12-09,quinta-feira,11:00:00,MG,116.0,530,CARATINGA,Ausência de sinalização,Colisão transversal,Com Vítimas Feridas,Pleno dia,Crescente,Nublado,Simples,Retorno Regulamentado,Sim,2,0,0,1,0,1,1,2,"-19,80264363","-42,1366775",SPRF-MG,DEL06-MG,UOP02-DEL06-MG
400754.0,2021-12-09,quinta-feira,16:45:00,MG,365.0,691,MONTE ALEGRE DE MINAS,Pedestre cruzava a pista fora da faixa,Atropelamento de Pedestre,Com Vítimas Feridas,Pleno dia,Crescente,Céu Claro,Múltipla,Reta,Sim,2,0,1,0,1,0,1,1,"-18,87607432","-48,88409078",SPRF-MG,DEL15-MG,UOP03-DEL15-MG
400767.0,2021-12-10,sexta-feira,02:15:00,MG,381.0,"563,8",ITAGUARA,Velocidade Incompatível,Saída de leito carroçável,Com Vítimas Feridas,Plena Noite,Crescente,Céu Claro,Dupla,Curva,Não,1,0,1,0,0,0,1,1,"-20,40233189","-44,509134",SPRF-MG,DEL04-MG,UOP03-DEL04-MG
400770.0,2021-12-10,sexta-feira,03:10:00,MG,356.0,"267,3",MURIAE,Ausência de reação do condutor,Tombamento,Com Vítimas Fatais,Plena Noite,Decrescente,Céu Claro,Simples,Não Informado,Sim,3,1,0,0,0,2,0,1,"-21,12725696","-42,35052695",SPRF-MG,DEL07-MG,UOP02-DEL07-MG
400772.0,2021-12-09,quinta-feira,20:20:00,MG,153.0,"41,4",MONTE ALEGRE DE MINAS,Demais falhas na via,Queda de ocupante de veículo,Com Vítimas Feridas,Plena Noite,Crescente,Céu Claro,Dupla,Desvio Temporário,Não,2,0,2,0,0,0,2,1,"-18,7497043","-49,08485322",SPRF-MG,DEL15-MG,UOP03-DEL15-MG
400783.0,2021-12-10,sexta-feira,04:20:00,MG,40.0,482,SETE LAGOAS,Velocidade Incompatível,Saída de leito carroçável,Com Vítimas Feridas,Pleno dia,Crescente,Nublado,Dupla,Reta,Não,3,0,1,0,0,2,1,1,"-19,55911383","-44,24017469",SPRF-MG,DEL02-MG,UOP01-DEL02-MG
400801.0,2021-12-10,sexta-feira,07:40:00,MG,381.0,"484,7",BETIM,Condutor deixou de manter distância do veículo da frente,Colisão traseira,Com Vítimas Feridas,Pleno dia,Decrescente,Céu Claro,Dupla,Desvio Temporário,Sim,1,0,1,0,0,0,1,1,"-19,95531717","-44,11722196",SPRF-MG,DEL01-MG,UOP03-DEL01-MG
400802.0,2021-12-10,sexta-feira,07:40:00,MG,381.0,"484,7",BETIM,Reação tardia ou ineficiente do condutor,Queda de ocupante de veículo,Com Vítimas Feridas,Pleno dia,Decrescente,Céu Claro,Múltipla,Reta,Sim,1,0,1,0,0,0,1,1,"-19,95531717","-44,11722196",SPRF-MG,DEL01-MG,UOP03-DEL01-MG
400877.0,2021-12-10,sexta-feira,16:20:00,MG,381.0,"492,2",BETIM,Condutor deixou de manter distância do veículo da frente,Colisão traseira,Com Vítimas Feridas,Pleno dia,Decrescente,Céu Claro,Múltipla,Reta,Sim,2,0,1,0,1,0,1,2,"-19,97490091","-44,19004301",SPRF-MG,DEL01-MG,UOP03-DEL01-MG
400897.0,2021-12-10,sexta-feira,15:20:00,MG,40.0,522,CONTAGEM,Avarias e/ou desgaste excessivo no pneu,Queda de ocupante de veículo,Com Vítimas Feridas,Pleno dia,Decrescente,Céu Claro,Dupla,Reta,Sim,2,0,2,0,0,0,2,1,"-19,8638731","-44,06749809",SPRF-MG,DEL01-MG,UOP02-DEL01-MG