id,data_inversa,dia_semana,horario,uf,br,km,municipio,causa_acidente,tipo_acidente,classificacao_acidente,fase_dia,sentido_via,condicao_metereologica,tipo_pista,tracado_via,uso_solo,pessoas,mortos,feridos_leves,feridos_graves,ilesos,ignorados,feridos,veiculos,latitude,longitude,regional,delegacia,uop
400906.0,2021-12-10,sexta-feira,17:15:00,MG,381.0,"558,9",ITAGUARA,Demais falhas mecânicas ou elétricas,Queda de ocupante de veículo,Com Vítimas Feridas,Plena Noite,Crescente,Nublado,Dupla,Curva,Não,2,0,2,0,0,0,2,1,"-20,37563821","-44,47422681",SPRF-MG,DEL04-MG,UOP03-DEL04-MG
400917.0,2021-12-10,sexta-feira,20:10:00,MG,50.0,73,UBERLANDIA,Ausência de reação do condutor,Tombamento,Com Vítimas Feridas,Plena Noite,Crescente,Céu Claro,Dupla,Reta,Não,2,0,0,1,0,1,1,1,"-18,85140204","-48,25345932",SPRF-MG,DEL15-MG,UOP01-DEL15-MG
400928.0,2021-12-10,sexta-feira,21:00:00,MG,40.0,557,NOVA LIMA,Reação tardia ou ineficiente do condutor,Colisão lateral mesmo sentido,Sem Vítimas,Plena Noite,Crescente,Nublado,Dupla,Curva,Sim,2,0,0,0,2,0,0,2,"-20,10255103","-43,9749284",SPRF-MG,DEL01-MG,UOP02-DEL01-MG
400942.0,2021-12-10,sexta-feira,21:00:00,MG,40.0,512,RIBEIRAO DAS NEVES,Avarias e/ou desgaste excessivo no pneu,Queda de ocupante de veículo,Com Vítimas Feridas,Plena Noite,Crescente,Céu Claro,Dupla,Não Informado,Sim,2,0,1,0,1,0,1,1,"-19,78946999","-44,11290699",SPRF-MG,DEL01-MG,UOP02-DEL01-MG
400943.0,2021-12-10,sexta-feira,21:15:00,MG,262.0,"36,2",MANHUACU,Conversão proibida,Colisão transversal,Com Vítimas Feridas,Plena Noite,Crescente,Nublado,Simples,Curva,Não,2,0,1,0,1,0,1,2,"-20,25932046","-42,02298331",SPRF-MG,DEL06-MG,UOP04-DEL06-MG
400951.0,2021-12-10,sexta-feira,19:40:00,MG,50.0,"35,7",ARAGUARI,Ausência de reação do condutor,Colisão traseira,Com Vítimas Feridas,Plena Noite,Decrescente,Nublado,Dupla,Interseção de vias,Sim,2,0,1,0,0,1,1,2,"-18,65513602","-48,14977879",SPRF-MG,DEL15-MG,UOP02-DEL15-MG
400973.0,2021-12-11,sábado,02:40:00,MG,40.0,550,NOVA LIMA,Ausência de reação do condutor,Colisão traseira,Com Vítimas Feridas,Plena Noite,Crescente,Nublado,Dupla,Reta,Sim,4,0,3,0,0,1,3,2,"-20,0477638","-43,96439441",SPRF-MG,DEL01-MG,UOP02-DEL01-MG
400993.0,2021-12-11,sábado,06:20:00,MG,381.0,"485,1",BETIM,Ausência de reação do condutor,Colisão traseira,Com Vítimas Feridas,Amanhecer,Decrescente,Céu Claro,Múltipla,Reta,Sim,2,0,1,0,1,0,1,2,"-19,95659361","-44,12622893",SPRF-MG,DEL01-MG,UOP03-DEL01-MG
401025.0,2021-12-11,sábado,06:30:00,MG,267.0,"155,2",LIMA DUARTE,Demais falhas mecânicas ou elétricas,Saída de leito carroçável,Com Vítimas Fatais,Pleno dia,Decrescente,Céu Claro,Simples,Reta,Não,4,1,1,0,2,0,1,1,"-21,83547518","-43,76759901",SPRF-MG,DEL05-MG,UOP01-DEL05-MG
401030.0,2021-12-10,sexta-feira,20:50:00,MG,116.0,"763,3",LEOPOLDINA,Desrespeitar a preferência no cruzamento,Colisão transversal,Com Vítimas Feridas,Plena Noite,Decrescente,Nublado,Simples,Interseção de vias,Sim,2,0,1,0,0,1,1,2,"-21,52635545","-42,63256914",SPRF-MG,DEL07-MG,UOP01-DEL07-MG
401031.0,2021-12-11,sábado,09:00:00,MG,116.0,"600,3",SAO JOAO DO MANHUACU,Manobra de mudança de faixa,Colisão transversal,Com Vítimas Feridas,Pleno dia,Crescente,Céu Claro,Simples,Reta,Não,2,0,0,1,1,0,1,2,"-20,33157703","-42,14776317",SPRF-MG,DEL06-MG,UOP04-DEL06-MG
401070.0,2021-12-11,sábado,15:20:00,MG,381.0,"655,2",SANTO ANTONIO DO AMPARO,Ausência de reação do condutor,Saída de leito carroçável,Com Vítimas Feridas,Pleno dia,Decrescente,Nublado,Dupla,Não Informado,Não,4,0,1,0,3,0,1,1,"-21,00073835","-44,96765656",SPRF-MG,DEL04-MG,UOP02-DEL04-MG
401072.0,2021-12-11,sábado,15:00:00,MG,365.0,"68,3",JEQUITAI,Ausência de reação do condutor,Saída de leito carroçável,Com Vítimas Feridas,Pleno dia,Decrescente,Chuva,Simples,Curva,Não,3,0,3,0,0,0,3,1,"-17,06346094","-44,3372752",SPRF-MG,DEL12-MG,UOP01-DEL12-MG
401127.0,2021-12-11,sábado,20:30:00,MG,40.0,"482,1",SETE LAGOAS,Reação tardia ou ineficiente do condutor,Colisão traseira,Com Vítimas Feridas,Plena Noite,Crescente,Céu Claro,Dupla,Não Informado,Não,6,0,1,2,3,0,3,3,"-19,55921","-44,24033",SPRF-MG,DEL02-MG,UOP01-DEL02-MG
401172.0,2021-12-11,sábado,22:45:00,MG,365.0,"565,3",INDIANOPOLIS,Chuva,Tombamento,Com Vítimas Fatais,Plena Noite,Crescente,Chuva,Simples,Reta,Não,2,1,0,1,0,0,1,1,"-18,9170246","-47,82585797",SPRF-MG,DEL15-MG,UOP02-DEL15-MG
401199.0,2021-12-12,domingo,03:10:00,MG,262.0,429,SAO GONCALO DO PARA,Ausência de reação do condutor,Colisão com objeto,Sem Vítimas,Plena Noite,Decrescente,Nublado,Dupla,Reta,Não,1,0,0,0,1,0,0,1,"-19,88839281","-44,79613504",SPRF-MG,DEL08-MG,UOP03-DEL08-MG
401210.0,2021-12-12,domingo,04:30:00,MG,267.0,70,BICAS,Velocidade Incompatível,Saída de leito carroçável,Sem Vítimas,Amanhecer,Decrescente,Nublado,Simples,Curva,Não,2,0,0,0,0,2,0,1,"-21,74480506","-43,13260598",SPRF-MG,DEL05-MG,UOP01-DEL05-MG
401234.0,2021-12-11,sábado,20:40:00,MG,50.0,"200,7",DELTA,Acessar a via sem observar a presença dos outros veículos,Colisão com objeto,Com Vítimas Feridas,Plena Noite,Decrescente,Céu Claro,Dupla,Reta,Não,3,0,1,0,1,1,1,2,"-19,92627147","-47,82191068",SPRF-MG,DEL13-MG,UOP01-DEL13-MG
401236.0,2021-12-12,domingo,07:00:00,MG,364.0,37,FRUTAL,Ausência de reação do condutor,Saída de leito carroçável,Sem Vítimas,Pleno dia,Decrescente,Nublado,Simples,Curva,Não,1,0,0,0,0,1,0,1,"-20,025185","-48,94096",SPRF-MG,DEL13-MG,UOP02-DEL13-MG
401242.0,2021-12-12,domingo,05:00:00,MG,251.0,458,GRAO MOGOL,Reação tardia ou ineficiente do condutor,Colisão com objeto,Com Vítimas Feridas,Amanhecer,Decrescente,Nublado,Simples,Curva,Não,3,0,2,0,1,0,2,1,"-16,41473399","-43,368613",SPRF-MG,DEL12-MG,UOP01-DEL12-MG
401278.0,2021-12-12,domingo,12:50:00,MG,381.0,"501,7",BETIM,Avarias e/ou desgaste excessivo no pneu,Queda de ocupante de veículo,Com Vítimas Feridas,Pleno dia,Decrescente,Céu Claro,Dupla,Reta,Não,2,0,2,0,0,0,2,1,"-20,03146447","-44,2377893",SPRF-MG,DEL01-MG,UOP03-DEL01-MG
401281.0,2021-12-10,sexta-feira,07:00:00,MG,262.0,93,ABRE CAMPO,Acessar a via sem observar a presença dos outros veículos,Colisão transversal,Com Vítimas Feridas,Pleno dia,Crescente,Céu Claro,Simples,Reta,Não,3,0,3,0,0,0,3,2,"-20,31531995","-42,46661228",SPRF-MG,DEL03-MG,UOP03-DEL03-MG
401286.0,2021-12-12,domingo,14:10:00,MG,381.0,"921,3",ITAPEVA,Pista Escorregadia,Colisão com objeto,Com Vítimas Feridas,Pleno dia,Crescente,Chuva,Dupla,Curva,Não,2,0,2,0,0,0,2,1,"-22,76318182","-46,17125172",SPRF-MG,DEL16-MG,UOP03-DEL16-MG
401287.0,2021-12-12,domingo,14:15:00,MG,262.0,"417,9",PARA DE MINAS,Velocidade Incompatível,Capotamento,Com Vítimas Feridas,Pleno dia,Crescente,Chuva,Dupla,Não Informado,Não,2,0,2,0,0,0,2,1,"-19,90564403","-44,68893403",SPRF-MG,DEL08-MG,UOP03-DEL08-MG
401305.0,2021-12-12,domingo,15:30:00,MG,381.0,519,IGARAPE,Ingestão de álcool pelo condutor,Colisão com objeto,Com Vítimas Feridas,Pleno dia,Crescente,Céu Claro,Dupla,Curva,Não,2,0,1,0,1,0,1,1,"-20,12834104","-44,30330781",SPRF-MG,DEL04-MG,UOP03-DEL04-MG
401329.0,2021-12-12,domingo,18:10:00,MG,40.0,446,PARAOPEBA,Velocidade Incompatível,Queda de ocupante de veículo,Com Vítimas Feridas,Anoitecer,Decrescente,Céu Claro,Simples,Retorno Regulamentado,Não,1,0,0,1,0,0,1,1,"-19,28815","-44,392",SPRF-MG,DEL02-MG,UOP01-DEL02-MG
401344.0,2021-12-12,domingo,16:50:00,MG,381.0,"824,3",CAREACU,Ausência de reação do condutor,Saída de leito carroçável,Com Vítimas Feridas,Pleno dia,Decrescente,Céu Claro,Dupla,Reta,Não,2,0,2,0,0,0,2,1,"-22,09709214","-45,71617126",SPRF-MG,DEL16-MG,UOP01-DEL16-MG
401351.0,2021-12-12,domingo,17:30:00,MG,354.0,"722,3",POUSO ALTO,Acessar a via sem observar a presença dos outros veículos,Colisão traseira,Com Vítimas Feridas,Pleno dia,Decrescente,Nublado,Simples,Reta,Não,2,0,1,0,1,0,1,2,"-22,1055941","-44,95688947",SPRF-MG,DEL17-MG,UOP01-DEL17-MG
401363.0,2021-12-12,domingo,19:20:00,MG,262.0,699,ARAXA,Chuva,Colisão frontal,Sem Vítimas,Plena Noite,Decrescente,Chuva,Simples,Não Informado,Não,2,0,0,0,1,1,0,2,"-19,57362007","-47,04840592",SPRF-MG,DEL08-MG,UOP01-DEL08-MG
401377.0,2021-12-12,domingo,20:30:00,MG,40.0,"618,5",CONGONHAS,Pedestre cruzava a pista fora da faixa,Atropelamento de Pedestre,Com Vítimas Feridas,Plena Noite,Crescente,Chuva,Simples,Curva,Não,2,0,0,1,1,0,1,1,"-20,5615888","-43,81227278",SPRF-MG,DEL05-MG,UOP02-DEL05-MG
401411.0,2021-12-13,segunda-feira,02:15:00,MG,153.0,"107,5",PRATA,Área urbana sem a presença de local apropriado para a travessia de pedestres,Atropelamento de Pedestre,Com Vítimas Feridas,Plena Noite,Crescente,Chuva,Simples,Reta,Sim,2,0,1,0,1,0,1,1,"-19,28824388","-48,91115575",SPRF-MG,DEL15-MG,UOP03-DEL15-MG
401424.0,2021-12-12,domingo,19:50:00,MG,262.0,47,MANHUACU,Afundamento ou ondulação no pavimento,Tombamento,Com Vítimas Feridas,Plena Noite,Decrescente,Nublado,Simples,Curva,Não,1,0,0,1,0,0,1,1,"-20,256748","-42,113142",SPRF-MG,DEL06-MG,UOP04-DEL06-MG
401431.0,2021-12-13,segunda-feira,06:25:00,MG,381.0,343,BELA VISTA DE MINAS,Chuva,Saída de leito carroçável,Sem Vítimas,Amanhecer,Crescente,Chuva,Simples,Curva,Não,2,0,0,0,2,0,0,1,"-19,85663904","-43,10916603",SPRF-MG,DEL03-MG,UOP01-DEL03-MG
401438.0,2021-12-12,domingo,05:20:00,MG,40.0,766,JUIZ DE FORA,Ausência de reação do condutor,Saída de leito carroçável,Sem Vítimas,Amanhecer,Crescente,Chuva,Simples,Reta,Não,1,0,0,0,0,1,0,1,"-21,5688431","-43,47868311",SPRF-MG,DEL05-MG,UOP01-DEL05-MG
401440.0,2021-12-09,quinta-feira,22:00:00,MG,116.0,116,ITAOBIM,Demais falhas na via,Tombamento,Com Vítimas Feridas,Plena Noite,Decrescente,Chuva,Simples,Ponte,Não,1,0,1,0,0,0,1,1,"-16,565216","-41,504654",SPRF-MG,DEL11-MG,UOP02-DEL11-MG
401446.0,2021-12-13,segunda-feira,07:30:00,MG,262.0,385,MATEUS LEME,Velocidade Incompatível,Saída de leito carroçável,Com Vítimas Feridas,Pleno dia,Crescente,Chuva,Dupla,Curva,Não,1,0,1,0,0,0,1,1,"-19,92187414","-44,46784973",SPRF-MG,DEL01-MG,UOP03-DEL01-MG
401447.0,2021-12-13,segunda-feira,07:30:00,MG,262.0,"803,2",UBERABA,Manobra de mudança de faixa,Colisão lateral mesmo sentido,Com Vítimas Feridas,Pleno dia,Crescente,Chuva,Dupla,Reta,Sim,2,0,2,0,0,0,2,2,"-19,774652","-47,917921",SPRF-MG,DEL13-MG,UOP01-DEL13-MG
401453.0,2021-12-13,segunda-feira,07:45:00,MG,40.0,547,NOVA LIMA,Pista Escorregadia,Saída de leito carroçável,Com Vítimas Feridas,Pleno dia,Decrescente,Chuva,Dupla,Não Informado,Sim,2,0,1,0,1,0,1,2,"-20,02252424","-43,97026042",SPRF-MG,DEL01-MG,UOP02-DEL01-MG
401474.0,2021-12-13,segunda-feira,10:00:00,MG,262.0,"866,8",CAMPO FLORIDO,Velocidade Incompatível,Saída de leito carroçável,Com Vítimas Feridas,Pleno dia,Crescente,Garoa/Chuvisco,Dupla,Curva,Não,1,0,0,1,0,0,1,1,"-19,78510165","-48,44068087",SPRF-MG,DEL13-MG,UOP01-DEL13-MG
401485.0,2021-12-13,segunda-feira,09:15:00,MG,50.0,17,ARAGUARI,Velocidade Incompatível,Saída de leito carroçável,Com Vítimas Feridas,Pleno dia,Decrescente,Chuva,Dupla,Curva,Não,2,0,1,0,1,0,1,1,"-18,56358502","-48,05639606",SPRF-MG,DEL15-MG,UOP02-DEL15-MG
401502.0,2021-12-13,segunda-feira,11:30:00,MG,40.0,"712,5",BARBACENA,Manobra de mudança de faixa,Colisão lateral mesmo sentido,Com Vítimas Feridas,Pleno dia,Crescente,Nublado,Dupla,Reta,Não,3,0,2,0,1,0,2,2,"-21,24037628","-43,69741912",SPRF-MG,DEL05-MG,UOP02-DEL05-MG
401559.0,2021-12-13,segunda-feira,18:10:00,MG,381.0,317,ANTONIO DIAS,Pista esburacada,Capotamento,Com Vítimas Feridas,Anoitecer,Decrescente,Chuva,Simples,Curva,Não,1,0,1,0,0,0,1,1,"-19,70673817","-42,99914266",SPRF-MG,DEL03-MG,UOP02-DEL03-MG
401566.0,2021-12-13,segunda-feira,16:10:00,MG,262.0,40,MANHUACU,Acesso irregular,Colisão lateral sentido oposto,Com Vítimas Feridas,Pleno dia,Decrescente,Nublado,Simples,Reta,Não,2,0,1,0,1,0,1,2,"-20,27334219","-42,04913988",SPRF-MG,DEL06-MG,UOP04-DEL06-MG
401567.0,2021-12-13,segunda-feira,16:00:00,MG,50.0,"124,4",UBERABA,Velocidade Incompatível,Saída de leito carroçável,Com Vítimas Feridas,Pleno dia,Crescente,Chuva,Dupla,Reta,Não,1,0,1,0,0,0,1,1,"-19,345941","-48,093642",SPRF-MG,DEL13-MG,UOP01-DEL13-MG
401572.0,2021-12-13,segunda-feira,20:15:00,MG,40.0,429,PARAOPEBA,Animais na Pista,Atropelamento de Animal,Com Vítimas Feridas,Plena Noite,Decrescente,Céu Claro,Dupla,Não Informado,Não,3,0,1,0,1,1,1,3,"-19,18561589","-44,49396791",SPRF-MG,DEL02-MG,UOP01-DEL02-MG
401583.0,2021-12-13,segunda-feira,20:00:00,MG,40.0,181,JOAO PINHEIRO,Condutor deixou de manter distância do veículo da frente,Colisão traseira,Com Vítimas Feridas,Plena Noite,Crescente,Nublado,Simples,Não Informado,Não,2,0,2,0,0,0,2,1,"-17,97396407","-45,97249507",SPRF-MG,DEL14-MG,UOP02-DEL14-MG
401602.0,2021-12-10,sexta-feira,04:00:00,MG,40.0,482,SETE LAGOAS,Pista Escorregadia,Saída de leito carroçável,Sem Vítimas,Plena Noite,Crescente,Céu Claro,Dupla,Reta,Não,2,0,0,0,2,0,0,1,"-19,56753","-44,23715",SPRF-MG,DEL02-MG,UOP01-DEL02-MG
401619.0,2021-12-14,terça-feira,06:20:00,MG,381.0,"943,3",EXTREMA,Demais falhas mecânicas ou elétricas,Incêndio,Sem Vítimas,Pleno dia,Crescente,Nublado,Dupla,Não Informado,Não,1,0,0,0,1,0,0,1,"-22,87018424","-46,3581479",SPRF-MG,DEL16-MG,UOP03-DEL16-MG
401631.0,2021-12-10,sexta-feira,14:00:00,MG,381.0,"238,1",SANTANA DO PARAISO,Desrespeitar a preferência no cruzamento,Colisão transversal,Com Vítimas Feridas,Pleno dia,Decrescente,Nublado,Simples,Interseção de vias,Não,3,0,1,1,1,0,2,2,"-19,401974","-42,48351795",SPRF-MG,DEL06-MG,UOP01-DEL06-MG
401691.0,2021-12-14,terça-feira,13:30:00,MG,381.0,"374,5",SAO GONCALO DO RIO ABAIXO,Acumulo de óleo sobre o pavimento,Colisão com objeto,Com Vítimas Feridas,Pleno dia,Crescente,Garoa/Chuvisco,Simples,Curva,Não,1,0,1,0,0,0,1,1,"-19,84141645","-43,32982083",SPRF-MG,DEL01-MG,UOP01-DEL01-MG
401733.0,2021-12-14,terça-feira,16:40:00,MG,40.0,551,NOVA LIMA,Entrada inopinada do pedestre,Atropelamento de Pedestre,Com Vítimas Feridas,Pleno dia,Decrescente,Nublado,Múltipla,Desvio Temporário,Sim,4,0,0,1,1,2,1,2,"-20,05411435","-43,97101875",SPRF-MG,DEL01-MG,UOP02-DEL01-MG
401735.0,2021-12-14,terça-feira,15:30:00,MG,40.0,"746,1",SANTOS DUMONT,Velocidade Incompatível,Saída de leito carroçável,Com Vítimas Feridas,Pleno dia,Decrescente,Chuva,Simples,Não Informado,Não,4,0,1,0,3,0,1,1,"-21,43028197","-43,55615283",SPRF-MG,DEL05-MG,UOP01-DEL05-MG
401747.0,2021-12-14,terça-feira,16:20:00,MG,381.0,"494,9",BETIM,Ausência de reação do condutor,Eventos atípicos,Com Vítimas Feridas,Pleno dia,Decrescente,Nublado,Dupla,Reta,Sim,1,0,1,0,0,0,1,1,"-19,985563","-44,20318",SPRF-MG,DEL01-MG,UOP03-DEL01-MG
401750.0,2021-12-14,terça-feira,17:30:00,MG,381.0,"508,2",SAO JOAQUIM DE BICAS,Velocidade Incompatível,Tombamento,Com Vítimas Feridas,Pleno dia,Decrescente,Nublado,Dupla,Curva,Sim,1,0,1,0,0,0,1,1,"-20,06277698","-44,29329002",SPRF-MG,DEL01-MG,UOP03-DEL01-MG
401772.0,2021-12-14,terça-feira,18:35:00,MG,40.0,524,CONTAGEM,Acessar a via sem observar a presença dos outros veículos,Atropelamento de Pedestre,Com Vítimas Feridas,Plena Noite,Decrescente,Céu Claro,Dupla,Não Informado,Sim,2,0,2,0,0,0,2,1,"-19,87682006","-44,05238628",SPRF-MG,DEL01-MG,UOP02-DEL01-MG
401795.0,2021-12-14,terça-feira,22:00:00,MG,40.0,"78,9",PARACATU,Animais na Pista,Atropelamento de Animal,Com Vítimas Feridas,Plena Noite,Crescente,Chuva,Simples,Reta,Não,1,0,1,0,0,0,1,1,"-17,45277425","-46,67703013",SPRF-MG,DEL14-MG,UOP01-DEL14-MG
401823.0,2021-12-15,quarta-feira,06:30:00,MG,381.0,"750,7",TRES CORACOES,Pista Escorregadia,Colisão com objeto,Com Vítimas Feridas,Pleno dia,Decrescente,Chuva,Dupla,Reta,Não,2,0,1,0,1,0,1,1,"-21,66711081","-45,31607202",SPRF-MG,DEL16-MG,UOP02-DEL16-MG
401826.0,2021-12-14,terça-feira,19:45:00,MG,365.0,541,ROMARIA,Reação tardia ou ineficiente do condutor,Saída de leito carroçável,Com Vítimas Feridas,Plena Noite,Decrescente,Chuva,Simples,Interseção de vias,Não,4,0,1,0,3,0,1,1,"-18,93324276","-47,58110046",SPRF-MG,DEL10-MG,UOP01-DEL10-MG
401831.0,2021-12-15,quarta-feira,07:35:00,MG,381.0,"687,9",LAVRAS,Velocidade Incompatível,Saída de leito carroçável,Com Vítimas Feridas,Pleno dia,Decrescente,Chuva,Dupla,Não Informado,Não,1,0,0,1,0,0,1,1,"-21,20874401","-45,12332598",SPRF-MG,DEL04-MG,UOP02-DEL04-MG
401840.0,2021-12-15,quarta-feira,04:40:00,MG,381.0,527,BRUMADINHO,Acumulo de água sobre o pavimento,Capotamento,Com Vítimas Feridas,Plena Noite,Crescente,Chuva,Dupla,Curva,Não,1,0,1,0,0,0,1,1,"-20,16368096","-44,36025002",SPRF-MG,DEL04-MG,UOP03-DEL04-MG
401853.0,2021-12-15,quarta-feira,07:50:00,MG,40.0,523,CONTAGEM,Trafegar com motocicleta (ou similar) entre as faixas,Colisão lateral mesmo sentido,Com Vítimas Feridas,Pleno dia,Crescente,Chuva,Dupla,Reta,Sim,4,0,2,0,2,0,2,3,"-19,86874894","-44,05962197",SPRF-MG,DEL01-MG,UOP02-DEL01-MG
401854.0,2021-12-15,quarta-feira,07:50:00,MG,116.0,"422,5",ALPERCATA,Desrespeitar a preferência no cruzamento,Colisão transversal,Com Vítimas Feridas,Pleno dia,Crescente,Nublado,Simples,Não Informado,Não,2,0,0,2,0,0,2,2,"-18,94601944","-41,95023848",SPRF-MG,DEL06-MG,UOP01-DEL06-MG
401874.0,2021-12-12,domingo,02:30:00,MG,381.0,"212,3",NAQUE,Animais na Pista,Atropelamento de Animal,Com Vítimas Feridas,Plena Noite,Crescente,Céu Claro,Simples,Reta,Não,1,0,0,1,0,0,1,1,"-19,24611089","-42,33758028",SPRF-MG,DEL06-MG,UOP01-DEL06-MG
401875.0,2021-12-15,quarta-feira,05:45:00,MG,116.0,"286,5",TEOFILO OTONI,Condutor Dormindo,Saída de leito carroçável,Com Vítimas Feridas,Amanhecer,Decrescente,Nublado,Simples,Não Informado,Sim,2,0,1,1,0,0,2,1,"-17,93577075","-41,52783055",SPRF-MG,DEL11-MG,UOP01-DEL11-MG
401885.0,2021-12-15,quarta-feira,08:00:00,MG,153.0,239,FRONTEIRA,Chuva,Saída de leito carroçável,Sem Vítimas,Pleno dia,Decrescente,Chuva,Simples,Reta,Não,1,0,0,0,0,1,0,1,"-20,29847332","-49,20614844",SPRF-MG,DEL13-MG,UOP02-DEL13-MG
401898.0,2021-12-15,quarta-feira,15:30:00,MG,40.0,"693,8",ALFREDO VASCONCELOS,Condutor deixou de manter distância do veículo da frente,Colisão traseira,Sem Vítimas,Pleno dia,Crescente,Chuva,Simples,Reta,Sim,2,0,0,0,2,0,0,2,"-21,152787","-43,76261",SPRF-MG,DEL05-MG,UOP02-DEL05-MG
401904.0,2021-12-15,quarta-feira,15:10:00,MG,40.0,"460,4",CAETANOPOLIS,Pista Escorregadia,Tombamento,Com Vítimas Feridas,Pleno dia,Crescente,Chuva,Dupla,Não Informado,Não,2,0,1,1,0,0,2,1,"-19,39770694","-44,33528916",SPRF-MG,DEL02-MG,UOP01-DEL02-MG
401918.0,2021-12-15,quarta-feira,17:10:00,MG,365.0,"1,5",MONTES CLAROS,Condutor deixou de manter distância do veículo da frente,Colisão traseira,Com Vítimas Feridas,Pleno dia,Crescente,Céu Claro,Simples,Reta,Sim,2,0,1,0,1,0,1,2,"-16,716154","-43,863327",SPRF-MG,DEL12-MG,UOP01-DEL12-MG
401930.0,2021-12-13,segunda-feira,01:00:00,MG,381.0,445,SANTA LUZIA,Chuva,Colisão frontal,Com Vítimas Feridas,Plena Noite,Crescente,Chuva,Simples,Curva,Não,4,0,1,3,0,0,4,2,"-19,82543027","-43,83409786",SPRF-MG,DEL01-MG,UOP01-DEL01-MG
401948.0,2021-12-15,quarta-feira,19:00:00,MG,50.0,169,UBERABA,Condutor Dormindo,Colisão com objeto,Com Vítimas Feridas,Plena Noite,Crescente,Nublado,Dupla,Reta,Sim,6,0,3,0,3,0,3,3,"-19,73349","-47,982407",SPRF-MG,DEL13-MG,UOP01-DEL13-MG
401951.0,2021-12-15,quarta-feira,20:45:00,MG,381.0,"510,5",IGARAPE,Transitar na contramão,Colisão frontal,Com Vítimas Feridas,Plena Noite,Decrescente,Garoa/Chuvisco,Dupla,Reta,Sim,2,0,1,0,1,0,1,2,"-20,058204","-44,28816",SPRF-MG,DEL01-MG,UOP03-DEL01-MG
401977.0,2021-12-16,quinta-feira,00:35:00,MG,50.0,"101,1",UBERLANDIA,Velocidade Incompatível,Saída de leito carroçável,Sem Vítimas,Plena Noite,Crescente,Chuva,Dupla,Não Informado,Não,1,0,0,0,1,0,0,1,"-19,14483086","-48,16807055",SPRF-MG,DEL15-MG,UOP01-DEL15-MG
401980.0,2021-12-16,quinta-feira,00:00:00,MG,116.0,"277,9",TEOFILO OTONI,Reação tardia ou ineficiente do condutor,Colisão lateral mesmo sentido,Com Vítimas Feridas,Plena Noite,Crescente,Céu Claro,Simples,Não Informado,Sim,3,0,0,1,2,0,1,2,"-17,8673211","-41,51687264",SPRF-MG,DEL11-MG,UOP01-DEL11-MG
401991.0,2021-12-16,quinta-feira,03:20:00,MG,40.0,"455,2",CAETANOPOLIS,Condutor Dormindo,Saída de leito carroçável,Com Vítimas Feridas,Plena Noite,Decrescente,Céu Claro,Dupla,Não Informado,Não,2,0,1,0,1,0,1,1,"-19,35842","-44,34611",SPRF-MG,DEL02-MG,UOP01-DEL02-MG
401995.0,2021-12-16,quinta-feira,04:00:00,MG,381.0,873,ESTIVA,Curva acentuada,Saída de leito carroçável,Com Vítimas Feridas,Plena Noite,Crescente,Garoa/Chuvisco,Dupla,Curva,Não,4,0,2,0,2,0,2,1,"-22,450796","-46,000139",SPRF-MG,DEL16-MG,UOP01-DEL16-MG
402003.0,2021-12-16,quinta-feira,06:20:00,MG,365.0,"643,1",UBERLANDIA,Chuva,Saída de leito carroçável,Com Vítimas Feridas,Pleno dia,Decrescente,Chuva,Dupla,Curva,Não,1,0,1,0,0,0,1,1,"-18,8808611","-48,49354102",SPRF-MG,DEL15-MG,UOP01-DEL15-MG
402014.0,2021-12-16,quinta-feira,05:14:00,MG,381.0,"612,3",OLIVEIRA,Pedestre andava na pista,Atropelamento de Pedestre,Com Vítimas Fatais,Amanhecer,Decrescente,Nublado,Dupla,Curva,Não,2,1,0,0,0,1,0,1,"-20,69711124","-44,74851608",SPRF-MG,DEL04-MG,UOP01-DEL04-MG
402060.0,2021-12-16,quinta-feira,11:30:00,MG,381.0,"490,9",BETIM,Condutor deixou de manter distância do veículo da frente,Colisão traseira,Com Vítimas Feridas,Pleno dia,Decrescente,Nublado,Dupla,Reta,Sim,2,0,0,1,1,0,1,2,"-19,9578265","-44,1501171",SPRF-MG,DEL01-MG,UOP03-DEL01-MG
402079.0,2021-12-16,quinta-feira,14:50:00,MG,381.0,500,BETIM,Manobra de mudança de faixa,Colisão lateral mesmo sentido,Com Vítimas Feridas,Pleno dia,Decrescente,Céu Claro,Dupla,Não Informado,Não,2,0,1,0,1,0,1,2,"-19,99883785","-44,21052933",SPRF-MG,DEL01-MG,UOP03-DEL01-MG
402083.0,2021-11-22,segunda-feira,15:00:00,MG,251.0,460,FRANCISCO SA,Chuva,Saída de leito carroçável,Com Vítimas Feridas,Pleno dia,Crescente,Chuva,Simples,Reta,Não,4,0,4,0,0,0,4,1,"-16,41810894","-43,38361011",SPRF-MG,DEL12-MG,UOP01-DEL12-MG
402112.0,2021-12-16,quinta-feira,15:25:00,MG,116.0,"525,3",CARATINGA,Ausência de reação do condutor,Colisão traseira,Com Vítimas Feridas,Pleno dia,Decrescente,Céu Claro,Simples,Reta,Não,2,0,1,0,1,0,1,2,"-19,76833785","-42,13105238",SPRF-MG,DEL06-MG,UOP02-DEL06-MG
402114.0,2021-12-16,quinta-feira,16:15:00,MG,116.0,530,CARATINGA,Acessar a via sem observar a presença dos outros veículos,Colisão transversal,Com Vítimas Feridas,Pleno dia,Crescente,Sol,Simples,Interseção de vias,Sim,2,0,1,0,1,0,1,2,"-19,81067298","-42,13539446",SPRF-MG,DEL06-MG,UOP02-DEL06-MG