id,data_inversa,dia_semana,horario,uf,br,km,municipio,causa_acidente,tipo_acidente,classificacao_acidente,fase_dia,sentido_via,condicao_metereologica,tipo_pista,tracado_via,uso_solo,pessoas,mortos,feridos_leves,feridos_graves,ilesos,ignorados,feridos,veiculos,latitude,longitude,regional,delegacia,uop
402123.0,2021-12-16,quinta-feira,18:00:00,MG,40.0,"530,9",CONTAGEM,Trafegar com motocicleta (ou similar) entre as faixas,Colisão lateral mesmo sentido,Com Vítimas Feridas,Anoitecer,Crescente,Nublado,Dupla,Não Informado,Sim,2,0,1,0,1,0,1,2,"-19,92106719","-44,03491974",SPRF-MG,DEL01-MG,UOP02-DEL01-MG
402135.0,2021-12-16,quinta-feira,19:20:00,MG,50.0,"31,8",ARAGUARI,Animais na Pista,Atropelamento de Animal,Sem Vítimas,Plena Noite,Crescente,Céu Claro,Dupla,Reta,Não,1,0,0,0,1,0,0,1,"-18,62419107","-48,11705236",SPRF-MG,DEL15-MG,UOP02-DEL15-MG
402145.0,2021-12-16,quinta-feira,20:55:00,MG,381.0,349,JOAO MONLEVADE,Ausência de reação do condutor,Queda de ocupante de veículo,Com Vítimas Feridas,Plena Noite,Decrescente,Céu Claro,Simples,Reta,Não,1,0,0,1,0,0,1,1,"-19,8499239","-43,14868105",SPRF-MG,DEL03-MG,UOP01-DEL03-MG
402150.0,2021-12-16,quinta-feira,20:35:00,MG,381.0,"275,1",JAGUARACU,Pista esburacada,Tombamento,Com Vítimas Feridas,Plena Noite,Decrescente,Nublado,Simples,Curva,Não,1,0,0,1,0,0,1,1,"-19,543263","-42,689963",SPRF-MG,DEL03-MG,UOP02-DEL03-MG
402158.0,2021-12-16,quinta-feira,22:00:00,MG,381.0,482,BETIM,Pedestre andava na pista,Atropelamento de Pedestre,Com Vítimas Feridas,Plena Noite,Decrescente,Chuva,Dupla,Reta,Não,2,0,1,0,0,1,1,1,"-19,955532","-44,097209",SPRF-MG,DEL01-MG,UOP03-DEL01-MG
402178.0,2021-12-16,quinta-feira,22:50:00,MG,381.0,"767,7",CAMPANHA,Chuva,Colisão com objeto,Sem Vítimas,Plena Noite,Decrescente,Chuva,Dupla,Reta,Não,1,0,0,0,1,0,0,1,"-21,75185324","-45,39265266",SPRF-MG,DEL16-MG,UOP02-DEL16-MG
402204.0,2021-12-17,sexta-feira,06:00:00,MG,381.0,531,ITATIAIUCU,Velocidade Incompatível,Saída de leito carroçável,Com Vítimas Feridas,Pleno dia,Decrescente,Chuva,Dupla,Curva,Não,2,0,1,0,1,0,1,1,"-20,18182886","-44,37895835",SPRF-MG,DEL04-MG,UOP03-DEL04-MG
402218.0,2021-12-17,sexta-feira,08:00:00,MG,381.0,501,BETIM,Condutor deixou de manter distância do veículo da frente,Colisão traseira,Sem Vítimas,Pleno dia,Decrescente,Chuva,Dupla,Reta,Sim,2,0,0,0,2,0,0,2,"-20,01000188","-44,21805105",SPRF-MG,DEL01-MG,UOP03-DEL01-MG
402221.0,2021-12-17,sexta-feira,07:30:00,MG,262.0,820,UBERABA,Acessar a via sem observar a presença dos outros veículos,Colisão transversal,Sem Vítimas,Pleno dia,Crescente,Nublado,Dupla,Retorno Regulamentado,Não,4,0,0,0,4,0,0,2,"-19,7626417","-48,13569294",SPRF-MG,DEL13-MG,UOP01-DEL13-MG
402232.0,2021-12-17,sexta-feira,06:40:00,MG,40.0,"325,7",TRES MARIAS,Avarias e/ou desgaste excessivo no pneu,Colisão com objeto,Com Vítimas Feridas,Pleno dia,Decrescente,Chuva,Simples,Desvio Temporário,Não,3,0,2,1,0,0,3,1,"-18,53791631","-45,04349525",SPRF-MG,DEL14-MG,UOP02-DEL14-MG
402237.0,2021-12-17,sexta-feira,09:50:00,MG,381.0,493,BETIM,Frear bruscamente,Tombamento,Com Vítimas Feridas,Pleno dia,Decrescente,Chuva,Dupla,Reta,Não,1,0,1,0,0,0,1,1,"-19,97670801","-44,19962698",SPRF-MG,DEL01-MG,UOP03-DEL01-MG
402241.0,2021-12-17,sexta-feira,07:33:00,MG,381.0,"921,3",ITAPEVA,Reação tardia ou ineficiente do condutor,Colisão com objeto,Com Vítimas Feridas,Pleno dia,Crescente,Nublado,Dupla,Curva,Não,2,0,2,0,0,0,2,1,"-22,7680939","-46,20854399",SPRF-MG,DEL16-MG,UOP03-DEL16-MG
402251.0,2021-12-17,sexta-feira,09:00:00,MG,381.0,"909,7",CAMANDUCAIA,Objeto estático sobre o leito carroçável,Eventos atípicos,Sem Vítimas,Pleno dia,Crescente,Chuva,Dupla,Não Informado,Não,2,0,0,0,2,0,0,1,"-22,69264121","-46,11037171",SPRF-MG,DEL16-MG,UOP03-DEL16-MG
402260.0,2021-12-17,sexta-feira,12:40:00,MG,40.0,"745,9",SANTOS DUMONT,Avarias e/ou desgaste excessivo no pneu,Colisão com objeto,Com Vítimas Feridas,Pleno dia,Crescente,Chuva,Simples,Não Informado,Não,3,0,2,0,1,0,2,1,"-21,42474901","-43,55706568",SPRF-MG,DEL05-MG,UOP01-DEL05-MG
402274.0,2021-12-17,sexta-feira,12:18:00,MG,381.0,"628,9",OLIVEIRA,Velocidade Incompatível,Saída de leito carroçável,Sem Vítimas,Pleno dia,Crescente,Chuva,Dupla,Não Informado,Não,1,0,0,0,1,0,0,1,"-20,83304688","-44,8250553",SPRF-MG,DEL04-MG,UOP01-DEL04-MG
402277.0,2021-12-17,sexta-feira,12:50:00,MG,116.0,"115,5",ITAOBIM,Entrada inopinada do pedestre,Atropelamento de Pedestre,Com Vítimas Feridas,Pleno dia,Crescente,Céu Claro,Simples,Reta,Sim,3,0,0,1,1,1,1,1,"-16,55656498","-41,50192905",SPRF-MG,DEL11-MG,UOP02-DEL11-MG
402281.0,2021-12-17,sexta-feira,14:50:00,MG,262.0,"355,2",BETIM,Chuva,Capotamento,Com Vítimas Feridas,Pleno dia,Decrescente,Chuva,Dupla,Curva,Não,1,0,1,0,0,0,1,1,"-19,96466575","-44,17285107",SPRF-MG,DEL01-MG,UOP03-DEL01-MG
402300.0,2021-12-17,sexta-feira,14:29:00,MG,381.0,"531,1",ITATIAIUCU,Velocidade Incompatível,Saída de leito carroçável,Sem Vítimas,Pleno dia,Crescente,Chuva,Dupla,Curva,Não,1,0,0,0,1,0,0,1,"-20,18182886","-44,37895835",SPRF-MG,DEL04-MG,UOP03-DEL04-MG
402301.0,2021-12-17,sexta-feira,13:40:00,MG,381.0,"521,5",BRUMADINHO,Velocidade Incompatível,Capotamento,Com Vítimas Feridas,Pleno dia,Decrescente,Chuva,Dupla,Curva,Não,2,0,2,0,0,0,2,1,"-20,13846621","-44,31715274",SPRF-MG,DEL04-MG,UOP03-DEL04-MG
402351.0,2021-12-17,sexta-feira,19:15:00,MG,459.0,"89,8",CONGONHAL,Transitar na contramão,Colisão lateral sentido oposto,Sem Vítimas,Plena Noite,Crescente,Chuva,Simples,Reta,Não,2,0,0,0,2,0,0,2,"-22,151484","-46,015442",SPRF-MG,DEL09-MG,UOP01-DEL09-MG
402395.0,2021-12-17,sexta-feira,22:20:00,MG,40.0,400,CURVELO,Ausência de reação do condutor,Colisão com objeto,Com Vítimas Feridas,Plena Noite,Decrescente,Chuva,Simples,Ponte,Não,6,0,1,2,3,0,3,3,"-19,03082912","-44,65194919",SPRF-MG,DEL02-MG,UOP01-DEL02-MG
402399.0,2021-12-17,sexta-feira,18:00:00,MG,365.0,809,GURINHATA,Avarias e/ou desgaste excessivo no pneu,Saída de leito carroçável,Com Vítimas Feridas,Anoitecer,Crescente,Chuva,Simples,Não Informado,Não,2,0,1,0,1,0,1,1,"-18,8965422","-49,96307373",SPRF-MG,DEL15-MG,UOP03-DEL15-MG
402416.0,2021-12-17,sexta-feira,23:50:00,MG,116.0,"764,7",LEOPOLDINA,Conversão proibida,Colisão transversal,Sem Vítimas,Plena Noite,Crescente,Chuva,Simples,Reta,Sim,2,0,0,0,2,0,0,2,"-21,52171912","-42,64030314",SPRF-MG,DEL07-MG,UOP01-DEL07-MG
402429.0,2021-12-18,sábado,02:00:00,MG,381.0,"489,2",BETIM,Velocidade Incompatível,Saída de leito carroçável,Sem Vítimas,Plena Noite,Crescente,Garoa/Chuvisco,Dupla,Reta,Sim,1,0,0,0,0,1,0,1,"-19,96245618","-44,16455495",SPRF-MG,DEL01-MG,UOP03-DEL01-MG
402433.0,2021-12-18,sábado,02:30:00,MG,381.0,"861,5",POUSO ALEGRE,Velocidade Incompatível,Colisão com objeto,Com Vítimas Feridas,Plena Noite,Decrescente,Nublado,Dupla,Curva,Não,5,0,1,0,4,0,1,1,"-22,36795485","-45,93285817",SPRF-MG,DEL16-MG,UOP01-DEL16-MG
402438.0,2021-12-18,sábado,02:57:00,MG,381.0,"568,1",ITAGUARA,Velocidade Incompatível,Capotamento,Com Vítimas Feridas,Plena Noite,Crescente,Chuva,Dupla,Reta,Não,1,0,0,1,0,0,1,1,"-20,42649228","-44,54458383",SPRF-MG,DEL04-MG,UOP03-DEL04-MG
402440.0,2021-12-18,sábado,02:15:00,MG,262.0,"665,3",IBIA,Condutor Dormindo,Saída de leito carroçável,Com Vítimas Feridas,Plena Noite,Crescente,Garoa/Chuvisco,Simples,Curva,Não,2,0,2,0,0,0,2,1,"-19,55527617","-46,75704315",SPRF-MG,DEL08-MG,UOP01-DEL08-MG
402466.0,2021-12-18,sábado,06:30:00,MG,40.0,527,CONTAGEM,Reação tardia ou ineficiente do condutor,Colisão traseira,Com Vítimas Feridas,Pleno dia,Decrescente,Céu Claro,Múltipla,Curva,Sim,4,0,1,2,1,0,3,3,"-19,90391714","-44,0487876",SPRF-MG,DEL01-MG,UOP02-DEL01-MG
402474.0,2021-12-18,sábado,07:10:00,MG,40.0,"636,9",CONSELHEIRO LAFAIETE,Velocidade Incompatível,Saída de leito carroçável,Com Vítimas Feridas,Pleno dia,Crescente,Céu Claro,Simples,Reta,Não,2,0,2,0,0,0,2,1,"-20,70680192","-43,79284622",SPRF-MG,DEL05-MG,UOP02-DEL05-MG
402480.0,2021-12-18,sábado,07:09:00,MG,381.0,"943,2",EXTREMA,Velocidade Incompatível,Engavetamento,Com Vítimas Feridas,Amanhecer,Decrescente,Nublado,Dupla,Reta,Sim,5,0,1,0,4,0,1,4,"-22,87018424","-46,3581479",SPRF-MG,DEL16-MG,UOP03-DEL16-MG
402484.0,2021-12-17,sexta-feira,13:30:00,MG,262.0,35,MANHUACU,Acesso irregular,Colisão frontal,Com Vítimas Feridas,Pleno dia,Decrescente,Nublado,Simples,Reta,Sim,2,0,1,0,1,0,1,2,"-20,2592562","-42,01698194",SPRF-MG,DEL06-MG,UOP04-DEL06-MG
402488.0,2021-12-18,sábado,09:00:00,MG,116.0,559,MANHUACU,Acessar a via sem observar a presença dos outros veículos,Colisão transversal,Com Vítimas Feridas,Pleno dia,Crescente,Céu Claro,Simples,Interseção de vias,Não,2,0,2,0,0,0,2,2,"-20,02244485","-42,16688102",SPRF-MG,DEL06-MG,UOP04-DEL06-MG
402489.0,2021-12-18,sábado,08:30:00,MG,40.0,"709,9",BARBACENA,Demais falhas mecânicas ou elétricas,Colisão com objeto,Sem Vítimas,Pleno dia,Crescente,Céu Claro,Dupla,Curva,Não,2,0,0,0,2,0,0,1,"-21,245065","-43,687532",SPRF-MG,DEL05-MG,UOP02-DEL05-MG
402499.0,2021-12-18,sábado,10:15:00,MG,153.0,190,FRUTAL,Obras na pista,Colisão traseira,Com Vítimas Feridas,Pleno dia,Crescente,Céu Claro,Simples,Não Informado,Não,4,0,0,1,3,0,1,2,"-19,94033745","-48,95790887",SPRF-MG,DEL13-MG,UOP02-DEL13-MG
402504.0,2021-12-18,sábado,07:00:00,MG,381.0,799,SAO GONCALO DO SAPUCAI,Velocidade Incompatível,Saída de leito carroçável,Com Vítimas Feridas,Pleno dia,Crescente,Chuva,Dupla,Não Informado,Não,3,0,2,0,1,0,2,1,"-21,97237106","-45,63123585",SPRF-MG,DEL16-MG,UOP02-DEL16-MG
402506.0,2021-12-18,sábado,10:10:00,MG,381.0,"598,3",CARMOPOLIS DE MINAS,Velocidade Incompatível,Saída de leito carroçável,Com Vítimas Feridas,Pleno dia,Crescente,Chuva,Dupla,Não Informado,Não,1,0,1,0,0,0,1,1,"-20,59519","-44,706397",SPRF-MG,DEL04-MG,UOP01-DEL04-MG
402509.0,2021-12-18,sábado,08:25:00,MG,381.0,943,EXTREMA,Velocidade Incompatível,Colisão traseira,Com Vítimas Feridas,Pleno dia,Decrescente,Céu Claro,Dupla,Reta,Não,4,0,2,0,2,0,2,2,"-22,87018424","-46,3581479",SPRF-MG,DEL16-MG,UOP03-DEL16-MG
402520.0,2021-12-18,sábado,10:20:00,MG,381.0,"520,6",IGARAPE,Velocidade Incompatível,Engavetamento,Com Vítimas Feridas,Pleno dia,Decrescente,Nublado,Dupla,Não Informado,Não,4,0,1,0,3,0,1,3,"-20,13363702","-44,309515",SPRF-MG,DEL04-MG,UOP03-DEL04-MG
402531.0,2021-12-18,sábado,07:00:00,MG,262.0,"33,8",MANHUACU,Velocidade Incompatível,Tombamento,Com Vítimas Feridas,Pleno dia,Crescente,Nublado,Simples,Não Informado,Sim,1,0,0,1,0,0,1,1,"-20,25550548","-42,00465315",SPRF-MG,DEL06-MG,UOP04-DEL06-MG
402532.0,2021-12-18,sábado,08:50:00,MG,116.0,"790,2",ALEM PARAIBA,Avarias e/ou desgaste excessivo no pneu,Saída de leito carroçável,Com Vítimas Feridas,Pleno dia,Decrescente,Chuva,Simples,Não Informado,Não,2,0,1,1,0,0,2,1,"-21,67548514","-42,73250632",SPRF-MG,DEL07-MG,UOP01-DEL07-MG
402533.0,2021-12-18,sábado,12:45:00,MG,381.0,504,BETIM,Manobra de mudança de faixa,Colisão lateral mesmo sentido,Com Vítimas Feridas,Pleno dia,Decrescente,Céu Claro,Dupla,Reta,Não,2,0,1,0,0,1,1,2,"-20,04164508","-44,26386697",SPRF-MG,DEL01-MG,UOP03-DEL01-MG
402535.0,2021-12-18,sábado,10:10:00,MG,267.0,"24,1",ARGIRITA,Chuva,Colisão frontal,Com Vítimas Feridas,Pleno dia,Crescente,Chuva,Simples,Não Informado,Não,3,0,2,1,0,0,3,2,"-21,61499977","-42,8097229",SPRF-MG,DEL07-MG,UOP01-DEL07-MG
402536.0,2021-12-18,sábado,13:00:00,MG,365.0,"69,3",JEQUITAI,Velocidade Incompatível,Saída de leito carroçável,Com Vítimas Feridas,Pleno dia,Crescente,Chuva,Simples,Não Informado,Não,3,0,3,0,0,0,3,1,"-17,07222805","-44,33952581",SPRF-MG,DEL12-MG,UOP01-DEL12-MG
402551.0,2021-12-18,sábado,10:30:00,MG,381.0,178,GOVERNADOR VALADARES,Condutor deixou de manter distância do veículo da frente,Colisão traseira,Com Vítimas Feridas,Pleno dia,Crescente,Céu Claro,Simples,Reta,Não,3,0,0,1,1,1,1,2,"-19,02403311","-42,14619668",SPRF-MG,DEL06-MG,UOP01-DEL06-MG
402573.0,2021-12-18,sábado,16:00:00,MG,262.0,"361,4",BETIM,Ingestão de álcool pelo condutor,Saída de leito carroçável,Sem Vítimas,Pleno dia,Crescente,Nublado,Dupla,Reta,Sim,1,0,0,0,1,0,0,1,"-19,97906129","-44,21765208",SPRF-MG,DEL01-MG,UOP03-DEL01-MG
402576.0,2021-12-18,sábado,15:30:00,MG,116.0,"265,5",TEOFILO OTONI,Demais falhas na via,Saída de leito carroçável,Com Vítimas Feridas,Pleno dia,Decrescente,Garoa/Chuvisco,Simples,Desvio Temporário,Não,4,0,3,0,1,0,3,1,"-17,762903","-41,50256799",SPRF-MG,DEL11-MG,UOP01-DEL11-MG
402586.0,2021-12-18,sábado,12:45:00,MG,262.0,"426,2",SAO GONCALO DO PARA,Velocidade Incompatível,Saída de leito carroçável,Com Vítimas Feridas,Pleno dia,Crescente,Sol,Dupla,Desvio Temporário,Não,2,0,1,1,0,0,2,1,"-19,89007734","-44,83280182",SPRF-MG,DEL08-MG,UOP03-DEL08-MG
402606.0,2021-12-18,sábado,18:30:00,MG,40.0,168,JOAO PINHEIRO,Velocidade Incompatível,Saída de leito carroçável,Com Vítimas Feridas,Anoitecer,Crescente,Chuva,Dupla,Curva,Não,1,0,1,0,0,0,1,1,"-17,92333075","-46,07469484",SPRF-MG,DEL14-MG,UOP02-DEL14-MG
402618.0,2021-12-18,sábado,17:50:00,MG,381.0,"928,9",ITAPEVA,Velocidade Incompatível,Saída de leito carroçável,Com Vítimas Feridas,Anoitecer,Crescente,Nublado,Dupla,Curva,Sim,4,0,3,0,1,0,3,1,"-22,79911462","-46,26123692",SPRF-MG,DEL16-MG,UOP03-DEL16-MG
402620.0,2021-12-18,sábado,12:40:00,MG,381.0,601,CARMOPOLIS DE MINAS,Velocidade Incompatível,Colisão lateral mesmo sentido,Com Vítimas Feridas,Pleno dia,Crescente,Chuva,Dupla,Curva,Não,8,0,2,0,6,0,2,2,"-20,63243704","-44,73521221",SPRF-MG,DEL04-MG,UOP01-DEL04-MG
402623.0,2021-12-18,sábado,20:10:00,MG,381.0,"355,3",JOAO MONLEVADE,Ingestão de álcool e/ou substâncias psicoativas pelo pedestre,Atropelamento de Pedestre,Com Vítimas Feridas,Plena Noite,Decrescente,Nublado,Simples,Reta,Não,3,0,1,0,2,0,1,1,"-19,84112398","-43,199388",SPRF-MG,DEL03-MG,UOP01-DEL03-MG
402633.0,2021-12-18,sábado,18:55:00,MG,356.0,"269,9",MURIAE,Reação tardia ou ineficiente do condutor,Colisão com objeto,Sem Vítimas,Plena Noite,Decrescente,Chuva,Simples,Curva,Não,1,0,0,0,1,0,0,1,"-21,12665618","-42,33310204",SPRF-MG,DEL07-MG,UOP02-DEL07-MG
402645.0,2021-12-18,sábado,21:00:00,MG,381.0,494,BETIM,Velocidade Incompatível,Colisão com objeto,Com Vítimas Feridas,Plena Noite,Decrescente,Céu Claro,Dupla,Reta,Sim,1,0,1,0,0,0,1,1,"-19,985563","-44,20318",SPRF-MG,DEL01-MG,UOP03-DEL01-MG
402660.0,2021-12-18,sábado,19:30:00,MG,40.0,"623,3",CONSELHEIRO LAFAIETE,Transitar na contramão,Colisão frontal,Com Vítimas Feridas,Plena Noite,Decrescente,Chuva,Simples,Curva,Não,3,0,0,3,0,0,3,2,"-20,609742","-43,806903",SPRF-MG,DEL05-MG,UOP02-DEL05-MG
402668.0,2021-12-18,sábado,22:50:00,MG,381.0,492,BETIM,Velocidade Incompatível,Saída de leito carroçável,Com Vítimas Feridas,Plena Noite,Crescente,Garoa/Chuvisco,Dupla,Reta,Sim,4,0,3,0,1,0,3,1,"-19,97490091","-44,19004301",SPRF-MG,DEL01-MG,UOP03-DEL01-MG
402669.0,2021-12-18,sábado,22:00:00,MG,381.0,492,BETIM,Demais falhas mecânicas ou elétricas,Tombamento,Com Vítimas Feridas,Plena Noite,Crescente,Céu Claro,Dupla,Reta,Sim,2,0,2,0,0,0,2,1,"-19,97490091","-44,19004301",SPRF-MG,DEL01-MG,UOP03-DEL01-MG
402696.0,2021-12-19,domingo,00:01:00,MG,40.0,"503,8",ESMERALDAS,Reação tardia ou ineficiente do condutor,Colisão traseira,Sem Vítimas,Plena Noite,Crescente,Céu Claro,Dupla,Desvio Temporário,Sim,2,0,0,0,2,0,0,2,"-19,72987888","-44,15253368",SPRF-MG,DEL02-MG,UOP01-DEL02-MG
402706.0,2021-12-19,domingo,03:20:00,MG,40.0,"458,7",CAETANOPOLIS,Ausência de reação do condutor,Colisão traseira,Com Vítimas Fatais,Plena Noite,Crescente,Nublado,Dupla,Não Informado,Não,2,1,0,0,0,1,0,2,"-19,380294","-44,33825395",SPRF-MG,DEL02-MG,UOP01-DEL02-MG
402711.0,2021-12-19,domingo,02:30:00,MG,262.0,146,RIO CASCA,Pista esburacada,Saída de leito carroçável,Com Vítimas Feridas,Plena Noite,Crescente,Chuva,Simples,Curva,Não,3,0,1,0,2,0,1,1,"-20,02822107","-42,74065423",SPRF-MG,DEL03-MG,UOP03-DEL03-MG
402731.0,2021-12-19,domingo,05:00:00,MG,365.0,"17,3",MONTES CLAROS,Chuva,Tombamento,Com Vítimas Feridas,Amanhecer,Crescente,Chuva,Simples,Curva,Não,14,0,1,0,13,0,1,1,"-16,87724015","-43,993381",SPRF-MG,DEL12-MG,UOP01-DEL12-MG
402732.0,2021-12-17,sexta-feira,16:15:00,MG,153.0,74,MONTE ALEGRE DE MINAS,Manobra de mudança de faixa,Colisão frontal,Com Vítimas Feridas,Pleno dia,Decrescente,Nublado,Simples,Reta,Não,5,0,2,0,3,0,2,2,"-19,01386516","-49,01652635",SPRF-MG,DEL15-MG,UOP03-DEL15-MG
402744.0,2021-12-19,domingo,07:00:00,MG,381.0,"482,5",BETIM,Ausência de reação do condutor,Colisão com objeto,Com Vítimas Feridas,Pleno dia,Crescente,Nublado,Dupla,Curva,Sim,1,0,1,0,0,0,1,1,"-19,95915056","-44,07371521",SPRF-MG,DEL01-MG,UOP03-DEL01-MG
402751.0,2021-12-19,domingo,02:20:00,MG,381.0,581,CARMOPOLIS DE MINAS,Velocidade Incompatível,Tombamento,Com Vítimas Feridas,Plena Noite,Decrescente,Nublado,Simples,Não Informado,Não,2,0,2,0,0,0,2,1,"-20,48943829","-44,59889828",SPRF-MG,DEL04-MG,UOP01-DEL04-MG
402752.0,2021-12-19,domingo,04:30:00,MG,365.0,"490,6",PATROCINIO,Chuva,Colisão transversal,Com Vítimas Fatais,Amanhecer,Decrescente,Chuva,Simples,Reta,Não,7,1,4,2,0,0,6,2,"-18,90316848","-47,15970299",SPRF-MG,DEL10-MG,UOP01-DEL10-MG
402764.0,2021-12-19,domingo,06:20:00,MG,262.0,"13,8",MARTINS SOARES,Ausência de reação do condutor,Saída de leito carroçável,Com Vítimas Feridas,Amanhecer,Decrescente,Chuva,Simples,Reta,Não,2,0,0,1,0,1,1,1,"-20,25771509","-41,86161294",SPRF-MG,DEL06-MG,UOP04-DEL06-MG
402773.0,2021-12-19,domingo,10:00:00,MG,251.0,"505,5",FRANCISCO SA,Velocidade Incompatível,Saída de leito carroçável,Com Vítimas Feridas,Pleno dia,Decrescente,Chuva,Simples,Reta,Não,1,0,1,0,0,0,1,1,"-16,61623136","-43,68084596",SPRF-MG,DEL12-MG,UOP01-DEL12-MG
402774.0,2021-12-19,domingo,11:10:00,MG,381.0,716,CARMO DA CACHOEIRA,Reação tardia ou ineficiente do condutor,Saída de leito carroçável,Com Vítimas Feridas,Pleno dia,Decrescente,Nublado,Dupla,Não Informado,Não,2,0,2,0,0,0,2,1,"-21,42971604","-45,2107686",SPRF-MG,DEL04-MG,UOP02-DEL04-MG
402788.0,2021-12-16,quinta-feira,13:20:00,MG,153.0,"46,6",CANAPOLIS,Ausência de reação do condutor,Saída de leito carroçável,Com Vítimas Fatais,Pleno dia,Crescente,Ignorado,Dupla,Não Informado,Não,1,1,0,0,0,0,0,1,"-18,79001521","-49,08442564",SPRF-MG,DEL15-MG,UOP03-DEL15-MG
402790.0,2021-12-19,domingo,11:10:00,MG,262.0,670,IBIA,Demais falhas mecânicas ou elétricas,Saída de leito carroçável,Sem Vítimas,Pleno dia,Crescente,Nublado,Simples,Não Informado,Não,1,0,0,0,1,0,0,1,"-19,54647026","-46,79910015",SPRF-MG,DEL08-MG,UOP01-DEL08-MG
402823.0,2021-12-19,domingo,16:20:00,MG,40.0,"116,8",LAGOA GRANDE,Condutor Dormindo,Saída de leito carroçável,Com Vítimas Fatais,Pleno dia,Crescente,Céu Claro,Simples,Reta,Não,1,1,0,0,0,0,0,1,"-17,65527509","-46,40188802",SPRF-MG,DEL14-MG,UOP01-DEL14-MG
402833.0,2021-12-19,domingo,14:40:00,MG,116.0,"290,8",TEOFILO OTONI,Ausência de reação do condutor,Colisão traseira,Sem Vítimas,Pleno dia,Decrescente,Nublado,Simples,Reta,Não,2,0,0,0,1,1,0,2,"-17,974881","-41,545867",SPRF-MG,DEL11-MG,UOP01-DEL11-MG
402834.0,2021-12-19,domingo,16:30:00,MG,262.0,109,SANTO ANTONIO DO GRAMA,Velocidade Incompatível,Saída de leito carroçável,Com Vítimas Feridas,Pleno dia,Crescente,Chuva,Simples,Curva,Não,1,0,1,0,0,0,1,1,"-20,26752693","-42,57799297",SPRF-MG,DEL03-MG,UOP03-DEL03-MG
402840.0,2021-12-19,domingo,16:50:00,MG,262.0,356,BETIM,Ausência de reação do condutor,Saída de leito carroçável,Sem Vítimas,Pleno dia,Decrescente,Céu Claro,Dupla,Reta,Não,1,0,0,0,1,0,0,1,"-19,97857868","-44,22276878",SPRF-MG,DEL01-MG,UOP03-DEL01-MG
402857.0,2021-12-19,domingo,17:40:00,MG,50.0,134,UBERABA,Ausência de reação do condutor,Saída de leito carroçável,Com Vítimas Feridas,Anoitecer,Crescente,Chuva,Dupla,Reta,Não,4,0,2,2,0,0,4,1,"-19,42456131","-48,06956773",SPRF-MG,DEL13-MG,UOP01-DEL13-MG
402859.0,2021-12-19,domingo,18:40:00,MG,381.0,331,NOVA ERA,Ingestão de álcool pelo condutor,Capotamento,Com Vítimas Feridas,Plena Noite,Decrescente,Céu Claro,Dupla,Curva,Não,2,0,0,1,1,0,1,1,"-19,79418323","-43,05545733",SPRF-MG,DEL03-MG,UOP01-DEL03-MG
402882.0,2021-12-19,domingo,19:30:00,MG,381.0,495,BETIM,Acessar a via sem observar a presença dos outros veículos,Colisão lateral mesmo sentido,Com Vítimas Feridas,Plena Noite,Crescente,Céu Claro,Múltipla,Reta,Sim,5,0,2,0,2,1,2,2,"-19,96818594","-44,18014526",SPRF-MG,DEL01-MG,UOP03-DEL01-MG
402899.0,2021-12-19,domingo,14:50:00,MG,262.0,362,JUATUBA,Velocidade Incompatível,Tombamento,Com Vítimas Feridas,Pleno dia,Decrescente,Céu Claro,Dupla,Reta,Sim,1,0,0,1,0,0,1,1,"-19,97246143","-44,28005219",SPRF-MG,DEL01-MG,UOP03-DEL01-MG
402923.0,2021-12-19,domingo,22:50:00,MG,50.0,174,UBERABA,Avarias e/ou desgaste excessivo no pneu,Colisão com objeto,Sem Vítimas,Pleno dia,Decrescente,Céu Claro,Dupla,Retorno Regulamentado,Não,1,0,0,0,1,0,0,1,"-19,770817","-47,973434",SPRF-MG,DEL13-MG,UOP01-DEL13-MG
402927.0,2021-12-19,domingo,19:15:00,MG,365.0,727,MONTE ALEGRE DE MINAS,Velocidade Incompatível,Saída de leito carroçável,Com Vítimas Feridas,Plena Noite,Crescente,Chuva,Simples,Reta,Não,1,0,1,0,0,0,1,1,"-18,89661013","-49,251117",SPRF-MG,DEL15-MG,UOP03-DEL15-MG
402930.0,2021-12-19,domingo,19:00:00,MG,365.0,788,ITUIUTABA,Chuva,Saída de leito carroçável,Sem Vítimas,Plena Noite,Crescente,Chuva,Simples,Não Informado,Não,1,0,0,0,1,0,0,1,"-18,93412566","-49,7963047",SPRF-MG,DEL15-MG,UOP03-DEL15-MG
402960.0,2021-12-20,segunda-feira,05:40:00,MG,40.0,"800,3",MATIAS BARBOSA,Velocidade Incompatível,Saída de leito carroçável,Com Vítimas Feridas,Pleno dia,Crescente,Céu Claro,Dupla,Reta,Não,4,0,4,0,0,0,4,1,"-21,83830804","-43,37465316",SPRF-MG,DEL05-MG,UOP01-DEL05-MG
402963.0,2021-12-20,segunda-feira,05:55:00,MG,381.0,350,JOAO MONLEVADE,Conversão proibida,Colisão lateral mesmo sentido,Com Vítimas Feridas,Amanhecer,Crescente,Garoa/Chuvisco,Simples,Reta,Não,4,0,1,2,1,0,3,2,"-19,84953832","-43,15779198",SPRF-MG,DEL03-MG,UOP01-DEL03-MG