id,data_inversa,dia_semana,horario,uf,br,km,municipio,causa_acidente,tipo_acidente,classificacao_acidente,fase_dia,sentido_via,condicao_metereologica,tipo_pista,tracado_via,uso_solo,pessoas,mortos,feridos_leves,feridos_graves,ilesos,ignorados,feridos,veiculos,latitude,longitude,regional,delegacia,uop
402969.0,2021-12-20,segunda-feira,06:30:00,MG,381.0,"857,4",POUSO ALEGRE,Condutor Dormindo,Saída de leito carroçável,Com Vítimas Feridas,Pleno dia,Crescente,Nublado,Dupla,Reta,Não,5,0,5,0,0,0,5,1,"-22,3341773","-45,92156967",SPRF-MG,DEL16-MG,UOP01-DEL16-MG
402979.0,2021-12-20,segunda-feira,06:55:00,MG,40.0,529,CONTAGEM,Manobra de mudança de faixa,Colisão lateral mesmo sentido,Com Vítimas Feridas,Pleno dia,Crescente,Céu Claro,Dupla,Curva,Sim,2,0,1,0,1,0,1,2,"-19,91635592","-44,03966566",SPRF-MG,DEL01-MG,UOP02-DEL01-MG
402981.0,2021-12-20,segunda-feira,07:00:00,MG,356.0,"268,2",MURIAE,Conversão proibida,Colisão transversal,Com Vítimas Feridas,Pleno dia,Crescente,Nublado,Simples,Reta,Sim,2,0,1,0,1,0,1,2,"-21,12690881","-42,34244401",SPRF-MG,DEL07-MG,UOP02-DEL07-MG
402982.0,2021-12-20,segunda-feira,07:24:00,MG,116.0,"703,1",MURIAE,Desrespeitar a preferência no cruzamento,Colisão transversal,Com Vítimas Feridas,Pleno dia,Decrescente,Nublado,Simples,Reta,Sim,2,0,1,0,1,0,1,2,"-21,12682309","-42,3832189",SPRF-MG,DEL07-MG,UOP02-DEL07-MG
402985.0,2021-12-20,segunda-feira,06:00:00,MG,365.0,217,BURITIZEIRO,Ausência de reação do condutor,Colisão frontal,Com Vítimas Fatais,Amanhecer,Crescente,Garoa/Chuvisco,Simples,Reta,Não,7,3,2,2,0,0,4,2,"-17,58650609","-45,35240094",SPRF-MG,DEL12-MG,UOP01-DEL12-MG
402994.0,2021-12-20,segunda-feira,08:00:00,MG,381.0,688,LAVRAS,Demais falhas mecânicas ou elétricas,Saída de leito carroçável,Com Vítimas Feridas,Pleno dia,Decrescente,Sol,Dupla,Não Informado,Não,1,0,1,0,0,0,1,1,"-21,21737985","-45,1265452",SPRF-MG,DEL04-MG,UOP02-DEL04-MG
402999.0,2021-12-20,segunda-feira,09:00:00,MG,40.0,"531,8",BELO HORIZONTE,Trafegar com motocicleta (ou similar) entre as faixas,Colisão lateral mesmo sentido,Com Vítimas Feridas,Pleno dia,Crescente,Céu Claro,Dupla,Reta,Não,3,0,2,0,1,0,2,2,"-19,91962483","-44,02522683",SPRF-MG,DEL01-MG,UOP02-DEL01-MG
403000.0,2021-12-20,segunda-feira,05:00:00,MG,116.0,"512,7",UBAPORANGA,Condutor Dormindo,Saída de leito carroçável,Com Vítimas Feridas,Amanhecer,Decrescente,Nublado,Simples,Ponte,Não,2,0,1,1,0,0,2,1,"-19,66095102","-42,11695495",SPRF-MG,DEL06-MG,UOP02-DEL06-MG
403043.0,2021-12-20,segunda-feira,13:50:00,MG,381.0,"762,4",CAMPANHA,Objeto estático sobre o leito carroçável,Colisão com objeto,Com Vítimas Feridas,Pleno dia,Decrescente,Céu Claro,Dupla,Reta,Não,4,0,2,0,2,0,2,1,"-21,74008678","-45,38580253",SPRF-MG,DEL16-MG,UOP02-DEL16-MG
403050.0,2021-12-20,segunda-feira,12:30:00,MG,116.0,703,MURIAE,Desrespeitar a preferência no cruzamento,Colisão transversal,Com Vítimas Feridas,Pleno dia,Crescente,Céu Claro,Simples,Interseção de vias,Sim,2,0,1,0,1,0,1,2,"-21,12171465","-42,37984657",SPRF-MG,DEL07-MG,UOP02-DEL07-MG
403064.0,2021-12-20,segunda-feira,15:30:00,MG,381.0,910,CAMANDUCAIA,Ausência de reação do condutor,Colisão com objeto,Sem Vítimas,Pleno dia,Decrescente,Céu Claro,Dupla,Reta,Não,1,0,0,0,1,0,0,1,"-22,732552","-46,135303",SPRF-MG,DEL16-MG,UOP03-DEL16-MG
403108.0,2021-12-20,segunda-feira,19:55:00,MG,116.0,407,GOVERNADOR VALADARES,Reação tardia ou ineficiente do condutor,Atropelamento de Pedestre,Com Vítimas Feridas,Plena Noite,Crescente,Chuva,Simples,Reta,Sim,2,0,1,0,1,0,1,1,"-18,835552","-41,98926799",SPRF-MG,DEL06-MG,UOP01-DEL06-MG
403119.0,2021-12-20,segunda-feira,21:50:00,MG,381.0,"483,5",BETIM,Reação tardia ou ineficiente do condutor,Colisão lateral mesmo sentido,Com Vítimas Feridas,Plena Noite,Decrescente,Nublado,Dupla,Não Informado,Sim,4,0,1,0,2,1,1,2,"-19,95971529","-44,09010887",SPRF-MG,DEL01-MG,UOP03-DEL01-MG
403150.0,2021-12-21,terça-feira,06:10:00,MG,40.0,511,RIBEIRAO DAS NEVES,Reação tardia ou ineficiente do condutor,Colisão transversal,Sem Vítimas,Pleno dia,Crescente,Céu Claro,Dupla,Interseção de vias,Sim,3,0,0,0,3,0,0,2,"-19,78164295","-44,11733194",SPRF-MG,DEL01-MG,UOP02-DEL01-MG
403195.0,2021-12-21,terça-feira,13:00:00,MG,50.0,"197,8",DELTA,Reação tardia ou ineficiente do condutor,Colisão frontal,Com Vítimas Feridas,Pleno dia,Decrescente,Céu Claro,Dupla,Reta,Não,4,0,1,1,2,0,2,2,"-19,91438","-47,830123",SPRF-MG,DEL13-MG,UOP01-DEL13-MG
403203.0,2021-12-21,terça-feira,14:30:00,MG,262.0,"48,5",MANHUACU,Velocidade Incompatível,Colisão lateral mesmo sentido,Sem Vítimas,Pleno dia,Decrescente,Nublado,Simples,Reta,Não,2,0,0,0,2,0,0,2,"-20,25373412","-42,12287611",SPRF-MG,DEL06-MG,UOP04-DEL06-MG
403223.0,2021-12-21,terça-feira,17:10:00,MG,381.0,"275,2",JAGUARACU,Pista esburacada,Queda de ocupante de veículo,Com Vítimas Feridas,Pleno dia,Decrescente,Nublado,Simples,Curva,Não,1,0,1,0,0,0,1,1,"-19,58019666","-42,72533823",SPRF-MG,DEL03-MG,UOP02-DEL03-MG
403247.0,2021-12-21,terça-feira,19:20:00,MG,262.0,442,NOVA SERRANA,Condutor Dormindo,Tombamento,Com Vítimas Feridas,Plena Noite,Decrescente,Céu Claro,Dupla,Reta,Sim,2,0,0,1,0,1,1,1,"-19,8806236","-44,91232265",SPRF-MG,DEL08-MG,UOP03-DEL08-MG
403289.0,2021-12-21,terça-feira,19:25:00,MG,365.0,482,PATROCINIO,Ingestão de álcool pelo condutor,Saída de leito carroçável,Com Vítimas Feridas,Plena Noite,Crescente,Chuva,Múltipla,Rotatória,Sim,1,0,1,0,0,0,1,1,"-18,89295199","-47,08731001",SPRF-MG,DEL10-MG,UOP01-DEL10-MG
403296.0,2021-12-22,quarta-feira,07:30:00,MG,40.0,466,SETE LAGOAS,Condutor Dormindo,Saída de leito carroçável,Com Vítimas Feridas,Pleno dia,Decrescente,Céu Claro,Dupla,Reta,Não,1,0,1,0,0,0,1,1,"-19,44436025","-44,32384821",SPRF-MG,DEL02-MG,UOP01-DEL02-MG
403301.0,2021-12-22,quarta-feira,06:45:00,MG,40.0,"704,9",BARBACENA,Manobra de mudança de faixa,Colisão lateral mesmo sentido,Com Vítimas Feridas,Pleno dia,Decrescente,Céu Claro,Dupla,Reta,Não,5,0,4,0,1,0,4,2,"-21,20817","-43,74966601",SPRF-MG,DEL05-MG,UOP02-DEL05-MG
403315.0,2021-12-22,quarta-feira,07:45:00,MG,381.0,"482,9",BETIM,Manobra de mudança de faixa,Colisão lateral mesmo sentido,Com Vítimas Feridas,Pleno dia,Decrescente,Céu Claro,Dupla,Não Informado,Sim,3,0,1,0,2,0,1,2,"-19,955532","-44,097209",SPRF-MG,DEL01-MG,UOP03-DEL01-MG
403328.0,2021-12-22,quarta-feira,09:45:00,MG,381.0,"929,9",ITAPEVA,Demais falhas mecânicas ou elétricas,Capotamento,Com Vítimas Feridas,Pleno dia,Crescente,Céu Claro,Dupla,Curva,Não,1,0,1,0,0,0,1,1,"-22,77546926","-46,23881578",SPRF-MG,DEL16-MG,UOP03-DEL16-MG
403378.0,2021-12-22,quarta-feira,14:45:00,MG,381.0,"794,9",SAO GONCALO DO SAPUCAI,Velocidade Incompatível,Saída de leito carroçável,Sem Vítimas,Pleno dia,Crescente,Nublado,Dupla,Não Informado,Não,3,0,0,0,3,0,0,1,"-21,92913899","-45,61170907",SPRF-MG,DEL16-MG,UOP02-DEL16-MG
403379.0,2021-12-22,quarta-feira,15:00:00,MG,381.0,"494,1",BETIM,Reação tardia ou ineficiente do condutor,Colisão com objeto,Sem Vítimas,Pleno dia,Decrescente,Céu Claro,Dupla,Reta,Sim,1,0,0,0,1,0,0,1,"-19,985563","-44,20318",SPRF-MG,DEL01-MG,UOP03-DEL01-MG
403397.0,2021-12-22,quarta-feira,17:45:00,MG,262.0,357,BETIM,Ausência de reação do condutor,Saída de leito carroçável,Com Vítimas Feridas,Anoitecer,Crescente,Céu Claro,Dupla,Reta,Sim,3,0,3,0,0,0,3,1,"-19,97470835","-44,18804897",SPRF-MG,DEL01-MG,UOP03-DEL01-MG
403440.0,2021-12-22,quarta-feira,13:00:00,MG,116.0,"247,1",TEOFILO OTONI,Velocidade Incompatível,Saída de leito carroçável,Com Vítimas Feridas,Pleno dia,Decrescente,Céu Claro,Simples,Curva,Não,3,0,2,0,1,0,2,1,"-17,61897085","-41,49935745",SPRF-MG,DEL11-MG,UOP01-DEL11-MG
403442.0,2021-12-22,quarta-feira,19:36:00,MG,459.0,"101,5",POUSO ALEGRE,Ingestão de álcool pelo condutor,Colisão com objeto,Com Vítimas Fatais,Plena Noite,Crescente,Céu Claro,Simples,Curva,Sim,3,1,2,0,0,0,2,1,"-22,207674","-45,933056",SPRF-MG,DEL16-MG,UOP01-DEL16-MG
403449.0,2021-12-22,quarta-feira,20:15:00,MG,40.0,513,RIBEIRAO DAS NEVES,Velocidade Incompatível,Colisão com objeto,Com Vítimas Feridas,Plena Noite,Crescente,Céu Claro,Dupla,Desvio Temporário,Sim,2,0,1,1,0,0,2,1,"-19,7970544","-44,1080512",SPRF-MG,DEL01-MG,UOP02-DEL01-MG
403454.0,2021-12-22,quarta-feira,21:30:00,MG,381.0,"943,8",EXTREMA,Ausência de reação do condutor,Colisão traseira,Com Vítimas Feridas,Plena Noite,Decrescente,Chuva,Dupla,Não Informado,Não,3,0,1,0,2,0,1,2,"-22,86796831","-46,35363511",SPRF-MG,DEL16-MG,UOP03-DEL16-MG
403468.0,2021-12-22,quarta-feira,14:30:00,MG,116.0,"765,1",LEOPOLDINA,Condutor deixou de manter distância do veículo da frente,Colisão traseira,Com Vítimas Feridas,Pleno dia,Crescente,Céu Claro,Simples,Reta,Não,2,0,1,0,1,0,1,2,"-21,5197389","-42,6491103",SPRF-MG,DEL07-MG,UOP01-DEL07-MG
403504.0,2021-12-23,quinta-feira,06:45:00,MG,381.0,"912,9",CAMANDUCAIA,Velocidade Incompatível,Colisão com objeto,Sem Vítimas,Pleno dia,Decrescente,Céu Claro,Dupla,Curva,Não,8,0,0,0,8,0,0,2,"-22,71292448","-46,12213416",SPRF-MG,DEL16-MG,UOP03-DEL16-MG
403523.0,2021-12-23,quinta-feira,06:50:00,MG,40.0,519,RIBEIRAO DAS NEVES,Condutor deixou de manter distância do veículo da frente,Colisão traseira,Com Vítimas Feridas,Pleno dia,Crescente,Nublado,Dupla,Reta,Sim,2,0,1,0,1,0,1,2,"-19,83957589","-44,07684485",SPRF-MG,DEL01-MG,UOP02-DEL01-MG
403525.0,2021-12-23,quinta-feira,09:15:00,MG,40.0,517,RIBEIRAO DAS NEVES,Desrespeitar a preferência no cruzamento,Colisão transversal,Com Vítimas Feridas,Pleno dia,Crescente,Céu Claro,Dupla,Reta,Sim,3,0,2,0,1,0,2,2,"-19,82351202","-44,08438913",SPRF-MG,DEL01-MG,UOP02-DEL01-MG
403535.0,2021-12-23,quinta-feira,10:20:00,MG,40.0,"740,9",SANTOS DUMONT,Acessar a via sem observar a presença dos outros veículos,Colisão lateral mesmo sentido,Com Vítimas Feridas,Pleno dia,Decrescente,Céu Claro,Simples,Reta,Não,4,0,1,0,3,0,1,2,"-21,39953901","-43,56507286",SPRF-MG,DEL05-MG,UOP01-DEL05-MG
403536.0,2021-12-23,quinta-feira,10:20:00,MG,40.0,506,RIBEIRAO DAS NEVES,Reação tardia ou ineficiente do condutor,Colisão traseira,Com Vítimas Feridas,Pleno dia,Decrescente,Céu Claro,Dupla,Não Informado,Não,2,0,0,1,1,0,1,2,"-19,74716686","-44,14731173",SPRF-MG,DEL02-MG,UOP01-DEL02-MG
403550.0,2021-12-23,quinta-feira,10:30:00,MG,381.0,385,SAO GONCALO DO RIO ABAIXO,Ausência de reação do condutor,Colisão frontal,Com Vítimas Feridas,Pleno dia,Decrescente,Céu Claro,Simples,Reta,Não,5,0,5,0,0,0,5,3,"-19,80286099","-43,409962",SPRF-MG,DEL01-MG,UOP01-DEL01-MG
403557.0,2021-12-23,quinta-feira,11:45:00,MG,50.0,11,UBERLANDIA,Demais falhas mecânicas ou elétricas,Tombamento,Com Vítimas Feridas,Pleno dia,Decrescente,Nublado,Dupla,Reta,Não,1,0,1,0,0,0,1,1,"-18,90466249","-48,18431854",SPRF-MG,DEL15-MG,UOP01-DEL15-MG
403558.0,2021-12-23,quinta-feira,10:50:00,MG,365.0,"2,6",MONTES CLAROS,Ausência de reação do condutor,Queda de ocupante de veículo,Com Vítimas Feridas,Pleno dia,Crescente,Nublado,Simples,Reta,Não,2,0,1,0,0,1,1,1,"-16,72627608","-43,88021191",SPRF-MG,DEL12-MG,UOP01-DEL12-MG
403563.0,2021-12-23,quinta-feira,12:40:00,MG,50.0,"1,4",ARAGUARI,Acumulo de água sobre o pavimento,Saída de leito carroçável,Com Vítimas Feridas,Pleno dia,Decrescente,Nublado,Dupla,Curva,Não,1,0,1,0,0,0,1,1,"-18,42982393","-48,06250588",SPRF-MG,DEL15-MG,UOP02-DEL15-MG
403580.0,2021-12-23,quinta-feira,14:00:00,MG,262.0,"118,8",RIO CASCA,Desrespeitar a preferência no cruzamento,Colisão transversal,Com Vítimas Feridas,Pleno dia,Crescente,Ignorado,Simples,Rotatória,Sim,2,0,1,0,0,1,1,2,"-20,22994826","-42,63698814",SPRF-MG,DEL03-MG,UOP03-DEL03-MG
403597.0,2021-12-23,quinta-feira,15:30:00,MG,381.0,494,BETIM,Velocidade Incompatível,Tombamento,Com Vítimas Feridas,Pleno dia,Decrescente,Céu Claro,Dupla,Reta,Sim,1,0,1,0,0,0,1,1,"-19,97375213","-44,18486595",SPRF-MG,DEL01-MG,UOP03-DEL01-MG
403602.0,2021-12-23,quinta-feira,16:45:00,MG,40.0,"635,5",CONSELHEIRO LAFAIETE,Acumulo de água sobre o pavimento,Colisão frontal,Com Vítimas Fatais,Pleno dia,Crescente,Chuva,Simples,Reta,Não,4,1,1,2,0,0,3,2,"-20,69796589","-43,79213914",SPRF-MG,DEL05-MG,UOP02-DEL05-MG
403615.0,2021-12-23,quinta-feira,11:00:00,MG,381.0,517,IGARAPE,Velocidade Incompatível,Tombamento,Com Vítimas Feridas,Pleno dia,Decrescente,Céu Claro,Dupla,Reta,Sim,1,0,0,1,0,0,1,1,"-20,11382303","-44,30720801",SPRF-MG,DEL04-MG,UOP03-DEL04-MG
403635.0,2021-12-23,quinta-feira,18:30:00,MG,381.0,"479,3",CONTAGEM,Condutor deixou de manter distância do veículo da frente,Colisão traseira,Com Vítimas Feridas,Anoitecer,Crescente,Nublado,Múltipla,Não Informado,Sim,2,0,1,0,1,0,1,2,"-19,95889605","-44,069202",SPRF-MG,DEL01-MG,UOP03-DEL01-MG
403636.0,2021-12-23,quinta-feira,18:10:00,MG,50.0,"105,1",UBERABA,Reação tardia ou ineficiente do condutor,Engavetamento,Com Vítimas Feridas,Anoitecer,Decrescente,Chuva,Dupla,Reta,Não,3,0,3,0,0,0,3,3,"-19,1797979","-48,15768268",SPRF-MG,DEL13-MG,UOP01-DEL13-MG
403637.0,2021-12-23,quinta-feira,18:30:00,MG,40.0,549,NOVA LIMA,Avarias e/ou desgaste excessivo no pneu,Tombamento,Com Vítimas Feridas,Anoitecer,Crescente,Chuva,Dupla,Curva,Não,2,0,1,0,1,0,1,1,"-20,03972326","-43,96703232",SPRF-MG,DEL01-MG,UOP02-DEL01-MG
403639.0,2021-12-23,quinta-feira,18:00:00,MG,262.0,453,NOVA SERRANA,Velocidade Incompatível,Saída de leito carroçável,Sem Vítimas,Pleno dia,Crescente,Nublado,Simples,Reta,Não,2,0,0,0,2,0,0,1,"-19,8563698","-45,01560692",SPRF-MG,DEL08-MG,UOP03-DEL08-MG
403647.0,2021-12-23,quinta-feira,19:10:00,MG,365.0,463,PATROCINIO,Chuva,Colisão traseira,Com Vítimas Feridas,Plena Noite,Crescente,Chuva,Simples,Desvio Temporário,Não,5,0,1,0,4,0,1,2,"-18,88970475","-46,93477915",SPRF-MG,DEL10-MG,UOP01-DEL10-MG
403652.0,2021-12-23,quinta-feira,17:40:00,MG,365.0,"791,3",GURINHATA,Desrespeitar a preferência no cruzamento,Colisão transversal,Sem Vítimas,Pleno dia,Crescente,Nublado,Simples,Interseção de vias,Não,2,0,0,0,2,0,0,2,"-18,936457","-49,824009",SPRF-MG,DEL15-MG,UOP03-DEL15-MG
403694.0,2021-12-23,quinta-feira,18:20:00,MG,365.0,184,BURITIZEIRO,Pista esburacada,Colisão com objeto,Com Vítimas Feridas,Anoitecer,Decrescente,Chuva,Simples,Reta,Não,3,0,2,0,1,0,2,2,"-17,42185469","-45,12100297",SPRF-MG,DEL12-MG,UOP01-DEL12-MG
403704.0,2021-12-24,sexta-feira,03:10:00,MG,262.0,768,UBERABA,Reação tardia ou ineficiente do condutor,Saída de leito carroçável,Com Vítimas Feridas,Plena Noite,Decrescente,Céu Claro,Simples,Interseção de vias,Não,2,0,1,1,0,0,2,1,"-19,68520161","-47,67621209",SPRF-MG,DEL13-MG,UOP01-DEL13-MG
403718.0,2021-12-24,sexta-feira,02:30:00,MG,262.0,"44,1",MANHUACU,Ingestão de álcool pelo condutor,Capotamento,Sem Vítimas,Plena Noite,Decrescente,Nublado,Simples,Curva,Não,1,0,0,0,1,0,0,1,"-20,26011575","-42,08811198",SPRF-MG,DEL06-MG,UOP04-DEL06-MG
403736.0,2021-12-24,sexta-feira,06:10:00,MG,262.0,652,IBIA,Condutor Dormindo,Saída de leito carroçável,Com Vítimas Feridas,Amanhecer,Decrescente,Nublado,Simples,Curva,Não,5,0,5,0,0,0,5,1,"-19,56772728","-46,64785025",SPRF-MG,DEL08-MG,UOP01-DEL08-MG
403746.0,2021-12-24,sexta-feira,06:45:00,MG,262.0,"470,1",BOM DESPACHO,Velocidade Incompatível,Saída de leito carroçável,Com Vítimas Feridas,Pleno dia,Crescente,Nublado,Simples,Reta,Não,6,0,1,0,5,0,1,1,"-19,7905492","-45,1584721",SPRF-MG,DEL08-MG,UOP03-DEL08-MG
403749.0,2021-12-24,sexta-feira,08:00:00,MG,365.0,624,UBERLANDIA,Acessar a via sem observar a presença dos outros veículos,Colisão lateral mesmo sentido,Com Vítimas Feridas,Pleno dia,Crescente,Céu Claro,Múltipla,Reta,Sim,2,0,1,0,1,0,1,2,"-18,90754763","-48,3160669",SPRF-MG,DEL15-MG,UOP01-DEL15-MG
403750.0,2021-12-24,sexta-feira,08:55:00,MG,40.0,"468,8",SETE LAGOAS,Retorno proibido,Colisão transversal,Com Vítimas Feridas,Pleno dia,Decrescente,Nublado,Dupla,Não Informado,Não,2,0,0,2,0,0,2,2,"-19,45630182","-44,30941888",SPRF-MG,DEL02-MG,UOP01-DEL02-MG
403751.0,2021-12-24,sexta-feira,08:00:00,MG,381.0,854,POUSO ALEGRE,Velocidade Incompatível,Engavetamento,Com Vítimas Feridas,Pleno dia,Decrescente,Céu Claro,Dupla,Não Informado,Não,13,0,2,2,9,0,4,4,"-22,26782465","-45,89172745",SPRF-MG,DEL16-MG,UOP01-DEL16-MG
403774.0,2021-12-24,sexta-feira,11:00:00,MG,267.0,"287,5",BAEPENDI,Animais na Pista,Atropelamento de Animal,Com Vítimas Feridas,Pleno dia,Crescente,Céu Claro,Simples,Curva,Não,1,0,1,0,0,0,1,1,"-21,92806706","-44,78614808",SPRF-MG,DEL17-MG,UOP01-DEL17-MG
403781.0,2021-12-24,sexta-feira,12:05:00,MG,40.0,"633,5",CONSELHEIRO LAFAIETE,Acessar a via sem observar a presença dos outros veículos,Colisão transversal,Com Vítimas Feridas,Pleno dia,Decrescente,Céu Claro,Simples,Reta,Não,2,0,1,0,1,0,1,2,"-20,68168197","-43,79419779",SPRF-MG,DEL05-MG,UOP02-DEL05-MG
403799.0,2021-12-24,sexta-feira,12:42:00,MG,116.0,"771,8",LEOPOLDINA,Reação tardia ou ineficiente do condutor,Saída de leito carroçável,Com Vítimas Feridas,Pleno dia,Crescente,Sol,Simples,Curva,Sim,3,0,2,1,0,0,3,2,"-21,55638202","-42,67583002",SPRF-MG,DEL07-MG,UOP01-DEL07-MG
403807.0,2021-12-24,sexta-feira,14:40:00,MG,364.0,"22,3",FRUTAL,Ausência de reação do condutor,Colisão com objeto,Com Vítimas Fatais,Pleno dia,Crescente,Céu Claro,Simples,Desvio Temporário,Não,4,1,0,3,0,0,3,1,"-20,04325","-48,85137",SPRF-MG,DEL13-MG,UOP02-DEL13-MG
403808.0,2021-12-24,sexta-feira,14:45:00,MG,381.0,451,SABARA,Ausência de reação do condutor,Colisão traseira,Com Vítimas Feridas,Pleno dia,Decrescente,Céu Claro,Simples,Curva,Não,3,0,2,0,1,0,2,2,"-19,83832024","-43,8806931",SPRF-MG,DEL01-MG,UOP01-DEL01-MG
403811.0,2021-12-24,sexta-feira,14:15:00,MG,40.0,"0,4",PARACATU,Pista Escorregadia,Saída de leito carroçável,Com Vítimas Feridas,Pleno dia,Crescente,Nublado,Simples,Curva,Não,2,0,2,0,0,0,2,1,"-17,034834","-47,15882",SPRF-MG,DEL14-MG,UOP01-DEL14-MG
403816.0,2021-12-24,sexta-feira,14:35:00,MG,459.0,84,CONGONHAL,Acessar a via sem observar a presença dos outros veículos,Colisão transversal,Com Vítimas Feridas,Pleno dia,Decrescente,Céu Claro,Simples,Interseção de vias,Sim,4,0,1,0,3,0,1,2,"-22,150941","-46,0460186",SPRF-MG,DEL09-MG,UOP01-DEL09-MG
403821.0,2021-12-24,sexta-feira,16:00:00,MG,40.0,"506,1",RIBEIRAO DAS NEVES,Acessar a via sem observar a presença dos outros veículos,Colisão traseira,Com Vítimas Feridas,Pleno dia,Crescente,Céu Claro,Dupla,Reta,Não,2,0,1,0,1,0,1,2,"-19,74716686","-44,14731173",SPRF-MG,DEL02-MG,UOP01-DEL02-MG
403838.0,2021-12-24,sexta-feira,14:30:00,MG,381.0,613,OLIVEIRA,Ingestão de álcool e/ou substâncias psicoativas pelo pedestre,Colisão lateral mesmo sentido,Sem Vítimas,Pleno dia,Crescente,Céu Claro,Dupla,Curva,Não,1,0,0,0,1,0,0,1,"-20,72014073","-44,76677037",SPRF-MG,DEL04-MG,UOP01-DEL04-MG
403844.0,2021-12-24,sexta-feira,15:40:00,MG,356.0,"265,6",MURIAE,Mal súbito do condutor,Colisão com objeto,Com Vítimas Feridas,Pleno dia,Decrescente,Sol,Simples,Reta,Sim,1,0,1,0,0,0,1,1,"-21,12838898","-42,366803",SPRF-MG,DEL07-MG,UOP02-DEL07-MG
403855.0,2021-12-24,sexta-feira,18:55:00,MG,262.0,1,MARTINS SOARES,Acesso irregular,Colisão transversal,Com Vítimas Feridas,Plena Noite,Decrescente,Nublado,Simples,Reta,Não,5,0,4,0,1,0,4,2,"-20,26789503","-41,7770879",SPRF-MG,DEL06-MG,UOP04-DEL06-MG
403863.0,2021-12-24,sexta-feira,17:40:00,MG,153.0,"178,4",COMENDADOR GOMES,Avarias e/ou desgaste excessivo no pneu,Saída de leito carroçável,Com Vítimas Feridas,Pleno dia,Crescente,Céu Claro,Simples,Reta,Não,1,0,0,1,0,0,1,1,"-19,83944199","-48,96458295",SPRF-MG,DEL13-MG,UOP02-DEL13-MG
403866.0,2021-12-24,sexta-feira,19:00:00,MG,262.0,"832,4",UBERABA,Reação tardia ou ineficiente do condutor,Colisão com objeto,Com Vítimas Feridas,Plena Noite,Decrescente,Céu Claro,Dupla,Curva,Não,1,0,1,0,0,0,1,1,"-19,74213602","-48,212724",SPRF-MG,DEL13-MG,UOP01-DEL13-MG
403872.0,2021-12-24,sexta-feira,19:50:00,MG,381.0,"286,4",JAGUARACU,Pista esburacada,Tombamento,Com Vítimas Feridas,Plena Noite,Decrescente,Nublado,Simples,Reta,Não,2,0,2,0,0,0,2,1,"-19,62557509","-42,8057348",SPRF-MG,DEL03-MG,UOP02-DEL03-MG
403874.0,2021-12-24,sexta-feira,20:40:00,MG,381.0,"517,5",IGARAPE,Velocidade Incompatível,Colisão com objeto,Sem Vítimas,Plena Noite,Decrescente,Chuva,Dupla,Reta,Não,1,0,0,0,1,0,0,1,"-20,11382303","-44,30720801",SPRF-MG,DEL04-MG,UOP03-DEL04-MG
403886.0,2021-12-24,sexta-feira,22:15:00,MG,381.0,500,BETIM,Pedestre cruzava a pista fora da faixa,Atropelamento de Pedestre,Com Vítimas Feridas,Plena Noite,Crescente,Nublado,Dupla,Não Informado,Não,2,0,1,0,1,0,1,1,"-20,02513493","-44,23112709",SPRF-MG,DEL01-MG,UOP03-DEL01-MG
403888.0,2021-12-24,sexta-feira,15:30:00,MG,116.0,"547,1",SANTA BARBARA DO LESTE,Velocidade Incompatível,Saída de leito carroçável,Com Vítimas Feridas,Pleno dia,Crescente,Nublado,Simples,Reta,Não,2,0,2,0,0,0,2,1,"-19,94406896","-42,1320258",SPRF-MG,DEL06-MG,UOP02-DEL06-MG
403908.0,2021-12-24,sexta-feira,21:00:00,MG,153.0,"26,5",CENTRALINA,Pista esburacada,Tombamento,Com Vítimas Feridas,Plena Noite,Decrescente,Céu Claro,Dupla,Reta,Não,2,0,2,0,0,0,2,1,"-18,64727712","-49,17447621",SPRF-MG,DEL15-MG,UOP03-DEL15-MG
403912.0,2021-12-25,sábado,01:00:00,MG,381.0,"277,4",JAGUARACU,Condutor Dormindo,Tombamento,Com Vítimas Feridas,Plena Noite,Decrescente,Nublado,Simples,Curva,Não,1,0,0,1,0,0,1,1,"-19,553721","-42,70941",SPRF-MG,DEL03-MG,UOP02-DEL03-MG
403926.0,2021-12-25,sábado,03:20:00,MG,262.0,"414,2",IGARATINGA,Velocidade Incompatível,Saída de leito carroçável,Com Vítimas Feridas,Plena Noite,Decrescente,Ignorado,Dupla,Reta,Não,1,0,1,0,0,0,1,1,"-19,90339593","-44,66308607",SPRF-MG,DEL08-MG,UOP03-DEL08-MG
403927.0,2021-12-25,sábado,04:00:00,MG,40.0,"524,8",CONTAGEM,Entrada inopinada do pedestre,Atropelamento de Pedestre,Com Vítimas Feridas,Plena Noite,Crescente,Nublado,Dupla,Reta,Sim,2,0,1,0,1,0,1,1,"-19,8754469","-44,05345586",SPRF-MG,DEL01-MG,UOP02-DEL01-MG
403937.0,2021-12-25,sábado,00:40:00,MG,381.0,496,BETIM,Velocidade Incompatível,Colisão com objeto,Sem Vítimas,Plena Noite,Crescente,Céu Claro,Dupla,Reta,Não,1,0,0,0,0,1,0,1,"-19,99676497","-44,20958506",SPRF-MG,DEL01-MG,UOP03-DEL01-MG