id,data_inversa,dia_semana,horario,uf,br,km,municipio,causa_acidente,tipo_acidente,classificacao_acidente,fase_dia,sentido_via,condicao_metereologica,tipo_pista,tracado_via,uso_solo,pessoas,mortos,feridos_leves,feridos_graves,ilesos,ignorados,feridos,veiculos,latitude,longitude,regional,delegacia,uop
403954.0,2021-12-25,sábado,07:10:00,MG,262.0,141,RIO CASCA,Velocidade Incompatível,Saída de leito carroçável,Com Vítimas Feridas,Pleno dia,Decrescente,Nublado,Simples,Não Informado,Não,1,0,1,0,0,0,1,1,"-20,06617491","-42,71832256",SPRF-MG,DEL03-MG,UOP03-DEL03-MG
403987.0,2021-12-25,sábado,13:30:00,MG,40.0,665,CARANDAI,Acessar a via sem observar a presença dos outros veículos,Colisão transversal,Com Vítimas Feridas,Pleno dia,Decrescente,Céu Claro,Simples,Não Informado,Sim,2,0,1,0,1,0,1,2,"-20,93778015","-43,81473317",SPRF-MG,DEL05-MG,UOP02-DEL05-MG
403988.0,2021-12-25,sábado,14:00:00,MG,50.0,100,UBERLANDIA,Avarias e/ou desgaste excessivo no pneu,Queda de ocupante de veículo,Com Vítimas Feridas,Pleno dia,Crescente,Sol,Dupla,Reta,Não,2,0,2,0,0,0,2,1,"-19,1360921","-48,17067835",SPRF-MG,DEL15-MG,UOP01-DEL15-MG
404001.0,2021-12-25,sábado,16:00:00,MG,262.0,"42,6",MANHUACU,Pista esburacada,Tombamento,Com Vítimas Feridas,Pleno dia,Crescente,Céu Claro,Simples,Reta,Não,1,0,0,1,0,0,1,1,"-20,26976316","-42,06894006",SPRF-MG,DEL06-MG,UOP04-DEL06-MG
404003.0,2021-12-25,sábado,16:20:00,MG,381.0,431,SABARA,Velocidade Incompatível,Saída de leito carroçável,Com Vítimas Feridas,Pleno dia,Crescente,Céu Claro,Dupla,Curva,Sim,1,0,0,1,0,0,1,1,"-19,78854826","-43,69815304",SPRF-MG,DEL01-MG,UOP01-DEL01-MG
404009.0,2021-12-25,sábado,16:50:00,MG,381.0,"730,2",CARMO DA CACHOEIRA,Demais falhas mecânicas ou elétricas,Saída de leito carroçável,Com Vítimas Feridas,Pleno dia,Crescente,Céu Claro,Dupla,Reta,Não,3,0,3,0,0,0,3,1,"-21,504029","-45,215223",SPRF-MG,DEL16-MG,UOP02-DEL16-MG
404038.0,2021-12-25,sábado,19:00:00,MG,116.0,"691,1",MURIAE,Ausência de reação do condutor,Saída de leito carroçável,Com Vítimas Feridas,Plena Noite,Decrescente,Céu Claro,Simples,Curva,Não,1,0,1,0,0,0,1,1,"-21,01268114","-42,35978734",SPRF-MG,DEL07-MG,UOP02-DEL07-MG
404050.0,2021-12-25,sábado,22:15:00,MG,381.0,"841,9",SAO SEBASTIAO DA BELA VISTA,Pedestre andava na pista,Atropelamento de Pedestre,Com Vítimas Feridas,Plena Noite,Crescente,Céu Claro,Dupla,Reta,Não,4,0,0,1,3,0,1,1,"-22,20885986","-45,86531323",SPRF-MG,DEL16-MG,UOP01-DEL16-MG
404055.0,2021-12-25,sábado,22:30:00,MG,50.0,180,UBERABA,Reação tardia ou ineficiente do condutor,Colisão traseira,Com Vítimas Feridas,Pleno dia,Decrescente,Céu Claro,Dupla,Viaduto,Não,9,0,4,0,5,0,4,2,"-19,77848216","-47,92194709",SPRF-MG,DEL13-MG,UOP01-DEL13-MG
404060.0,2021-12-25,sábado,22:40:00,MG,50.0,71,UBERLANDIA,Desrespeitar a preferência no cruzamento,Colisão lateral mesmo sentido,Com Vítimas Feridas,Plena Noite,Decrescente,Nublado,Dupla,Interseção de vias,Sim,2,0,2,0,0,0,2,1,"-18,85140204","-48,25345932",SPRF-MG,DEL15-MG,UOP01-DEL15-MG
404068.0,2021-12-26,domingo,00:30:00,MG,262.0,"358,5",BETIM,Animais na Pista,Atropelamento de Animal,Com Vítimas Feridas,Plena Noite,Crescente,Céu Claro,Dupla,Reta,Não,1,0,0,1,0,0,1,1,"-19,97562699","-44,197751",SPRF-MG,DEL01-MG,UOP03-DEL01-MG
404070.0,2021-12-26,domingo,00:20:00,MG,365.0,"774,5",ITUIUTABA,Animais na Pista,Colisão frontal,Com Vítimas Feridas,Plena Noite,Decrescente,Céu Claro,Simples,Reta,Não,1,0,0,1,0,0,1,1,"-18,95966324","-49,65645601",SPRF-MG,DEL15-MG,UOP03-DEL15-MG
404078.0,2021-12-25,sábado,23:00:00,MG,364.0,19,FRUTAL,Velocidade Incompatível,Saída de leito carroçável,Com Vítimas Feridas,Plena Noite,Decrescente,Céu Claro,Simples,Reta,Não,1,0,0,1,0,0,1,1,"-20,025185","-48,94096",SPRF-MG,DEL13-MG,UOP02-DEL13-MG
404079.0,2021-12-26,domingo,05:00:00,MG,354.0,747,ITANHANDU,Velocidade Incompatível,Saída de leito carroçável,Com Vítimas Feridas,Amanhecer,Decrescente,Céu Claro,Simples,Curva,Não,1,0,0,1,0,0,1,1,"-22,26578926","-44,9042579",SPRF-MG,DEL17-MG,UOP01-DEL17-MG
404080.0,2021-12-26,domingo,04:20:00,MG,50.0,"140,4",UBERABA,Condutor Dormindo,Saída de leito carroçável,Com Vítimas Feridas,Amanhecer,Decrescente,Céu Claro,Dupla,Reta,Não,2,0,1,0,1,0,1,1,"-19,479646","-48,052348",SPRF-MG,DEL13-MG,UOP01-DEL13-MG
404096.0,2021-12-26,domingo,08:25:00,MG,116.0,"704,5",MURIAE,Condutor deixou de manter distância do veículo da frente,Colisão traseira,Com Vítimas Feridas,Pleno dia,Decrescente,Sol,Simples,Reta,Sim,2,0,1,0,1,0,1,2,"-21,125168","-42,381763",SPRF-MG,DEL05-MG,UOP01-DEL05-MG
404112.0,2021-12-26,domingo,08:52:00,MG,381.0,"802,2",SAO GONCALO DO SAPUCAI,Velocidade Incompatível,Colisão com objeto,Com Vítimas Feridas,Pleno dia,Crescente,Céu Claro,Dupla,Não Informado,Não,1,0,1,0,0,0,1,1,"-21,98685449","-45,65711903",SPRF-MG,DEL16-MG,UOP02-DEL16-MG
404123.0,2021-12-26,domingo,13:00:00,MG,459.0,"66,7",IPUIUNA,Chuva,Colisão frontal,Com Vítimas Feridas,Pleno dia,Crescente,Chuva,Simples,Curva,Não,3,0,2,1,0,0,3,2,"-22,133119","-46,173303",SPRF-MG,DEL09-MG,UOP01-DEL09-MG
404125.0,2021-12-26,domingo,12:25:00,MG,381.0,"420,4",CAETE,Velocidade Incompatível,Saída de leito carroçável,Sem Vítimas,Pleno dia,Crescente,Céu Claro,Múltipla,Não Informado,Não,1,0,0,0,1,0,0,1,"-19,77712975","-43,65501412",SPRF-MG,DEL01-MG,UOP01-DEL01-MG
404127.0,2021-12-26,domingo,14:00:00,MG,40.0,"771,5",JUIZ DE FORA,Condutor deixou de manter distância do veículo da frente,Colisão traseira,Sem Vítimas,Pleno dia,Decrescente,Céu Claro,Simples,Reta,Não,2,0,0,0,2,0,0,2,"-21,63474759","-43,44178677",SPRF-MG,DEL05-MG,UOP01-DEL05-MG
404136.0,2021-12-26,domingo,13:00:00,MG,262.0,460,NOVA SERRANA,Ingestão de álcool pelo condutor,Saída de leito carroçável,Sem Vítimas,Pleno dia,Decrescente,Céu Claro,Simples,Reta,Não,3,0,0,0,1,2,0,1,"-19,82719122","-45,07371312",SPRF-MG,DEL08-MG,UOP03-DEL08-MG
404152.0,2021-12-26,domingo,16:05:00,MG,40.0,"760,2",JUIZ DE FORA,Condutor Dormindo,Colisão frontal,Com Vítimas Fatais,Pleno dia,Decrescente,Chuva,Simples,Não Informado,Não,26,5,1,1,19,0,2,2,"-21,56109178","-43,49577427",SPRF-MG,DEL05-MG,UOP01-DEL05-MG
404154.0,2021-12-26,domingo,14:30:00,MG,381.0,"164,4",GOVERNADOR VALADARES,Velocidade Incompatível,Colisão traseira,Com Vítimas Feridas,Pleno dia,Decrescente,Céu Claro,Simples,Não Informado,Não,4,0,1,0,1,2,1,3,"-18,94120195","-42,05863304",SPRF-MG,DEL06-MG,UOP01-DEL06-MG
404155.0,2021-12-26,domingo,16:20:00,MG,381.0,357,JOAO MONLEVADE,Acessar a via sem observar a presença dos outros veículos,Colisão frontal,Com Vítimas Feridas,Pleno dia,Crescente,Céu Claro,Simples,Interseção de vias,Sim,7,0,2,0,3,2,2,3,"-19,85175308","-43,213709",SPRF-MG,DEL03-MG,UOP01-DEL03-MG
404160.0,2021-12-26,domingo,16:00:00,MG,381.0,500,BETIM,Velocidade Incompatível,Engavetamento,Com Vítimas Feridas,Pleno dia,Decrescente,Céu Claro,Dupla,Reta,Não,6,0,2,0,4,0,2,4,"-20,02513493","-44,23112709",SPRF-MG,DEL01-MG,UOP03-DEL01-MG
404179.0,2021-12-26,domingo,17:30:00,MG,381.0,508,SAO JOAQUIM DE BICAS,Ingestão de álcool pelo condutor,Colisão com objeto,Com Vítimas Feridas,Pleno dia,Decrescente,Céu Claro,Dupla,Reta,Sim,6,0,1,1,4,0,2,2,"-20,06277698","-44,29329002",SPRF-MG,DEL01-MG,UOP03-DEL01-MG
404184.0,2021-12-26,domingo,18:28:00,MG,40.0,582,ITABIRITO,Conversão proibida,Colisão transversal,Com Vítimas Feridas,Anoitecer,Crescente,Nublado,Simples,Reta,Não,3,0,2,0,1,0,2,2,"-20,31049595","-43,93484962",SPRF-MG,DEL01-MG,UOP02-DEL01-MG
404199.0,2021-12-26,domingo,19:00:00,MG,381.0,"570,5",ITAGUARA,Velocidade Incompatível,Saída de leito carroçável,Com Vítimas Feridas,Plena Noite,Crescente,Céu Claro,Dupla,Reta,Não,1,0,0,1,0,0,1,1,"-20,43702178","-44,55965749",SPRF-MG,DEL04-MG,UOP03-DEL04-MG
404224.0,2021-12-26,domingo,12:20:00,MG,381.0,"502,3",BETIM,Demais falhas mecânicas ou elétricas,Queda de ocupante de veículo,Com Vítimas Feridas,Pleno dia,Crescente,Céu Claro,Dupla,Reta,Sim,1,0,1,0,0,0,1,1,"-20,03619694","-44,24586303",SPRF-MG,DEL01-MG,UOP03-DEL01-MG
404253.0,2021-12-26,domingo,21:05:00,MG,50.0,193,DELTA,Condutor Dormindo,Colisão com objeto,Com Vítimas Feridas,Plena Noite,Decrescente,Nublado,Dupla,Reta,Não,4,0,4,0,0,0,4,1,"-19,87965993","-47,85365089",SPRF-MG,DEL13-MG,UOP01-DEL13-MG
404261.0,2021-12-26,domingo,23:30:00,MG,267.0,"151,7",LIMA DUARTE,Condutor Dormindo,Saída de leito carroçável,Com Vítimas Feridas,Plena Noite,Crescente,Céu Claro,Simples,Reta,Não,2,0,2,0,0,0,2,1,"-21,82045257","-43,75270917",SPRF-MG,DEL05-MG,UOP01-DEL05-MG
404283.0,2021-12-26,domingo,20:50:00,MG,116.0,523,CARATINGA,Acumulo de areia ou detritos sobre o pavimento,Tombamento,Com Vítimas Feridas,Plena Noite,Decrescente,Nublado,Simples,Rotatória,Sim,1,0,1,0,0,0,1,1,"-19,75187896","-42,1326603",SPRF-MG,DEL06-MG,UOP02-DEL06-MG
404299.0,2021-12-27,segunda-feira,06:55:00,MG,50.0,178,UBERABA,Reação tardia ou ineficiente do condutor,Tombamento,Com Vítimas Feridas,Pleno dia,Crescente,Céu Claro,Dupla,Reta,Sim,2,0,2,0,0,0,2,1,"-19,77911996","-47,94054503",SPRF-MG,DEL13-MG,UOP01-DEL13-MG
404326.0,2021-12-27,segunda-feira,11:05:00,MG,40.0,"33,3",PARACATU,Manobra de mudança de faixa,Colisão frontal,Com Vítimas Feridas,Pleno dia,Crescente,Céu Claro,Simples,Desvio Temporário,Não,5,0,0,1,4,0,1,2,"-17,18057512","-46,92660521",SPRF-MG,DEL14-MG,UOP01-DEL14-MG
404327.0,2021-12-27,segunda-feira,10:40:00,MG,381.0,"660,9",SANTO ANTONIO DO AMPARO,Ingestão de álcool pelo condutor,Colisão com objeto,Sem Vítimas,Pleno dia,Decrescente,Céu Claro,Dupla,Não Informado,Não,1,0,0,0,1,0,0,1,"-21,01264703","-44,98506546",SPRF-MG,DEL04-MG,UOP02-DEL04-MG
404328.0,2021-12-26,domingo,21:30:00,MG,365.0,790,ITUIUTABA,Velocidade Incompatível,Saída de leito carroçável,Com Vítimas Feridas,Plena Noite,Decrescente,Céu Claro,Simples,Reta,Não,1,0,1,0,0,0,1,1,"-18,93711663","-49,82185201",SPRF-MG,DEL15-MG,UOP03-DEL15-MG
404381.0,2021-12-27,segunda-feira,10:40:00,MG,381.0,"484,2",BETIM,Ausência de reação do condutor,Queda de ocupante de veículo,Com Vítimas Feridas,Pleno dia,Crescente,Céu Claro,Dupla,Reta,Não,1,0,1,0,0,0,1,1,"-19,95531717","-44,11722196",SPRF-MG,DEL01-MG,UOP03-DEL01-MG
404385.0,2021-12-27,segunda-feira,17:00:00,MG,365.0,27,MONTES CLAROS,Velocidade Incompatível,Capotamento,Com Vítimas Feridas,Pleno dia,Crescente,Chuva,Simples,Curva,Não,4,0,0,1,3,0,1,1,"-16,84711553","-44,07790476",SPRF-MG,DEL12-MG,UOP01-DEL12-MG
404390.0,2021-12-27,segunda-feira,18:30:00,MG,365.0,624,UBERLANDIA,Ausência de reação do condutor,Colisão traseira,Com Vítimas Feridas,Pleno dia,Decrescente,Céu Claro,Dupla,Reta,Sim,2,0,1,0,0,1,1,2,"-18,91039","-48,30577",SPRF-MG,DEL15-MG,UOP01-DEL15-MG
404408.0,2021-12-27,segunda-feira,20:50:00,MG,381.0,798,SAO GONCALO DO SAPUCAI,Ausência de reação do condutor,Saída de leito carroçável,Com Vítimas Feridas,Plena Noite,Crescente,Chuva,Dupla,Reta,Não,1,0,1,0,0,0,1,1,"-21,9634501","-45,6280759",SPRF-MG,DEL16-MG,UOP02-DEL16-MG
404440.0,2021-12-28,terça-feira,04:30:00,MG,365.0,"628,5",UBERLANDIA,Ausência de reação do condutor,Saída de leito carroçável,Com Vítimas Feridas,Amanhecer,Crescente,Céu Claro,Dupla,Reta,Não,2,0,2,0,0,0,2,1,"-18,90086","-48,35899",SPRF-MG,DEL15-MG,UOP01-DEL15-MG
404463.0,2021-12-28,terça-feira,07:50:00,MG,381.0,452,SABARA,Conversão proibida,Colisão lateral sentido oposto,Com Vítimas Feridas,Pleno dia,Decrescente,Céu Claro,Simples,Curva,Não,3,0,1,0,2,0,1,2,"-19,84339604","-43,88596993",SPRF-MG,DEL01-MG,UOP01-DEL01-MG
404466.0,2021-12-28,terça-feira,09:55:00,MG,50.0,"58,5",UBERLANDIA,Reação tardia ou ineficiente do condutor,Saída de leito carroçável,Com Vítimas Feridas,Pleno dia,Decrescente,Céu Claro,Dupla,Reta,Não,1,0,1,0,0,0,1,1,"-18,79408225","-48,23421867",SPRF-MG,DEL15-MG,UOP02-DEL15-MG
404469.0,2021-12-28,terça-feira,09:30:00,MG,40.0,"142,9",JOAO PINHEIRO,Acessar a via sem observar a presença dos outros veículos,Colisão transversal,Com Vítimas Feridas,Pleno dia,Decrescente,Céu Claro,Simples,Interseção de vias,Sim,3,0,1,0,2,0,1,2,"-17,740382","-46,185728",SPRF-MG,DEL14-MG,UOP01-DEL14-MG
404479.0,2021-12-28,terça-feira,10:30:00,MG,381.0,"918,9",CAMANDUCAIA,Condutor deixou de manter distância do veículo da frente,Engavetamento,Sem Vítimas,Pleno dia,Decrescente,Nublado,Dupla,Não Informado,Não,9,0,0,0,9,0,0,3,"-22,75561398","-46,15043163",SPRF-MG,DEL16-MG,UOP03-DEL16-MG
404497.0,2021-12-28,terça-feira,13:20:00,MG,40.0,"679,3",CARANDAI,Reação tardia ou ineficiente do condutor,Colisão com objeto,Com Vítimas Feridas,Pleno dia,Crescente,Céu Claro,Dupla,Curva,Não,3,0,3,0,0,0,3,1,"-21,03303867","-43,7767048",SPRF-MG,DEL05-MG,UOP02-DEL05-MG
404510.0,2021-12-28,terça-feira,15:10:00,MG,40.0,"737,6",SANTOS DUMONT,Conversão proibida,Colisão transversal,Com Vítimas Feridas,Pleno dia,Crescente,Chuva,Simples,Curva,Não,2,0,1,1,0,0,2,1,"-21,38296999","-43,57033542",SPRF-MG,DEL05-MG,UOP01-DEL05-MG
404526.0,2021-12-28,terça-feira,16:20:00,MG,381.0,671,PERDOES,Velocidade Incompatível,Capotamento,Com Vítimas Feridas,Pleno dia,Crescente,Céu Claro,Dupla,Curva,Não,2,0,1,0,1,0,1,1,"-21,08945416","-45,06864195",SPRF-MG,DEL04-MG,UOP02-DEL04-MG
404536.0,2021-12-28,terça-feira,17:40:00,MG,50.0,"57,3",UBERLANDIA,Demais falhas na via,Colisão com objeto,Com Vítimas Feridas,Pleno dia,Decrescente,Nublado,Dupla,Curva,Não,1,0,1,0,0,0,1,1,"-18,790324","-48,231329",SPRF-MG,DEL15-MG,UOP02-DEL15-MG
404560.0,2021-12-28,terça-feira,18:25:00,MG,381.0,481,CONTAGEM,Reação tardia ou ineficiente do condutor,Engavetamento,Com Vítimas Feridas,Anoitecer,Crescente,Chuva,Dupla,Não Informado,Sim,4,0,1,0,3,0,1,3,"-19,95882786","-44,06169891",SPRF-MG,DEL01-MG,UOP03-DEL01-MG
404561.0,2021-12-28,terça-feira,20:10:00,MG,381.0,"485,5",BETIM,Velocidade Incompatível,Colisão traseira,Com Vítimas Feridas,Plena Noite,Crescente,Chuva,Dupla,Reta,Não,3,0,1,0,1,1,1,3,"-19,95659361","-44,12622893",SPRF-MG,DEL01-MG,UOP03-DEL01-MG
404577.0,2021-12-28,terça-feira,20:30:00,MG,50.0,"203,9",DELTA,Chuva,Tombamento,Com Vítimas Feridas,Pleno dia,Crescente,Chuva,Dupla,Reta,Não,1,0,1,0,0,0,1,1,"-19,92627147","-47,82191068",SPRF-MG,DEL13-MG,UOP01-DEL13-MG
404579.0,2021-12-29,quarta-feira,00:10:00,MG,,,ITAOBIM,Velocidade Incompatível,Tombamento,Com Vítimas Feridas,Plena Noite,Não Informado,Céu Claro,Simples,Não Informado,Sim,2,0,2,0,0,0,2,1,"-16,55656498","-41,50192905",SPRF-MG,DEL11-MG,UOP02-DEL11-MG
404586.0,2021-12-29,quarta-feira,00:40:00,MG,381.0,"632,5",OLIVEIRA,Objeto estático sobre o leito carroçável,Queda de ocupante de veículo,Com Vítimas Feridas,Plena Noite,Crescente,Nublado,Dupla,Desvio Temporário,Não,3,0,0,1,0,2,1,1,"-20,86147692","-44,84048107",SPRF-MG,DEL04-MG,UOP01-DEL04-MG
404619.0,2021-12-29,quarta-feira,08:20:00,MG,459.0,"78,3",CONGONHAL,Acessar a via sem observar a presença dos outros veículos,Saída de leito carroçável,Com Vítimas Fatais,Pleno dia,Crescente,Nublado,Simples,Interseção de vias,Não,3,1,0,1,0,1,1,1,"-22,157872","-46,096623",SPRF-MG,DEL09-MG,UOP01-DEL09-MG
404630.0,2021-11-11,quinta-feira,15:30:00,MG,365.0,486,PATROCINIO,Demais falhas na via,Saída de leito carroçável,Com Vítimas Feridas,Pleno dia,Decrescente,Céu Claro,Simples,Reta,Não,1,0,1,0,0,0,1,1,"-18,89867612","-47,12259197",SPRF-MG,DEL10-MG,UOP01-DEL10-MG
404640.0,2021-12-29,quarta-feira,09:50:00,MG,50.0,137,UBERABA,Reação tardia ou ineficiente do condutor,Saída de leito carroçável,Com Vítimas Feridas,Pleno dia,Decrescente,Céu Claro,Dupla,Reta,Não,2,0,2,0,0,0,2,1,"-19,45056192","-48,06142574",SPRF-MG,DEL13-MG,UOP01-DEL13-MG
404648.0,2021-12-29,quarta-feira,13:25:00,MG,40.0,512,RIBEIRAO DAS NEVES,Velocidade Incompatível,Queda de ocupante de veículo,Com Vítimas Feridas,Pleno dia,Crescente,Chuva,Dupla,Desvio Temporário,Não,1,0,0,1,0,0,1,1,"-19,79932506","-44,10531566",SPRF-MG,DEL01-MG,UOP02-DEL01-MG
404653.0,2021-12-29,quarta-feira,11:50:00,MG,116.0,"259,9",TEOFILO OTONI,Demais falhas na via,Capotamento,Com Vítimas Feridas,Pleno dia,Decrescente,Nublado,Simples,Curva,Não,2,0,0,1,1,0,1,1,"-17,71570901","-41,48895242",SPRF-MG,DEL11-MG,UOP01-DEL11-MG
404677.0,2021-12-29,quarta-feira,07:50:00,MG,116.0,"59,8",MEDINA,Condutor Dormindo,Colisão frontal,Com Vítimas Fatais,Pleno dia,Crescente,Nublado,Dupla,Desvio Temporário,Não,6,1,2,3,0,0,5,2,"-16,12689406","-41,42462122",SPRF-MG,DEL11-MG,UOP02-DEL11-MG
404708.0,2021-12-29,quarta-feira,19:10:00,MG,262.0,356,BETIM,Animais na Pista,Atropelamento de Animal,Com Vítimas Feridas,Plena Noite,Decrescente,Céu Claro,Dupla,Reta,Sim,2,0,2,0,0,0,2,1,"-19,96890716","-44,18104581",SPRF-MG,DEL01-MG,UOP03-DEL01-MG
404710.0,2021-12-29,quarta-feira,19:20:00,MG,262.0,356,BETIM,Animais na Pista,Atropelamento de Animal,Com Vítimas Feridas,Plena Noite,Decrescente,Céu Claro,Múltipla,Não Informado,Não,2,0,1,0,1,0,1,1,"-19,98044742","-44,226408",SPRF-MG,DEL01-MG,UOP03-DEL01-MG
404718.0,2021-12-29,quarta-feira,13:45:00,MG,40.0,"592,8",OURO PRETO,Reação tardia ou ineficiente do condutor,Engavetamento,Com Vítimas Feridas,Pleno dia,Crescente,Nublado,Dupla,Curva,Não,5,0,2,0,3,0,2,3,"-20,38067507","-43,90128711",SPRF-MG,DEL05-MG,UOP02-DEL05-MG
404727.0,2021-12-29,quarta-feira,21:00:00,MG,40.0,472,SETE LAGOAS,Ausência de reação do condutor,Saída de leito carroçável,Sem Vítimas,Plena Noite,Decrescente,Nublado,Dupla,Reta,Sim,1,0,0,0,1,0,0,1,"-19,47543632","-44,29066576",SPRF-MG,DEL02-MG,UOP01-DEL02-MG
404728.0,2021-12-29,quarta-feira,20:00:00,MG,262.0,175,SAO DOMINGOS DO PRATA,Ausência de sinalização,Queda de ocupante de veículo,Com Vítimas Feridas,Plena Noite,Crescente,Nublado,Simples,Desvio Temporário,Não,1,0,0,1,0,0,1,1,"-19,93200618","-42,95476933",SPRF-MG,DEL03-MG,UOP01-DEL03-MG
404733.0,2021-12-29,quarta-feira,20:50:00,MG,40.0,"92,7",LAGOA GRANDE,Reação tardia ou ineficiente do condutor,Colisão traseira,Com Vítimas Feridas,Plena Noite,Crescente,Chuva,Simples,Não Informado,Não,3,0,2,0,0,1,2,2,"-17,51038005","-46,56073206",SPRF-MG,DEL14-MG,UOP01-DEL14-MG
404740.0,2021-12-29,quarta-feira,20:30:00,MG,116.0,"551,4",SANTA BARBARA DO LESTE,Ausência de reação do condutor,Colisão lateral mesmo sentido,Com Vítimas Fatais,Plena Noite,Decrescente,Chuva,Simples,Curva,Não,2,1,0,0,1,0,0,2,"-19,97728983","-42,13901923",SPRF-MG,DEL06-MG,UOP02-DEL06-MG
404743.0,2021-12-29,quarta-feira,21:35:00,MG,116.0,"509,4",UBAPORANGA,Reação tardia ou ineficiente do condutor,Tombamento,Com Vítimas Feridas,Plena Noite,Crescente,Nublado,Simples,Reta,Não,1,0,1,0,0,0,1,1,"-19,63654904","-42,10593182",SPRF-MG,DEL06-MG,UOP02-DEL06-MG
404765.0,2021-12-30,quinta-feira,05:50:00,MG,381.0,365,SAO GONCALO DO RIO ABAIXO,Velocidade Incompatível,Colisão transversal,Com Vítimas Feridas,Amanhecer,Decrescente,Garoa/Chuvisco,Simples,Não Informado,Não,9,0,2,1,6,0,3,3,"-19,854651","-43,261071",SPRF-MG,DEL03-MG,UOP01-DEL03-MG
404768.0,2021-12-30,quinta-feira,06:30:00,MG,40.0,450,CAETANOPOLIS,Condutor Dormindo,Saída de leito carroçável,Com Vítimas Feridas,Pleno dia,Crescente,Chuva,Dupla,Curva,Não,5,0,3,2,0,0,5,1,"-19,31698774","-44,36765061",SPRF-MG,DEL02-MG,UOP01-DEL02-MG
404777.0,2021-12-30,quinta-feira,08:00:00,MG,381.0,559,ITAGUARA,Chuva,Saída de leito carroçável,Com Vítimas Feridas,Pleno dia,Crescente,Chuva,Dupla,Curva,Não,4,0,2,0,2,0,2,1,"-20,38230203","-44,48068397",SPRF-MG,DEL04-MG,UOP03-DEL04-MG
404786.0,2021-12-30,quinta-feira,09:30:00,MG,146.0,"405,3",GUAXUPE,Desrespeitar a preferência no cruzamento,Colisão transversal,Com Vítimas Feridas,Pleno dia,Decrescente,Chuva,Simples,Interseção de vias,Não,3,0,1,0,2,0,1,2,"-21,30472846","-46,62717819",SPRF-MG,DEL09-MG,UOP01-DEL09-MG
404791.0,2021-12-30,quinta-feira,09:30:00,MG,381.0,"757,5",TRES CORACOES,Velocidade Incompatível,Colisão com objeto,Com Vítimas Feridas,Pleno dia,Decrescente,Chuva,Dupla,Reta,Não,4,0,2,0,2,0,2,1,"-21,70132096","-45,36760823",SPRF-MG,DEL16-MG,UOP02-DEL16-MG
404793.0,2021-12-30,quinta-feira,09:20:00,MG,40.0,"737,8",SANTOS DUMONT,Chuva,Capotamento,Com Vítimas Feridas,Pleno dia,Decrescente,Chuva,Simples,Curva,Não,5,0,1,0,4,0,1,1,"-21,38296999","-43,57033542",SPRF-MG,DEL05-MG,UOP01-DEL05-MG
404794.0,2021-12-30,quinta-feira,09:55:00,MG,381.0,"656,4",SANTO ANTONIO DO AMPARO,Velocidade Incompatível,Saída de leito carroçável,Com Vítimas Feridas,Pleno dia,Crescente,Nublado,Dupla,Curva,Não,3,0,2,0,1,0,2,1,"-21,00645107","-44,97543296",SPRF-MG,DEL04-MG,UOP02-DEL04-MG
404798.0,2021-12-30,quinta-feira,10:35:00,MG,381.0,"529,1",BRUMADINHO,Velocidade Incompatível,Saída de leito carroçável,Com Vítimas Feridas,Pleno dia,Crescente,Chuva,Dupla,Não Informado,Não,2,0,1,0,1,0,1,1,"-20,16619722","-44,36914378",SPRF-MG,DEL04-MG,UOP03-DEL04-MG
404829.0,2021-12-30,quinta-feira,13:40:00,MG,354.0,743,POUSO ALTO,Acumulo de água sobre o pavimento,Colisão frontal,Com Vítimas Feridas,Pleno dia,Crescente,Chuva,Simples,Reta,Não,5,0,2,0,3,0,2,2,"-22,2393211","-44,93648355",SPRF-MG,DEL17-MG,UOP01-DEL17-MG
404833.0,2021-12-30,quinta-feira,14:40:00,MG,262.0,383,MATEUS LEME,Velocidade Incompatível,Saída de leito carroçável,Com Vítimas Feridas,Pleno dia,Crescente,Chuva,Dupla,Não Informado,Não,2,0,1,0,1,0,1,1,"-19,93049825","-44,40182",SPRF-MG,DEL01-MG,UOP03-DEL01-MG
404840.0,2021-12-30,quinta-feira,11:50:00,MG,116.0,"432,5",ENGENHEIRO CALDAS,Mal súbito do condutor,Saída de leito carroçável,Com Vítimas Fatais,Pleno dia,Crescente,Nublado,Simples,Curva,Não,1,1,0,0,0,0,0,1,"-19,01376215","-41,98226891",SPRF-MG,DEL06-MG,UOP01-DEL06-MG
404845.0,2021-12-30,quinta-feira,11:40:00,MG,116.0,"810,2",ALEM PARAIBA,Velocidade Incompatível,Saída de leito carroçável,Com Vítimas Feridas,Pleno dia,Decrescente,Chuva,Simples,Não Informado,Não,2,0,2,0,0,0,2,1,"-21,8327779","-42,67715755",SPRF-MG,DEL07-MG,UOP01-DEL07-MG
404848.0,2021-12-30,quinta-feira,15:15:00,MG,381.0,"924,5",CAMANDUCAIA,Velocidade Incompatível,Colisão com objeto,Com Vítimas Feridas,Pleno dia,Crescente,Garoa/Chuvisco,Dupla,Curva,Não,3,0,1,0,2,0,1,1,"-22,77002535","-46,19458628",SPRF-MG,DEL16-MG,UOP03-DEL16-MG