id,data_inversa,dia_semana,horario,uf,br,km,municipio,causa_acidente,tipo_acidente,classificacao_acidente,fase_dia,sentido_via,condicao_metereologica,tipo_pista,tracado_via,uso_solo,pessoas,mortos,feridos_leves,feridos_graves,ilesos,ignorados,feridos,veiculos,latitude,longitude,regional,delegacia,uop
404849.0,2021-12-30,quinta-feira,15:25:00,MG,381.0,"720,8",CARMO DA CACHOEIRA,Velocidade Incompatível,Saída de leito carroçável,Com Vítimas Feridas,Pleno dia,Decrescente,Garoa/Chuvisco,Dupla,Curva,Não,1,0,1,0,0,0,1,1,"-21,46061202","-45,20743901",SPRF-MG,DEL04-MG,UOP02-DEL04-MG
404855.0,2021-12-30,quinta-feira,15:30:00,MG,459.0,"68,2",SENADOR JOSE BENTO,Velocidade Incompatível,Saída de leito carroçável,Com Vítimas Feridas,Pleno dia,Crescente,Chuva,Simples,Curva,Não,5,0,5,0,0,0,5,1,"-22,131567","-46,175579",SPRF-MG,DEL09-MG,UOP01-DEL09-MG
404857.0,2021-12-30,quinta-feira,13:50:00,MG,262.0,385,MATEUS LEME,Chuva,Saída de leito carroçável,Com Vítimas Feridas,Pleno dia,Crescente,Chuva,Dupla,Curva,Não,1,0,1,0,0,0,1,1,"-19,93325094","-44,42077402",SPRF-MG,DEL01-MG,UOP03-DEL01-MG
404881.0,2021-12-30,quinta-feira,14:40:00,MG,262.0,"109,5",RIO CASCA,Condutor deixou de manter distância do veículo da frente,Colisão traseira,Sem Vítimas,Pleno dia,Crescente,Nublado,Simples,Não Informado,Não,2,0,0,0,2,0,0,2,"-20,26755156","-42,57820129",SPRF-MG,DEL03-MG,UOP03-DEL03-MG
404883.0,2021-12-30,quinta-feira,13:00:00,MG,153.0,115,PRATA,Velocidade Incompatível,Saída de leito carroçável,Com Vítimas Feridas,Pleno dia,Crescente,Céu Claro,Simples,Reta,Não,1,0,1,0,0,0,1,1,"-19,35799102","-48,89940295",SPRF-MG,DEL15-MG,UOP03-DEL15-MG
404884.0,2021-12-30,quinta-feira,17:00:00,MG,153.0,"144,9",CAMPO FLORIDO,Reação tardia ou ineficiente do condutor,Saída de leito carroçável,Com Vítimas Feridas,Pleno dia,Crescente,Céu Claro,Simples,Desvio Temporário,Não,5,0,5,0,0,0,5,1,"-19,59964093","-48,83389116",SPRF-MG,DEL13-MG,UOP02-DEL13-MG
404893.0,2021-12-30,quinta-feira,13:40:00,MG,50.0,"18,4",ARAGUARI,Velocidade Incompatível,Saída de leito carroçável,Com Vítimas Feridas,Pleno dia,Crescente,Chuva,Dupla,Não Informado,Não,1,0,1,0,0,0,1,1,"-18,56994301","-48,06189574",SPRF-MG,DEL15-MG,UOP02-DEL15-MG
404900.0,2021-12-30,quinta-feira,10:30:00,MG,40.0,121,JOAO PINHEIRO,Mal súbito do condutor,Saída de leito carroçável,Com Vítimas Feridas,Pleno dia,Crescente,Chuva,Simples,Reta,Não,5,0,5,0,0,0,5,1,"-17,6638974","-46,35562202",SPRF-MG,DEL14-MG,UOP01-DEL14-MG
404912.0,2021-12-30,quinta-feira,20:10:00,MG,381.0,"937,3",EXTREMA,Chuva,Saída de leito carroçável,Com Vítimas Feridas,Plena Noite,Crescente,Chuva,Dupla,Curva,Não,1,0,1,0,0,0,1,1,"-22,83554657","-46,32086698",SPRF-MG,DEL16-MG,UOP03-DEL16-MG
404915.0,2021-12-30,quinta-feira,16:15:00,MG,116.0,741,LEOPOLDINA,Condutor deixou de manter distância do veículo da frente,Colisão traseira,Com Vítimas Feridas,Pleno dia,Crescente,Chuva,Simples,Não Informado,Não,2,0,1,0,1,0,1,2,"-21,39943786","-42,49496925",SPRF-MG,DEL07-MG,UOP01-DEL07-MG
404925.0,2021-12-30,quinta-feira,21:05:00,MG,365.0,"626,2",UBERLANDIA,Transitar na contramão,Colisão frontal,Com Vítimas Feridas,Plena Noite,Decrescente,Garoa/Chuvisco,Dupla,Curva,Sim,4,0,2,0,0,2,2,2,"-18,90659356","-48,33469405",SPRF-MG,DEL15-MG,UOP01-DEL15-MG
404933.0,2021-12-30,quinta-feira,22:00:00,MG,116.0,409,GOVERNADOR VALADARES,Acesso irregular,Colisão transversal,Com Vítimas Feridas,Plena Noite,Decrescente,Nublado,Dupla,Reta,Não,2,0,0,1,1,0,1,2,"-18,84936788","-41,97891368",SPRF-MG,DEL06-MG,UOP01-DEL06-MG
404937.0,2021-12-30,quinta-feira,22:45:00,MG,381.0,"756,6",TRES CORACOES,Reação tardia ou ineficiente do condutor,Colisão traseira,Sem Vítimas,Plena Noite,Crescente,Chuva,Simples,Reta,Não,2,0,0,0,2,0,0,2,"-21,6960517","-45,36128707",SPRF-MG,DEL16-MG,UOP02-DEL16-MG
404973.0,2021-12-31,sexta-feira,06:00:00,MG,381.0,"938,6",EXTREMA,Velocidade Incompatível,Colisão com objeto,Com Vítimas Feridas,Pleno dia,Crescente,Chuva,Dupla,Curva,Não,4,0,4,0,0,0,4,1,"-22,81704025","-46,29354358",SPRF-MG,DEL16-MG,UOP03-DEL16-MG
404977.0,2021-12-30,quinta-feira,21:30:00,MG,365.0,"525,2",MONTE CARMELO,Acessar a via sem observar a presença dos outros veículos,Colisão traseira,Com Vítimas Feridas,Plena Noite,Crescente,Chuva,Simples,Interseção de vias,Não,2,0,1,0,1,0,1,2,"-18,9121783","-47,45182993",SPRF-MG,DEL10-MG,UOP01-DEL10-MG
404984.0,2021-12-31,sexta-feira,07:40:00,MG,40.0,506,RIBEIRAO DAS NEVES,Ausência de reação do condutor,Saída de leito carroçável,Com Vítimas Feridas,Pleno dia,Decrescente,Chuva,Dupla,Curva,Não,1,0,1,0,0,0,1,1,"-19,74716686","-44,14731173",SPRF-MG,DEL02-MG,UOP01-DEL02-MG
404991.0,2021-12-31,sexta-feira,06:35:00,MG,381.0,"689,1",LAVRAS,Velocidade Incompatível,Saída de leito carroçável,Com Vítimas Feridas,Pleno dia,Decrescente,Chuva,Dupla,Curva,Não,5,0,5,0,0,0,5,1,"-21,225698","-45,130486",SPRF-MG,DEL04-MG,UOP02-DEL04-MG
404995.0,2021-12-31,sexta-feira,08:00:00,MG,262.0,"37,1",MANHUACU,Desrespeitar a preferência no cruzamento,Colisão transversal,Com Vítimas Feridas,Pleno dia,Crescente,Céu Claro,Simples,Reta,Sim,2,0,1,0,1,0,1,2,"-20,25748975","-42,03048732",SPRF-MG,DEL06-MG,UOP04-DEL06-MG
404998.0,2021-12-31,sexta-feira,07:00:00,MG,381.0,318,NOVA ERA,Velocidade Incompatível,Colisão frontal,Com Vítimas Feridas,Pleno dia,Crescente,Chuva,Simples,Curva,Não,6,0,4,2,0,0,6,2,"-19,72651221","-43,01085192",SPRF-MG,DEL03-MG,UOP02-DEL03-MG
404999.0,2021-12-31,sexta-feira,06:45:00,MG,381.0,943,EXTREMA,Chuva,Saída de leito carroçável,Com Vítimas Feridas,Pleno dia,Crescente,Garoa/Chuvisco,Dupla,Reta,Não,2,0,1,0,1,0,1,1,"-22,87018424","-46,3581479",SPRF-MG,DEL16-MG,UOP03-DEL16-MG
405003.0,2021-12-31,sexta-feira,08:40:00,MG,262.0,"673,1",IBIA,Ingestão de álcool pelo condutor,Saída de leito carroçável,Sem Vítimas,Pleno dia,Crescente,Garoa/Chuvisco,Simples,Não Informado,Não,1,0,0,0,1,0,0,1,"-19,545834","-46,841353",SPRF-MG,DEL08-MG,UOP01-DEL08-MG
405015.0,2021-12-31,sexta-feira,11:00:00,MG,116.0,"414,8",GOVERNADOR VALADARES,Condutor deixou de manter distância do veículo da frente,Tombamento,Com Vítimas Feridas,Pleno dia,Decrescente,Nublado,Simples,Ponte,Sim,1,0,0,1,0,0,1,1,"-18,88102703","-41,95910802",SPRF-MG,DEL06-MG,UOP01-DEL06-MG
405029.0,2021-12-31,sexta-feira,13:00:00,MG,40.0,469,SETE LAGOAS,Acumulo de água sobre o pavimento,Saída de leito carroçável,Com Vítimas Feridas,Pleno dia,Decrescente,Chuva,Dupla,Não Informado,Não,1,0,1,0,0,0,1,1,"-19,46099279","-44,30121988",SPRF-MG,DEL02-MG,UOP01-DEL02-MG
405030.0,2021-12-31,sexta-feira,12:40:00,MG,40.0,"459,8",CAETANOPOLIS,Avarias e/ou desgaste excessivo no pneu,Saída de leito carroçável,Com Vítimas Feridas,Pleno dia,Crescente,Chuva,Dupla,Não Informado,Não,2,0,2,0,0,0,2,1,"-19,393978","-44,334516",SPRF-MG,DEL02-MG,UOP01-DEL02-MG
405031.0,2021-12-31,sexta-feira,10:40:00,MG,354.0,"748,5",ITANHANDU,Reação tardia ou ineficiente do condutor,Colisão frontal,Com Vítimas Feridas,Pleno dia,Decrescente,Chuva,Simples,Curva,Não,4,0,3,0,1,0,3,2,"-22,26374472","-44,89067792",SPRF-MG,DEL17-MG,UOP01-DEL17-MG
405035.0,2021-12-31,sexta-feira,11:30:00,MG,267.0,21,ARGIRITA,Velocidade Incompatível,Saída de leito carroçável,Com Vítimas Feridas,Pleno dia,Crescente,Chuva,Simples,Curva,Não,2,0,1,0,1,0,1,1,"-21,59274447","-42,78538272",SPRF-MG,DEL07-MG,UOP01-DEL07-MG
405039.0,2021-12-31,sexta-feira,11:50:00,MG,381.0,261,CORONEL FABRICIANO,Condutor Dormindo,Colisão frontal,Com Vítimas Feridas,Pleno dia,Crescente,Nublado,Simples,Curva,Não,2,0,1,1,0,0,2,2,"-19,53247551","-42,62935053",SPRF-MG,DEL03-MG,UOP02-DEL03-MG
405043.0,2021-12-31,sexta-feira,13:45:00,MG,262.0,378,JUATUBA,Velocidade Incompatível,Saída de leito carroçável,Com Vítimas Feridas,Pleno dia,Crescente,Chuva,Dupla,Curva,Sim,1,0,1,0,0,0,1,1,"-19,95652262","-44,3648278",SPRF-MG,DEL01-MG,UOP03-DEL01-MG
405045.0,2021-12-31,sexta-feira,14:20:00,MG,40.0,"777,3",JUIZ DE FORA,Chuva,Colisão com objeto,Com Vítimas Feridas,Pleno dia,Crescente,Chuva,Dupla,Reta,Não,4,0,2,0,2,0,2,1,"-21,65915396","-43,43351652",SPRF-MG,DEL05-MG,UOP01-DEL05-MG
405047.0,2021-12-31,sexta-feira,13:52:00,MG,365.0,"51,3",CLARO DOS POCOES,Acumulo de óleo sobre o pavimento,Capotamento,Com Vítimas Feridas,Pleno dia,Crescente,Chuva,Simples,Curva,Não,2,0,2,0,0,0,2,1,"-16,94950406","-44,24374485",SPRF-MG,DEL12-MG,UOP01-DEL12-MG
405049.0,2021-12-31,sexta-feira,13:45:00,MG,365.0,"51,2",CLARO DOS POCOES,Acumulo de óleo sobre o pavimento,Saída de leito carroçável,Com Vítimas Feridas,Pleno dia,Crescente,Chuva,Simples,Curva,Não,1,0,1,0,0,0,1,1,"-16,94950406","-44,24374485",SPRF-MG,DEL12-MG,UOP01-DEL12-MG
405051.0,2021-12-31,sexta-feira,14:40:00,MG,40.0,"764,5",JUIZ DE FORA,Velocidade Incompatível,Colisão frontal,Com Vítimas Feridas,Pleno dia,Decrescente,Chuva,Simples,Curva,Não,7,0,3,3,1,0,6,2,"-21,5606587","-43,49865196",SPRF-MG,DEL05-MG,UOP01-DEL05-MG
405075.0,2021-12-31,sexta-feira,16:00:00,MG,40.0,"634,8",CONSELHEIRO LAFAIETE,Ingestão de álcool pelo condutor,Saída de leito carroçável,Com Vítimas Feridas,Pleno dia,Decrescente,Nublado,Simples,Curva,Não,2,0,1,0,1,0,1,1,"-20,70030984","-43,79296487",SPRF-MG,DEL05-MG,UOP02-DEL05-MG
405084.0,2021-12-31,sexta-feira,16:45:00,MG,40.0,"642,1",CONSELHEIRO LAFAIETE,Chuva,Tombamento,Com Vítimas Feridas,Pleno dia,Decrescente,Chuva,Simples,Reta,Não,1,0,1,0,0,0,1,1,"-20,76053517","-43,80551761",SPRF-MG,DEL05-MG,UOP02-DEL05-MG
405087.0,2021-12-31,sexta-feira,17:30:00,MG,381.0,"671,4",PERDOES,Velocidade Incompatível,Saída de leito carroçável,Com Vítimas Feridas,Anoitecer,Crescente,Chuva,Dupla,Não Informado,Não,3,0,1,1,1,0,2,1,"-21,065439","-45,052536",SPRF-MG,DEL04-MG,UOP02-DEL04-MG
405089.0,2021-12-31,sexta-feira,09:00:00,MG,116.0,"237,8",TEOFILO OTONI,Demais falhas na via,Colisão com objeto,Com Vítimas Feridas,Pleno dia,Crescente,Nublado,Simples,Reta,Não,1,0,1,0,0,0,1,1,"-17,54651296","-41,47668488",SPRF-MG,DEL11-MG,UOP01-DEL11-MG
405090.0,2021-12-31,sexta-feira,17:30:00,MG,381.0,568,ITAGUARA,Velocidade Incompatível,Saída de leito carroçável,Com Vítimas Feridas,Pleno dia,Crescente,Chuva,Dupla,Curva,Não,2,0,1,0,1,0,1,1,"-20,42649228","-44,54458383",SPRF-MG,DEL04-MG,UOP03-DEL04-MG
405095.0,2021-12-31,sexta-feira,17:20:00,MG,381.0,"557,2",ITAGUARA,Velocidade Incompatível,Saída de leito carroçável,Com Vítimas Feridas,Pleno dia,Crescente,Chuva,Dupla,Não Informado,Não,2,0,2,0,0,0,2,1,"-20,36904195","-44,46938756",SPRF-MG,DEL04-MG,UOP03-DEL04-MG
405105.0,2021-12-31,sexta-feira,18:50:00,MG,381.0,"1,5",BETIM,Demais falhas mecânicas ou elétricas,Queda de ocupante de veículo,Sem Vítimas,Plena Noite,Crescente,Chuva,Dupla,Não Informado,Sim,1,0,0,0,1,0,0,1,"-19,96825","-44,198708",SPRF-MG,DEL01-MG,UOP03-DEL01-MG
405106.0,2021-12-31,sexta-feira,18:20:00,MG,381.0,336,NOVA ERA,Chuva,Colisão frontal,Com Vítimas Feridas,Amanhecer,Decrescente,Garoa/Chuvisco,Simples,Não Informado,Não,2,0,1,0,1,0,1,2,"-19,794367","-43,05519",SPRF-MG,DEL03-MG,UOP01-DEL03-MG
405107.0,2021-12-31,sexta-feira,18:00:00,MG,381.0,649,SANTO ANTONIO DO AMPARO,Velocidade Incompatível,Colisão com objeto,Com Vítimas Feridas,Anoitecer,Crescente,Chuva,Dupla,Reta,Não,2,0,2,0,0,0,2,1,"-20,96227294","-44,92925305",SPRF-MG,DEL04-MG,UOP02-DEL04-MG
405108.0,2021-12-31,sexta-feira,17:45:00,MG,381.0,"912,8",CAMANDUCAIA,Velocidade Incompatível,Colisão com objeto,Com Vítimas Feridas,Pleno dia,Decrescente,Nublado,Dupla,Curva,Não,2,0,2,0,0,0,2,1,"-22,71231909","-46,12191623",SPRF-MG,DEL16-MG,UOP03-DEL16-MG
405122.0,2021-12-31,sexta-feira,17:00:00,MG,40.0,796,JUIZ DE FORA,Chuva,Saída de leito carroçável,Com Vítimas Feridas,Pleno dia,Crescente,Chuva,Dupla,Curva,Não,2,0,2,0,0,0,2,1,"-21,81119295","-43,394771",SPRF-MG,DEL05-MG,UOP01-DEL05-MG
405123.0,2021-12-31,sexta-feira,17:20:00,MG,40.0,825,SIMAO PEREIRA,Velocidade Incompatível,Saída de leito carroçável,Com Vítimas Feridas,Anoitecer,Crescente,Chuva,Dupla,Curva,Não,2,0,1,0,1,0,1,1,"-21,9735272","-43,28541842",SPRF-MG,DEL05-MG,UOP01-DEL05-MG
405184.0,2021-12-31,sexta-feira,22:00:00,MG,267.0,"139,5",JUIZ DE FORA,Velocidade Incompatível,Saída de leito carroçável,Com Vítimas Feridas,Plena Noite,Decrescente,Chuva,Simples,Curva,Não,1,0,1,0,0,0,1,1,"-21,79755218","-43,68025194",SPRF-MG,DEL05-MG,UOP01-DEL05-MG
405417.0,2021-09-12,domingo,08:40:00,MG,459.0,72,SENADOR JOSE BENTO,Reação tardia ou ineficiente do condutor,Queda de ocupante de veículo,Com Vítimas Feridas,Pleno dia,Decrescente,Céu Claro,Simples,Curva,Não,1,0,1,0,0,0,1,1,"-22,13171411","-46,14621252",SPRF-MG,DEL09-MG,UOP01-DEL09-MG
405496.0,2021-12-20,segunda-feira,16:45:00,MG,267.0,"288,3",BAEPENDI,Condutor Dormindo,Colisão frontal,Com Vítimas Feridas,Pleno dia,Crescente,Céu Claro,Simples,Reta,Não,5,0,2,1,2,0,3,2,"-21,92768865","-44,79467774",SPRF-MG,DEL17-MG,UOP01-DEL17-MG
405719.0,2021-11-24,quarta-feira,18:45:00,MG,40.0,"551,6",NOVA LIMA,Desrespeitar a preferência no cruzamento,Colisão frontal,Com Vítimas Feridas,Plena Noite,Decrescente,Céu Claro,Simples,Interseção de vias,Sim,2,0,0,1,1,0,1,2,"-20,06621071","-43,98000956",SPRF-MG,DEL01-MG,UOP02-DEL01-MG
405853.0,2021-09-29,quarta-feira,07:15:00,MG,40.0,"41,5",PARACATU,Desrespeitar a preferência no cruzamento,Colisão frontal,Com Vítimas Feridas,Pleno dia,Decrescente,Céu Claro,Simples,Interseção de vias,Sim,2,0,1,0,1,0,1,2,"-17,21271307","-46,87295209",SPRF-MG,DEL14-MG,UOP01-DEL14-MG
405894.0,2021-08-21,sábado,18:40:00,MG,116.0,276,TEOFILO OTONI,Desrespeitar a preferência no cruzamento,Colisão transversal,Com Vítimas Feridas,Plena Noite,Decrescente,Ignorado,Simples,Retorno Regulamentado,Sim,2,0,1,0,1,0,1,2,"-17,85105696","-41,51454492",SPRF-MG,DEL11-MG,UOP01-DEL11-MG
405962.0,2021-10-20,quarta-feira,03:30:00,MG,381.0,498,BETIM,Avarias e/ou desgaste excessivo no pneu,Saída de leito carroçável,Com Vítimas Feridas,Plena Noite,Crescente,Garoa/Chuvisco,Dupla,Viaduto,Não,1,0,1,0,0,0,1,1,"-20,01172662","-44,21976041",SPRF-MG,DEL01-MG,UOP03-DEL01-MG
406078.0,2021-12-16,quinta-feira,12:10:00,MG,381.0,"921,3",CAMANDUCAIA,Reação tardia ou ineficiente do condutor,Colisão com objeto,Com Vítimas Feridas,Pleno dia,Crescente,Chuva,Dupla,Não Informado,Não,1,0,1,0,0,0,1,1,"-22,7680939","-46,20854399",SPRF-MG,DEL16-MG,UOP03-DEL16-MG
406100.0,2021-12-07,terça-feira,11:00:00,MG,381.0,328,NOVA ERA,Condutor deixou de manter distância do veículo da frente,Colisão traseira,Sem Vítimas,Pleno dia,Decrescente,Chuva,Dupla,Reta,Sim,2,0,0,0,2,0,0,2,"-19,77559","-43,04523",SPRF-MG,DEL03-MG,UOP01-DEL03-MG
407437.0,2021-08-08,domingo,05:50:00,MG,262.0,800,UBERABA,Reação tardia ou ineficiente do condutor,Tombamento,Com Vítimas Feridas,Amanhecer,Crescente,Céu Claro,Dupla,Reta,Não,1,0,1,0,0,0,1,1,"-19,779129","-47,945794",SPRF-MG,DEL13-MG,UOP01-DEL13-MG
407680.0,2021-12-28,terça-feira,17:25:00,MG,381.0,526,BRUMADINHO,Manobra de mudança de faixa,Colisão lateral mesmo sentido,Com Vítimas Feridas,Anoitecer,Crescente,Chuva,Dupla,Curva,Não,1,0,1,0,0,0,1,1,"-20,16175378","-44,34144636",SPRF-MG,DEL04-MG,UOP03-DEL04-MG
407780.0,2021-09-12,domingo,19:30:00,MG,262.0,814,UBERABA,Acessar a via sem observar a presença dos outros veículos,Colisão traseira,Com Vítimas Feridas,Plena Noite,Decrescente,Céu Claro,Dupla,Retorno Regulamentado,Sim,3,0,1,0,2,0,1,2,"-19,76506609","-48,12286402",SPRF-MG,DEL13-MG,UOP01-DEL13-MG
407933.0,2021-12-04,sábado,00:20:00,MG,381.0,506,BETIM,Condutor deixou de manter distância do veículo da frente,Colisão traseira,Com Vítimas Feridas,Plena Noite,Decrescente,Nublado,Dupla,Reta,Sim,2,0,1,0,1,0,1,2,"-20,05039397","-44,27962502",SPRF-MG,DEL01-MG,UOP03-DEL01-MG
408096.0,2021-12-30,quinta-feira,00:20:00,MG,381.0,364,SAO GONCALO DO RIO ABAIXO,Velocidade Incompatível,Colisão frontal,Com Vítimas Feridas,Plena Noite,Decrescente,Nublado,Simples,Curva,Não,6,0,5,0,1,0,5,2,"-19,84955579","-43,25424839",SPRF-MG,DEL03-MG,UOP01-DEL03-MG
408126.0,2021-10-31,domingo,18:15:00,MG,262.0,"442,8",NOVA SERRANA,Transitar na contramão,Colisão frontal,Com Vítimas Feridas,Anoitecer,Crescente,Céu Claro,Dupla,Não Informado,Sim,2,0,0,1,0,1,1,2,"-19,87150461","-44,9801905",SPRF-MG,DEL08-MG,UOP03-DEL08-MG
408219.0,2021-10-17,domingo,10:20:00,MG,116.0,"318,9",ITAMBACURI,Reação tardia ou ineficiente do condutor,Saída de leito carroçável,Com Vítimas Feridas,Pleno dia,Crescente,Céu Claro,Simples,Reta,Não,2,0,0,1,0,1,1,1,"-18,147915","-41,697668",SPRF-MG,DEL11-MG,UOP01-DEL11-MG
408370.0,2021-12-12,domingo,06:00:00,MG,381.0,332,NOVA ERA,Velocidade Incompatível,Capotamento,Com Vítimas Feridas,Amanhecer,Crescente,Céu Claro,Dupla,Reta,Não,1,0,1,0,0,0,1,1,"-19,79994695","-43,05451587",SPRF-MG,DEL03-MG,UOP01-DEL03-MG
408539.0,2021-02-28,domingo,05:30:00,MG,116.0,"790,3",LEOPOLDINA,Condutor Dormindo,Saída de leito carroçável,Com Vítimas Feridas,Amanhecer,Crescente,Céu Claro,Simples,Reta,Não,3,0,2,0,0,1,2,1,"-21,67548514","-42,73250632",SPRF-MG,DEL07-MG,UOP01-DEL07-MG
408555.0,2021-12-29,quarta-feira,12:45:00,MG,381.0,"185,5",GOVERNADOR VALADARES,Acessar a via sem observar a presença dos outros veículos,Saída de leito carroçável,Com Vítimas Feridas,Pleno dia,Crescente,Céu Claro,Simples,Reta,Não,4,0,2,0,0,2,2,2,"-19,07143196","-42,17623006",SPRF-MG,DEL06-MG,UOP01-DEL06-MG
409431.0,2021-11-26,sexta-feira,12:30:00,MG,381.0,"653,9",SANTO ANTONIO DO AMPARO,Chuva,Saída de leito carroçável,Com Vítimas Feridas,Pleno dia,Decrescente,Chuva,Dupla,Curva,Não,1,0,1,0,0,0,1,1,"-20,97474067","-44,93683934",SPRF-MG,DEL04-MG,UOP02-DEL04-MG
409836.0,2021-09-01,quarta-feira,11:45:00,MG,365.0,"16,7",MONTES CLAROS,Acessar a via sem observar a presença dos outros veículos,Colisão transversal,Com Vítimas Fatais,Pleno dia,Crescente,Céu Claro,Simples,Curva,Não,2,1,0,0,1,0,0,2,"-16,87433198","-43,98487502",SPRF-MG,DEL12-MG,UOP01-DEL12-MG
409911.0,2021-12-24,sexta-feira,03:30:00,MG,116.0,656,SAO FRANCISCO DO GLORIA,Manobra de mudança de faixa,Colisão frontal,Com Vítimas Fatais,Plena Noite,Decrescente,Garoa/Chuvisco,Simples,Reta,Não,5,1,1,0,0,3,1,2,"-20,76259299","-42,30462794",SPRF-MG,DEL07-MG,UOP03-DEL07-MG
409991.0,2021-10-14,quinta-feira,06:10:00,MG,40.0,512,RIBEIRAO DAS NEVES,Reação tardia ou ineficiente do condutor,Colisão traseira,Com Vítimas Feridas,Amanhecer,Crescente,Céu Claro,Dupla,Reta,Não,5,0,0,1,3,1,1,4,"-19,78946999","-44,11290699",SPRF-MG,DEL01-MG,UOP02-DEL01-MG
410160.0,2021-11-02,terça-feira,16:45:00,MG,381.0,"801,9",SAO GONCALO DO SAPUCAI,Frear bruscamente,Queda de ocupante de veículo,Com Vítimas Feridas,Pleno dia,Crescente,Céu Claro,Simples,Reta,Não,1,0,1,0,0,0,1,1,"-21,94334408","-45,61916649",SPRF-MG,DEL16-MG,UOP02-DEL16-MG
410207.0,2021-10-01,sexta-feira,10:30:00,MG,381.0,783,CAMPANHA,Ausência de reação do condutor,Saída de leito carroçável,Com Vítimas Feridas,Pleno dia,Decrescente,Sol,Dupla,Curva,Não,1,0,1,0,0,0,1,1,"-21,86536321","-45,53455982",SPRF-MG,DEL16-MG,UOP02-DEL16-MG
410285.0,2021-11-23,terça-feira,06:00:00,MG,40.0,"517,4",RIBEIRAO DAS NEVES,Acessar a via sem observar a presença dos outros veículos,Engavetamento,Com Vítimas Feridas,Amanhecer,Crescente,Ignorado,Dupla,Reta,Sim,3,0,1,0,2,0,1,3,"-19,82351202","-44,08438913",SPRF-MG,DEL01-MG,UOP02-DEL01-MG
410442.0,2021-01-22,sexta-feira,16:30:00,MG,40.0,549,NOVA LIMA,Demais falhas mecânicas ou elétricas,Tombamento,Com Vítimas Feridas,Pleno dia,Crescente,Céu Claro,Simples,Reta,Sim,2,0,0,2,0,0,2,1,"-20,03972326","-43,96703232",SPRF-MG,DEL01-MG,UOP02-DEL01-MG
410664.0,2021-10-13,quarta-feira,17:30:00,MG,381.0,"503,5",BETIM,Pedestre cruzava a pista fora da faixa,Atropelamento de Pedestre,Com Vítimas Feridas,Pleno dia,Decrescente,Céu Claro,Dupla,Reta,Não,2,0,0,1,1,0,1,1,"-20,02356228","-44,22994457",SPRF-MG,DEL01-MG,UOP03-DEL01-MG
410801.0,2021-10-29,sexta-feira,17:15:00,MG,116.0,560,MANHUACU,Animais na Pista,Atropelamento de Animal,Com Vítimas Feridas,Pleno dia,Crescente,Ignorado,Simples,Curva,Não,3,0,1,0,0,2,1,1,"-20,03218591","-42,17438624",SPRF-MG,DEL06-MG,UOP04-DEL06-MG
410924.0,2021-12-22,quarta-feira,13:45:00,MG,381.0,"530,2",RIO MANSO,Objeto estático sobre o leito carroçável,Colisão com objeto,Com Vítimas Feridas,Pleno dia,Decrescente,Nublado,Dupla,Reta,Não,1,0,0,1,0,0,1,1,"-20,17327539","-44,37545454",SPRF-MG,DEL04-MG,UOP03-DEL04-MG
410948.0,2021-09-23,quinta-feira,21:20:00,MG,116.0,528,CARATINGA,Reação tardia ou ineficiente do condutor,Colisão transversal,Com Vítimas Feridas,Plena Noite,Decrescente,Céu Claro,Simples,Não Informado,Não,2,0,0,1,1,0,1,2,"-19,794033","-42,13731414",SPRF-MG,DEL06-MG,UOP02-DEL06-MG
411048.0,2021-10-22,sexta-feira,21:50:00,MG,381.0,365,SAO GONCALO DO RIO ABAIXO,Demais falhas mecânicas ou elétricas,Incêndio,Sem Vítimas,Plena Noite,Decrescente,Nublado,Simples,Curva,Não,1,0,0,0,1,0,0,1,"-19,85802283","-43,22581898",SPRF-MG,DEL03-MG,UOP01-DEL03-MG
411068.0,2021-11-05,sexta-feira,06:50:00,MG,40.0,"558,3",NOVA LIMA,Ausência de reação do condutor,Colisão traseira,Com Vítimas Feridas,Pleno dia,Crescente,Céu Claro,Dupla,Curva,Sim,2,0,1,0,1,0,1,2,"-20,11082646","-43,97221642",SPRF-MG,DEL01-MG,UOP02-DEL01-MG
411079.0,2021-09-14,terça-feira,18:00:00,MG,381.0,356,JOAO MONLEVADE,Ingestão de álcool pelo condutor,Colisão transversal,Com Vítimas Feridas,Anoitecer,Decrescente,Céu Claro,Simples,Não Informado,Sim,3,0,1,1,0,1,2,2,"-19,84765404","-43,20566395",SPRF-MG,DEL03-MG,UOP01-DEL03-MG
411145.0,2021-08-15,domingo,18:20:00,MG,381.0,"159,5",GOVERNADOR VALADARES,Velocidade Incompatível,Tombamento,Com Vítimas Feridas,Plena Noite,Decrescente,Céu Claro,Simples,Não Informado,Não,1,0,1,0,0,0,1,1,"-18,8912232","-42,0045948",SPRF-MG,DEL06-MG,UOP01-DEL06-MG
411178.0,2021-10-18,segunda-feira,15:40:00,MG,40.0,"730,3",OLIVEIRA FORTES,Chuva,Colisão com objeto,Com Vítimas Feridas,Pleno dia,Decrescente,Chuva,Dupla,Não Informado,Não,1,0,1,0,0,0,1,1,"-21,33378994","-43,5866212",SPRF-MG,DEL05-MG,UOP01-DEL05-MG
411221.0,2021-07-23,sexta-feira,19:50:00,MG,381.0,484,BETIM,Reação tardia ou ineficiente do condutor,Tombamento,Com Vítimas Feridas,Anoitecer,Crescente,Céu Claro,Múltipla,Curva,Sim,4,0,2,0,0,2,2,3,"-19,95531717","-44,11722196",SPRF-MG,DEL01-MG,UOP03-DEL01-MG