id,data_inversa,dia_semana,horario,uf,br,km,municipio,causa_acidente,tipo_acidente,classificacao_acidente,fase_dia,sentido_via,condicao_metereologica,tipo_pista,tracado_via,uso_solo,pessoas,mortos,feridos_leves,feridos_graves,ilesos,ignorados,feridos,veiculos,latitude,longitude,regional,delegacia,uop
411604.0,2021-08-22,domingo,05:20:00,MG,262.0,"48,5",MANHUACU,Transitar na contramão,Colisão frontal,Com Vítimas Feridas,Amanhecer,Crescente,Céu Claro,Simples,Reta,Não,2,0,1,1,0,0,2,2,"-20,25373412","-42,12287611",SPRF-MG,DEL06-MG,UOP04-DEL06-MG
411752.0,2021-12-08,quarta-feira,07:50:00,MG,381.0,492,BETIM,Chuva,Colisão lateral mesmo sentido,Com Vítimas Feridas,Pleno dia,Crescente,Chuva,Dupla,Reta,Não,2,0,1,0,1,0,1,2,"-19,97490091","-44,19004301",SPRF-MG,DEL01-MG,UOP03-DEL01-MG
411754.0,2021-12-03,sexta-feira,10:30:00,MG,40.0,"518,9",RIBEIRAO DAS NEVES,Velocidade Incompatível,Colisão lateral mesmo sentido,Com Vítimas Feridas,Pleno dia,Crescente,Nublado,Dupla,Reta,Sim,3,0,0,2,1,0,2,2,"-19,84220871","-44,0754962",SPRF-MG,DEL01-MG,UOP02-DEL01-MG
411763.0,2021-10-22,sexta-feira,06:20:00,MG,381.0,543,ITATIAIUCU,Demais falhas mecânicas ou elétricas,Incêndio,Sem Vítimas,Amanhecer,Crescente,Nublado,Dupla,Reta,Não,1,0,0,0,1,0,0,1,"-20,27336801","-44,42585498",SPRF-MG,DEL04-MG,UOP03-DEL04-MG
412379.0,2021-08-20,sexta-feira,17:00:00,MG,381.0,"936,1",EXTREMA,Demais falhas mecânicas ou elétricas,Incêndio,Sem Vítimas,Pleno dia,Decrescente,Céu Claro,Dupla,Não Informado,Não,2,0,0,0,2,0,0,1,"-22,82914914","-46,31469547",SPRF-MG,DEL16-MG,UOP03-DEL16-MG
412434.0,2021-11-26,sexta-feira,20:30:00,MG,50.0,206,DELTA,Ingestão de álcool pelo condutor,Saída de leito carroçável,Com Vítimas Feridas,Plena Noite,Crescente,Chuva,Dupla,Curva,Não,1,0,1,0,0,0,1,1,"-19,92627147","-47,82191068",SPRF-MG,DEL13-MG,UOP01-DEL13-MG
412694.0,2021-08-04,quarta-feira,06:45:00,MG,146.0,"519,5",POCOS DE CALDAS,Acessar a via sem observar a presença dos outros veículos,Colisão transversal,Com Vítimas Feridas,Amanhecer,Decrescente,Céu Claro,Simples,Interseção de vias,Sim,2,0,1,0,1,0,1,2,"-21,806509","-46,490413",SPRF-MG,DEL09-MG,UOP01-DEL09-MG
412727.0,2021-11-27,sábado,07:35:00,MG,116.0,430,ALPERCATA,Acumulo de óleo sobre o pavimento,Tombamento,Com Vítimas Feridas,Pleno dia,Decrescente,Ignorado,Simples,Reta,Não,1,0,0,1,0,0,1,1,"-18,99809891","-41,97757268",SPRF-MG,DEL06-MG,UOP01-DEL06-MG
413224.0,2021-12-05,domingo,16:10:00,MG,146.0,"477,9",BANDEIRA DO SUL,Acessar a via sem observar a presença dos outros veículos,Colisão transversal,Com Vítimas Feridas,Pleno dia,Crescente,Chuva,Simples,Interseção de vias,Não,6,0,3,0,3,0,3,2,"-21,74531971","-46,4040935",SPRF-MG,DEL09-MG,UOP01-DEL09-MG
413434.0,2021-08-08,domingo,12:38:00,MG,116.0,408,GOVERNADOR VALADARES,Desrespeitar a preferência no cruzamento,Colisão transversal,Com Vítimas Feridas,Pleno dia,Crescente,Nublado,Dupla,Retorno Regulamentado,Não,3,0,2,0,1,0,2,2,"-18,84221919","-41,98289416",SPRF-MG,DEL06-MG,UOP01-DEL06-MG
414009.0,2021-11-02,terça-feira,16:35:00,MG,381.0,375,SAO GONCALO DO RIO ABAIXO,Ultrapassagem Indevida,Colisão lateral sentido oposto,Com Vítimas Feridas,Pleno dia,Crescente,Nublado,Simples,Reta,Não,2,0,0,1,1,0,1,2,"-19,83666149","-43,33681685",SPRF-MG,DEL01-MG,UOP01-DEL01-MG
414058.0,2021-11-10,quarta-feira,17:10:00,MG,356.0,266,MURIAE,Velocidade Incompatível,Colisão transversal,Com Vítimas Feridas,Pleno dia,Crescente,Céu Claro,Simples,Interseção de vias,Sim,2,0,0,1,1,0,1,2,"-21,12773936","-42,36838818",SPRF-MG,DEL07-MG,UOP02-DEL07-MG
414213.0,2021-08-11,quarta-feira,18:00:00,MG,40.0,"807,6",MATIAS BARBOSA,Ausência de reação do condutor,Colisão traseira,Com Vítimas Feridas,Plena Noite,Decrescente,Nublado,Dupla,Reta,Não,2,0,0,1,1,0,1,2,"-21,86785528","-43,35552904",SPRF-MG,DEL05-MG,UOP01-DEL05-MG
414227.0,2021-10-02,sábado,22:50:00,MG,116.0,774,LEOPOLDINA,Chuva,Saída de leito carroçável,Com Vítimas Fatais,Plena Noite,Decrescente,Chuva,Simples,Não Informado,Não,53,4,44,5,0,0,49,1,"-21,5425383","-42,65565",SPRF-MG,DEL07-MG,UOP01-DEL07-MG
415112.0,2021-11-11,quinta-feira,11:25:00,MG,381.0,385,SAO GONCALO DO RIO ABAIXO,Velocidade Incompatível,Saída de leito carroçável,Com Vítimas Feridas,Pleno dia,Crescente,Ignorado,Simples,Curva,Não,2,0,2,0,0,0,2,1,"-19,82895247","-43,35565567",SPRF-MG,DEL01-MG,UOP01-DEL01-MG
415604.0,2021-12-24,sexta-feira,19:30:00,MG,381.0,439,SABARA,Transitar na contramão,Colisão lateral sentido oposto,Com Vítimas Feridas,Plena Noite,Decrescente,Céu Claro,Simples,Curva,Não,2,0,2,0,0,0,2,2,"-19,8092769111","-43,7870600135",SPRF-MG,DEL01-MG,UOP01-DEL01-MG
415608.0,2021-10-01,sexta-feira,17:30:00,MG,267.0,171,LIMA DUARTE,Reação tardia ou ineficiente do condutor,Saída de leito carroçável,Com Vítimas Feridas,Anoitecer,Decrescente,Chuva,Simples,Reta,Não,2,0,1,1,0,0,2,1,"-21,86295111","-43,87591763",SPRF-MG,DEL05-MG,UOP01-DEL05-MG
415617.0,2021-10-13,quarta-feira,15:55:00,MG,267.0,131,JUIZ DE FORA,Mal súbito do condutor,Saída de leito carroçável,Com Vítimas Feridas,Pleno dia,Decrescente,Céu Claro,Simples,Reta,Sim,1,0,1,0,0,0,1,1,"-21,7547758207","-43,5912901517",SPRF-MG,DEL05-MG,UOP01-DEL05-MG
416243.0,2021-12-04,sábado,08:10:00,MG,365.0,517,MONTE CARMELO,Ausência de reação do condutor,Capotamento,Com Vítimas Feridas,Amanhecer,Crescente,Céu Claro,Simples,Reta,Não,1,0,1,0,0,0,1,1,"-18,91496818","-47,377739",SPRF-MG,DEL10-MG,UOP01-DEL10-MG
417087.0,2021-11-09,terça-feira,01:30:00,MG,116.0,"496,4",INHAPIM,Transitar na contramão,Colisão frontal,Com Vítimas Feridas,Plena Noite,Crescente,Nublado,Simples,Reta,Não,4,0,1,1,2,0,2,2,"-19,52772702","-42,12719586",SPRF-MG,DEL06-MG,UOP02-DEL06-MG
417422.0,2021-11-22,segunda-feira,07:00:00,MG,267.0,135,JUIZ DE FORA,Reação tardia ou ineficiente do condutor,Colisão traseira,Com Vítimas Feridas,Pleno dia,Decrescente,Nublado,Simples,Reta,Não,2,0,1,0,1,0,1,2,"-21,77407032","-43,63704389",SPRF-MG,DEL05-MG,UOP01-DEL05-MG
417820.0,2021-11-21,domingo,16:50:00,MG,40.0,511,RIBEIRAO DAS NEVES,Velocidade Incompatível,Colisão lateral mesmo sentido,Com Vítimas Feridas,Pleno dia,Crescente,Céu Claro,Dupla,Não Informado,Não,3,0,1,2,0,0,3,2,"-19,78164295","-44,11733194",SPRF-MG,DEL01-MG,UOP02-DEL01-MG
417835.0,2021-09-17,sexta-feira,17:00:00,MG,116.0,"538,4",SANTA RITA DE MINAS,Acesso irregular,Colisão traseira,Com Vítimas Feridas,Pleno dia,Crescente,Céu Claro,Simples,Reta,Não,5,0,1,0,0,4,1,2,"-19,87457783","-42,13216953",SPRF-MG,DEL06-MG,UOP02-DEL06-MG
418207.0,2021-10-28,quinta-feira,21:20:00,MG,40.0,"631,3",CONSELHEIRO LAFAIETE,Deficiência do Sistema de Iluminação/Sinalização,Colisão traseira,Com Vítimas Feridas,Plena Noite,Decrescente,Céu Claro,Simples,Não Informado,Sim,3,0,0,1,1,1,1,2,"-20,67219425","-43,79810398",SPRF-MG,DEL05-MG,UOP02-DEL05-MG
418569.0,2021-11-16,terça-feira,21:35:00,MG,40.0,624,CONSELHEIRO LAFAIETE,Avarias e/ou desgaste excessivo no pneu,Tombamento,Com Vítimas Feridas,Plena Noite,Crescente,Nublado,Simples,Curva,Não,1,0,1,0,0,0,1,1,"-20,61105611","-43,80635422",SPRF-MG,DEL05-MG,UOP02-DEL05-MG
418975.0,2021-10-01,sexta-feira,07:20:00,MG,40.0,517,RIBEIRAO DAS NEVES,Acessar a via sem observar a presença dos outros veículos,Colisão lateral mesmo sentido,Com Vítimas Feridas,Pleno dia,Decrescente,Sol,Dupla,Não Informado,Sim,2,0,1,0,1,0,1,2,"-19,82351202","-44,08438913",SPRF-MG,DEL01-MG,UOP02-DEL01-MG
420237.0,2021-10-22,sexta-feira,19:50:00,MG,50.0,44,ARAGUARI,Ausência de reação do condutor,Colisão traseira,Com Vítimas Feridas,Plena Noite,Crescente,Céu Claro,Dupla,Desvio Temporário,Não,4,0,2,0,1,1,2,3,"-18,70397642","-48,18985462",SPRF-MG,DEL15-MG,UOP02-DEL15-MG
420278.0,2021-11-24,quarta-feira,12:15:00,MG,381.0,427,CAETE,Pista esburacada,Tombamento,Com Vítimas Feridas,Pleno dia,Crescente,Sol,Dupla,Não Informado,Não,1,0,0,1,0,0,1,1,"-19,79180914","-43,68059993",SPRF-MG,DEL01-MG,UOP01-DEL01-MG
420548.0,2021-03-01,segunda-feira,14:00:00,MG,40.0,"149,2",JOAO PINHEIRO,Pista Escorregadia,Saída de leito carroçável,Com Vítimas Feridas,Pleno dia,Crescente,Céu Claro,Simples,Curva,Não,3,0,1,0,2,0,1,1,"-17,78039598","-46,13709081",SPRF-MG,DEL14-MG,UOP02-DEL14-MG
420579.0,2021-09-09,quinta-feira,19:00:00,MG,116.0,"573,9",MANHUACU,Acessar a via sem observar a presença dos outros veículos,Colisão transversal,Com Vítimas Feridas,Plena Noite,Decrescente,Céu Claro,Simples,Reta,Não,2,0,0,1,1,0,1,2,"-20,13004403","-42,17794986",SPRF-MG,DEL06-MG,UOP04-DEL06-MG
420740.0,2021-08-29,domingo,16:40:00,MG,381.0,"427,3",CAETE,Reação tardia ou ineficiente do condutor,Saída de leito carroçável,Com Vítimas Feridas,Pleno dia,Crescente,Céu Claro,Dupla,Curva,Não,2,0,1,0,1,0,1,1,"-19,78854826","-43,69815304",SPRF-MG,DEL01-MG,UOP01-DEL01-MG
420751.0,2021-11-18,quinta-feira,21:10:00,MG,40.0,"519,8",RIBEIRAO DAS NEVES,Chuva,Queda de ocupante de veículo,Com Vítimas Feridas,Plena Noite,Decrescente,Chuva,Dupla,Reta,Não,4,0,0,1,3,0,1,4,"-19,83957589","-44,07684485",SPRF-MG,DEL01-MG,UOP02-DEL01-MG
420981.0,2021-11-11,quinta-feira,16:53:00,MG,50.0,71,UBERLANDIA,Reação tardia ou ineficiente do condutor,Colisão lateral mesmo sentido,Com Vítimas Feridas,Pleno dia,Decrescente,Nublado,Dupla,Reta,Sim,2,0,0,1,1,0,1,2,"-18,89422785","-48,2499361",SPRF-MG,DEL15-MG,UOP01-DEL15-MG
420998.0,2021-12-30,quinta-feira,09:00:00,MG,116.0,"668,9",SAO FRANCISCO DO GLORIA,Ultrapassagem Indevida,Colisão lateral mesmo sentido,Com Vítimas Feridas,Pleno dia,Decrescente,Nublado,Simples,Não Informado,Não,3,0,0,1,1,1,1,2,"-20,84423375","-42,32638478",SPRF-MG,DEL07-MG,UOP03-DEL07-MG
421078.0,2021-12-12,domingo,03:30:00,MG,262.0,446,NOVA SERRANA,Ausência de sinalização,Colisão traseira,Com Vítimas Feridas,Plena Noite,Decrescente,Céu Claro,Dupla,Reta,Sim,3,0,0,2,1,0,2,2,"-19,87514825","-44,95031205",SPRF-MG,DEL08-MG,UOP03-DEL08-MG
421266.0,2021-12-30,quinta-feira,22:20:00,MG,267.0,"148,1",LIMA DUARTE,Ultrapassagem Indevida,Colisão traseira,Com Vítimas Feridas,Plena Noite,Decrescente,Chuva,Simples,Curva,Não,6,0,4,1,1,0,5,2,"-21,79733","-43,67969",SPRF-MG,DEL05-MG,UOP01-DEL05-MG
421479.0,2021-10-09,sábado,11:25:00,MG,381.0,361,JOAO MONLEVADE,Acessar a via sem observar a presença dos outros veículos,Colisão transversal,Com Vítimas Feridas,Pleno dia,Decrescente,Céu Claro,Simples,Curva,Sim,2,0,1,0,1,0,1,2,"-19,85881293","-43,234108",SPRF-MG,DEL03-MG,UOP01-DEL03-MG
422055.0,2021-08-30,segunda-feira,15:00:00,MG,381.0,"248,9",SANTANA DO PARAISO,Conversão proibida,Colisão transversal,Com Vítimas Feridas,Pleno dia,Crescente,Sol,Simples,Não Informado,Não,3,0,1,1,1,0,2,2,"-19,47088645","-42,53935557",SPRF-MG,DEL06-MG,UOP01-DEL06-MG
422151.0,2021-12-29,quarta-feira,10:40:00,MG,365.0,"17,6",MONTES CLAROS,Pista Escorregadia,Colisão frontal,Com Vítimas Fatais,Pleno dia,Crescente,Chuva,Simples,Reta,Não,9,4,1,1,3,0,2,3,"-16,87724015","-43,993381",SPRF-MG,DEL12-MG,UOP01-DEL12-MG
422243.0,2021-12-30,quinta-feira,16:20:00,MG,381.0,455,BELO HORIZONTE,Transitar na contramão,Colisão frontal,Com Vítimas Feridas,Pleno dia,Crescente,Chuva,Simples,Reta,Sim,3,0,1,1,1,0,2,2,"-19,85777408","-43,90468298",SPRF-MG,DEL01-MG,UOP01-DEL01-MG
422266.0,2021-12-21,terça-feira,18:00:00,MG,364.0,"4,2",PLANURA,Acessar a via sem observar a presença dos outros veículos,Colisão frontal,Com Vítimas Fatais,Anoitecer,Decrescente,Céu Claro,Simples,Reta,Sim,3,1,2,0,0,0,2,2,"-20,13824","-48,702347",SPRF-MG,DEL13-MG,UOP02-DEL13-MG
422600.0,2021-12-23,quinta-feira,19:00:00,MG,365.0,90,JEQUITAI,Objeto estático sobre o leito carroçável,Colisão com objeto,Com Vítimas Feridas,Plena Noite,Decrescente,Chuva,Simples,Reta,Não,3,0,0,1,0,2,1,1,"-17,20931435","-44,44215953",SPRF-MG,DEL12-MG,UOP01-DEL12-MG
422664.0,2021-11-13,sábado,09:10:00,MG,381.0,457,BELO HORIZONTE,Reação tardia ou ineficiente do condutor,Queda de ocupante de veículo,Com Vítimas Feridas,Pleno dia,Decrescente,Nublado,Simples,Reta,Sim,1,0,0,1,0,0,1,1,"-19,86134886","-43,92063055",SPRF-MG,DEL01-MG,UOP01-DEL01-MG
422802.0,2021-07-21,quarta-feira,19:00:00,MG,356.0,268,MURIAE,Acesso irregular,Colisão transversal,Com Vítimas Feridas,Plena Noite,Crescente,Céu Claro,Simples,Reta,Sim,2,0,2,0,0,0,2,2,"-21,12732999","-42,34446656",SPRF-MG,DEL07-MG,UOP02-DEL07-MG
423222.0,2021-12-14,terça-feira,13:00:00,MG,116.0,"685,7",MURIAE,Objeto estático sobre o leito carroçável,Colisão com objeto,Com Vítimas Feridas,Pleno dia,Crescente,Nublado,Simples,Reta,Não,1,0,1,0,0,0,1,1,"-20,97264023","-42,35530972",SPRF-MG,DEL07-MG,UOP02-DEL07-MG
423372.0,2021-08-09,segunda-feira,07:40:00,MG,40.0,519,RIBEIRAO DAS NEVES,Manobra de mudança de faixa,Colisão lateral mesmo sentido,Com Vítimas Feridas,Pleno dia,Crescente,Céu Claro,Dupla,Reta,Sim,4,0,1,2,1,0,3,3,"-19,83957589","-44,07684485",SPRF-MG,DEL01-MG,UOP02-DEL01-MG
423477.0,2021-09-26,domingo,18:15:00,MG,365.0,"754,4",ITUIUTABA,Velocidade Incompatível,Saída de leito carroçável,Com Vítimas Feridas,Anoitecer,Decrescente,Nublado,Dupla,Retorno Regulamentado,Sim,4,0,3,0,0,1,3,1,"-18,947495","-49,45934",SPRF-MG,DEL15-MG,UOP03-DEL15-MG
423539.0,2021-09-07,terça-feira,13:20:00,MG,381.0,457,BELO HORIZONTE,Condutor deixou de manter distância do veículo da frente,Colisão traseira,Com Vítimas Feridas,Pleno dia,Crescente,Céu Claro,Dupla,Reta,Não,3,0,1,1,1,0,2,2,"-19,86134886","-43,92063055",SPRF-MG,DEL01-MG,UOP01-DEL01-MG
423564.0,2021-08-26,quinta-feira,07:35:00,MG,40.0,"562,5",NOVA LIMA,Ausência de reação do condutor,Colisão lateral mesmo sentido,Com Vítimas Feridas,Pleno dia,Decrescente,Céu Claro,Dupla,Reta,Sim,3,0,0,2,1,0,2,2,"-20,14451602","-43,95966007",SPRF-MG,DEL01-MG,UOP02-DEL01-MG
424415.0,2021-12-04,sábado,18:45:00,MG,381.0,359,JOAO MONLEVADE,Acesso irregular,Colisão lateral mesmo sentido,Com Vítimas Feridas,Plena Noite,Crescente,Céu Claro,Simples,Reta,Sim,2,0,1,0,1,0,1,2,"-19,8551458","-43,22402296",SPRF-MG,DEL03-MG,UOP01-DEL03-MG
424581.0,2021-12-23,quinta-feira,11:30:00,MG,40.0,463,SETE LAGOAS,Velocidade Incompatível,Colisão traseira,Com Vítimas Feridas,Pleno dia,Crescente,Chuva,Dupla,Desvio Temporário,Não,9,0,1,4,4,0,5,2,"-19,42224803","-44,33870213",SPRF-MG,DEL02-MG,UOP01-DEL02-MG
424599.0,2021-09-04,sábado,12:35:00,MG,40.0,"510,4",RIBEIRAO DAS NEVES,Condutor deixou de manter distância do veículo da frente,Colisão traseira,Com Vítimas Feridas,Pleno dia,Decrescente,Céu Claro,Dupla,Reta,Não,4,0,1,0,3,0,1,3,"-19,78164295","-44,11733194",SPRF-MG,DEL01-MG,UOP02-DEL01-MG
424811.0,2021-12-18,sábado,16:00:00,MG,116.0,"576,1",MANHUACU,Reação tardia ou ineficiente do condutor,Saída de leito carroçável,Com Vítimas Feridas,Pleno dia,Crescente,Sol,Simples,Curva,Não,1,0,0,1,0,0,1,1,"-20,15473996","-42,18629605",SPRF-MG,DEL06-MG,UOP04-DEL06-MG
428107.0,2021-09-21,terça-feira,01:10:00,MG,50.0,20,ARAGUARI,Condutor Dormindo,Colisão com objeto,Com Vítimas Feridas,Plena Noite,Crescente,Céu Claro,Dupla,Não Informado,Não,8,0,5,2,1,0,7,1,"-18,58721011","-48,05645629",SPRF-MG,DEL15-MG,UOP02-DEL15-MG
443343.0,2021-08-24,terça-feira,15:00:00,MG,50.0,71,UBERLANDIA,Demais falhas mecânicas ou elétricas,Colisão traseira,Com Vítimas Feridas,Pleno dia,Decrescente,Céu Claro,Dupla,Reta,Sim,4,0,0,1,2,1,1,4,"-18,85140204","-48,25345932",SPRF-MG,DEL15-MG,UOP01-DEL15-MG
444910.0,2021-12-24,sexta-feira,21:45:00,MG,40.0,"669,8",CARANDAI,Acessar a via sem observar a presença dos outros veículos,Colisão frontal,Com Vítimas Feridas,Plena Noite,Decrescente,Nublado,Simples,Reta,Não,3,0,2,1,0,0,3,2,"-20,95949689","-43,78978984",SPRF-MG,DEL05-MG,UOP02-DEL05-MG
445164.0,2021-12-26,domingo,03:30:00,MG,116.0,"628,9",ORIZANIA,Condutor Dormindo,Saída de leito carroçável,Com Vítimas Feridas,Amanhecer,Crescente,Céu Claro,Simples,Reta,Não,3,0,3,0,0,0,3,1,"-20,56556999","-42,20675484",SPRF-MG,DEL07-MG,UOP03-DEL07-MG
446332.0,2021-10-22,sexta-feira,02:25:00,MG,50.0,2,ARAGUARI,Velocidade Incompatível,Saída de leito carroçável,Sem Vítimas,Plena Noite,Crescente,Céu Claro,Dupla,Reta,Não,1,0,0,0,0,1,0,1,"-18,43742886","-48,05720379",SPRF-MG,DEL15-MG,UOP02-DEL15-MG
447921.0,2021-08-04,quarta-feira,15:50:00,MG,40.0,524,CONTAGEM,Manobra de mudança de faixa,Colisão lateral mesmo sentido,Com Vítimas Feridas,Pleno dia,Decrescente,Nublado,Dupla,Reta,Não,2,0,1,0,1,0,1,2,"-19,8754469","-44,05345586",SPRF-MG,DEL01-MG,UOP02-DEL01-MG
448032.0,2021-12-05,domingo,13:20:00,MG,381.0,452,SABARA,Transitar no acostamento,Colisão lateral mesmo sentido,Com Vítimas Feridas,Pleno dia,Crescente,Céu Claro,Simples,Reta,Sim,2,0,1,0,1,0,1,2,"-19,84339604","-43,88596993",SPRF-MG,DEL01-MG,UOP01-DEL01-MG
448772.0,2021-12-28,terça-feira,13:05:00,MG,153.0,"17,5",CENTRALINA,Ausência de reação do condutor,Tombamento,Com Vítimas Feridas,Pleno dia,Decrescente,Céu Claro,Dupla,Reta,Sim,2,0,0,1,1,0,1,1,"-18,57925437","-49,19324387",SPRF-MG,DEL15-MG,UOP03-DEL15-MG
449153.0,2021-12-26,domingo,21:07:00,MG,262.0,"767,9",UBERABA,Velocidade Incompatível,Saída de leito carroçável,Com Vítimas Feridas,Pleno dia,Crescente,Céu Claro,Simples,Interseção de vias,Não,1,0,1,0,0,0,1,1,"-19,68307963","-47,66693486",SPRF-MG,DEL13-MG,UOP01-DEL13-MG
449377.0,2021-09-13,segunda-feira,15:20:00,MG,267.0,"136,8",JUIZ DE FORA,Ausência de reação do condutor,Capotamento,Com Vítimas Feridas,Pleno dia,Decrescente,Céu Claro,Simples,Reta,Não,4,0,2,0,2,0,2,1,"-21,78182309","-43,64864291",SPRF-MG,DEL05-MG,UOP01-DEL05-MG
449408.0,2021-12-19,domingo,12:45:00,MG,146.0,"478,9",POCOS DE CALDAS,Condutor deixou de manter distância do veículo da frente,Colisão traseira,Com Vítimas Feridas,Pleno dia,Decrescente,Céu Claro,Simples,Reta,Não,4,0,1,0,3,0,1,2,"-21,75252449","-46,40571356",SPRF-MG,DEL09-MG,UOP01-DEL09-MG
450070.0,2021-10-11,segunda-feira,14:05:00,MG,40.0,"737,8",SANTOS DUMONT,Velocidade Incompatível,Colisão lateral sentido oposto,Com Vítimas Feridas,Pleno dia,Decrescente,Chuva,Simples,Não Informado,Não,5,0,2,1,2,0,3,2,"-21,38296999","-43,57033542",SPRF-MG,DEL05-MG,UOP01-DEL05-MG
454370.0,2021-10-09,sábado,06:35:00,MG,40.0,"112,7",LAGOA GRANDE,Reação tardia ou ineficiente do condutor,Saída de leito carroçável,Com Vítimas Feridas,Amanhecer,Decrescente,Chuva,Simples,Reta,Não,1,0,1,0,0,0,1,1,"-17,64186672","-46,43677488",SPRF-MG,DEL14-MG,UOP01-DEL14-MG
455103.0,2021-05-16,domingo,11:10:00,MG,381.0,356,JOAO MONLEVADE,Acessar a via sem observar a presença dos outros veículos,Colisão frontal,Com Vítimas Feridas,Pleno dia,Crescente,Nublado,Simples,Reta,Não,2,0,0,1,1,0,1,2,"-19,84765404","-43,20566395",SPRF-MG,DEL03-MG,UOP01-DEL03-MG
455168.0,2021-12-05,domingo,18:00:00,MG,50.0,156,UBERABA,Demais falhas mecânicas ou elétricas,Saída de leito carroçável,Com Vítimas Feridas,Anoitecer,Crescente,Chuva,Dupla,Desvio Temporário,Não,5,0,2,0,3,0,2,1,"-19,61676094","-48,01874384",SPRF-MG,DEL13-MG,UOP01-DEL13-MG
455947.0,2021-11-02,terça-feira,20:30:00,MG,40.0,"194,9",JOAO PINHEIRO,Deixar de acionar o farol da motocicleta (ou similar),Colisão traseira,Com Vítimas Feridas,Plena Noite,Crescente,Nublado,Simples,Reta,Não,2,0,1,0,1,0,1,2,"-18,0023996","-45,86067011",SPRF-MG,DEL14-MG,UOP02-DEL14-MG
457147.0,2021-09-22,quarta-feira,16:15:00,MG,116.0,"413,9",GOVERNADOR VALADARES,Pista esburacada,Tombamento,Com Vítimas Feridas,Pleno dia,Crescente,Nublado,Simples,Reta,Sim,2,0,1,1,0,0,2,1,"-18,87968532","-41,96091067",SPRF-MG,DEL06-MG,UOP01-DEL06-MG
457508.0,2021-09-27,segunda-feira,21:00:00,MG,381.0,344,BELA VISTA DE MINAS,Transitar no acostamento,Colisão traseira,Com Vítimas Feridas,Plena Noite,Decrescente,Nublado,Simples,Reta,Não,2,0,1,0,0,1,1,2,"-19,85986781","-43,11280984",SPRF-MG,DEL03-MG,UOP01-DEL03-MG
457815.0,2021-12-25,sábado,06:00:00,MG,40.0,"530,2",BELO HORIZONTE,Ausência de reação do condutor,Colisão com objeto,Com Vítimas Feridas,Amanhecer,Crescente,Nublado,Dupla,Curva,Sim,1,0,1,0,0,0,1,1,"-19,92064782","-44,0335681",SPRF-MG,DEL01-MG,UOP02-DEL01-MG
458359.0,2021-12-21,terça-feira,22:10:00,MG,116.0,"276,1",TEOFILO OTONI,Chuva,Atropelamento de Pedestre,Com Vítimas Feridas,Plena Noite,Decrescente,Chuva,Múltipla,Interseção de vias,Sim,2,0,1,1,0,0,2,1,"-17,85105696","-41,51454492",SPRF-MG,DEL11-MG,UOP01-DEL11-MG
458396.0,2021-12-10,sexta-feira,16:00:00,MG,381.0,492,BETIM,Reação tardia ou ineficiente do condutor,Colisão lateral mesmo sentido,Com Vítimas Feridas,Pleno dia,Decrescente,Céu Claro,Dupla,Reta,Sim,3,0,0,1,2,0,1,2,"-19,97490091","-44,19004301",SPRF-MG,DEL01-MG,UOP03-DEL01-MG
458497.0,2021-12-26,domingo,17:00:00,MG,365.0,"388,5",PATOS DE MINAS,Acessar a via sem observar a presença dos outros veículos,Colisão transversal,Com Vítimas Feridas,Pleno dia,Decrescente,Céu Claro,Simples,Reta,Não,3,0,1,1,1,0,2,2,"-18,62052483","-46,29478625",SPRF-MG,DEL10-MG,UOP01-DEL10-MG
460219.0,2021-05-09,domingo,18:05:00,MG,116.0,543,SANTA RITA DE MINAS,Ausência de reação do condutor,Saída de leito carroçável,Com Vítimas Feridas,Anoitecer,Decrescente,Céu Claro,Simples,Reta,Não,2,0,0,2,0,0,2,1,"-19,91184896","-42,1350328",SPRF-MG,DEL06-MG,UOP02-DEL06-MG
464608.0,2021-12-28,terça-feira,23:20:00,MG,381.0,356,JOAO MONLEVADE,Condutor Dormindo,Saída de leito carroçável,Com Vítimas Fatais,Plena Noite,Decrescente,Nublado,Simples,Curva,Não,47,2,28,2,15,0,30,1,"-19,84765404","-43,20566395",SPRF-MG,DEL03-MG,UOP01-DEL03-MG
465833.0,2021-11-17,quarta-feira,19:00:00,MG,262.0,"451,3",NOVA SERRANA,Transitar no acostamento,Colisão transversal,Com Vítimas Feridas,Plena Noite,Crescente,Nublado,Simples,Desvio Temporário,Não,2,0,1,0,1,0,1,2,"-19,86372828","-44,99796931",SPRF-MG,DEL08-MG,UOP03-DEL08-MG
465953.0,2021-10-27,quarta-feira,18:20:00,MG,116.0,"706,4",MURIAE,Acessar a via sem observar a presença dos outros veículos,Colisão lateral mesmo sentido,Com Vítimas Feridas,Anoitecer,Crescente,Nublado,Simples,Curva,Sim,5,0,2,0,1,2,2,2,"-21,147048","-42,381522",SPRF-MG,DEL07-MG,UOP02-DEL07-MG